{"mean": [41374.41796875, 39364.438802083336, 38621.208333333336, 38671.506510416664, 38909.865885416664, 38848.697916666664, 38639.126302083336, 38262.141927083336, 37949.559895833336, 37694.319661458336, 37502.962239583336, 37332.696614583336, 37180.479817708336, 36904.026041666664, 36680.135416666664, 36482.470052083336, 36281.007161458336, 36200.890625, 36128.092447916664, 35972.23828125, 35820.914713541664, 35731.764973958336, 35570.115234375, 35395.981770833336, 35430.1796875, 35069.348958333336, 34873.545572916664, 34767.188151041664, 34632.848307291664, 34473.932291666664, 34232.21875, 34200.288411458336, 34156.884114583336, 34153.098958333336, 34093.393880208336, 33927.065755208336, 33686.37109375, 33496.200520833336, 33356.536458333336, 33213.43359375, 33062.993489583336, 32934.66796875, 32944.876953125, 33007.348958333336, 33056.63671875, 33088.781901041664, 33111.040364583336, 33092.74609375, 32960.423177083336, 32960.662760416664, 33040.022135416664, 33093.827473958336, 33106.90625, 33091.982421875, 33082.733723958336, 33032.707682291664, 32988.23046875, 32924.815755208336, 32865.643880208336, 32847.324869791664, 32841.0390625, 32828.970703125, 32802.772135416664, 32760.408854166668, 32713.73046875, 32657.614583333332, 32629.686848958332, 32620.48046875, 32587.899739583332, 32562.741536458332, 32559.15625, 32563.986979166668, 32575.729817708332, 32586.809895833332, 32599.686197916668, 32611.291015625, 32621.83203125, 32638.979166666668, 32671.675130208332, 32704.095703125, 32724.033854166668, 32740.158854166668, 32752.319010416668, 32749.224609375, 32751.551432291668, 32777.537109375, 32808.778645833336, 32842.81640625, 32878.413411458336, 32911.084635416664, 32928.85546875, 32931.953125, 32914.298828125, 32887.462239583336, 32849.100911458336, 32827.416015625, 32805.1171875, 32783.287760416664, 32776.010416666664, 32752.978515625], "upper": [44734.73828125, 44263.33984375, 43945.90234375, 43617.6796875, 43343.92578125, 43155.31640625, 43022.51953125, 42841.01171875, 42523.6015625, 42129.0234375, 41490.2109375, 40940.7265625, 40535.62109375, 39894.828125, 39668.53515625, 39322.1796875, 39443.53125, 39447.24609375, 39384.4375, 39304.61328125, 39165.58984375, 38981.09765625, 38733.28515625, 38376.515625, 37869.41015625, 37366.27734375, 36941.68359375, 36833.625, 36642.2109375, 36341.6953125, 35897.96484375, 36030.671875, 35888.7578125, 35756.7734375, 35573.97265625, 35199.00390625, 34762.1796875, 34353.49609375, 34102.51953125, 33987.0390625, 33992.1484375, 34026.37109375, 34088.1875, 34143.07421875, 34170.94921875, 34183.89453125, 34194.07421875, 34186.59375, 34089.66015625, 34076.4921875, 34374.1640625, 34570.75, 34632.33203125, 34614.9453125, 34519.4140625, 34382.3515625, 34205.93359375, 34010.68359375, 33825.83984375, 33744.02734375, 33843.640625, 33903.38671875, 33931.828125, 33926.18359375, 33903.58203125, 33877.28515625, 33876.21484375, 33892.54296875, 33843.49609375, 33800.85546875, 33797.16796875, 33810.1875, 33837.8828125, 33864.51953125, 33871.203125, 33867.02734375, 33851.0078125, 33826.63671875, 33828.28125, 33872.85546875, 33900.671875, 33914.1015625, 33914.84765625, 33902.4296875, 33873.171875, 33853.08984375, 33841.6953125, 33829.40625, 33830.83984375, 33841.0234375, 33858.91796875, 33879.61328125, 33897.078125, 33912.1171875, 33913.3203125, 33915.0625, 33916.1640625, 33912.21484375, 33906.94921875, 33902.03515625], "lower": [39051.69140625, 33739.3359375, 32791.29296875, 33730.24609375, 34439.83203125, 34373.546875, 33981.52734375, 33358.25, 32523.4140625, 31964.412109375, 31826.09375, 31820.88671875, 31853.818359375, 31893.953125, 31701.41796875, 31649.15234375, 31194.591796875, 31168.24609375, 31246.18359375, 31046.5234375, 30858.283203125, 30858.681640625, 30830.408203125, 30948.4921875, 31302.1328125, 31465.45703125, 31556.953125, 31593.662109375, 31621.845703125, 31715.9921875, 31724.375, 31799.431640625, 32039.42578125, 32341.90625, 32496.330078125, 32475.388671875, 32272.01171875, 32144.2890625, 31993.8203125, 31809.42578125, 31632.16796875, 31459.87890625, 31310.544921875, 31182.01171875, 31107.1796875, 31054.017578125, 30991.63671875, 30912.62890625, 30851.2421875, 30834.7421875, 30853.6953125, 30893.615234375, 30926.32421875, 30934.537109375, 31018.533203125, 31018.611328125, 31084.3359375, 31120.025390625, 31151.873046875, 31152.396484375, 31164.2890625, 31162.408203125, 31140.37890625, 31106.2890625, 31057.3203125, 30950.5859375, 30875.099609375, 30818.10546875, 30771.91796875, 30734.166015625, 30704.078125, 30672.70703125, 30631.056640625, 30591.94921875, 30564.24609375, 30531.091796875, 30502.03515625, 30493.03125, 30517.615234375, 30529.744140625, 30548.71484375, 30593.88671875, 30660.0546875, 30706.533203125, 30775.306640625, 30886.982421875, 31004.421875, 31117.98828125, 31219.517578125, 31301.609375, 31358.46875, 31383.98046875, 31371.029296875, 31321.93359375, 31233.580078125, 31168.521484375, 31072.75, 30965.359375, 30895.3046875, 30772.869140625]}