{"mean": [8042.878580729167, 7598.45849609375, 7589.640950520833, 7609.284342447917, 7564.98779296875, 7534.20849609375, 7492.055338541667, 7460.301920572917, 7437.771484375, 7390.958821614583, 7351.237467447917, 7359.134602864583, 7360.727213541667, 7393.10693359375, 7424.352701822917, 7399.516276041667, 7330.99658203125, 7292.833170572917, 7270.74951171875, 7312.873697916667, 7295.82080078125, 7274.502278645833, 7245.5947265625, 7196.386555989583, 7200.039388020833, 7197.297526041667, 7171.79638671875, 7157.292643229167, 7175.171549479167, 7169.482421875, 7154.842936197917, 7128.131184895833, 7125.238606770833, 7095.66943359375, 7054.029296875, 7052.189778645833, 7044.647623697917, 7052.876790364583, 7053.320475260417, 7055.58447265625, 7073.658854166667, 7080.84326171875, 7095.591634114583, 7098.02099609375, 7096.7265625, 7095.743489583333, 7104.33837890625, 7111.691569010417, 7125.632161458333, 7126.54931640625, 7126.40869140625, 7124.871907552083, 7118.484049479167, 7101.55126953125, 7109.420735677083, 7097.996419270833, 7081.216471354167, 7078.972493489583, 7072.251627604167, 7069.739583333333, 7063.267903645833, 7058.958984375, 7048.458821614583, 7060.864583333333, 7057.487955729167, 7058.619791666667, 7058.8798828125, 7063.455240885417, 7069.590169270833, 7055.7236328125, 7068.933919270833, 7070.10888671875, 7072.273111979167, 7071.037434895833, 7090.38623046875, 7075.265950520833, 7066.789876302083, 7070.627278645833, 7063.410319010417, 7070.669759114583, 7069.760579427083, 7054.286783854167, 7066.8828125, 7067.464029947917, 7079.512044270833, 7083.357096354167, 7088.986165364583, 7091.040690104167, 7098.471516927083, 7097.717936197917, 7093.638671875, 7091.571126302083, 7087.069010416667, 7081.658854166667, 7071.49169921875, 7069.8330078125, 7064.411295572917, 7069.76123046875, 7060.451334635417, 7060.32958984375], "upper": [8923.07421875, 7699.08203125, 7718.76513671875, 7874.04296875, 7988.7783203125, 8004.41845703125, 7929.1083984375, 7847.26025390625, 7791.283203125, 7662.19482421875, 7587.4892578125, 7522.7919921875, 7517.49072265625, 7613.400390625, 7700.63623046875, 7630.58349609375, 7473.6123046875, 7384.73583984375, 7327.36083984375, 7466.474609375, 7420.70703125, 7383.38671875, 7324.59423828125, 7216.2529296875, 7275.6103515625, 7283.19091796875, 7250.21240234375, 7270.92431640625, 7321.95361328125, 7330.5595703125, 7344.09521484375, 7332.2314453125, 7347.36865234375, 7333.64453125, 7297.29052734375, 7299.16259765625, 7307.78076171875, 7316.8115234375, 7314.755859375, 7314.59326171875, 7312.09619140625, 7311.04833984375, 7346.634765625, 7377.2353515625, 7392.58056640625, 7331.2548828125, 7340.111328125, 7318.404296875, 7327.7734375, 7329.21044921875, 7333.34033203125, 7327.0537109375, 7345.46923828125, 7298.11181640625, 7362.8583984375, 7334.990234375, 7298.13232421875, 7312.2900390625, 7318.5830078125, 7314.85888671875, 7304.52587890625, 7314.70849609375, 7286.3427734375, 7326.33642578125, 7311.77197265625, 7303.34912109375, 7308.58935546875, 7314.7099609375, 7335.05029296875, 7311.67529296875, 7337.99609375, 7336.861328125, 7350.31884765625, 7358.5498046875, 7403.18017578125, 7357.78564453125, 7352.68896484375, 7350.0419921875, 7356.9072265625, 7387.392578125, 7388.5224609375, 7351.748046875, 7367.81298828125, 7351.33544921875, 7376.47216796875, 7360.45068359375, 7349.56884765625, 7344.205078125, 7370.0361328125, 7362.32080078125, 7364.9501953125, 7357.919921875, 7357.314453125, 7351.8466796875, 7339.4638671875, 7326.79248046875, 7319.72607421875, 7329.748046875, 7321.27978515625, 7344.4931640625], "lower": [7365.0087890625, 7398.7958984375, 7408.32666015625, 7372.052734375, 7233.7119140625, 7171.07666015625, 7084.62841796875, 7104.74072265625, 7156.740234375, 7194.2861328125, 7222.7421875, 7276.93212890625, 7253.75244140625, 7260.96728515625, 7253.90771484375, 7253.642578125, 7217.72265625, 7204.4150390625, 7205.32080078125, 7211.91796875, 7221.890625, 7212.93115234375, 7194.13671875, 7159.818359375, 7121.041015625, 7114.7529296875, 7080.65283203125, 7036.89306640625, 7019.3623046875, 6967.42431640625, 6908.1513671875, 6834.16845703125, 6800.60546875, 6725.8701171875, 6663.634765625, 6666.6787109375, 6646.2158203125, 6636.37890625, 6629.2421875, 6629.5986328125, 6678.3759765625, 6704.205078125, 6711.94775390625, 6702.73681640625, 6690.583984375, 6746.3642578125, 6758.3046875, 6806.7666015625, 6826.0029296875, 6826.4873046875, 6820.73779296875, 6822.75390625, 6789.68017578125, 6785.603515625, 6746.37109375, 6730.90966796875, 6720.43212890625, 6703.06005859375, 6685.14208984375, 6678.55615234375, 6671.03564453125, 6658.42041015625, 6655.9775390625, 6649.42822265625, 6659.5927734375, 6662.95751953125, 6661.1220703125, 6665.1328125, 6657.150390625, 6649.84521484375, 6655.5615234375, 6658.92822265625, 6656.47216796875, 6649.748046875, 6660.65576171875, 6662.67138671875, 6637.904296875, 6635.6640625, 6619.7744140625, 6613.58544921875, 6609.2265625, 6610.28369140625, 6635.001953125, 6650.3544921875, 6659.1279296875, 6687.25439453125, 6716.75390625, 6735.005859375, 6734.7568359375, 6743.3076171875, 6736.62255859375, 6739.83740234375, 6735.171875, 6723.0712890625, 6711.70361328125, 6716.6044921875, 6704.81396484375, 6701.2880859375, 6681.74853515625, 6652.29541015625]}