{"mean": [41374.342447916664, 39350.591145833336, 38565.139322916664, 38677.50390625, 39053.796875, 38875.143229166664, 38556.544270833336, 38052.822916666664, 37659.529947916664, 37394.172526041664, 37532.295572916664, 37692.83203125, 37663.369791666664, 37329.55078125, 36975.26171875, 36727.893229166664, 36268.4453125, 35716.112630208336, 35838.483723958336, 35390.589192708336, 35113.858723958336, 34980.856770833336, 34970.66015625, 34899.473307291664, 35276.916666666664, 34955.090494791664, 34301.814453125, 34034.243489583336, 33741.041015625, 33687.994140625, 33520.218098958336, 33387.217447916664, 33119.875651041664, 33002.368489583336, 32820.59765625, 32714.368489583332, 32613.833333333332, 32404.147786458332, 32224.478515625, 32651.087890625, 32316.679036458332, 31808.390625, 31744.631510416668, 31737.813802083332, 32049.883463541668, 32025.778645833332, 32043.098307291668, 31816.690755208332, 31563.303385416668, 31934.768229166668, 32322.424479166668, 32239.45703125, 32392.293619791668, 32456.326171875, 32251.212239583332, 32007.6328125, 32125.602213541668, 32135.813151041668, 32043.059244791668, 31994.128255208332, 32066.506510416668, 32095.996744791668, 32071.663411458332, 31914.236328125, 31636.178385416668, 31771.192057291668, 31715.708333333332, 31921.610677083332, 31852.959635416668, 31971.805989583332, 32020.65625, 31938.208984375, 31999.611979166668, 32017.821614583332, 31859.712239583332, 31723.060546875, 31720.631510416668, 31757.435546875, 31819.346354166668, 31856.585286458332, 31861.198567708332, 31870.804036458332, 31773.77734375, 31719.572916666668, 31718.631510416668, 31778.474609375, 31779.66015625, 31770.110677083332, 31729.281901041668, 31657.660807291668, 31626.167317708332, 31629.421223958332, 31647.467447916668, 31621.448567708332, 31534.954427083332, 31511.192708333332, 31527.24609375, 31495.315755208332, 31442.008463541668, 31429.401041666668], "upper": [44734.78125, 44247.65625, 43974.89453125, 43658.3828125, 43355.453125, 43120.9375, 42872.73046875, 42600.5703125, 42244.9296875, 41844.3828125, 41267.8125, 40440.94921875, 39693.54296875, 38792.546875, 38519.71484375, 38644.1796875, 38515.41796875, 38176.68359375, 38003.7578125, 37674.0625, 37478.39453125, 37331.99609375, 37505.76953125, 37353.55078125, 36935.83203125, 36660.21484375, 36420.7265625, 36234.1875, 35842.73828125, 35848.44921875, 35663.53515625, 35196.80078125, 34628.609375, 34213.08984375, 33959.65625, 33666.17578125, 33413.65625, 33074.77734375, 32848.265625, 34329.88671875, 33942.671875, 32653.9140625, 32697.837890625, 32501.912109375, 33426.76171875, 33768.859375, 33644.11328125, 32727.154296875, 32415.951171875, 33313.1484375, 34650.0078125, 34240.4140625, 34688.6171875, 34999.453125, 34575.40234375, 33828.5390625, 34098.0625, 34023.578125, 33813.98046875, 33685.9609375, 33842.9921875, 33903.21875, 33838.18359375, 33328.0859375, 32426.052734375, 32826.78125, 32754.62890625, 33401.9375, 33204.69140625, 33564.01171875, 33743.16015625, 33508.578125, 33698.6328125, 33819.359375, 33420.23828125, 33055.66796875, 33066.3984375, 33181.7734375, 33429.08203125, 33610.1171875, 33678.69140625, 33624.5703125, 33443.05859375, 33309.27734375, 33324.97265625, 33482.015625, 33555.73828125, 33534.53515625, 33421.3125, 33214.19921875, 33115.3125, 33181.46484375, 33197.26953125, 33085.1796875, 32929.62890625, 32840.9921875, 32837.20703125, 32820.79296875, 32689.9765625, 32616.640625], "lower": [39051.72265625, 33739.16796875, 32799.1875, 33749.7890625, 35083.37890625, 34769.8046875, 33955.99609375, 32870.2578125, 32140.4765625, 31791.103515625, 32797.34375, 34129.9921875, 34919.13671875, 34938.58203125, 34296.6953125, 33841.6015625, 32680.55078125, 31614.263671875, 31736.857421875, 31716.193359375, 31899.302734375, 32044.5859375, 32276.21875, 32260.861328125, 32068.8515625, 31935.169921875, 31801.638671875, 31428.18359375, 31307.810546875, 31384.306640625, 31275.708984375, 31388.23828125, 31435.732421875, 31489.875, 31428.5234375, 31234.62890625, 31136.78515625, 31125.541015625, 31105.18359375, 31079.59765625, 31020.798828125, 30929.23828125, 30849.86328125, 30769.751953125, 30657.619140625, 30530.44140625, 30496.76953125, 30595.73828125, 30554.275390625, 30654.353515625, 30569.5703125, 30537.826171875, 30485.802734375, 30540.572265625, 30533.734375, 30552.85546875, 30565.626953125, 30558.357421875, 30557.546875, 30565.890625, 30556.11328125, 30559.640625, 30564.564453125, 30558.1328125, 30546.41015625, 30548.462890625, 30511.14453125, 30519.55859375, 30524.181640625, 30543.240234375, 30550.71875, 30582.201171875, 30593.099609375, 30582.75, 30592.0625, 30567.58203125, 30563.12890625, 30544.958984375, 30553.390625, 30533.12109375, 30533.65234375, 30522.701171875, 30525.67578125, 30502.95703125, 30504.474609375, 30498.537109375, 30498.642578125, 30499.056640625, 30478.9453125, 30503.826171875, 30502.892578125, 30478.904296875, 30527.69921875, 30486.869140625, 30489.74609375, 30512.21875, 30500.49609375, 30526.638671875, 30500.681640625, 30539.51171875]}