{"mean": [23270.7421875, 22214.095703125, 21788.34765625, 21904.379557291668, 21997.479166666668, 21955.184895833332, 21890.38671875, 21612.171875, 21337.728515625, 21181.215494791668, 21119.220703125, 20951.158854166668, 21009.331380208332, 20868.929036458332, 20765.995442708332, 20686.141276041668, 20526.257161458332, 20568.207682291668, 20549.876953125, 20487.986328125, 20405.258463541668, 20381.115234375, 20330.567708333332, 20231.830078125, 20325.990234375, 20126.350260416668, 20004.591796875, 19972.780598958332, 19958.641276041668, 19934.360677083332, 19808.41796875, 19779.440104166668, 19789.981770833332, 19866.278645833332, 19984.390625, 20032.795572916668, 20070.450520833332, 20073.260416666668, 20064.966145833332, 20013.794921875, 19933.081380208332, 19815.837890625, 19733.911458333332, 19717.552083333332, 19710.674479166668, 19706.697265625, 19725.210286458332, 19721.0234375, 19602.744791666668, 19628.212890625, 19730.646484375, 19797.737630208332, 19827.591796875, 19830.787109375, 19835.436848958332, 19805.353515625, 19780.96875, 19747.60546875, 19713.504557291668, 19684.8828125, 19669.725260416668, 19659.856119791668, 19653.975911458332, 19658.830729166668, 19673.622395833332, 19678.947265625, 19676.46875, 19673.098958333332, 19671.089192708332, 19661.737630208332, 19649.574869791668, 19636.384765625, 19625.4375, 19618.0703125, 19617.281901041668, 19622.6328125, 19634.007161458332, 19646.79296875, 19653.335286458332, 19644.665364583332, 19655.172526041668, 19672.104817708332, 19683.04296875, 19670.552083333332, 19675.001953125, 19694.292317708332, 19721.037760416668, 19750.538411458332, 19775.503255208332, 19790.143880208332, 19800.567708333332, 19796.153645833332, 19784.387369791668, 19769.135416666668, 19746.969401041668, 19734.26953125, 19720.329427083332, 19712.5546875, 19714.549479166668, 19705.065104166668], "upper": [24364.29296875, 24026.66015625, 23725.462890625, 23481.552734375, 23298.8125, 23187.4453125, 23062.443359375, 22907.16015625, 22724.056640625, 22483.98046875, 22210.31640625, 22088.50390625, 22095.05859375, 21807.162109375, 21687.451171875, 21439.4375, 21462.943359375, 21400.720703125, 21347.96875, 21307.265625, 21265.689453125, 21206.865234375, 21138.021484375, 21008.36328125, 20817.294921875, 20641.091796875, 20380.8203125, 20427.8203125, 20408.013671875, 20320.810546875, 20155.830078125, 20250.48046875, 20221.060546875, 20266.626953125, 20431.884765625, 20498.123046875, 20568.599609375, 20530.638671875, 20514.544921875, 20422.796875, 20301.265625, 20119.576171875, 19997.796875, 20041.923828125, 20089.55078125, 20130.14453125, 20216.572265625, 20248.56640625, 19951.521484375, 20034.83203125, 20302.3828125, 20485.490234375, 20569.587890625, 20583.341796875, 20555.431640625, 20499.33984375, 20413.67578125, 20311.26953125, 20205.548828125, 20112.25390625, 20039.322265625, 19997.03515625, 19976.626953125, 19988.974609375, 20028.9375, 20067.734375, 20085.939453125, 20094.189453125, 20089.056640625, 20074.193359375, 20054.296875, 20043.802734375, 20041.1171875, 20057.201171875, 20083.404296875, 20119.240234375, 20163.232421875, 20207.2890625, 20241.69140625, 20254.091796875, 20248.771484375, 20228.71484375, 20200.84375, 20176.54296875, 20153.14453125, 20149.529296875, 20165.0390625, 20183.9453125, 20203.98046875, 20216.771484375, 20235.7265625, 20232.58984375, 20212.955078125, 20188.40234375, 20161.92578125, 20146.9609375, 20136.28125, 20146.41015625, 20167.1171875, 20190.4375], "lower": [21677.89453125, 20565.7734375, 20188.845703125, 20844.54296875, 21064.49609375, 21067.80078125, 21142.2109375, 20826.0703125, 20131.14453125, 19878.0, 19894.31640625, 19500.759765625, 19703.701171875, 19674.466796875, 19587.0859375, 19655.13671875, 19260.23828125, 19532.341796875, 19668.55859375, 19602.427734375, 19460.806640625, 19476.734375, 19472.8984375, 19407.119140625, 19468.8671875, 19561.55859375, 19517.98828125, 19433.119140625, 19446.412109375, 19511.7734375, 19394.978515625, 19376.298828125, 19488.583984375, 19654.98046875, 19748.486328125, 19723.779296875, 19623.263671875, 19596.9609375, 19562.39453125, 19515.046875, 19449.271484375, 19375.369140625, 19313.912109375, 19249.93359375, 19197.4375, 19155.666015625, 19102.16015625, 19024.158203125, 18933.515625, 18898.890625, 18925.1015625, 18951.953125, 18974.40234375, 18984.28125, 19042.326171875, 19036.013671875, 19077.537109375, 19100.599609375, 19115.6328125, 19105.359375, 19107.6640625, 19106.72265625, 19098.248046875, 19081.515625, 19064.677734375, 19025.451171875, 18996.09375, 18971.189453125, 18952.978515625, 18935.560546875, 18923.40625, 18904.296875, 18888.984375, 18871.173828125, 18860.04296875, 18846.595703125, 18834.552734375, 18819.5546875, 18800.80078125, 18770.720703125, 18808.404296875, 18872.32421875, 18921.693359375, 18893.806640625, 18911.865234375, 18961.3359375, 19020.83203125, 19087.599609375, 19143.572265625, 19178.44921875, 19197.2734375, 19203.974609375, 19201.947265625, 19191.43359375, 19156.6171875, 19134.25390625, 19099.0859375, 19056.658203125, 19032.9921875, 18974.900390625]}