{"mean": [41375.610677083336, 39380.713541666664, 39027.65625, 39197.225260416664, 39214.067708333336, 39085.682291666664, 38854.02734375, 38684.342447916664, 38529.825520833336, 38310.380859375, 38057.583333333336, 37944.043619791664, 38179.050130208336, 38436.037760416664, 38612.442708333336, 38441.587239583336, 38227.332682291664, 38006.005208333336, 37901.783203125, 37850.618489583336, 37831.091145833336, 37820.553385416664, 37826.622395833336, 37760.361328125, 37814.033854166664, 37760.291666666664, 37701.192708333336, 37748.998697916664, 37878.942708333336, 37943.856770833336, 38016.5390625, 38027.977864583336, 37970.119791666664, 37842.3984375, 37645.858072916664, 37486.807291666664, 37289.4296875, 37268.743489583336, 37237.217447916664, 37263.483072916664, 37351.205729166664, 37503.936197916664, 37682.498697916664, 37902.828125, 38068.772135416664, 38209.084635416664, 38327.86328125, 38400.875, 38458.44140625, 38493.96484375, 38500.82421875, 38483.770833333336, 38466.067708333336, 38453.674479166664, 38378.053385416664, 38284.428385416664, 38135.880208333336, 38038.645833333336, 38011.557291666664, 37956.14453125, 37891.8828125, 37875.692708333336, 37821.747395833336, 37731.533854166664, 37697.731770833336, 37695.640625, 37712.998697916664, 37806.317708333336, 37903.395833333336, 37955.369791666664, 37916.751302083336, 37926.18359375, 37918.529947916664, 37956.901041666664, 37933.565104166664, 37875.72265625, 37763.290364583336, 37733.203125, 37744.296875, 37771.440104166664, 37749.276041666664, 37682.130208333336, 37734.944010416664, 37818.760416666664, 37957.024739583336, 38029.505208333336, 38059.412760416664, 38104.989583333336, 38169.06640625, 38201.490885416664, 38142.619791666664, 38096.865885416664, 38074.889322916664, 38046.485677083336, 37955.377604166664, 37852.110677083336, 37805.958333333336, 37814.002604166664, 37787.57421875, 37798.8203125], "upper": [44734.6015625, 44262.4453125, 43962.96484375, 43641.15234375, 43379.484375, 43193.2265625, 43050.92578125, 42883.71875, 42580.67578125, 42216.29296875, 41636.21484375, 41190.08203125, 41240.58984375, 41425.765625, 41551.05859375, 41548.703125, 41467.4609375, 41270.24609375, 41109.05859375, 41005.328125, 40983.78125, 40881.07421875, 40704.26953125, 40471.0703125, 40292.0078125, 40196.0234375, 40087.55078125, 39951.62109375, 40319.796875, 40558.51953125, 40759.765625, 40862.26953125, 40867.65625, 40782.24609375, 40640.7421875, 40504.203125, 40304.51171875, 40507.1015625, 40643.90625, 40762.52734375, 40893.8125, 40976.72265625, 41019.86328125, 41022.703125, 40996.57421875, 40994.89453125, 41031.4453125, 41096.09375, 41173.0546875, 41224.39453125, 41255.8828125, 41269.23828125, 41259.2109375, 41260.8046875, 41271.078125, 41280.7578125, 41270.9765625, 41264.68359375, 41236.69921875, 41190.76953125, 41133.19921875, 41071.34375, 41004.99609375, 40975.87890625, 40995.6796875, 41022.95703125, 41043.90625, 41066.06640625, 41087.30078125, 41127.12890625, 41159.48828125, 41181.1328125, 41173.6953125, 41150.3515625, 41142.359375, 41149.38671875, 41152.5390625, 41146.63671875, 41102.78125, 41032.8515625, 40998.03125, 40964.82421875, 40949.73046875, 40964.40234375, 40983.828125, 40964.765625, 40922.73828125, 40869.75, 40831.69921875, 40807.8046875, 40774.0546875, 40734.7890625, 40707.296875, 40693.47265625, 40703.625, 40697.765625, 40694.921875, 40710.05859375, 40739.9921875, 40765.3984375], "lower": [39052.2734375, 33743.79296875, 32803.7734375, 33751.53125, 34372.73828125, 34367.23828125, 34106.86328125, 33349.7109375, 32873.90625, 32254.236328125, 31806.43359375, 31673.533203125, 32108.982421875, 32799.79296875, 33295.640625, 32875.26953125, 32423.130859375, 31927.41796875, 31672.205078125, 31669.3359375, 31800.56640625, 31970.19140625, 32240.734375, 32396.951171875, 33009.09765625, 33293.99609375, 33558.58984375, 34169.2265625, 34560.234375, 34899.265625, 35237.3515625, 35503.17578125, 35692.99609375, 35764.49609375, 35694.859375, 35781.4296875, 35607.484375, 35201.9453125, 34976.4453125, 34849.24609375, 34965.01953125, 35261.67578125, 35700.13671875, 36322.38671875, 36353.765625, 36382.78125, 36428.75, 36360.390625, 36330.71875, 36328.0390625, 36339.9140625, 36289.7265625, 36335.10546875, 36464.44921875, 36452.94921875, 36425.0546875, 36223.34375, 36096.6484375, 36106.4140625, 36080.04296875, 36034.62109375, 36160.26171875, 36166.6171875, 36008.1875, 35961.23046875, 35956.71875, 35932.14453125, 36049.08203125, 36156.4765625, 36138.8125, 35916.59375, 35898.1328125, 35896.90234375, 36091.296875, 36106.30078125, 36021.1953125, 35807.78515625, 35799.6640625, 35895.32421875, 35993.5859375, 35956.640625, 35813.921875, 35778.61328125, 35807.4921875, 35939.37890625, 35912.515625, 35782.6953125, 35795.484375, 35929.0625, 36025.890625, 35907.96484375, 35873.01953125, 35932.2421875, 36018.17578125, 35930.015625, 35856.3046875, 35894.578125, 35975.01953125, 35889.76953125, 35893.9375]}