{"mean": [8023.174153645833, 7558.454427083333, 7427.712239583333, 7477.931477864583, 7582.962727864583, 7570.36865234375, 7514.00439453125, 7444.337890625, 7369.11376953125, 7338.723470052083, 7367.563639322917, 7419.196126302083, 7434.561360677083, 7420.44677734375, 7431.933268229167, 7420.224446614583, 7358.736002604167, 7262.87744140625, 7275.39404296875, 7195.90380859375, 7169.827311197917, 7177.365885416667, 7191.676106770833, 7185.356282552083, 7266.89892578125, 7249.569173177083, 7149.934244791667, 7101.736979166667, 7099.84375, 7095.330240885417, 7094.069498697917, 7071.49169921875, 7062.87890625, 7061.366373697917, 7042.554850260417, 7028.449381510417, 7030.6220703125, 7030.287923177083, 7046.336100260417, 7127.63037109375, 7092.255045572917, 6981.728515625, 6972.520345052083, 6972.882649739583, 7056.958170572917, 7091.361979166667, 7109.141927083333, 6971.935221354167, 6962.8740234375, 6999.9306640625, 7064.075032552083, 7088.481608072917, 7111.17578125, 7109.955729166667, 7077.197265625, 7036.969075520833, 7014.537923177083, 7004.929850260417, 6993.722981770833, 6983.976888020833, 6982.02490234375, 6980.423014322917, 6974.807779947917, 6962.89794921875, 6935.097005208333, 6911.39599609375, 6894.55859375, 6894.7041015625, 6900.516764322917, 6909.787760416667, 6920.068033854167, 6916.1591796875, 6911.8115234375, 6912.631022135417, 6913.480143229167, 6910.57177734375, 6914.520670572917, 6937.349772135417, 6950.01806640625, 6954.709309895833, 6955.755208333333, 6955.784342447917, 6947.567220052083, 6932.75439453125, 6916.037923177083, 6909.138671875, 6908.072428385417, 6907.18798828125, 6906.42333984375, 6913.177571614583, 6923.291341145833, 6934.83056640625, 6942.088541666667, 6934.814615885417, 6924.481119791667, 6915.82177734375, 6907.1845703125, 6901.159016927083, 6903.447265625, 6912.220540364583], "upper": [8771.48046875, 7856.3388671875, 7805.27001953125, 7761.78857421875, 7722.333984375, 7688.9931640625, 7647.2919921875, 7601.72216796875, 7542.89697265625, 7475.3583984375, 7393.70263671875, 7578.9267578125, 7708.74169921875, 7714.01220703125, 7607.2412109375, 7472.05908203125, 7491.228515625, 7452.33984375, 7585.92578125, 7392.2783203125, 7318.048828125, 7322.81689453125, 7362.6591796875, 7367.720703125, 7681.2333984375, 7680.08935546875, 7432.56298828125, 7341.87939453125, 7374.490234375, 7377.66845703125, 7421.92529296875, 7435.8046875, 7484.31201171875, 7521.3828125, 7498.45556640625, 7530.15771484375, 7552.6669921875, 7536.47314453125, 7530.59375, 7764.9365234375, 7744.8896484375, 7491.05078125, 7473.00048828125, 7445.3857421875, 7653.02734375, 7647.5634765625, 7627.1064453125, 7371.04443359375, 7373.83203125, 7455.7509765625, 7651.30322265625, 7721.8408203125, 7787.85595703125, 7802.48779296875, 7751.0087890625, 7652.1640625, 7559.1572265625, 7518.93359375, 7500.95703125, 7497.53076171875, 7511.51318359375, 7505.0517578125, 7476.7998046875, 7425.0654296875, 7328.1943359375, 7251.8779296875, 7218.7880859375, 7238.1494140625, 7259.31787109375, 7282.47412109375, 7307.58837890625, 7290.7490234375, 7272.4951171875, 7273.673828125, 7277.10009765625, 7271.73095703125, 7283.9736328125, 7353.955078125, 7389.181640625, 7409.68896484375, 7414.6494140625, 7403.24853515625, 7373.5205078125, 7333.18896484375, 7276.81103515625, 7248.72802734375, 7247.31689453125, 7245.56396484375, 7242.2197265625, 7261.75244140625, 7304.62890625, 7337.45654296875, 7347.05908203125, 7335.18798828125, 7309.48046875, 7276.5458984375, 7251.35546875, 7244.099609375, 7249.5263671875, 7268.1318359375], "lower": [7333.7705078125, 7390.30322265625, 7234.634765625, 7263.1884765625, 7345.65966796875, 7394.7578125, 7442.4853515625, 7294.28076171875, 7176.16748046875, 7172.166015625, 7345.49609375, 7309.353515625, 7226.1953125, 7158.17431640625, 7264.74951171875, 7342.31884765625, 7250.92626953125, 7083.2451171875, 7045.34033203125, 7088.11669921875, 7064.318359375, 7043.40185546875, 7024.67529296875, 7010.38720703125, 6980.3310546875, 6981.71240234375, 6971.4052734375, 6965.1025390625, 6955.7021484375, 6907.171875, 6878.6494140625, 6869.7861328125, 6823.259765625, 6760.87841796875, 6741.37548828125, 6716.62841796875, 6730.94189453125, 6753.21142578125, 6795.607421875, 6796.72705078125, 6738.68701171875, 6671.91357421875, 6671.67578125, 6703.99560546875, 6751.6650390625, 6771.3486328125, 6774.97021484375, 6758.99609375, 6725.85546875, 6733.12060546875, 6722.7255859375, 6738.56201171875, 6751.4072265625, 6729.673828125, 6696.4140625, 6686.68212890625, 6715.63134765625, 6728.92822265625, 6713.1689453125, 6685.95166015625, 6670.46630859375, 6673.49755859375, 6685.587890625, 6700.96875, 6711.25390625, 6707.8544921875, 6692.8876953125, 6676.8984375, 6665.91357421875, 6663.30517578125, 6667.775390625, 6673.0458984375, 6676.53466796875, 6676.40673828125, 6675.3798828125, 6680.92041015625, 6686.12646484375, 6688.92138671875, 6689.732421875, 6687.921875, 6686.9052734375, 6693.84375, 6689.1279296875, 6684.07421875, 6689.56884765625, 6690.42626953125, 6686.1611328125, 6689.72705078125, 6690.38330078125, 6687.28466796875, 6690.96240234375, 6690.68408203125, 6688.154296875, 6692.748046875, 6689.5908203125, 6689.111328125, 6692.21728515625, 6686.56494140625, 6687.224609375, 6687.6240234375]}