{"mean": [3002.3892415364585, 2988.6085611979165, 2977.3904622395835, 2968.4825032552085, 2960.3990071614585, 2954.0518391927085, 2948.4154459635415, 2942.9737141927085, 2936.7384440104165, 2933.31591796875, 2934.301025390625, 2935.768310546875, 2936.966064453125, 2934.7403157552085, 2931.98486328125, 2931.972900390625, 2933.7499186197915, 2937.5027669270835, 2939.7428385416665, 2941.1727701822915, 2942.1351725260415, 2942.8519694010415, 2942.47607421875, 2942.7618001302085, 2943.12939453125, 2943.8892415364585, 2944.7227376302085, 2945.5066731770835, 2946.3871256510415, 2947.1053873697915, 2947.942626953125, 2948.7669270833335, 2949.5999348958335, 2950.36669921875, 2950.8392740885415, 2951.0179036458335, 2951.4452311197915, 2951.080078125, 2951.5463053385415, 2951.7298177083335, 2952.4779459635415, 2953.5101725260415, 2954.5332845052085, 2955.908203125, 2957.56494140625, 2959.8990071614585, 2962.2383626302085, 2965.0533040364585, 2968.4490559895835, 2971.9022623697915, 2975.300537109375, 2977.7677408854165, 2979.836181640625, 2980.6250813802085, 2980.95849609375, 2982.471923828125, 2984.0222981770835, 2985.2359212239585, 2986.5943196614585, 2987.86181640625, 2988.6006673177085, 2988.8076171875, 2988.8836263020835, 2988.9772135416665, 2950.1599934895835, 2989.6183268229165, 2990.1231282552085, 2990.8871256510415, 2991.8443196614585, 2992.561279296875, 2992.30078125, 2992.314697265625, 2992.3326822916665, 2992.8964029947915, 2992.9099934895835, 2992.8506673177085, 2992.9173990885415, 2992.8931477864585, 2992.84912109375, 2992.74609375, 2992.54931640625, 2992.33642578125, 2992.046630859375, 2991.7431640625, 2991.44677734375, 2991.2220865885415, 2991.0817057291665, 2990.9883626302085, 2990.9326985677085, 2990.9085286458335, 2990.9354654947915, 2990.9783528645835, 2991.0398763020835, 2991.1073404947915, 2991.1522623697915, 2991.1907552083335, 2991.22119140625, 2991.2762044270835, 2991.3563639322915, 2991.404052734375], "upper": [3138.09716796875, 3092.712890625, 3057.070068359375, 3030.92578125, 3009.512939453125, 2991.451171875, 2974.56494140625, 2957.7421875, 2942.44140625, 2940.74462890625, 2940.582275390625, 2940.54443359375, 2941.003173828125, 2941.546142578125, 2941.93359375, 2942.409912109375, 2942.97265625, 2943.43994140625, 2943.953857421875, 2944.5947265625, 2945.292724609375, 2945.9765625, 2946.5888671875, 2947.25927734375, 2947.511962890625, 2948.527099609375, 2949.916015625, 2951.331298828125, 2952.67041015625, 2953.93017578125, 2955.111328125, 2956.168212890625, 2957.214599609375, 2958.14794921875, 2958.930908203125, 2959.52001953125, 2960.109619140625, 2960.67138671875, 2961.10205078125, 2961.54931640625, 2961.992919921875, 2962.336181640625, 2962.625244140625, 2962.8642578125, 2964.856689453125, 2971.47802734375, 2978.142333984375, 2985.9013671875, 2994.455322265625, 3003.216552734375, 3012.34228515625, 3021.5966796875, 3030.460205078125, 3038.5517578125, 3045.250244140625, 3050.755126953125, 3054.694580078125, 3057.6953125, 3059.95654296875, 3061.646728515625, 3063.046630859375, 3061.919189453125, 3060.795654296875, 3059.822265625, 2955.646484375, 3058.179443359375, 3057.623291015625, 3057.171630859375, 3056.878173828125, 3056.49462890625, 3056.078857421875, 3055.728515625, 3055.3486328125, 3055.027099609375, 3054.798583984375, 3054.531494140625, 3054.332275390625, 3054.118896484375, 3053.9013671875, 3053.70068359375, 3053.53173828125, 3053.379150390625, 3053.26025390625, 3053.1865234375, 3053.13671875, 3053.087890625, 3053.052001953125, 3053.041015625, 3053.035888671875, 3053.047607421875, 3053.071044921875, 3053.100341796875, 3053.153564453125, 3053.18359375, 3053.242431640625, 3053.324462890625, 3053.41357421875, 3053.509033203125, 3053.607421875, 3053.70556640625], "lower": [2933.142578125, 2936.465087890625, 2934.68408203125, 2932.70703125, 2931.02783203125, 2930.29150390625, 2930.415771484375, 2930.779541015625, 2926.9921875, 2926.23828125, 2928.997314453125, 2932.331787109375, 2930.380126953125, 2928.97412109375, 2925.17578125, 2925.451904296875, 2927.4150390625, 2934.424560546875, 2936.59619140625, 2937.037841796875, 2936.945068359375, 2936.63720703125, 2936.0673828125, 2935.42919921875, 2934.88037109375, 2935.318603515625, 2936.115478515625, 2936.47998046875, 2937.595947265625, 2938.25, 2939.608642578125, 2941.182373046875, 2942.715576171875, 2944.109375, 2944.807373046875, 2945.041015625, 2945.328125, 2945.145751953125, 2944.270751953125, 2944.276123046875, 2944.439208984375, 2944.41650390625, 2944.622802734375, 2944.8388671875, 2944.96923828125, 2945.41552734375, 2946.06103515625, 2946.85546875, 2947.90283203125, 2949.6884765625, 2951.211181640625, 2952.560302734375, 2953.435546875, 2948.96728515625, 2942.60498046875, 2941.4072265625, 2942.21435546875, 2943.253173828125, 2945.627197265625, 2947.695068359375, 2948.677490234375, 2950.498779296875, 2951.945068359375, 2953.287353515625, 2941.0908203125, 2953.701416015625, 2953.830810546875, 2954.01416015625, 2954.019287109375, 2954.025146484375, 2954.07421875, 2954.20166015625, 2954.39990234375, 2954.7578125, 2954.393798828125, 2953.365234375, 2953.568115234375, 2953.73095703125, 2954.042724609375, 2953.89892578125, 2953.502685546875, 2952.9599609375, 2952.245849609375, 2951.405029296875, 2950.556640625, 2949.926513671875, 2949.543212890625, 2949.285888671875, 2949.13037109375, 2949.088134765625, 2949.0966796875, 2949.205810546875, 2949.353271484375, 2949.520263671875, 2949.592041015625, 2949.673583984375, 2949.628173828125, 2949.68359375, 2949.8857421875, 2949.841552734375]}