{"mean": [10415.729654947916, 8535.395670572916, 6611.430338541667, 6710.82080078125, 6663.236165364583, 6662.845052083333, 6676.88623046875, 6699.70361328125, 6707.772623697917, 6688.409993489583, 6650.494140625, 6622.0947265625, 6590.315104166667, 6549.955729166667, 6575.176106770833, 6652.855794270833, 6658.893880208333, 6652.358072916667, 6627.998209635417, 6600.966145833333, 6566.663248697917, 6543.67333984375, 6540.75927734375, 6552.421549479167, 6581.136067708333, 6623.183756510417, 6672.840494791667, 6701.057291666667, 6706.660807291667, 6667.29833984375, 6639.27734375, 6621.418131510417, 6617.770345052083, 6619.648600260417, 6627.385416666667, 6650.38525390625, 6688.956217447917, 6723.59521484375, 6746.27294921875, 6779.10546875, 6806.4013671875, 6820.580078125, 6827.955403645833, 6795.140462239583, 6765.92333984375, 6790.936360677083, 6877.41796875, 6997.981608072917, 6995.8310546875, 7085.85107421875, 7280.674153645833, 7666.815266927083, 7950.075520833333, 8020.72998046875, 8086.878580729167, 8121.465006510417, 8145.49560546875, 8175.750325520833, 8207.179361979166, 8232.111002604166, 8244.023111979166, 8245.967936197916, 8265.06884765625, 8276.690592447916, 8234.529459635416, 8219.211100260416, 8242.118977864584, 8322.082845052084, 8367.5439453125, 8330.5458984375, 8267.285970052084, 8238.2275390625, 8237.205078125, 8247.296549479166, 8236.561848958334, 8211.302408854166, 8196.744303385416, 8210.274088541666, 8255.118815104166, 8101.073893229167, 8019.09130859375, 7968.808268229167, 7941.224772135417, 7926.529296875, 7923.215006510417, 7917.2197265625, 7893.353678385417, 7904.737467447917, 7854.915852864583, 7834.511067708333, 7819.80859375, 7808.591634114583, 7796.013020833333, 7791.30517578125, 7793.314290364583, 7811.8359375, 7835.23779296875, 7858.616536458333, 7866.83056640625, 7859.779296875], "upper": [16248.7958984375, 10300.001953125, 7789.1708984375, 7796.1796875, 7783.88525390625, 7778.93359375, 7772.83984375, 7769.6962890625, 7736.28369140625, 7710.59326171875, 7659.9658203125, 7629.85791015625, 7561.6943359375, 7449.01025390625, 7505.990234375, 7707.0908203125, 7637.80078125, 7700.58642578125, 7770.50537109375, 7758.515625, 7691.099609375, 7640.15185546875, 7626.89697265625, 7640.45751953125, 7668.30810546875, 7708.77685546875, 7772.076171875, 7833.98681640625, 7887.6005859375, 7852.32666015625, 7827.6455078125, 7806.57861328125, 7802.9541015625, 7801.4541015625, 7811.2529296875, 7836.49951171875, 7886.68505859375, 7898.27392578125, 7850.58349609375, 7849.22998046875, 7867.25244140625, 7904.41552734375, 7965.87939453125, 7926.23388671875, 7903.54638671875, 7899.2919921875, 7937.44287109375, 8086.48486328125, 7803.57568359375, 7771.11181640625, 7869.1103515625, 7878.12158203125, 8481.822265625, 8767.419921875, 8992.5703125, 9122.6259765625, 9199.90234375, 9237.25390625, 9232.2353515625, 9191.6982421875, 9113.8642578125, 9006.0869140625, 8899.6220703125, 8792.3291015625, 8697.1787109375, 8608.9794921875, 8532.07421875, 8466.587890625, 8448.4794921875, 8435.1416015625, 8362.1181640625, 8381.9892578125, 8459.93359375, 8562.05078125, 8584.138671875, 8541.0546875, 8527.568359375, 8542.923828125, 8588.775390625, 8652.490234375, 8647.1005859375, 8641.90625, 8657.3115234375, 8686.482421875, 8742.150390625, 8764.951171875, 8718.8662109375, 8776.8837890625, 8653.8564453125, 8616.2236328125, 8594.8896484375, 8587.9013671875, 8574.357421875, 8578.705078125, 8592.33203125, 8649.4384765625, 8707.826171875, 8758.0859375, 8750.9248046875, 8687.111328125], "lower": [7270.2626953125, 7540.708984375, 4621.7861328125, 5020.11767578125, 4921.4541015625, 4895.35498046875, 4881.17333984375, 4870.52197265625, 4861.59521484375, 4852.9697265625, 4842.755859375, 4832.90966796875, 4822.865234375, 4813.21875, 4804.9326171875, 4798.25830078125, 4792.30615234375, 4783.90673828125, 4778.55224609375, 4773.572265625, 4768.486328125, 4763.66357421875, 4759.5263671875, 4755.087890625, 4750.8193359375, 4747.33447265625, 4744.91748046875, 4742.24462890625, 4740.0419921875, 4738.271484375, 4736.451171875, 4736.2275390625, 4736.3369140625, 4737.55908203125, 4742.83154296875, 4752.01123046875, 4763.83740234375, 4780.67626953125, 4809.3466796875, 4848.16162109375, 4885.98583984375, 4921.41796875, 4936.7734375, 4931.4033203125, 4905.26318359375, 4998.66552734375, 5194.8466796875, 5343.68994140625, 5528.70654296875, 5828.84765625, 6372.64111328125, 7549.24951171875, 7529.99267578125, 7498.111328125, 7492.5283203125, 7493.2353515625, 7499.62353515625, 7519.21728515625, 7546.0615234375, 7584.41455078125, 7625.2861328125, 7663.44140625, 7700.27392578125, 7737.13037109375, 7770.76806640625, 7836.17626953125, 7937.25341796875, 8113.51416015625, 8243.2109375, 8201.529296875, 8142.89501953125, 8094.7578125, 8074.26953125, 8065.8994140625, 8051.48388671875, 7992.0283203125, 7931.61328125, 7871.7431640625, 7817.9384765625, 7766.06787109375, 7685.77001953125, 7578.5888671875, 7517.0009765625, 7482.27490234375, 7451.7646484375, 7446.56103515625, 7453.34521484375, 7465.15234375, 7431.29638671875, 7392.89892578125, 7356.6787109375, 7319.46728515625, 7284.8291015625, 7254.63818359375, 7232.0595703125, 7211.65673828125, 7200.69873046875, 7199.07958984375, 7205.67138671875, 7218.90087890625]}