{"mean": [4145.159016927083, 3764.4725748697915, 3715.531005859375, 3750.0160319010415, 3763.4021809895835, 3739.622314453125, 3705.3933919270835, 3693.652587890625, 3634.2262369791665, 3596.27392578125, 3587.7926432291665, 3609.376953125, 3609.9348958333335, 3596.3367513020835, 3552.9935709635415, 3513.8270670572915, 3499.832763671875, 3499.4232584635415, 3500.9039713541665, 3504.8877766927085, 3502.8197428385415, 3476.3146158854165, 3465.5445149739585, 3477.7420247395835, 3452.725830078125, 3449.136474609375, 3443.9995930989585, 3439.0764973958335, 3423.699462890625, 3406.0401204427085, 3390.82421875, 3411.890380859375, 3416.457275390625, 3424.5691731770835, 3440.5625, 3435.6058756510415, 3432.8072102864585, 3429.5453287760415, 3424.2804361979165, 3432.59228515625, 3428.563232421875, 3438.0992024739585, 3412.2069498697915, 3411.4168294270835, 3388.252685546875, 3386.5259602864585, 3393.509521484375, 3386.285400390625, 3387.5787760416665, 3396.3759765625, 3390.236083984375, 3383.8998209635415, 3374.5868326822915, 3378.4051920572915, 3388.1123860677085, 3398.7819010416665, 3393.1298828125, 3395.7403971354165, 3393.0987141927085, 3390.3201497395835, 3380.581787109375, 3374.0171712239585, 3374.2743326822915, 3378.31103515625, 3379.1785481770835, 3378.5888671875, 3376.2096354166665, 3372.2141927083335, 3374.9877115885415, 3373.408203125, 3366.9507649739585, 3361.780029296875, 3366.9820963541665, 3408.3473307291665, 3368.9329427083335, 3368.3561197916665, 3367.9335123697915, 3358.7427571614585, 3363.8328450520835, 3354.9789225260415, 3359.536865234375, 3355.005859375, 3351.80712890625, 3345.4413248697915, 3337.5314127604165, 3324.40771484375, 3319.45263671875, 3311.27880859375, 3271.151123046875, 3294.2786458333335, 3291.5022786458335, 3290.33447265625, 3299.026123046875, 3312.339111328125, 3321.4974772135415, 3322.323974609375, 3329.1644694010415, 3331.0057779947915, 3350.435546875, 3363.3299153645835], "upper": [4743.07568359375, 3931.859375, 3877.947509765625, 3830.639892578125, 3926.6083984375, 3934.256591796875, 3841.85205078125, 3819.84912109375, 3688.3583984375, 3625.365478515625, 3660.80126953125, 3764.119384765625, 3836.1005859375, 3786.035400390625, 3678.204833984375, 3609.87548828125, 3601.43212890625, 3617.745849609375, 3628.09033203125, 3653.497802734375, 3667.181884765625, 3634.93994140625, 3593.8056640625, 3594.746337890625, 3520.0126953125, 3528.139404296875, 3537.5673828125, 3528.35546875, 3512.9873046875, 3479.30615234375, 3446.459716796875, 3494.186767578125, 3504.989990234375, 3514.265625, 3556.328125, 3516.2509765625, 3486.6943359375, 3492.742431640625, 3521.921875, 3507.74853515625, 3503.9921875, 3559.04248046875, 3555.988037109375, 3535.6767578125, 3484.31982421875, 3503.85498046875, 3505.0771484375, 3501.8984375, 3474.097412109375, 3490.500244140625, 3493.76611328125, 3490.932861328125, 3482.77685546875, 3482.16064453125, 3482.45556640625, 3487.208740234375, 3490.054443359375, 3496.170654296875, 3495.388427734375, 3498.785888671875, 3488.28076171875, 3489.7998046875, 3487.322021484375, 3490.369384765625, 3490.71044921875, 3495.5537109375, 3497.623779296875, 3487.3505859375, 3486.670166015625, 3486.484375, 3485.2734375, 3482.911376953125, 3485.232421875, 3485.44677734375, 3483.604248046875, 3477.33935546875, 3480.494384765625, 3479.3984375, 3476.451171875, 3481.150390625, 3480.5595703125, 3478.4208984375, 3479.047607421875, 3476.803466796875, 3476.88818359375, 3475.51904296875, 3477.49951171875, 3476.424560546875, 3474.843994140625, 3473.70556640625, 3479.41943359375, 3483.048095703125, 3485.29345703125, 3480.280517578125, 3481.421875, 3488.375244140625, 3490.44482421875, 3486.28955078125, 3484.78564453125, 3485.300048828125], "lower": [3652.810546875, 3614.935302734375, 3593.27392578125, 3603.3232421875, 3614.45361328125, 3587.432373046875, 3581.26611328125, 3588.185546875, 3576.19384765625, 3565.0126953125, 3522.566650390625, 3500.23974609375, 3483.205322265625, 3461.079345703125, 3441.016357421875, 3434.260009765625, 3444.508544921875, 3434.795654296875, 3435.669921875, 3425.902099609375, 3418.50830078125, 3387.211181640625, 3396.356201171875, 3405.45654296875, 3391.306884765625, 3375.609619140625, 3364.11669921875, 3368.547607421875, 3374.781494140625, 3346.000732421875, 3333.5751953125, 3327.389892578125, 3292.595703125, 3273.921875, 3285.38818359375, 3307.1279296875, 3334.826416015625, 3328.28466796875, 3282.341064453125, 3318.78564453125, 3336.068603515625, 3327.10302734375, 3291.343505859375, 3306.8154296875, 3305.239990234375, 3303.640380859375, 3301.4541015625, 3303.0556640625, 3313.0576171875, 3320.15966796875, 3301.219482421875, 3294.82666015625, 3292.552734375, 3300.915283203125, 3292.56787109375, 3294.55517578125, 3290.46728515625, 3310.51171875, 3308.77001953125, 3297.696533203125, 3278.46337890625, 3276.81982421875, 3272.626953125, 3277.390380859375, 3281.810302734375, 3282.339111328125, 3279.8251953125, 3280.80224609375, 3272.722412109375, 3270.877197265625, 3272.164306640625, 3271.5, 3275.32373046875, 3339.9462890625, 3291.228515625, 3293.73583984375, 3284.868896484375, 3266.625, 3275.431396484375, 3265.591064453125, 3287.409423828125, 3280.4296875, 3278.8203125, 3275.308349609375, 3257.615234375, 3220.226806640625, 3208.285400390625, 3185.258544921875, 3055.17724609375, 3128.261962890625, 3113.939697265625, 3115.875732421875, 3138.43359375, 3184.767578125, 3210.409912109375, 3198.614990234375, 3211.135986328125, 3220.85205078125, 3279.002197265625, 3292.501708984375]}