{"mean": [2783.2522786458335, 2526.5166829427085, 2484.9737955729165, 2505.6205240885415, 2524.6842447916665, 2523.4400227864585, 2512.896484375, 2491.6866861979165, 2473.127197265625, 2454.3444010416665, 2433.919677734375, 2423.1116536458335, 2438.178466796875, 2458.949951171875, 2468.4822591145835, 2460.2631022135415, 2438.5033365885415, 2410.4618326822915, 2395.0865071614585, 2395.4112141927085, 2393.8203125, 2388.701416015625, 2379.8206380208335, 2364.9085286458335, 2347.3006998697915, 2333.2172037760415, 2333.002197265625, 2330.85595703125, 2327.3706868489585, 2319.7467447916665, 2311.228515625, 2302.2819010416665, 2293.8257649739585, 2286.921142578125, 2280.057861328125, 2274.482177734375, 2270.000732421875, 2266.6985677083335, 2263.2008463541665, 2264.9121907552085, 2265.8856608072915, 2262.956298828125, 2254.3604329427085, 2246.07421875, 2238.5975748697915, 2233.2294921875, 2231.8812662760415, 2240.3631998697915, 2247.6581217447915, 2252.9931640625, 2258.543701171875, 2262.970703125, 2266.3111979166665, 2268.5236002604165, 2268.93115234375, 2268.1129557291665, 2265.597412109375, 2261.6990559895835, 2256.6119791666665, 2252.2755533854165, 2248.6129557291665, 2245.2342936197915, 2242.064208984375, 2239.4307454427085, 2237.6761881510415, 2235.9053548177085, 2235.281982421875, 2235.7960611979165, 2237.28076171875, 2239.1883138020835, 2242.2036946614585, 2245.0252278645835, 2241.027587890625, 2236.8924153645835, 2231.8592122395835, 2226.7967122395835, 2221.8064778645835, 2218.8904622395835, 2218.2173665364585, 2219.5260416666665, 2222.7897135416665, 2227.3763834635415, 2231.9903971354165, 2235.4593098958335, 2238.0499674479165, 2240.534912109375, 2243.9368489583335, 2247.915283203125, 2251.5447591145835, 2255.1669921875, 2258.7113444010415, 2261.504150390625, 2263.470947265625, 2265.1719563802085, 2266.7670084635415, 2268.0440266927085, 2269.28076171875, 2270.57666015625, 2271.6652018229165, 2272.5048014322915], "upper": [3219.958984375, 2649.984619140625, 2622.08154296875, 2600.99951171875, 2580.707275390625, 2584.5654296875, 2554.268798828125, 2543.22607421875, 2527.392578125, 2512.2880859375, 2487.89794921875, 2487.158447265625, 2495.076904296875, 2500.009521484375, 2503.715087890625, 2503.059326171875, 2502.00732421875, 2497.915283203125, 2490.86572265625, 2480.457275390625, 2468.71630859375, 2459.365478515625, 2452.263427734375, 2446.391357421875, 2441.638916015625, 2437.667724609375, 2433.559814453125, 2426.87841796875, 2417.784912109375, 2406.753173828125, 2391.907470703125, 2384.614013671875, 2379.9755859375, 2374.93896484375, 2369.78564453125, 2365.362060546875, 2362.818603515625, 2362.56982421875, 2361.05810546875, 2357.840087890625, 2354.21533203125, 2350.51025390625, 2347.11181640625, 2344.110595703125, 2341.735595703125, 2340.505615234375, 2341.01806640625, 2344.75634765625, 2349.402587890625, 2354.614990234375, 2361.4111328125, 2368.544189453125, 2375.953857421875, 2382.715087890625, 2388.38330078125, 2393.363037109375, 2396.60009765625, 2397.4599609375, 2395.79052734375, 2392.1728515625, 2386.628173828125, 2379.345458984375, 2371.359130859375, 2362.44921875, 2356.213134765625, 2350.807861328125, 2346.558837890625, 2343.090576171875, 2340.90185546875, 2340.0224609375, 2340.22412109375, 2341.033203125, 2341.769775390625, 2342.227783203125, 2342.6611328125, 2343.25341796875, 2344.205078125, 2345.742919921875, 2347.490966796875, 2349.84228515625, 2352.59228515625, 2355.462646484375, 2357.9033203125, 2359.50830078125, 2360.03759765625, 2359.381591796875, 2357.978515625, 2355.685791015625, 2353.359130859375, 2350.865234375, 2348.8154296875, 2346.456298828125, 2343.807861328125, 2342.35205078125, 2341.803955078125, 2341.899169921875, 2342.48583984375, 2343.4140625, 2344.17431640625, 2344.37939453125], "lower": [2429.0625, 2455.701416015625, 2377.344970703125, 2445.291259765625, 2431.3828125, 2421.46484375, 2438.81201171875, 2440.5732421875, 2436.836181640625, 2385.528564453125, 2336.87255859375, 2307.146484375, 2344.29541015625, 2408.215087890625, 2437.149658203125, 2419.92626953125, 2365.904296875, 2289.893310546875, 2254.093505859375, 2267.048828125, 2277.118896484375, 2276.44482421875, 2270.740966796875, 2251.723876953125, 2224.594482421875, 2207.298583984375, 2230.90966796875, 2250.3623046875, 2267.9208984375, 2276.13671875, 2255.631103515625, 2231.459716796875, 2205.237548828125, 2176.9951171875, 2152.62744140625, 2136.462158203125, 2128.013916015625, 2123.4462890625, 2122.837890625, 2133.743408203125, 2152.741943359375, 2169.365478515625, 2188.705322265625, 2187.5322265625, 2151.919677734375, 2125.7724609375, 2112.812744140625, 2129.390869140625, 2144.8701171875, 2156.38671875, 2166.2099609375, 2174.114501953125, 2180.2626953125, 2185.33203125, 2189.679931640625, 2193.524169921875, 2197.379150390625, 2188.39306640625, 2176.833251953125, 2167.381591796875, 2159.972900390625, 2153.906494140625, 2150.287353515625, 2146.9365234375, 2145.436767578125, 2144.55419921875, 2145.3251953125, 2147.4794921875, 2151.58251953125, 2157.147705078125, 2163.67578125, 2168.7333984375, 2153.317626953125, 2137.826416015625, 2119.338623046875, 2100.927490234375, 2082.666259765625, 2070.35205078125, 2064.59521484375, 2064.2666015625, 2069.7646484375, 2079.3291015625, 2089.66748046875, 2097.201171875, 2103.378173828125, 2110.3017578125, 2120.819091796875, 2133.644775390625, 2145.74169921875, 2158.130126953125, 2169.89892578125, 2179.84326171875, 2187.57275390625, 2193.57666015625, 2198.344970703125, 2201.561279296875, 2204.05419921875, 2206.485595703125, 2208.5244140625, 2210.453857421875]}