{"mean": [4021.5604654947915, 3964.4991861979165, 3934.56982421875, 3914.2638346354165, 3890.2220052083335, 3865.1975911458335, 3840.3715006510415, 3816.1630859375, 3783.5634765625, 3747.1940104166665, 3721.4554036458335, 3688.43408203125, 3660.219970703125, 3633.5353190104165, 3609.60595703125, 3580.7799479166665, 3563.7305501302085, 3552.0621744791665, 3546.6316731770835, 3544.9593098958335, 3543.53857421875, 3541.1925455729165, 3538.8090006510415, 3536.3795572916665, 3533.9549967447915, 3531.3019205729165, 3528.3780924479165, 3525.0056966145835, 3521.7149251302085, 3518.3900553385415, 3515.2674967447915, 3512.5779622395835, 3510.215576171875, 3507.98828125, 3506.4166666666665, 3504.978515625, 3503.653564453125, 3502.3282877604165, 3500.9877115885415, 3499.6441243489585, 3498.2980143229165, 3496.7124837239585, 3495.125, 3493.5088704427085, 3491.9481608072915, 3490.4619954427085, 3488.9981282552085, 3487.6796061197915, 3486.3806966145835, 3485.1343587239585, 3483.955322265625, 3482.8494466145835, 3481.8619791666665, 3480.9117024739585, 3480.0428059895835, 3479.3108723958335, 3478.703369140625, 3478.0484212239585, 3477.4404296875, 3476.7620442708335, 3476.1570638020835, 3475.719970703125, 3475.3262532552085, 3474.940185546875, 3474.5669759114585, 3474.0979817708335, 3473.6338704427085, 3473.1285807291665, 3472.6984049479165, 3472.3212890625, 3471.88037109375, 3471.4256998697915, 3471.0240071614585, 3470.6756184895835, 3470.34130859375, 3470.0167643229165, 3469.72021484375, 3469.3247884114585, 3469.0187174479165, 3468.6695149739585, 3468.2989908854165, 3467.9869791666665, 3467.6725260416665, 3467.3037109375, 3466.814453125, 3466.0657552083335, 3465.71630859375, 3465.419921875, 3465.1155598958335, 3464.6009928385415, 3464.2842610677085, 3463.9676920572915, 3463.6876627604165, 3463.1941731770835, 3462.8895670572915, 3462.503662109375, 3462.455322265625, 3462.4813639322915, 3462.5035807291665, 3462.4954427083335], "upper": [4875.6435546875, 4723.58203125, 4649.978515625, 4597.5498046875, 4530.12841796875, 4462.08984375, 4394.830078125, 4329.8896484375, 4240.1494140625, 4138.875, 4068.93798828125, 3977.630859375, 3901.178955078125, 3829.51513671875, 3766.105712890625, 3688.91015625, 3647.37646484375, 3621.185302734375, 3614.0166015625, 3618.08935546875, 3623.03076171875, 3625.4267578125, 3627.20654296875, 3628.463134765625, 3629.51416015625, 3629.79150390625, 3629.1787109375, 3627.44287109375, 3625.35791015625, 3622.54833984375, 3619.087158203125, 3615.08154296875, 3611.06201171875, 3606.947265625, 3602.68359375, 3598.47998046875, 3594.088623046875, 3589.86669921875, 3585.627685546875, 3581.560546875, 3577.47802734375, 3572.70654296875, 3568.018310546875, 3563.012451171875, 3558.33544921875, 3553.870361328125, 3549.557373046875, 3545.650390625, 3541.6875, 3537.995849609375, 3534.447265625, 3531.1103515625, 3528.1396484375, 3525.356201171875, 3522.79443359375, 3520.61572265625, 3518.7646484375, 3516.785400390625, 3514.92919921875, 3513.36279296875, 3511.7880859375, 3510.358154296875, 3508.9150390625, 3507.59423828125, 3506.30712890625, 3505.06298828125, 3503.88427734375, 3502.6083984375, 3501.4697265625, 3500.370849609375, 3499.0634765625, 3497.805419921875, 3496.51708984375, 3495.634765625, 3494.6552734375, 3493.62060546875, 3492.64990234375, 3491.440185546875, 3490.519287109375, 3489.537353515625, 3488.51904296875, 3487.6298828125, 3486.6533203125, 3485.61474609375, 3484.1845703125, 3481.88427734375, 3480.90966796875, 3479.84228515625, 3478.88916015625, 3477.526123046875, 3476.5341796875, 3475.59716796875, 3474.77099609375, 3473.3056640625, 3472.3955078125, 3471.459716796875, 3471.24365234375, 3471.214111328125, 3471.08349609375, 3470.96630859375], "lower": [3569.908935546875, 3559.4228515625, 3552.70556640625, 3548.39013671875, 3547.028076171875, 3544.91748046875, 3542.200439453125, 3538.576171875, 3534.30224609375, 3530.26123046875, 3527.2138671875, 3524.4111328125, 3521.73828125, 3518.5966796875, 3514.91015625, 3510.578125, 3506.091552734375, 3502.30322265625, 3498.4111328125, 3494.63232421875, 3490.9677734375, 3487.2216796875, 3483.65869140625, 3480.293212890625, 3476.972900390625, 3473.541015625, 3470.6484375, 3467.774658203125, 3464.76220703125, 3462.340087890625, 3460.05078125, 3458.52197265625, 3457.72998046875, 3457.288818359375, 3457.496826171875, 3457.75439453125, 3457.93701171875, 3458.11279296875, 3458.58251953125, 3458.6298828125, 3458.65576171875, 3458.657958984375, 3458.62841796875, 3458.72900390625, 3458.7099609375, 3458.74462890625, 3458.7080078125, 3458.65771484375, 3458.67822265625, 3458.65283203125, 3458.593994140625, 3458.59521484375, 3458.59228515625, 3458.5400390625, 3458.494873046875, 3458.46923828125, 3458.47900390625, 3458.453125, 3458.5029296875, 3458.447265625, 3458.244140625, 3458.378173828125, 3458.37939453125, 3458.3623046875, 3458.39599609375, 3458.31201171875, 3458.26953125, 3458.19482421875, 3458.15478515625, 3458.13623046875, 3458.099609375, 3457.97021484375, 3458.04052734375, 3457.98388671875, 3457.989990234375, 3457.97021484375, 3457.96728515625, 3457.97119140625, 3457.962646484375, 3458.00146484375, 3457.966796875, 3457.953125, 3457.97265625, 3457.9833984375, 3457.97802734375, 3458.03662109375, 3457.90576171875, 3458.06298828125, 3458.14453125, 3457.982421875, 3458.083251953125, 3458.115234375, 3458.13330078125, 3458.12841796875, 3458.099853515625, 3458.0185546875, 3458.0400390625, 3458.0634765625, 3458.20458984375, 3458.16455078125]}