{"mean": [997.0846354166666, 999.0874837239584, 1000.6989949544271, 1001.3471069335938, 1001.7932942708334, 1002.1861368815104, 1002.591796875, 1003.0165405273438, 1003.443115234375, 1004.0434163411459, 1004.5232137044271, 1004.9071451822916, 1005.3314208984375, 1005.7250773111979, 1006.1134440104166, 1006.1939900716146, 1006.3652750651041, 1006.5279541015625, 1006.7366129557291, 1006.9806925455729, 1007.1578369140625, 1007.2614949544271, 1007.3524169921875, 1007.4446411132812, 1007.4910888671875, 1007.5208333333334, 1007.5761311848959, 1007.6159871419271, 1007.6231689453125, 1007.6400756835938, 1007.6514892578125, 1007.6647542317709, 1007.6793619791666, 1007.7131958007812, 1007.7235717773438, 1007.7385864257812, 1007.7429809570312, 1007.763671875, 1007.7650146484375, 1007.7743123372396, 1007.7711181640625, 1007.7711385091146, 1007.781982421875, 1007.7950642903646, 1007.7776285807291, 1007.7828776041666, 1007.7526245117188, 1007.7241821289062, 1007.710205078125, 1007.6952107747396, 1007.6720174153646, 1007.6692504882812, 1007.6569620768229, 1007.6526082356771, 1007.6526082356771, 1007.6638387044271, 1007.6546223958334, 1007.6479085286459, 1007.6579996744791, 1007.6623942057291, 1007.6560668945312, 1007.6689249674479, 1007.6613159179688, 1007.6624348958334, 1007.6605224609375, 1007.6635945638021, 1007.6703084309896, 1007.6759643554688, 1007.6964111328125, 1007.7027791341146, 1007.7166137695312, 1007.7202555338541, 1007.7415568033854, 1007.7392171223959, 1007.7425333658854, 1007.7306925455729, 1007.7288208007812, 1007.7261149088541, 1007.7323811848959, 1007.7414957682291, 1007.740234375, 1007.7555948893229, 1007.7465413411459, 1007.7366333007812, 1007.751708984375, 1007.796630859375, 1007.7875773111979, 1007.7969156901041, 1007.7990519205729, 1007.7813924153646, 1007.7884114583334, 1007.7863972981771, 1007.791748046875, 1007.7970377604166, 1007.8014119466146, 1007.7996215820312, 1007.7900187174479, 1007.7873738606771, 1007.7794799804688, 1007.7825317382812], "upper": [1009.6035766601562, 1009.489990234375, 1009.3085327148438, 1009.1008911132812, 1009.0762329101562, 1009.1561889648438, 1009.2803955078125, 1009.3497924804688, 1009.4437866210938, 1009.49755859375, 1009.5640869140625, 1009.5933837890625, 1009.6137084960938, 1009.5781860351562, 1009.489501953125, 1009.3875732421875, 1009.24609375, 1009.1604614257812, 1008.9888916015625, 1008.89306640625, 1008.7796630859375, 1008.6736450195312, 1008.5888061523438, 1008.500732421875, 1008.3974609375, 1008.2763671875, 1008.2091064453125, 1008.0957641601562, 1007.9929809570312, 1007.899169921875, 1007.8340454101562, 1007.7492065429688, 1007.7471923828125, 1007.74169921875, 1007.7783813476562, 1007.8401489257812, 1007.8853149414062, 1007.9616088867188, 1007.9772338867188, 1008.0283813476562, 1008.0347290039062, 1008.033935546875, 1008.0595092773438, 1008.0397338867188, 1007.9813232421875, 1007.9949340820312, 1007.9222412109375, 1007.875244140625, 1007.8375854492188, 1007.7984619140625, 1007.7421264648438, 1007.7281494140625, 1007.7159423828125, 1007.712890625, 1007.7080688476562, 1007.734130859375, 1007.7086181640625, 1007.7084350585938, 1007.7239990234375, 1007.7322998046875, 1007.753173828125, 1007.8068237304688, 1007.8092651367188, 1007.8260498046875, 1007.820556640625, 1007.8359375, 1007.8451538085938, 1007.84326171875, 1007.892333984375, 1007.89697265625, 1007.9277954101562, 1007.9343872070312, 1007.95654296875, 1007.95947265625, 1007.9896850585938, 1007.9802856445312, 1007.9826049804688, 1008.0089721679688, 1008.0281372070312, 1008.0216674804688, 1008.0016479492188, 1008.0369873046875, 1008.0426635742188, 1008.02783203125, 1008.0704956054688, 1008.193359375, 1008.1986694335938, 1008.193359375, 1008.2005004882812, 1008.1997680664062, 1008.2154541015625, 1008.2156372070312, 1008.2171020507812, 1008.2235107421875, 1008.2353515625, 1008.2311401367188, 1008.2255859375, 1008.2181396484375, 1008.2093505859375, 1008.2052001953125], "lower": [976.710693359375, 982.7982177734375, 987.89453125, 990.1052856445312, 991.239501953125, 991.9426879882812, 992.6266479492188, 993.4285888671875, 994.300048828125, 995.7606811523438, 996.93359375, 997.8311767578125, 998.8712158203125, 999.9703369140625, 1001.051025390625, 1001.3536376953125, 1001.9326782226562, 1002.488525390625, 1003.251953125, 1004.1056518554688, 1004.7517700195312, 1005.1978149414062, 1005.608642578125, 1005.9733276367188, 1006.2742309570312, 1006.50732421875, 1006.7835083007812, 1006.9396362304688, 1007.1088256835938, 1007.2796020507812, 1007.410400390625, 1007.5407104492188, 1007.6123046875, 1007.682373046875, 1007.6948852539062, 1007.661865234375, 1007.6431884765625, 1007.6090087890625, 1007.5623168945312, 1007.5393676757812, 1007.550537109375, 1007.53857421875, 1007.5343627929688, 1007.5584106445312, 1007.5679931640625, 1007.564208984375, 1007.5582885742188, 1007.5428466796875, 1007.560302734375, 1007.5588989257812, 1007.5474853515625, 1007.5601196289062, 1007.5504760742188, 1007.5491333007812, 1007.5582885742188, 1007.5640258789062, 1007.5668334960938, 1007.558837890625, 1007.588623046875, 1007.6082153320312, 1007.6008911132812, 1007.57861328125, 1007.5635375976562, 1007.5447998046875, 1007.5440063476562, 1007.5474853515625, 1007.5675048828125, 1007.58935546875, 1007.5888671875, 1007.5857543945312, 1007.5789794921875, 1007.5780639648438, 1007.6163940429688, 1007.6217041015625, 1007.6146240234375, 1007.5939331054688, 1007.589111328125, 1007.5841674804688, 1007.582763671875, 1007.5953979492188, 1007.6046142578125, 1007.6077270507812, 1007.58056640625, 1007.564697265625, 1007.5773315429688, 1007.59423828125, 1007.5797119140625, 1007.5851440429688, 1007.5772705078125, 1007.56396484375, 1007.5693359375, 1007.5565795898438, 1007.5603637695312, 1007.562744140625, 1007.5671997070312, 1007.583740234375, 1007.561279296875, 1007.5580444335938, 1007.5523681640625, 1007.5590209960938]}