{"mean": [8044.6142578125, 7597.483072916667, 7551.3125, 7493.148763020833, 7457.484049479167, 7362.888997395833, 7542.485026041667, 7733.50634765625, 7702.878255208333, 7563.771158854167, 7282.855794270833, 7288.192545572917, 7304.075520833333, 7320.0634765625, 7342.3388671875, 7468.257161458333, 7512.565592447917, 7519.954752604167, 7488.70263671875, 7442.598470052083, 7383.130208333333, 7329.128743489583, 7277.103515625, 7250.048177083333, 7236.677571614583, 7212.155924479167, 7149.992024739583, 7146.838704427083, 7132.492838541667, 7077.7841796875, 7036.746419270833, 7035.821126302083, 7067.190755208333, 7051.28076171875, 7022.17578125, 7024.79736328125, 7060.119140625, 7056.98876953125, 7058.0419921875, 7062.972493489583, 7052.6142578125, 7038.97314453125, 7027.326497395833, 7011.255533854167, 7012.743001302083, 7029.409830729167, 7042.014485677083, 7031.945475260417, 7045.252115885417, 7059.64794921875, 7071.341471354167, 7070.326497395833, 7061.552083333333, 7059.967610677083, 7067.0400390625, 7053.261393229167, 7054.824055989583, 7060.878743489583, 7081.175618489583, 7063.86767578125, 7068.532063802083, 7072.447591145833, 7069.542805989583, 7069.46630859375, 7049.292317708333, 7040.935709635417, 7034.547200520833, 7042.271809895833, 7028.421549479167, 7020.133626302083, 7013.222819010417, 7008.81591796875, 7024.247721354167, 7034.432942708333, 6997.052571614583, 7007.419759114583, 7046.37109375, 7042.686848958333, 7003.314290364583, 6884.978678385417, 7052.26318359375, 6986.237467447917, 7023.334147135417, 7017.853352864583, 7058.593587239583, 7072.829752604167, 7037.640950520833, 7046.878580729167, 7063.8466796875, 7048.641438802083, 7027.7431640625, 7049.314615885417, 7066.349934895833, 7054.478841145833, 7038.622233072917, 7046.292643229167, 7062.076171875, 7059.171875, 7043.674479166667, 7037.6962890625], "upper": [8919.8330078125, 7698.88037109375, 7698.9755859375, 7624.78271484375, 7592.58154296875, 7448.83154296875, 7983.12060546875, 8577.51953125, 8577.5703125, 8240.626953125, 7474.9990234375, 7551.6611328125, 7605.59619140625, 7699.58203125, 7807.3349609375, 8062.65478515625, 8148.45263671875, 8222.7060546875, 8233.5458984375, 8194.669921875, 8084.966796875, 7961.435546875, 7830.9677734375, 7770.58251953125, 7706.99755859375, 7640.0927734375, 7490.0419921875, 7466.9970703125, 7429.0224609375, 7317.63818359375, 7295.595703125, 7344.77587890625, 7443.20556640625, 7414.90869140625, 7362.3798828125, 7359.4033203125, 7420.5390625, 7391.10693359375, 7330.77685546875, 7303.40576171875, 7316.5546875, 7361.45947265625, 7352.44140625, 7279.00927734375, 7279.23828125, 7340.23291015625, 7366.18603515625, 7297.75927734375, 7285.3701171875, 7312.982421875, 7367.48828125, 7335.115234375, 7329.71435546875, 7327.8193359375, 7370.87255859375, 7334.109375, 7310.62060546875, 7315.84521484375, 7387.685546875, 7350.28759765625, 7327.1103515625, 7337.01123046875, 7367.16796875, 7366.267578125, 7312.0625, 7286.06787109375, 7284.19189453125, 7323.64501953125, 7264.09765625, 7210.47509765625, 7179.5625, 7160.42431640625, 7205.33935546875, 7243.73486328125, 7135.62158203125, 7142.361328125, 7242.83349609375, 7261.87060546875, 7181.041015625, 6978.466796875, 7289.87939453125, 7045.447265625, 7185.67333984375, 7165.16455078125, 7282.9462890625, 7287.27490234375, 7205.255859375, 7218.15625, 7305.1201171875, 7258.44091796875, 7198.02880859375, 7228.81640625, 7292.07373046875, 7231.30810546875, 7198.818359375, 7223.7099609375, 7268.35302734375, 7267.8359375, 7220.935546875, 7208.52587890625], "lower": [7369.20361328125, 7397.7626953125, 7312.57470703125, 7257.34765625, 7269.9375, 7272.72314453125, 7228.65966796875, 7190.75244140625, 7116.1376953125, 7114.77685546875, 7110.36328125, 7085.19580078125, 7073.916015625, 7080.24658203125, 7041.59521484375, 7041.17822265625, 7075.669921875, 7092.74853515625, 7084.44580078125, 7065.34716796875, 7029.3720703125, 7005.87255859375, 6970.703125, 6914.169921875, 6906.3837890625, 6888.94921875, 6867.03564453125, 6917.43603515625, 6935.1630859375, 6930.5380859375, 6900.4384765625, 6873.15185546875, 6825.6396484375, 6786.51953125, 6726.61767578125, 6721.3125, 6721.859375, 6729.18603515625, 6745.689453125, 6779.32421875, 6794.61474609375, 6791.107421875, 6793.00244140625, 6817.63037109375, 6839.01025390625, 6819.57177734375, 6837.263671875, 6849.337890625, 6860.39990234375, 6857.4091796875, 6840.568359375, 6873.53466796875, 6870.734375, 6887.89990234375, 6873.04052734375, 6873.6875, 6896.40771484375, 6901.2470703125, 6896.265625, 6873.1171875, 6903.9462890625, 6908.29345703125, 6870.439453125, 6878.615234375, 6882.19677734375, 6880.4287109375, 6870.1884765625, 6850.73583984375, 6859.54248046875, 6874.88232421875, 6876.50634765625, 6877.23828125, 6868.47607421875, 6854.07177734375, 6837.97900390625, 6861.962890625, 6880.689453125, 6877.41015625, 6860.00341796875, 6799.4755859375, 6873.32958984375, 6901.67041015625, 6881.52392578125, 6885.34130859375, 6885.337890625, 6912.845703125, 6884.1806640625, 6887.20654296875, 6872.068359375, 6878.33935546875, 6879.85498046875, 6904.9345703125, 6900.20361328125, 6922.19189453125, 6909.0712890625, 6918.6103515625, 6926.8994140625, 6913.3017578125, 6908.18359375, 6899.56787109375]}