{"mean": [26711.228515625, 25514.533203125, 25277.106770833332, 24850.970703125, 24730.383463541668, 24841.891927083332, 25237.467447916668, 25668.354166666668, 25605.171875, 25082.725260416668, 24389.915364583332, 24088.750651041668, 24083.01953125, 23958.537109375, 23943.046223958332, 24142.366536458332, 24258.565755208332, 24134.743489583332, 23968.45703125, 23940.727864583332, 23836.982421875, 23678.735026041668, 23521.020833333332, 23317.188802083332, 23245.324869791668, 23003.68359375, 22912.96484375, 22802.338541666668, 22796.756510416668, 22605.507161458332, 22444.35546875, 22367.363932291668, 22389.98828125, 22270.13671875, 22246.550130208332, 22172.455078125, 22160.438802083332, 22170.48828125, 22227.729817708332, 22188.645833333332, 22010.505208333332, 22069.697916666668, 22056.798828125, 22064.262369791668, 22051.546223958332, 22017.202473958332, 22020.897135416668, 21965.018880208332, 22022.591145833332, 21958.255859375, 22047.522135416668, 21965.757161458332, 22031.556640625, 21975.042317708332, 22040.236979166668, 21937.460286458332, 21976.029296875, 21901.438151041668, 21971.469401041668, 21901.857421875, 21916.54296875, 21874.87890625, 21931.492838541668, 21902.347005208332, 21851.052734375, 21873.046223958332, 21834.113932291668, 21850.544921875, 21819.173177083332, 21806.733072916668, 21792.100260416668, 21800.162760416668, 21775.067057291668, 21785.783854166668, 21747.958333333332, 21723.810546875, 21689.555989583332, 21708.317708333332, 21698.591145833332, 21530.908854166668, 21720.854817708332, 21598.251953125, 21721.818359375, 21718.472005208332, 21665.0546875, 21689.053385416668, 21685.393880208332, 21683.053385416668, 21697.185546875, 21700.650390625, 21707.047526041668, 21693.477864583332, 21714.086588541668, 21736.238932291668, 21698.412109375, 21709.6171875, 21741.111979166668, 21691.622395833332, 21703.488932291668, 21686.258463541668], "upper": [27991.125, 27688.53125, 27481.16796875, 27259.109375, 27063.43359375, 26945.697265625, 26796.439453125, 26644.892578125, 26456.591796875, 26194.541015625, 25883.71875, 25436.52734375, 25171.96875, 24813.498046875, 24329.72265625, 24482.9140625, 24539.25390625, 24600.666015625, 24644.751953125, 24594.22265625, 24406.546875, 24043.35546875, 23794.60546875, 23424.798828125, 23460.08203125, 23422.5, 23331.84375, 23246.814453125, 23151.412109375, 23081.509765625, 22970.8359375, 22822.8828125, 22713.126953125, 22635.345703125, 22533.02734375, 22517.900390625, 22523.029296875, 22488.21484375, 22721.564453125, 22584.564453125, 22244.91796875, 22411.857421875, 22441.37109375, 22464.712890625, 22471.796875, 22443.86328125, 22393.25390625, 22373.83984375, 22360.099609375, 22366.064453125, 22370.998046875, 22366.34375, 22352.62890625, 22339.6484375, 22328.673828125, 22311.900390625, 22281.640625, 22245.041015625, 22210.228515625, 22181.650390625, 22156.580078125, 22131.740234375, 22113.484375, 22097.26953125, 22084.26953125, 22070.228515625, 22056.435546875, 22041.478515625, 22026.85546875, 22011.984375, 21993.423828125, 22003.447265625, 21947.84765625, 21998.4296875, 22040.88671875, 21970.474609375, 21930.6328125, 21946.529296875, 21891.5390625, 21899.263671875, 21885.318359375, 21897.408203125, 21890.513671875, 21899.88671875, 21893.166015625, 21885.138671875, 21890.7421875, 21904.1328125, 21874.037109375, 21989.24609375, 21917.478515625, 21943.97265625, 21927.79296875, 22073.203125, 21928.236328125, 21981.3359375, 22074.8203125, 21941.595703125, 21986.009765625, 21925.005859375], "lower": [24795.146484375, 23508.552734375, 23392.853515625, 22881.751953125, 22419.123046875, 22768.830078125, 24326.04296875, 24246.966796875, 24277.666015625, 24315.318359375, 22988.4921875, 22591.23828125, 22951.736328125, 23035.68359375, 23599.33203125, 23742.728515625, 23711.73046875, 23664.9609375, 23545.494140625, 23397.0390625, 23303.232421875, 23258.25, 23180.15625, 23218.29296875, 22954.150390625, 22679.76171875, 22402.623046875, 22040.4453125, 22095.5703125, 21737.1796875, 21535.91796875, 21575.37890625, 21904.404296875, 21737.966796875, 21748.3984375, 21656.95703125, 21736.775390625, 21768.21484375, 21587.65234375, 21703.287109375, 21595.34375, 21713.740234375, 21634.478515625, 21632.98046875, 21633.501953125, 21578.26171875, 21629.705078125, 21575.765625, 21619.017578125, 21583.326171875, 21644.8359375, 21598.7421875, 21621.548828125, 21593.806640625, 21640.712890625, 21575.8828125, 21615.26171875, 21509.060546875, 21642.046875, 21584.337890625, 21651.939453125, 21612.51953125, 21690.87109375, 21675.33203125, 21598.576171875, 21619.498046875, 21564.326171875, 21565.38671875, 21499.599609375, 21496.17578125, 21473.625, 21430.125, 21439.654296875, 21460.58203125, 21333.90625, 21329.251953125, 21269.2265625, 21318.607421875, 21320.5, 20802.158203125, 21417.83203125, 21031.068359375, 21429.193359375, 21359.890625, 21248.73046875, 21298.626953125, 21315.39453125, 21241.408203125, 21385.224609375, 21229.951171875, 21322.43359375, 21274.58984375, 21358.083984375, 21286.90625, 21332.072265625, 21315.28125, 21314.251953125, 21313.720703125, 21306.322265625, 21316.564453125]}