{"mean": [8023.182779947917, 7558.474934895833, 7486.79248046875, 7397.712076822917, 7426.474609375, 7406.775065104167, 7552.664876302083, 7749.777018229167, 7713.665201822917, 7567.3154296875, 7304.72509765625, 7268.863444010417, 7240.380208333333, 7184.548502604167, 7222.487467447917, 7327.536458333333, 7373.304036458333, 7358.97509765625, 7325.923502604167, 7283.451171875, 7231.869303385417, 7173.348958333333, 7112.31298828125, 7072.549153645833, 7031.614095052083, 6989.677734375, 6938.617024739583, 6907.332194010417, 6873.847493489583, 6850.0537109375, 6845.5615234375, 6876.04052734375, 6891.314290364583, 6874.48583984375, 6840.301432291667, 6840.83447265625, 6863.91943359375, 6867.024739583333, 6862.951009114583, 6848.18798828125, 6837.680338541667, 6833.426106770833, 6826.31201171875, 6808.865559895833, 6807.53125, 6822.4794921875, 6834.785481770833, 6829.8486328125, 6833.133138020833, 6844.174479166667, 6868.06591796875, 6859.33251953125, 6849.171712239583, 6850.292154947917, 6869.8291015625, 6859.677734375, 6841.217447916667, 6845.11083984375, 6867.13720703125, 6858.547200520833, 6840.6142578125, 6843.317220052083, 6857.4306640625, 6849.545247395833, 6831.832356770833, 6824.00244140625, 6827.012532552083, 6830.94140625, 6824.11376953125, 6812.50439453125, 6809.8564453125, 6811.227864583333, 6818.538736979167, 6825.417805989583, 6813.584635416667, 6811.17626953125, 6824.914225260417, 6827.353190104167, 6808.736490885417, 6735.700520833333, 6841.041178385417, 6782.787109375, 6817.809244791667, 6813.708170572917, 6833.29833984375, 6840.406087239583, 6827.56005859375, 6835.62744140625, 6845.357584635417, 6837.568684895833, 6829.873209635417, 6834.674967447917, 6852.769205729167, 6852.34033203125, 6836.495279947917, 6830.071126302083, 6845.374348958333, 6840.920572916667, 6826.058430989583, 6825.739095052083], "upper": [8771.4794921875, 7856.3427734375, 7802.134765625, 7756.7978515625, 7710.72216796875, 7664.626953125, 7720.9658203125, 8410.5625, 8403.2607421875, 8018.56787109375, 7444.39892578125, 7368.43896484375, 7324.705078125, 7248.27734375, 7331.78076171875, 7573.7490234375, 7671.45947265625, 7740.06640625, 7754.35205078125, 7722.30810546875, 7634.67626953125, 7520.79833984375, 7399.208984375, 7296.5, 7197.69189453125, 7117.0380859375, 7003.85498046875, 6953.015625, 6926.73388671875, 6890.30322265625, 6863.65185546875, 6978.97021484375, 7048.42724609375, 7020.484375, 6946.80859375, 6948.72509765625, 6992.13330078125, 7001.2783203125, 7051.8447265625, 7027.6689453125, 6961.92724609375, 6946.70263671875, 6931.15625, 6892.81005859375, 6894.98828125, 6933.92626953125, 6953.77392578125, 6930.69921875, 6919.90576171875, 6939.154296875, 6970.666015625, 6959.20361328125, 6939.56103515625, 6948.90869140625, 6974.08203125, 6958.21435546875, 6917.74365234375, 6923.6435546875, 6957.4873046875, 6930.51123046875, 6900.4111328125, 6911.61572265625, 6937.31689453125, 6929.32275390625, 6894.75634765625, 6886.0498046875, 6887.37353515625, 6890.65087890625, 6895.3544921875, 6902.3408203125, 6908.6494140625, 6916.34521484375, 6923.798828125, 6930.23583984375, 6938.54248046875, 6943.92431640625, 6939.93212890625, 6927.154296875, 6917.0361328125, 6918.99609375, 6928.77587890625, 6936.9443359375, 6936.619140625, 6932.52490234375, 6940.2783203125, 6955.2734375, 6966.408203125, 6973.75439453125, 6964.9189453125, 6951.162109375, 6946.33056640625, 6952.3447265625, 6955.2216796875, 6952.109375, 6942.0390625, 6927.025390625, 6918.80029296875, 6919.15966796875, 6922.87841796875, 6920.408203125], "lower": [7333.77001953125, 7390.3037109375, 7297.0673828125, 7184.8994140625, 7235.58154296875, 7202.21533203125, 7307.509765625, 7239.6943359375, 7181.8720703125, 7185.01513671875, 7179.638671875, 7167.638671875, 7149.5478515625, 7133.58251953125, 7115.80029296875, 7102.23974609375, 7133.6787109375, 7122.16552734375, 7094.60791015625, 7062.47509765625, 7027.919921875, 6988.3154296875, 6946.88232421875, 6907.134765625, 6882.291015625, 6851.70849609375, 6833.376953125, 6839.59619140625, 6840.880859375, 6818.76220703125, 6833.31640625, 6809.2109375, 6771.1337890625, 6727.1923828125, 6675.3837890625, 6645.91748046875, 6619.982421875, 6614.03662109375, 6612.15380859375, 6620.3291015625, 6633.3369140625, 6647.3984375, 6668.86767578125, 6668.11279296875, 6668.4501953125, 6673.9990234375, 6687.6337890625, 6688.3134765625, 6696.9130859375, 6700.5, 6736.92041015625, 6724.0888671875, 6718.080078125, 6718.75341796875, 6756.9794921875, 6743.88134765625, 6727.7470703125, 6730.57763671875, 6758.0576171875, 6754.5400390625, 6728.9169921875, 6726.77880859375, 6745.1103515625, 6731.798828125, 6714.5859375, 6712.32421875, 6709.8408203125, 6711.6328125, 6707.6455078125, 6706.37060546875, 6707.373046875, 6708.24462890625, 6703.8916015625, 6705.10888671875, 6711.83935546875, 6708.17822265625, 6709.47607421875, 6713.1025390625, 6715.96044921875, 6565.58447265625, 6722.27587890625, 6688.62939453125, 6727.07373046875, 6737.15234375, 6733.0712890625, 6727.80908203125, 6729.41552734375, 6734.8828125, 6723.7802734375, 6753.2041015625, 6756.52392578125, 6754.43408203125, 6771.65283203125, 6801.90966796875, 6780.8974609375, 6771.91064453125, 6804.9716796875, 6792.1162109375, 6764.345703125, 6771.68505859375]}