{"mean": [2812.8951822916665, 2803.1485188802085, 2796.407470703125, 2787.259521484375, 2777.9725748697915, 2767.04248046875, 2757.7681477864585, 2747.9664713541665, 2743.9638671875, 2747.1555989583335, 2755.1863606770835, 2765.75830078125, 2776.4773763020835, 2785.0829264322915, 2792.890625, 2800.699951171875, 2808.764892578125, 2817.6217447916665, 2826.7827962239585, 2835.6818033854165, 2843.8724772135415, 2850.8799641927085, 2857.75048828125, 2863.944091796875, 2868.5260416666665, 2872.1472981770835, 2873.011962890625, 2872.1859537760415, 2869.6510416666665, 2867.1370442708335, 2864.6512858072915, 2861.2766927083335, 2857.8799641927085, 2854.852294921875, 2852.3030598958335, 2850.3074544270835, 2849.4768880208335, 2850.32177734375, 2852.120849609375, 2854.0184733072915, 2862.848388671875, 2870.570068359375, 2877.40283203125, 2882.384765625, 2885.7662760416665, 2887.7237141927085, 2888.530517578125, 2888.253662109375, 2886.9886881510415, 2884.725830078125, 2882.0771484375, 2878.9630533854165, 2878.0388997395835, 2879.468505859375, 2880.4404296875, 2881.1299641927085, 2881.8374837239585, 2882.6797688802085, 2883.7347819010415, 2884.429931640625, 2884.3272298177085, 2883.8169759114585, 2883.0326334635415, 2882.1332194010415, 2881.2191569010415, 2880.7149251302085, 2880.926513671875, 2881.7860514322915, 2883.142333984375, 2884.5126953125, 2885.8509114583335, 2886.7818196614585, 2887.2447102864585, 2887.20751953125, 2886.628662109375, 2886.0930989583335, 2886.6827799479165, 2888.2750651041665, 2889.8175455729165, 2890.4766438802085, 2890.1161295572915, 2888.7820638020835, 2886.911376953125, 2885.6608072916665, 2885.4404296875, 2886.139404296875, 2886.8846842447915, 2887.16845703125, 2887.0596516927085, 2886.7915852864585, 2886.83544921875, 2887.1805826822915, 2887.477294921875, 2887.2180989583335, 2886.7611490885415, 2886.4700520833335, 2886.5367024739585, 2887.0067545572915, 2887.5394694010415, 2887.7726236979165], "upper": [2957.721923828125, 2953.414306640625, 2942.67431640625, 2923.41259765625, 2898.96826171875, 2866.940185546875, 2826.641357421875, 2796.402587890625, 2780.283203125, 2778.02490234375, 2786.123291015625, 2801.40771484375, 2820.27734375, 2838.42919921875, 2855.2197265625, 2869.794189453125, 2879.52001953125, 2886.390869140625, 2890.374267578125, 2892.24462890625, 2893.78662109375, 2893.0283203125, 2892.338623046875, 2890.92626953125, 2885.764404296875, 2879.2421875, 2874.484375, 2879.78955078125, 2883.396728515625, 2884.41259765625, 2883.006103515625, 2878.905029296875, 2873.13671875, 2866.290283203125, 2864.046142578125, 2864.25, 2864.369140625, 2864.738037109375, 2865.421630859375, 2866.171875, 2867.1298828125, 2881.199951171875, 2894.196044921875, 2902.9609375, 2908.372802734375, 2911.1650390625, 2912.113037109375, 2911.24267578125, 2908.705078125, 2904.523193359375, 2898.83544921875, 2891.156494140625, 2889.139892578125, 2892.969482421875, 2894.508056640625, 2894.570556640625, 2892.970703125, 2890.35009765625, 2890.493408203125, 2892.37255859375, 2893.31787109375, 2893.44091796875, 2892.71826171875, 2891.591064453125, 2890.02490234375, 2889.060791015625, 2888.78076171875, 2888.425537109375, 2888.031494140625, 2887.28564453125, 2888.554443359375, 2889.299560546875, 2889.024169921875, 2888.76513671875, 2888.875732421875, 2887.9189453125, 2887.923095703125, 2890.28662109375, 2892.449462890625, 2893.9873046875, 2893.6767578125, 2891.541748046875, 2888.26025390625, 2886.626708984375, 2887.282470703125, 2888.033935546875, 2888.447509765625, 2888.373046875, 2887.997802734375, 2887.532470703125, 2887.35693359375, 2887.5224609375, 2888.006103515625, 2888.52880859375, 2888.466796875, 2888.468505859375, 2888.619140625, 2888.69482421875, 2888.12939453125, 2889.094482421875], "lower": [2587.354736328125, 2576.470703125, 2580.061767578125, 2586.965087890625, 2605.481201171875, 2629.408935546875, 2663.063232421875, 2676.591064453125, 2686.4697265625, 2697.52783203125, 2710.719482421875, 2723.6357421875, 2734.4619140625, 2741.97998046875, 2748.27783203125, 2755.96044921875, 2768.046875, 2782.353759765625, 2787.35693359375, 2793.4716796875, 2801.220458984375, 2810.6162109375, 2821.987060546875, 2834.220947265625, 2847.575439453125, 2861.648193359375, 2871.763427734375, 2865.516845703125, 2857.758056640625, 2851.42138671875, 2846.334716796875, 2840.9326171875, 2836.636962890625, 2834.4384765625, 2834.1201171875, 2834.855224609375, 2836.99267578125, 2840.90087890625, 2844.3828125, 2845.752685546875, 2855.651611328125, 2862.059326171875, 2868.290283203125, 2871.279541015625, 2873.0625, 2874.94677734375, 2876.56201171875, 2874.528564453125, 2871.20361328125, 2866.698974609375, 2862.828857421875, 2859.883544921875, 2858.183349609375, 2858.0126953125, 2859.0, 2860.96240234375, 2864.711181640625, 2869.15625, 2873.564208984375, 2877.7158203125, 2878.75537109375, 2875.008056640625, 2872.89990234375, 2872.140625, 2872.623779296875, 2874.130615234375, 2876.69287109375, 2876.809326171875, 2877.63427734375, 2879.665771484375, 2882.578125, 2885.424560546875, 2885.17578125, 2884.770751953125, 2884.369384765625, 2884.239501953125, 2884.22021484375, 2884.711669921875, 2885.2939453125, 2885.7861328125, 2886.1259765625, 2886.364990234375, 2885.965087890625, 2884.92822265625, 2884.19482421875, 2884.764892578125, 2886.049072265625, 2886.31591796875, 2885.964111328125, 2885.6025390625, 2885.84716796875, 2886.796630859375, 2887.134033203125, 2885.89501953125, 2884.9384765625, 2884.30810546875, 2884.521728515625, 2885.82275390625, 2886.69970703125, 2887.039306640625]}