{"mean": [4967.133463541667, 4950.362955729167, 4937.57568359375, 4929.319661458333, 4924.7705078125, 4922.171549479167, 4918.678873697917, 4915.376627604167, 4910.756022135417, 4904.53125, 4898.089518229167, 4892.180501302083, 4886.827311197917, 4882.634928385417, 4877.470703125, 4870.74658203125, 4863.6064453125, 4856.803548177083, 4850.214518229167, 4844.66357421875, 4840.042643229167, 4836.577473958333, 4833.3681640625, 4830.741536458333, 4828.713053385417, 4827.279459635417, 4826.982584635417, 4827.336588541667, 4828.192545572917, 4829.339029947917, 4830.709309895833, 4832.230631510417, 4833.967610677083, 4835.475423177083, 4836.89501953125, 4838.020345052083, 4838.525716145833, 4838.301432291667, 4837.345865885417, 4835.703776041667, 4831.925455729167, 4828.255859375, 4825.0595703125, 4822.669921875, 4820.920735677083, 4819.809407552083, 4819.254231770833, 4819.22119140625, 4819.651529947917, 4820.5556640625, 4821.730305989583, 4823.0693359375, 4823.56494140625, 4823.231282552083, 4823.00439453125, 4822.894368489583, 4822.742513020833, 4822.53125, 4822.261067708333, 4822.166341145833, 4822.39892578125, 4822.7978515625, 4823.31005859375, 4823.817057291667, 4824.32421875, 4824.685221354167, 4824.747395833333, 4824.46826171875, 4823.9873046875, 4823.4384765625, 4822.869303385417, 4822.52197265625, 4822.35205078125, 4822.39306640625, 4822.70703125, 4822.93994140625, 4822.650065104167, 4822.00537109375, 4821.383626302083, 4821.125325520833, 4821.336588541667, 4822.00146484375, 4822.853190104167, 4823.3984375, 4823.472330729167, 4823.171549479167, 4822.8046875, 4822.640462239583, 4822.643717447917, 4822.716959635417, 4822.693359375, 4822.504069010417, 4822.370768229167, 4822.498209635417, 4822.66748046875, 4822.832682291667, 4822.810709635417, 4822.653483072917, 4822.435709635417, 4822.38232421875], "upper": [5280.97314453125, 5223.0439453125, 5177.08935546875, 5141.76025390625, 5110.8837890625, 5078.40234375, 5043.2109375, 5013.1123046875, 4987.5341796875, 4964.7900390625, 4945.828125, 4930.82373046875, 4919.35205078125, 4911.05712890625, 4900.74365234375, 4887.0869140625, 4882.79931640625, 4878.1669921875, 4872.6630859375, 4867.5107421875, 4861.5673828125, 4855.310546875, 4848.70654296875, 4841.98876953125, 4836.357421875, 4838.1083984375, 4840.279296875, 4842.21533203125, 4844.244140625, 4846.36962890625, 4848.63818359375, 4850.40283203125, 4851.83544921875, 4852.09423828125, 4851.9130859375, 4851.36865234375, 4850.15869140625, 4848.22412109375, 4845.8798828125, 4842.6982421875, 4833.9736328125, 4830.4189453125, 4829.8896484375, 4829.35302734375, 4828.59521484375, 4827.8271484375, 4826.88623046875, 4825.96484375, 4825.46826171875, 4827.74365234375, 4829.859375, 4831.501953125, 4832.3798828125, 4832.54833984375, 4832.10498046875, 4831.076171875, 4829.3271484375, 4827.09619140625, 4824.99267578125, 4823.53955078125, 4825.935546875, 4827.95849609375, 4829.15380859375, 4829.619140625, 4829.41064453125, 4828.669921875, 4827.4736328125, 4825.849609375, 4825.42578125, 4824.89111328125, 4823.8271484375, 4823.4189453125, 4823.62158203125, 4823.80126953125, 4823.9091796875, 4823.98779296875, 4823.9580078125, 4823.68017578125, 4823.39501953125, 4823.15185546875, 4822.99609375, 4822.90771484375, 4823.2880859375, 4823.89599609375, 4824.0126953125, 4823.69775390625, 4823.4521484375, 4823.34521484375, 4823.47314453125, 4823.52197265625, 4823.32177734375, 4822.75146484375, 4822.65087890625, 4823.07373046875, 4823.5556640625, 4823.953125, 4823.8603515625, 4823.33251953125, 4822.8662109375, 4822.7763671875], "lower": [4807.67236328125, 4811.20458984375, 4812.6240234375, 4817.13818359375, 4825.82568359375, 4839.13623046875, 4852.3173828125, 4863.013671875, 4868.89892578125, 4869.80322265625, 4866.9794921875, 4861.75634765625, 4855.02197265625, 4848.81201171875, 4843.24609375, 4838.6435546875, 4835.416015625, 4833.59765625, 4832.724609375, 4832.9228515625, 4825.4267578125, 4820.24267578125, 4817.080078125, 4815.197265625, 4814.55908203125, 4814.7890625, 4816.4228515625, 4818.67138671875, 4819.39208984375, 4818.86767578125, 4819.18798828125, 4820.57177734375, 4823.04052734375, 4826.2607421875, 4829.05419921875, 4829.8623046875, 4830.43212890625, 4830.853515625, 4830.9189453125, 4830.86962890625, 4830.779296875, 4826.09423828125, 4819.75341796875, 4815.14794921875, 4811.8154296875, 4809.640625, 4808.4365234375, 4808.00439453125, 4808.46630859375, 4809.77978515625, 4811.94921875, 4814.927734375, 4816.05517578125, 4815.16943359375, 4815.11767578125, 4815.8388671875, 4817.21142578125, 4819.11328125, 4820.61279296875, 4819.92138671875, 4819.57373046875, 4819.57470703125, 4819.982421875, 4820.5146484375, 4821.2451171875, 4821.73046875, 4821.96923828125, 4822.16162109375, 4822.42236328125, 4822.6962890625, 4821.703125, 4821.1884765625, 4821.1474609375, 4821.4189453125, 4822.0224609375, 4822.17431640625, 4821.396484375, 4820.513671875, 4820.0458984375, 4819.97265625, 4820.03271484375, 4820.9873046875, 4822.4140625, 4822.76708984375, 4822.49951171875, 4822.2451171875, 4822.0888671875, 4822.17431640625, 4822.09130859375, 4822.06982421875, 4822.08349609375, 4822.06298828125, 4822.09130859375, 4821.7529296875, 4821.6748046875, 4821.66796875, 4821.61962890625, 4821.66845703125, 4821.9951171875, 4821.86181640625]}