{"mean": [1589.6161702473958, 1579.3541666666667, 1575.6472981770833, 1561.0409342447917, 1546.519775390625, 1533.3476155598958, 1522.7396647135417, 1509.9286702473958, 1502.7507731119792, 1502.7019449869792, 1503.7473551432292, 1505.2836507161458, 1505.3575032552083, 1506.9768880208333, 1500.076904296875, 1487.1645100911458, 1486.4634602864583, 1487.6204427083333, 1483.7611490885417, 1484.9840494791667, 1482.0184326171875, 1479.4556477864583, 1482.7876383463542, 1482.088623046875, 1482.2923177083333, 1480.923583984375, 1474.0506998697917, 1474.7588297526042, 1474.2064208984375, 1474.4919840494792, 1473.897705078125, 1473.7418619791667, 1473.5254720052083, 1472.9206949869792, 1469.3318684895833, 1470.6566162109375, 1469.86767578125, 1469.0833333333333, 1469.8839111328125, 1469.6123860677083, 1469.728515625, 1465.7961018880208, 1465.2361653645833, 1462.5725911458333, 1460.0052083333333, 1460.1808675130208, 1458.4934895833333, 1459.1954345703125, 1448.2472737630208, 1447.8457845052083, 1448.8236083984375, 1451.1384684244792, 1451.9603271484375, 1449.7081298828125, 1444.7360026041667, 1451.96826171875, 1455.6205647786458, 1455.1826985677083, 1449.5799560546875, 1444.9605712890625, 1444.8654378255208, 1448.2143147786458, 1449.788330078125, 1450.5826416015625, 1452.0316569010417, 1450.5074462890625, 1446.9144287109375, 1444.7092692057292, 1441.8463948567708, 1441.3210856119792, 1443.470703125, 1444.034423828125, 1445.2751057942708, 1445.2467854817708, 1445.5868326822917, 1444.9065755208333, 1444.333984375, 1441.5605875651042, 1443.1979573567708, 1444.6915690104167, 1444.3328043619792, 1444.510986328125, 1444.541259765625, 1444.281494140625, 1444.6245930989583, 1443.6050618489583, 1444.4676106770833, 1440.4020182291667, 1443.0404866536458, 1443.02099609375, 1442.6134033203125, 1442.43798828125, 1443.39794921875, 1443.7490641276042, 1443.4246012369792, 1442.0262044270833, 1441.5264078776042, 1443.3782958984375, 1443.5834554036458, 1444.51220703125], "upper": [1647.47021484375, 1633.766845703125, 1631.9349365234375, 1613.0380859375, 1600.259033203125, 1583.8079833984375, 1566.0338134765625, 1540.5103759765625, 1530.8857421875, 1533.3260498046875, 1536.690185546875, 1536.2109375, 1539.985107421875, 1535.7607421875, 1531.0308837890625, 1510.39599609375, 1512.07373046875, 1509.9957275390625, 1508.9521484375, 1499.5172119140625, 1507.417724609375, 1505.38037109375, 1505.7535400390625, 1502.34423828125, 1503.73779296875, 1498.765380859375, 1494.2977294921875, 1494.421142578125, 1493.18798828125, 1494.1966552734375, 1493.845458984375, 1494.8104248046875, 1498.00048828125, 1497.8284912109375, 1496.6220703125, 1498.745849609375, 1498.514404296875, 1493.6414794921875, 1493.2178955078125, 1494.2177734375, 1492.80224609375, 1491.110107421875, 1491.1033935546875, 1491.668701171875, 1489.697509765625, 1489.235107421875, 1488.2264404296875, 1504.82666015625, 1500.0416259765625, 1498.21484375, 1498.5478515625, 1497.6517333984375, 1495.0167236328125, 1494.83642578125, 1494.62353515625, 1494.038818359375, 1493.848388671875, 1493.567626953125, 1493.2738037109375, 1495.041259765625, 1494.6961669921875, 1496.802734375, 1495.8089599609375, 1496.600830078125, 1494.116943359375, 1489.4180908203125, 1485.32275390625, 1480.4808349609375, 1478.480712890625, 1477.1334228515625, 1475.9105224609375, 1476.359619140625, 1480.3623046875, 1480.1446533203125, 1479.8197021484375, 1479.7369384765625, 1479.0350341796875, 1478.820068359375, 1478.5703125, 1478.5191650390625, 1478.650634765625, 1477.7298583984375, 1478.1597900390625, 1477.73974609375, 1477.5086669921875, 1477.283447265625, 1478.23046875, 1476.2884521484375, 1476.072509765625, 1475.260986328125, 1473.374267578125, 1473.767578125, 1473.8643798828125, 1474.880615234375, 1476.2113037109375, 1475.56689453125, 1474.6820068359375, 1475.2579345703125, 1476.193603515625, 1476.6072998046875], "lower": [1474.05615234375, 1472.208984375, 1469.6864013671875, 1466.2373046875, 1463.7713623046875, 1463.211669921875, 1461.403076171875, 1458.5970458984375, 1453.8233642578125, 1456.3236083984375, 1455.41357421875, 1457.3077392578125, 1458.789794921875, 1459.907470703125, 1455.4725341796875, 1456.7020263671875, 1456.44970703125, 1457.34521484375, 1458.623046875, 1457.09130859375, 1454.3743896484375, 1455.495361328125, 1452.4951171875, 1453.2149658203125, 1454.031982421875, 1453.5062255859375, 1450.8472900390625, 1451.9346923828125, 1451.3521728515625, 1451.8975830078125, 1452.62451171875, 1450.646728515625, 1447.3011474609375, 1447.986328125, 1444.848876953125, 1447.7996826171875, 1447.4705810546875, 1444.2686767578125, 1444.729248046875, 1445.8052978515625, 1445.9866943359375, 1442.0966796875, 1442.288330078125, 1439.276611328125, 1435.408203125, 1433.8201904296875, 1433.3770751953125, 1434.0469970703125, 1413.2664794921875, 1413.237060546875, 1419.239990234375, 1427.752685546875, 1426.1348876953125, 1426.4681396484375, 1412.81103515625, 1427.08740234375, 1427.28662109375, 1427.4630126953125, 1427.04296875, 1412.6668701171875, 1412.6104736328125, 1420.450439453125, 1426.1053466796875, 1427.4949951171875, 1427.538330078125, 1427.5330810546875, 1427.5291748046875, 1426.13427734375, 1419.5609130859375, 1419.37548828125, 1427.088134765625, 1427.3597412109375, 1427.30224609375, 1427.4527587890625, 1427.3900146484375, 1427.083740234375, 1426.735595703125, 1418.715087890625, 1423.942138671875, 1427.3177490234375, 1427.1285400390625, 1427.142578125, 1427.020751953125, 1426.921142578125, 1426.7476806640625, 1426.6376953125, 1426.5078125, 1418.502685546875, 1426.3551025390625, 1426.1767578125, 1426.2440185546875, 1426.20654296875, 1426.189453125, 1426.1715087890625, 1426.1708984375, 1423.9295654296875, 1423.748779296875, 1426.125244140625, 1426.1263427734375, 1426.0970458984375]}