{"mean": [922.7252807617188, 921.7784220377604, 920.8418782552084, 920.0618693033854, 919.3778483072916, 918.763671875, 918.1893717447916, 917.7649129231771, 917.3580118815104, 916.8656412760416, 916.3180948893229, 915.6792195638021, 914.9007975260416, 913.4369506835938, 911.9429117838541, 910.7251993815104, 909.2649739583334, 907.1288655598959, 903.4104207356771, 898.2302856445312, 894.2413126627604, 891.8241373697916, 891.0303751627604, 890.81005859375, 890.7426147460938, 890.6275838216146, 891.2304077148438, 891.6741739908854, 891.8772583007812, 891.8576863606771, 891.5566813151041, 891.0947265625, 890.6618245442709, 890.1551106770834, 889.4490152994791, 888.7702840169271, 888.10302734375, 887.4811808268229, 887.019775390625, 886.4955851236979, 886.1606038411459, 885.9269409179688, 885.5528157552084, 885.0978190104166, 884.5739135742188, 883.9167683919271, 883.2354736328125, 882.0335083007812, 881.4699503580729, 881.3494669596354, 881.2335815429688, 881.1299438476562, 881.1932779947916, 880.9497884114584, 880.8404947916666, 880.9155476888021, 881.0521240234375, 881.0162150065104, 880.6239420572916, 880.4810384114584, 880.4206339518229, 880.3599243164062, 880.3049112955729, 880.3471883138021, 880.3951212565104, 880.4011840820312, 880.3903401692709, 880.4117635091146, 880.4944254557291, 880.5536295572916, 880.5893961588541, 880.6435953776041, 880.6935831705729, 880.7002360026041, 880.6901652018229, 880.6503092447916, 880.6471354166666, 880.631591796875, 880.6235758463541, 880.6060587565104, 880.6034749348959, 880.6146036783854, 880.5782674153646, 880.494384765625, 880.469970703125, 880.3959757486979, 880.3204752604166, 880.277587890625, 880.2345987955729, 880.2063802083334, 880.1751505533854, 880.1254272460938, 880.1134440104166, 880.028076171875, 879.9067179361979, 879.826416015625, 879.7581990559896, 879.6979370117188, 879.6737670898438, 879.6422932942709], "upper": [939.7005615234375, 938.9808349609375, 938.3572387695312, 937.8528442382812, 937.4844360351562, 937.2156982421875, 937.1622314453125, 937.28173828125, 937.5220336914062, 937.5814208984375, 937.4345703125, 936.91259765625, 936.20849609375, 934.475830078125, 932.3892211914062, 930.5860595703125, 928.5592041015625, 924.112060546875, 918.2738647460938, 913.1610717773438, 903.742919921875, 903.676025390625, 903.4832763671875, 903.2806396484375, 903.65234375, 903.7877197265625, 904.6785888671875, 905.5714111328125, 905.7889404296875, 905.294677734375, 904.2510986328125, 903.2037353515625, 902.5778198242188, 902.37060546875, 901.6659545898438, 901.319091796875, 901.1257934570312, 901.181884765625, 901.3928833007812, 901.2041015625, 901.1399536132812, 901.0819091796875, 900.8229370117188, 900.448486328125, 900.0963134765625, 899.8204345703125, 899.3320922851562, 898.12060546875, 897.81396484375, 897.5198974609375, 897.2517700195312, 896.9824829101562, 896.7337646484375, 896.4810791015625, 896.2394409179688, 896.0116577148438, 895.7957763671875, 895.5892944335938, 895.3950805664062, 895.2001342773438, 895.0145263671875, 894.8381958007812, 894.6514282226562, 894.5127563476562, 894.479736328125, 894.5284423828125, 894.684814453125, 894.9844360351562, 895.26953125, 895.4501953125, 895.514404296875, 895.5407104492188, 895.579833984375, 895.6102294921875, 895.6604614257812, 895.6717529296875, 895.6765747070312, 895.6509399414062, 895.6133422851562, 895.5519409179688, 895.4735717773438, 895.3716430664062, 895.26123046875, 895.12158203125, 894.978515625, 894.8280029296875, 894.6937255859375, 894.5574951171875, 894.4228515625, 894.2559814453125, 894.1129150390625, 893.9586791992188, 893.798583984375, 893.5982666015625, 893.3992919921875, 893.197998046875, 893.0150146484375, 892.8118286132812, 892.6495971679688, 892.5007934570312], "lower": [893.3029174804688, 892.3232421875, 891.3140258789062, 890.3463745117188, 889.375732421875, 888.3837890625, 887.3348388671875, 886.2495727539062, 885.1387329101562, 883.853271484375, 882.48876953125, 881.0614013671875, 879.8966674804688, 878.4403076171875, 878.0064697265625, 877.76025390625, 877.50732421875, 877.2919921875, 877.055419921875, 876.8214111328125, 876.5853881835938, 876.3675537109375, 876.1688842773438, 875.9940185546875, 875.8150024414062, 875.6488647460938, 875.49365234375, 875.3613891601562, 875.2391357421875, 875.0869750976562, 874.9002075195312, 874.7723388671875, 874.8512573242188, 874.7608642578125, 874.6498413085938, 874.5662231445312, 874.4705810546875, 874.36572265625, 874.2714233398438, 874.16845703125, 874.0978393554688, 874.0127563476562, 873.9491577148438, 873.8583984375, 873.7546997070312, 873.6729125976562, 873.6016235351562, 873.5355834960938, 873.1109619140625, 873.1025390625, 873.0845947265625, 873.1337890625, 873.2466430664062, 873.1360473632812, 873.0830078125, 873.2138671875, 873.1932373046875, 873.1917114257812, 873.166748046875, 873.0802612304688, 873.081787109375, 873.0775756835938, 873.0995483398438, 873.164306640625, 873.1589965820312, 873.1436767578125, 873.1494750976562, 873.0965576171875, 873.0638427734375, 873.0542602539062, 873.0946044921875, 873.1670532226562, 873.16796875, 873.163818359375, 873.1607666015625, 873.1107177734375, 873.0764770507812, 873.0625, 873.0603637695312, 873.081298828125, 873.14208984375, 873.2017822265625, 873.201171875, 873.150634765625, 873.2105712890625, 873.1431274414062, 873.0457763671875, 873.0345458984375, 873.0473022460938, 873.0784301757812, 873.1594848632812, 873.1695556640625, 873.2579345703125, 873.223876953125, 873.0610961914062, 873.0193481445312, 873.0071411132812, 873.03369140625, 873.1099853515625, 873.1588134765625]}