{"mean": [891.1536661783854, 890.6187133789062, 890.1181640625, 889.7487182617188, 889.4965209960938, 889.3026936848959, 889.181884765625, 889.154296875, 889.186767578125, 889.2537841796875, 889.2144571940104, 889.0229899088541, 888.7764485677084, 887.9034830729166, 886.7389526367188, 885.6864624023438, 884.5463256835938, 882.9884847005209, 879.6506958007812, 874.6542561848959, 870.9288533528646, 868.5074869791666, 867.8049519856771, 867.6318766276041, 867.4168497721354, 867.4759114583334, 867.9483235677084, 868.4362589518229, 868.6424560546875, 868.6143595377604, 868.2804361979166, 867.8026529947916, 867.3742879231771, 866.9496256510416, 866.4136962890625, 865.86279296875, 865.2479248046875, 864.5725708007812, 864.0117797851562, 863.4342651367188, 863.1388549804688, 863.0252685546875, 862.7658284505209, 862.39501953125, 861.9476928710938, 861.40478515625, 860.7772216796875, 859.6868896484375, 859.1716918945312, 859.0585734049479, 858.9644978841146, 858.9145304361979, 859.0073445638021, 858.7426554361979, 858.5867106119791, 858.7526652018229, 858.9414876302084, 858.9217936197916, 858.4749755859375, 858.2750651041666, 858.2256673177084, 858.1931762695312, 858.2187093098959, 858.3269449869791, 858.4133707682291, 858.3988037109375, 858.3000691731771, 858.2512817382812, 858.2727661132812, 858.3075154622396, 858.3855794270834, 858.4686686197916, 858.5375773111979, 858.5503133138021, 858.5360107421875, 858.4928995768229, 858.4781697591146, 858.4571736653646, 858.4595336914062, 858.4578043619791, 858.4673461914062, 858.4902547200521, 858.457275390625, 858.37353515625, 858.3584187825521, 858.2873942057291, 858.2084147135416, 858.1532592773438, 858.1201171875, 858.0973714192709, 858.0743204752604, 858.0264078776041, 858.0225626627604, 857.9498291015625, 857.8306070963541, 857.7467854817709, 857.6910603841146, 857.6474812825521, 857.6387532552084, 857.6181437174479], "upper": [904.09423828125, 903.8187255859375, 903.71826171875, 903.7896118164062, 904.1429443359375, 904.565673828125, 905.1103515625, 905.7424926757812, 906.5668334960938, 907.384521484375, 907.9578857421875, 908.0720825195312, 907.8695068359375, 906.620361328125, 904.768798828125, 903.5040283203125, 902.3277587890625, 898.8073120117188, 893.0060424804688, 888.6181640625, 878.7486572265625, 878.6758422851562, 878.583251953125, 878.515625, 878.3900146484375, 878.4801025390625, 879.4553833007812, 880.51708984375, 880.7589721679688, 880.267822265625, 879.1326904296875, 877.994873046875, 877.3862915039062, 877.3155517578125, 877.0195922851562, 876.8374633789062, 876.6339721679688, 876.507080078125, 876.389404296875, 876.1497802734375, 876.1444091796875, 876.16162109375, 875.9288940429688, 875.54248046875, 875.1859130859375, 874.97900390625, 874.6798095703125, 873.7703857421875, 873.4866943359375, 873.2164916992188, 872.9719848632812, 872.7221069335938, 872.4949340820312, 872.260009765625, 872.0468139648438, 871.846923828125, 871.6605834960938, 871.4820556640625, 871.3222045898438, 871.1541137695312, 870.9999389648438, 870.891357421875, 870.8109741210938, 870.82421875, 870.8656616210938, 870.8526000976562, 870.7872314453125, 870.924072265625, 871.117919921875, 871.2330932617188, 871.337646484375, 871.4161987304688, 871.478759765625, 871.5211181640625, 871.5850219726562, 871.59375, 871.6033935546875, 871.5907592773438, 871.5601806640625, 871.5098266601562, 871.4468994140625, 871.35400390625, 871.249267578125, 871.128173828125, 871.0050659179688, 870.865478515625, 870.7483520507812, 870.6149291992188, 870.4788818359375, 870.302490234375, 870.1616821289062, 870.0043334960938, 869.864990234375, 869.7095947265625, 869.5341796875, 869.3659057617188, 869.2144165039062, 869.0362548828125, 868.8975830078125, 868.762939453125], "lower": [869.18017578125, 868.4111328125, 867.6580810546875, 866.9193115234375, 866.140380859375, 865.306884765625, 864.4185791015625, 863.4813232421875, 862.513671875, 861.4183349609375, 860.2763671875, 859.11376953125, 858.30078125, 857.2831420898438, 857.041259765625, 856.8392333984375, 856.6333618164062, 856.4706420898438, 856.278564453125, 856.081787109375, 855.890380859375, 855.7062377929688, 855.52490234375, 855.3458862304688, 855.1542358398438, 854.9791870117188, 854.802978515625, 854.6513061523438, 854.5023803710938, 854.3237915039062, 854.102294921875, 853.9420776367188, 853.95361328125, 853.8348388671875, 853.6997680664062, 853.5941162109375, 853.4689331054688, 853.3515014648438, 853.2447509765625, 853.118408203125, 853.0284423828125, 852.9276123046875, 852.8466796875, 852.7486572265625, 852.6454467773438, 852.5560302734375, 852.481201171875, 852.4112548828125, 851.6739501953125, 851.6674194335938, 851.6992797851562, 851.8785400390625, 852.1085205078125, 851.8734130859375, 851.6574096679688, 852.0679321289062, 852.0447998046875, 852.0372314453125, 852.0125122070312, 851.666748046875, 851.6685791015625, 851.6864624023438, 851.8427124023438, 852.001220703125, 851.9984130859375, 851.9804077148438, 851.9857177734375, 851.8368530273438, 851.7127075195312, 851.6934814453125, 851.8237915039062, 851.9841918945312, 852.0077514648438, 852.0090942382812, 852.0051879882812, 851.8721923828125, 851.7973022460938, 851.7536010742188, 851.7754516601562, 851.8255615234375, 851.9069213867188, 852.0579833984375, 852.0596923828125, 851.93017578125, 851.9925537109375, 851.9203491210938, 851.794677734375, 851.741455078125, 851.78466796875, 851.84716796875, 851.943603515625, 851.9612426757812, 852.080322265625, 852.015625, 851.8331298828125, 851.748291015625, 851.7413330078125, 851.796875, 851.8961181640625, 851.9596557617188]}