{"mean": [2740.9794108072915, 2736.6752115885415, 2733.83251953125, 2731.0511881510415, 2729.1586100260415, 2727.2376302083335, 2725.7117513020835, 2725.299072265625, 2726.5953776041665, 2731.7330729166665, 2741.839599609375, 2754.6990559895835, 2771.432373046875, 2791.239013671875, 2808.185791015625, 2820.78369140625, 2834.4164225260415, 2849.2469889322915, 2862.2171223958335, 2862.8346354166665, 2876.5694173177085, 2881.251953125, 2891.1705729166665, 2885.8776041666665, 2881.9641927083335, 2877.15576171875, 2874.5721842447915, 2873.0978190104165, 2871.9169921875, 2871.1822102864585, 2870.5620930989585, 2870.4016927083335, 2871.4124348958335, 2873.8168131510415, 2877.8357747395835, 2882.0990397135415, 2885.0930989583335, 2886.9038899739585, 2889.85400390625, 2892.498291015625, 2892.9476725260415, 2891.435302734375, 2889.7491048177085, 2889.3421223958335, 2890.0799153645835, 2892.45458984375, 2896.7444661458335, 2909.8102213541665, 2908.5293782552085, 2908.8511555989585, 2908.6620279947915, 2907.7548828125, 2906.542236328125, 2908.4759928385415, 2910.40576171875, 2907.4510091145835, 2906.01953125, 2906.0511881510415, 2908.7097981770835, 2911.2515462239585, 2911.4039713541665, 2910.85693359375, 2909.0015462239585, 2906.7473958333335, 2905.002685546875, 2903.9659830729165, 2903.7178548177085, 2904.011474609375, 2904.0952962239585, 2903.5274251302085, 2902.3573404947915, 2901.0479329427085, 2900.2334798177085, 2899.9005533854165, 2899.99609375, 2900.4069010416665, 2900.9005533854165, 2901.0758463541665, 2900.9188639322915, 2900.5851236979165, 2900.1573079427085, 2899.7452799479165, 2899.787353515625, 2900.3186848958335, 2900.3092447916665, 2900.8055826822915, 2901.6411946614585, 2902.2942708333335, 2902.34619140625, 2902.1419270833335, 2902.1139322916665, 2902.3575846354165, 2902.3951822916665, 2902.9425455729165, 2904.0313313802085, 2904.9605305989585, 2905.2535807291665, 2905.1678059895835, 2904.9581705729165, 2904.9523111979165], "upper": [2869.055908203125, 2871.322509765625, 2872.896484375, 2875.170166015625, 2878.017822265625, 2880.822998046875, 2884.173583984375, 2887.45849609375, 2890.263916015625, 2892.8193359375, 2894.84033203125, 2896.695556640625, 2899.95703125, 2904.16064453125, 2903.953125, 2904.34375, 2904.88720703125, 2905.453125, 2905.9228515625, 2906.322998046875, 2906.899169921875, 2907.4921875, 2907.96826171875, 2908.515625, 2909.087158203125, 2909.44580078125, 2909.8427734375, 2910.2509765625, 2910.59814453125, 2910.81103515625, 2910.953857421875, 2911.220703125, 2912.1220703125, 2912.494384765625, 2912.68603515625, 2912.951904296875, 2913.1044921875, 2913.330810546875, 2913.4541015625, 2918.79541015625, 2920.64111328125, 2915.64697265625, 2914.0205078125, 2914.0673828125, 2913.998046875, 2914.089599609375, 2920.23876953125, 2932.771484375, 2927.85791015625, 2927.799560546875, 2926.2724609375, 2922.2216796875, 2917.61083984375, 2922.538330078125, 2927.4716796875, 2917.8623046875, 2916.675048828125, 2916.8134765625, 2919.970458984375, 2927.19482421875, 2927.14697265625, 2926.346435546875, 2922.7783203125, 2919.220458984375, 2917.487548828125, 2917.56640625, 2919.42529296875, 2922.7880859375, 2925.345703125, 2925.509765625, 2923.492919921875, 2920.7470703125, 2919.330810546875, 2919.262451171875, 2920.20849609375, 2921.815673828125, 2923.53662109375, 2924.18408203125, 2923.768310546875, 2922.60546875, 2921.16455078125, 2919.6337890625, 2919.443359375, 2920.536865234375, 2919.919921875, 2920.80517578125, 2922.60400390625, 2923.748779296875, 2922.929931640625, 2921.456298828125, 2920.217041015625, 2919.860595703125, 2918.8359375, 2919.39111328125, 2921.48291015625, 2923.193115234375, 2923.04248046875, 2921.967041015625, 2920.508056640625, 2919.697509765625], "lower": [2667.8671875, 2654.60693359375, 2645.155029296875, 2640.90283203125, 2638.1513671875, 2634.7802734375, 2635.35546875, 2639.052490234375, 2642.147216796875, 2640.437744140625, 2645.76708984375, 2658.820556640625, 2678.614013671875, 2706.94482421875, 2742.3056640625, 2768.607421875, 2788.462646484375, 2802.70361328125, 2826.58837890625, 2835.792236328125, 2853.12353515625, 2865.83642578125, 2868.44970703125, 2850.8955078125, 2838.680908203125, 2837.076416015625, 2839.539794921875, 2842.095703125, 2843.0576171875, 2842.542724609375, 2841.017333984375, 2839.69775390625, 2840.38720703125, 2844.591796875, 2851.803466796875, 2857.32080078125, 2856.79931640625, 2851.4697265625, 2847.2626953125, 2845.380615234375, 2844.726318359375, 2845.02294921875, 2845.72412109375, 2846.911865234375, 2849.083984375, 2852.072509765625, 2855.65234375, 2882.21435546875, 2883.15478515625, 2884.073486328125, 2884.906005859375, 2885.66650390625, 2886.338134765625, 2886.95703125, 2887.515625, 2888.01416015625, 2888.4111328125, 2888.798828125, 2889.127197265625, 2889.451904296875, 2889.7734375, 2888.851318359375, 2886.79150390625, 2883.599609375, 2880.180908203125, 2877.01708984375, 2874.22900390625, 2871.744384765625, 2869.47216796875, 2867.646728515625, 2866.201171875, 2865.048095703125, 2864.083251953125, 2863.286376953125, 2862.69677734375, 2862.334716796875, 2862.214111328125, 2862.1259765625, 2862.17529296875, 2862.37255859375, 2862.689697265625, 2863.06494140625, 2863.528076171875, 2864.08154296875, 2864.73291015625, 2865.482666015625, 2866.319580078125, 2867.24267578125, 2868.26513671875, 2869.297119140625, 2870.3955078125, 2871.48828125, 2872.60986328125, 2873.732421875, 2874.913818359375, 2875.9990234375, 2877.0166015625, 2877.909912109375, 2878.7470703125, 2879.520263671875]}