{"mean": [23270.731770833332, 22210.73828125, 21789.895182291668, 21952.728515625, 22132.904947916668, 22084.400390625, 21948.02734375, 21640.981119791668, 21468.35546875, 21243.873046875, 21356.192708333332, 21516.626953125, 21570.560546875, 21448.869791666668, 21264.205729166668, 21089.124348958332, 20913.757161458332, 20685.821614583332, 20918.5859375, 20740.609375, 20548.873697916668, 20541.31640625, 20658.069661458332, 20718.905598958332, 20855.609375, 20699.043619791668, 20374.793619791668, 20425.436197916668, 20257.030598958332, 20333.053385416668, 20177.491536458332, 20172.287109375, 19997.462890625, 19945.396484375, 19947.146484375, 20031.365234375, 20001.962239583332, 19812.134114583332, 19680.314453125, 20012.825520833332, 19784.892578125, 19523.553385416668, 19560.78125, 19505.2734375, 19589.711588541668, 19532.87890625, 19554.030598958332, 19557.074869791668, 19208.58203125, 19426.231119791668, 19575.911458333332, 19514.9140625, 19634.630208333332, 19699.193359375, 19542.190104166668, 19395.235677083332, 19593.388020833332, 19641.04296875, 19539.124348958332, 19470.121744791668, 19513.972005208332, 19541.070963541668, 19521.1640625, 19429.986979166668, 19205.146484375, 19399.243489583332, 19328.83203125, 19477.99609375, 19409.332682291668, 19538.5546875, 19550.472005208332, 19451.820963541668, 19511.857421875, 19564.561197916668, 19440.536458333332, 19372.62109375, 19405.049479166668, 19419.926432291668, 19518.884114583332, 19561.343098958332, 19578.221354166668, 19608.73046875, 19480.37109375, 19338.118489583332, 19343.957682291668, 19414.102213541668, 19367.913411458332, 19385.061848958332, 19360.386067708332, 19252.448567708332, 19274.688802083332, 19306.834635416668, 19316.2734375, 19346.046223958332, 19197.396484375, 19148.524088541668, 19213.359375, 19139.037109375, 19122.35546875, 19128.212890625], "upper": [24364.423828125, 24018.29296875, 23780.337890625, 23528.859375, 23330.83203125, 23214.55859375, 23103.1796875, 22966.296875, 22793.5625, 22563.78125, 22240.494140625, 21965.908203125, 21656.89453125, 21614.826171875, 21443.458984375, 21462.232421875, 21468.744140625, 21329.35546875, 21620.078125, 21230.048828125, 20884.03515625, 20893.798828125, 20969.26171875, 20937.55859375, 21634.837890625, 21452.20703125, 20575.9765625, 20886.0625, 20827.951171875, 20870.544921875, 20682.181640625, 20553.001953125, 20274.36328125, 20304.638671875, 20308.021484375, 20407.791015625, 20380.125, 20233.421875, 19938.6875, 20936.265625, 20570.919921875, 19767.2421875, 19851.017578125, 19723.615234375, 20102.76953125, 20620.48828125, 20508.072265625, 19796.203125, 19460.2421875, 19956.1484375, 20537.87109375, 19914.833984375, 20351.04296875, 20574.849609375, 20358.03515625, 19845.1640625, 20381.75, 20482.40625, 20261.529296875, 20033.564453125, 20049.177734375, 20127.779296875, 20159.599609375, 19934.439453125, 19448.5625, 19845.0390625, 19665.8046875, 20050.787109375, 19775.46484375, 20147.40625, 20223.294921875, 19932.955078125, 20101.15625, 20269.30859375, 19901.849609375, 19709.638671875, 19784.529296875, 19809.818359375, 20165.74609375, 20405.1953125, 20477.384765625, 20428.283203125, 20201.6640625, 19918.97265625, 19847.8671875, 20019.8046875, 20081.021484375, 20069.642578125, 19985.912109375, 19773.166015625, 19740.470703125, 19918.943359375, 19988.044921875, 19875.025390625, 19659.369140625, 19533.29296875, 19532.123046875, 19530.119140625, 19440.703125, 19435.6640625], "lower": [21677.9140625, 20565.802734375, 20210.685546875, 20824.375, 21366.017578125, 21400.189453125, 21130.59375, 20375.763671875, 19894.525390625, 19481.87890625, 20115.220703125, 20849.396484375, 21411.216796875, 21318.31640625, 20983.9140625, 20730.19921875, 20146.4609375, 19438.142578125, 19827.5, 19996.490234375, 19938.24609375, 19975.05859375, 20305.72265625, 20330.697265625, 20137.7734375, 20047.146484375, 20055.54296875, 19848.07421875, 19590.69921875, 19631.384765625, 19333.833984375, 19541.2421875, 19502.802734375, 19336.119140625, 19288.91015625, 19339.1875, 19320.29296875, 19215.541015625, 19253.49609375, 19334.4609375, 19346.06640625, 19280.29296875, 19224.275390625, 19176.478515625, 19110.75390625, 18962.517578125, 19008.546875, 19085.935546875, 18853.498046875, 18942.494140625, 18845.15234375, 18835.642578125, 18797.46875, 18849.908203125, 18857.46875, 18896.736328125, 18922.7265625, 18918.955078125, 18918.005859375, 18926.970703125, 18923.54296875, 18936.54296875, 18944.82421875, 18927.34765625, 18906.234375, 18901.359375, 18865.63671875, 18883.421875, 18879.541015625, 18878.154296875, 18881.654296875, 18918.9296875, 18924.88671875, 18897.240234375, 18898.712890625, 18889.61328125, 18894.30078125, 18872.734375, 18883.048828125, 18866.482421875, 18866.40234375, 18855.3359375, 18850.05859375, 18831.9609375, 18834.498046875, 18824.67578125, 18824.2421875, 18827.232421875, 18809.04296875, 18834.197265625, 18833.576171875, 18812.724609375, 18860.697265625, 18825.892578125, 18831.474609375, 18851.2890625, 18839.037109375, 18870.3359375, 18844.55859375, 18874.478515625]}