{"mean": [43067.9609375, 42206.9765625, 42062.774739583336, 42319.266927083336, 42487.365885416664, 42454.11328125, 42350.7265625, 42239.083333333336, 42131.434895833336, 42059.377604166664, 42089.557291666664, 42225.7890625, 42298.319010416664, 42336.993489583336, 42488.979166666664, 42453.774739583336, 42391.123697916664, 42370.440104166664, 42540.87109375, 42434.05078125, 42453.610677083336, 42451.1015625, 42440.96875, 42450.096354166664, 42598.114583333336, 42665.342447916664, 42615.298177083336, 42602.321614583336, 42641.544270833336, 42682.466145833336, 42670.7265625, 42672.23828125, 42679.51171875, 42708.990885416664, 42747.063802083336, 42794.227864583336, 42873.15234375, 42983.096354166664, 43114.26953125, 43163.296875, 43136.489583333336, 43161.325520833336, 43195.783854166664, 43211.420572916664, 43212.471354166664, 43252.966145833336, 43309.83984375, 43419.122395833336, 43459.615885416664, 43465.423177083336, 43545.23828125, 43527.05078125, 43542.4609375, 43548.9296875, 43531.46484375, 43448.58203125, 43372.235677083336, 43334.884114583336, 43322.657552083336, 43313.959635416664, 43303.174479166664, 43290.033854166664, 43269.3046875, 43236.381510416664, 43181.45703125, 43129.270833333336, 43068.028645833336, 43057.41796875, 43051.544270833336, 43046.200520833336, 43037.471354166664, 43022.83203125, 43013.901041666664, 43010.427083333336, 43022.130208333336, 43050.02734375, 43074.180989583336, 43121.569010416664, 43148.10546875, 43175.71875, 43191.592447916664, 43192.533854166664, 43189.904947916664, 43178.166666666664, 43143.338541666664, 43126.66796875, 43139.747395833336, 43145.984375, 43153.395833333336, 43186.9921875, 43220.16015625, 43252.143229166664, 43269.444010416664, 43255.177083333336, 43242.83203125, 43220.190104166664, 43196.045572916664, 43203.766927083336, 43210.259114583336, 43235.0234375], "upper": [46941.390625, 45013.640625, 44824.0078125, 45250.5078125, 45593.265625, 45475.953125, 45166.47265625, 44806.203125, 44440.79296875, 44195.49609375, 44336.546875, 44638.359375, 44801.5390625, 44774.8828125, 44579.015625, 44307.64453125, 44007.3828125, 43823.94140625, 43932.05859375, 44014.84375, 44140.9453125, 44215.5, 44244.55859375, 44223.56640625, 44159.65625, 44064.21484375, 43961.29296875, 43820.11328125, 43700.51171875, 43569.54296875, 43388.6796875, 43342.9375, 43432.79296875, 43521.828125, 43550.46484375, 43573.58203125, 43604.796875, 43641.94921875, 43668.31640625, 43604.32421875, 43569.12109375, 43646.5234375, 43606.25390625, 43598.20703125, 43487.015625, 43539.82421875, 43597.9921875, 43645.859375, 43577.2265625, 43614.43359375, 43667.24609375, 43739.7109375, 43871.98046875, 43920.69921875, 43860.34765625, 43722.71484375, 43724.84765625, 43722.7578125, 43722.0390625, 43720.01171875, 43712.34765625, 43705.49609375, 43699.49609375, 43690.6328125, 43680.8046875, 43675.1015625, 43653.625, 43638.53515625, 43625.609375, 43611.26171875, 43596.86328125, 43598.64453125, 43591.78515625, 43575.3359375, 43567.91015625, 43570.515625, 43571.53515625, 43562.7421875, 43561.17578125, 43570.1953125, 43586.359375, 43597.0703125, 43607.5, 43620.05078125, 43635.51953125, 43645.29296875, 43658.5, 43669.9375, 43673.921875, 43684.69921875, 43679.0078125, 43675.44921875, 43677.5546875, 43659.38671875, 43645.703125, 43633.37109375, 43620.9453125, 43623.140625, 43609.8125, 43608.8828125], "lower": [41115.640625, 40751.36328125, 40665.11328125, 40584.09375, 40492.75, 40456.72265625, 40418.28125, 40400.0859375, 40364.921875, 40314.75390625, 40234.65625, 40305.29296875, 40329.27734375, 40432.16015625, 41052.30859375, 41196.921875, 41227.5625, 41176.625, 41123.23828125, 40966.10546875, 40840.85546875, 40692.50390625, 40490.63671875, 40512.66796875, 40605.69921875, 40838.8984375, 40994.37109375, 41101.546875, 41219.75390625, 41350.01953125, 41395.69921875, 41398.73046875, 41382.046875, 41388.58984375, 41487.234375, 41625.44921875, 41809.80859375, 42050.1328125, 42363.96875, 42519.61328125, 42437.69921875, 42421.796875, 42550.83984375, 42580.74609375, 42698.77734375, 42795.84375, 42940.75390625, 43114.03515625, 43375.5078125, 43367.85546875, 43348.96875, 43147.296875, 43052.78125, 42997.36328125, 43005.484375, 42912.6640625, 42779.87890625, 42690.87109375, 42639.109375, 42604.01171875, 42564.76953125, 42528.5546875, 42490.25, 42456.67578125, 42424.875, 42411.515625, 42414.203125, 42425.48046875, 42442.01953125, 42452.4453125, 42460.8828125, 42464.55078125, 42474.7734375, 42498.9296875, 42541.68359375, 42576.96484375, 42598.65234375, 42621.70703125, 42659.59375, 42702.28515625, 42731.2265625, 42745.0078125, 42775.95703125, 42814.13671875, 42822.54296875, 42837.5546875, 42874.55078125, 42877.3125, 42883.21484375, 42901.6640625, 42897.1484375, 42904.70703125, 42918.47265625, 42898.453125, 42917.7734375, 42922.44140625, 42906.9453125, 42927.25, 42923.296875, 42927.34375]}