{"mean": [26711.210286458332, 25514.535807291668, 25124.94921875, 25256.689453125, 25497.387369791668, 25428.271484375, 25274.531901041668, 24915.270833333332, 24627.912109375, 24327.866536458332, 24424.992838541668, 24550.358072916668, 24588.383463541668, 24436.653645833332, 24254.26171875, 24128.557942708332, 23923.892578125, 23569.354166666668, 23705.098307291668, 23466.6484375, 23318.143880208332, 23350.104166666668, 23497.54296875, 23524.388671875, 23755.141927083332, 23561.920572916668, 23127.544921875, 23124.986979166668, 22905.134114583332, 22969.893229166668, 22829.359375, 22819.955078125, 22635.813802083332, 22575.798828125, 22576.326822916668, 22685.753255208332, 22698.2578125, 22575.4453125, 22518.624348958332, 22917.73828125, 22658.8125, 22304.620442708332, 22323.51171875, 22254.982421875, 22410.774088541668, 22368.878255208332, 22414.375651041668, 22349.957682291668, 22102.00390625, 22413.388671875, 22612.440755208332, 22550.442057291668, 22656.102864583332, 22704.087890625, 22546.880859375, 22372.15625, 22517.474609375, 22532.466796875, 22419.123697916668, 22359.420572916668, 22406.533854166668, 22429.619791666668, 22398.160807291668, 22286.381510416668, 22005.572265625, 22110.450520833332, 22003.713541666668, 22141.072265625, 22055.029296875, 22168.14453125, 22181.645182291668, 22080.569010416668, 22150.866536458332, 22207.288411458332, 22098.655598958332, 22042.656901041668, 22091.554036458332, 22171.287760416668, 22279.127604166668, 22330.498697916668, 22344.660807291668, 22360.694661458332, 22237.03125, 22101.876302083332, 22065.147786458332, 22104.119140625, 22076.275390625, 22089.430338541668, 22065.860677083332, 21998.573567708332, 22045.16015625, 22094.6484375, 22115.93359375, 22133.41015625, 22000.861328125, 21936.73046875, 21975.93359375, 21915.764973958332, 21902.235026041668, 21918.69140625], "upper": [27991.091796875, 27688.533203125, 27493.822265625, 27279.3828125, 27089.048828125, 26937.134765625, 26793.44921875, 26621.953125, 26405.126953125, 26118.318359375, 25737.041015625, 25307.908203125, 24864.59765625, 24525.65234375, 24456.798828125, 24596.26953125, 24570.466796875, 24340.451171875, 24559.884765625, 23961.63671875, 23734.3125, 23703.15625, 23889.80859375, 23852.85546875, 24740.921875, 24501.69921875, 23434.052734375, 23725.65625, 23634.70703125, 23689.890625, 23575.994140625, 23557.82421875, 23352.29296875, 23399.529296875, 23445.763671875, 23634.1484375, 23653.20703125, 23506.09375, 23186.7109375, 24307.57421875, 23969.689453125, 23022.470703125, 23134.859375, 22875.490234375, 23501.0859375, 23935.3203125, 23818.97265625, 23009.05859375, 22830.90625, 23580.955078125, 24344.19921875, 23827.0625, 24248.3125, 24455.451171875, 24206.400390625, 23644.857421875, 24061.86328125, 24087.70703125, 23860.388671875, 23683.689453125, 23724.28125, 23792.150390625, 23794.66796875, 23514.119140625, 22681.353515625, 23007.74609375, 22737.685546875, 23090.63671875, 22773.515625, 23104.87109375, 23181.923828125, 22882.314453125, 23081.013671875, 23252.962890625, 22919.0546875, 22743.12890625, 22870.099609375, 23086.765625, 23443.783203125, 23657.751953125, 23715.326171875, 23649.732421875, 23402.23828125, 23072.61328125, 22910.453125, 22998.615234375, 23052.51171875, 23043.94140625, 22972.984375, 22841.556640625, 22901.1953125, 23126.994140625, 23208.0234375, 23101.76953125, 22889.818359375, 22722.88671875, 22682.41796875, 22673.87109375, 22616.78125, 22651.455078125], "lower": [24795.146484375, 23508.47265625, 23207.068359375, 23897.154296875, 24585.19921875, 24547.326171875, 24170.482421875, 23326.248046875, 22731.861328125, 22218.302734375, 22913.3359375, 23732.109375, 24362.724609375, 24358.67578125, 23867.580078125, 23512.357421875, 22864.892578125, 22038.359375, 22349.892578125, 22580.626953125, 22624.740234375, 22730.03515625, 23038.703125, 23048.490234375, 22828.447265625, 22659.931640625, 22584.490234375, 22341.1875, 22010.123046875, 22018.62890625, 21715.345703125, 21858.875, 21806.990234375, 21664.71875, 21618.341796875, 21638.40234375, 21631.05859375, 21608.9296875, 21684.638671875, 21781.560546875, 21805.15234375, 21750.337890625, 21703.984375, 21661.9765625, 21599.765625, 21517.81640625, 21522.05078125, 21601.921875, 21397.705078125, 21476.6484375, 21395.181640625, 21381.07421875, 21334.96875, 21376.6796875, 21381.623046875, 21422.484375, 21455.66015625, 21444.443359375, 21430.66015625, 21432.958984375, 21430.421875, 21447.78515625, 21453.162109375, 21424.71484375, 21391.01171875, 21380.7109375, 21343.1328125, 21369.1171875, 21361.220703125, 21352.58203125, 21358.947265625, 21397.61328125, 21403.181640625, 21381.236328125, 21384.15625, 21375.349609375, 21379.654296875, 21360.9453125, 21368.48046875, 21357.986328125, 21368.4609375, 21359.36328125, 21353.611328125, 21342.25390625, 21352.033203125, 21337.123046875, 21338.091796875, 21350.548828125, 21326.42578125, 21346.921875, 21359.685546875, 21327.94140625, 21367.751953125, 21342.982421875, 21345.228515625, 21348.728515625, 21338.48046875, 21376.810546875, 21344.17578125, 21364.626953125]}