{"mean": [3521.1544596354165, 3529.762451171875, 3536.948974609375, 3538.4817708333335, 3538.8221028645835, 3538.9166666666665, 3538.9075520833335, 3538.7566731770835, 3537.88818359375, 3536.26806640625, 3534.4473470052085, 3533.7002766927085, 3533.6805013020835, 3533.8789876302085, 3534.3295084635415, 3535.279541015625, 3536.2366536458335, 3537.47802734375, 3539.2350260416665, 3541.5845540364585, 3543.8793131510415, 3545.6492513020835, 3547.390380859375, 3549.2364908854165, 3550.6103515625, 3552.142578125, 3553.3609212239585, 3554.3990071614585, 3555.2508951822915, 3555.9840494791665, 3556.74560546875, 3557.42333984375, 3557.711181640625, 3557.8534342447915, 3558.0592447916665, 3558.2682291666665, 3558.4390462239585, 3558.5086263020835, 3558.697021484375, 3558.916015625, 3558.973388671875, 3558.9034830729165, 3558.6708984375, 3558.4562174479165, 3558.3766276041665, 3558.1263834635415, 3557.760498046875, 3557.5282389322915, 3557.2771809895835, 3557.050537109375, 3556.9801432291665, 3556.7867024739585, 3556.774658203125, 3556.7234700520835, 3556.659423828125, 3556.6025390625, 3556.4894205729165, 3556.375244140625, 3556.3741861979165, 3556.3516438802085, 3556.4227701822915, 3556.5552571614585, 3556.7060546875, 3556.8575846354165, 3556.9541015625, 3556.7864583333335, 3556.598876953125, 3556.53271484375, 3556.538818359375, 3556.6492513020835, 3556.80322265625, 3557.0048828125, 3557.2596028645835, 3557.448486328125, 3557.6844889322915, 3557.887451171875, 3558.0694173177085, 3558.2002766927085, 3558.32470703125, 3558.4361979166665, 3558.5068359375, 3558.6150716145835, 3558.7145182291665, 3558.7574055989585, 3558.78173828125, 3558.8008626302085, 3558.8299153645835, 3558.8529459635415, 3558.8518880208335, 3558.8999837239585, 3558.9342447916665, 3558.9593098958335, 3558.9956868489585, 3559.0185546875, 3559.0760904947915, 3559.1183268229165, 3559.17822265625, 3559.227294921875, 3559.2670084635415, 3559.3165690104165], "upper": [3573.908447265625, 3573.838134765625, 3574.394287109375, 3574.735595703125, 3574.2783203125, 3574.00537109375, 3573.816162109375, 3573.790283203125, 3573.66796875, 3573.5810546875, 3573.565185546875, 3573.743896484375, 3573.84423828125, 3574.052001953125, 3574.119140625, 3574.25732421875, 3574.39892578125, 3574.52880859375, 3574.744140625, 3574.94482421875, 3575.2197265625, 3575.35595703125, 3575.486328125, 3575.665283203125, 3575.72021484375, 3575.802001953125, 3575.71044921875, 3575.616455078125, 3575.49267578125, 3575.318115234375, 3575.14892578125, 3574.96337890625, 3574.650634765625, 3574.28173828125, 3574.069091796875, 3573.8076171875, 3573.48486328125, 3573.28857421875, 3573.061767578125, 3572.980712890625, 3572.57470703125, 3571.949951171875, 3571.00927734375, 3570.185302734375, 3569.989501953125, 3569.236572265625, 3568.12939453125, 3567.45947265625, 3566.718017578125, 3565.889892578125, 3565.383056640625, 3564.785400390625, 3564.029296875, 3563.16748046875, 3562.309326171875, 3561.56201171875, 3560.70361328125, 3559.84326171875, 3559.21044921875, 3558.4443359375, 3558.099365234375, 3558.347900390625, 3558.693359375, 3559.083740234375, 3559.427490234375, 3559.420654296875, 3559.35791015625, 3559.34375, 3559.35986328125, 3559.359375, 3559.352783203125, 3559.36865234375, 3559.37744140625, 3559.3916015625, 3559.44580078125, 3559.763671875, 3560.07568359375, 3560.31884765625, 3560.498291015625, 3560.600830078125, 3560.654541015625, 3560.7841796875, 3560.896484375, 3560.92919921875, 3560.946533203125, 3560.935546875, 3560.960205078125, 3561.02880859375, 3561.05517578125, 3561.208740234375, 3561.342529296875, 3561.40234375, 3561.515625, 3561.605224609375, 3561.74169921875, 3561.80224609375, 3561.904541015625, 3561.98876953125, 3562.0556640625, 3562.1484375], "lower": [3431.91650390625, 3457.695068359375, 3479.017333984375, 3483.518310546875, 3485.8955078125, 3487.59033203125, 3489.038330078125, 3489.9951171875, 3489.599365234375, 3487.62744140625, 3484.981201171875, 3485.0009765625, 3486.033935546875, 3486.46923828125, 3486.83837890625, 3488.241455078125, 3489.63525390625, 3491.991455078125, 3495.48779296875, 3501.5361328125, 3507.8310546875, 3513.048095703125, 3518.254150390625, 3523.858154296875, 3528.29345703125, 3533.373291015625, 3537.513427734375, 3541.2490234375, 3544.29296875, 3545.58447265625, 3545.19775390625, 3545.02685546875, 3545.097412109375, 3545.224609375, 3545.396728515625, 3545.5830078125, 3545.89990234375, 3545.806396484375, 3546.220703125, 3546.7548828125, 3547.256591796875, 3547.843017578125, 3548.408935546875, 3549.05712890625, 3549.613525390625, 3550.205810546875, 3550.799560546875, 3551.37060546875, 3551.9453125, 3552.523681640625, 3552.44384765625, 3551.8564453125, 3551.935302734375, 3551.985595703125, 3552.061279296875, 3552.122802734375, 3552.1953125, 3552.364013671875, 3552.65673828125, 3552.98681640625, 3553.2060546875, 3553.33837890625, 3553.447265625, 3553.545654296875, 3553.634521484375, 3553.751708984375, 3553.820068359375, 3553.900390625, 3553.964111328125, 3554.02587890625, 3554.060791015625, 3554.070556640625, 3554.079833984375, 3554.1328125, 3554.233642578125, 3554.370849609375, 3554.511474609375, 3554.65283203125, 3554.7724609375, 3554.843017578125, 3554.890625, 3554.933349609375, 3554.9541015625, 3554.942138671875, 3554.93798828125, 3554.933349609375, 3554.97216796875, 3554.93798828125, 3554.934326171875, 3554.914794921875, 3554.899658203125, 3554.9326171875, 3555.0087890625, 3555.075439453125, 3555.191650390625, 3555.313720703125, 3555.43505859375, 3555.527587890625, 3555.6025390625, 3555.6650390625]}