{"mean": [5553.919596354167, 5570.48876953125, 5583.154134114583, 5591.839680989583, 5598.737630208333, 5603.93505859375, 5611.021484375, 5621.434244791667, 5634.4501953125, 5650.63916015625, 5668.306966145833, 5684.61962890625, 5700.00146484375, 5709.047526041667, 5717.995279947917, 5726.617350260417, 5734.543294270833, 5742.24609375, 5748.763671875, 5753.10400390625, 5756.48974609375, 5759.149088541667, 5761.22802734375, 5762.466145833333, 5763.30029296875, 5762.602213541667, 5760.02587890625, 5755.298177083333, 5749.63330078125, 5743.986979166667, 5739.740071614583, 5736.591471354167, 5733.999186197917, 5732.167643229167, 5731.11083984375, 5730.579427083333, 5730.100748697917, 5729.297200520833, 5727.44140625, 5724.913248697917, 5721.88818359375, 5718.506510416667, 5714.524088541667, 5710.783365885417, 5707.984212239583, 5706.01513671875, 5704.200846354167, 5702.424153645833, 5700.44140625, 5698.05419921875, 5695.046549479167, 5691.54931640625, 5687.756510416667, 5684.013346354167, 5681.104817708333, 5678.79443359375, 5676.479817708333, 5673.105305989583, 5670.022298177083, 5667.69384765625, 5666.77001953125, 5667.859049479167, 5670.768880208333, 5674.343098958333, 5678.113606770833, 5682.086751302083, 5685.926432291667, 5689.09765625, 5691.561197916667, 5693.02197265625, 5693.102213541667, 5691.626302083333, 5689.013020833333, 5685.96826171875, 5683.502115885417, 5681.88525390625, 5681.1142578125, 5681.79443359375, 5683.070475260417, 5684.364420572917, 5685.494303385417, 5686.324544270833, 5686.926595052083, 5687.3681640625, 5687.64111328125, 5687.623372395833, 5687.21435546875, 5686.58056640625, 5685.455240885417, 5684.461100260417, 5683.678059895833, 5683.172037760417, 5682.945638020833, 5683.051432291667, 5683.451334635417, 5683.988444010417, 5684.656575520833, 5685.1982421875, 5685.843912760417, 5686.7431640625], "upper": [5854.92578125, 5839.6396484375, 5827.150390625, 5815.2236328125, 5801.14990234375, 5784.1455078125, 5763.18701171875, 5739.68994140625, 5712.521484375, 5703.5380859375, 5716.21826171875, 5730.3955078125, 5742.49267578125, 5751.330078125, 5758.330078125, 5763.31201171875, 5766.65234375, 5781.17431640625, 5793.3935546875, 5801.84814453125, 5806.54541015625, 5809.033203125, 5810.08740234375, 5809.79052734375, 5808.08642578125, 5805.16357421875, 5801.56103515625, 5797.13623046875, 5792.48095703125, 5787.6689453125, 5782.79833984375, 5777.8291015625, 5773.17333984375, 5768.1591796875, 5762.7392578125, 5757.2626953125, 5752.05517578125, 5746.4462890625, 5739.8623046875, 5734.7783203125, 5730.935546875, 5726.9697265625, 5723.66015625, 5722.27880859375, 5722.98876953125, 5725.2802734375, 5728.81982421875, 5732.47021484375, 5735.5205078125, 5737.00537109375, 5736.5576171875, 5734.38427734375, 5731.35107421875, 5728.54833984375, 5726.9345703125, 5726.47705078125, 5727.13134765625, 5728.5517578125, 5730.890625, 5733.20068359375, 5734.4208984375, 5734.57763671875, 5733.88232421875, 5732.16162109375, 5730.2822265625, 5729.04248046875, 5728.7099609375, 5729.22021484375, 5730.80126953125, 5732.6640625, 5734.07275390625, 5734.0732421875, 5732.9921875, 5731.29736328125, 5729.99072265625, 5729.25048828125, 5729.19287109375, 5729.82958984375, 5730.5751953125, 5731.060546875, 5730.9873046875, 5730.4609375, 5729.97119140625, 5729.98828125, 5730.5859375, 5731.61279296875, 5732.62353515625, 5733.3349609375, 5732.884765625, 5732.0537109375, 5731.298828125, 5730.673828125, 5730.498046875, 5730.81494140625, 5731.388671875, 5731.70263671875, 5731.88671875, 5731.48291015625, 5730.8603515625, 5730.70849609375], "lower": [4970.05224609375, 5057.72802734375, 5129.66552734375, 5190.6513671875, 5250.18896484375, 5309.46240234375, 5370.9501953125, 5433.81103515625, 5497.00439453125, 5556.310546875, 5609.74072265625, 5655.21484375, 5663.2783203125, 5661.92236328125, 5662.5888671875, 5665.4365234375, 5670.35302734375, 5677.27783203125, 5684.29736328125, 5689.939453125, 5697.33642578125, 5705.48046875, 5714.30712890625, 5722.6337890625, 5732.4033203125, 5739.17431640625, 5736.76171875, 5730.01220703125, 5724.853515625, 5721.97314453125, 5714.51318359375, 5707.5361328125, 5700.70166015625, 5695.90625, 5694.2333984375, 5695.51708984375, 5698.23046875, 5701.6982421875, 5704.458984375, 5706.89697265625, 5708.16943359375, 5708.484375, 5706.90087890625, 5704.6279296875, 5697.7451171875, 5689.35595703125, 5679.9072265625, 5670.5224609375, 5661.2666015625, 5652.31787109375, 5644.38427734375, 5637.626953125, 5632.39404296875, 5628.7919921875, 5626.7119140625, 5625.74462890625, 5626.22802734375, 5627.6083984375, 5629.88232421875, 5633.00537109375, 5629.11181640625, 5628.23779296875, 5633.7490234375, 5642.3515625, 5651.95556640625, 5655.3369140625, 5658.28564453125, 5660.81103515625, 5663.00341796875, 5664.7802734375, 5666.12890625, 5667.20263671875, 5666.28955078125, 5658.6181640625, 5652.541015625, 5648.80126953125, 5647.21826171875, 5649.58837890625, 5653.9091796875, 5658.75927734375, 5661.9267578125, 5660.6953125, 5659.66943359375, 5658.744140625, 5658.03125, 5657.58349609375, 5657.40966796875, 5657.3564453125, 5657.4951171875, 5657.82080078125, 5658.275390625, 5658.8134765625, 5658.8671875, 5658.0859375, 5657.81298828125, 5658.08837890625, 5658.8564453125, 5659.94140625, 5661.673828125, 5663.888671875]}