{"mean": [1809.6253255208333, 1808.2451171875, 1807.066162109375, 1799.2129313151042, 1790.957763671875, 1787.6963704427083, 1788.0502115885417, 1790.5763346354167, 1790.7061360677083, 1786.8959147135417, 1784.9644368489583, 1784.0442301432292, 1789.8555501302083, 1798.0011393229167, 1807.2802327473958, 1810.4467366536458, 1813.0487467447917, 1815.1934000651042, 1817.7379557291667, 1821.8224283854167, 1824.0791015625, 1824.2257893880208, 1825.907470703125, 1825.5981038411458, 1821.8429768880208, 1820.117431640625, 1819.2409261067708, 1817.8292236328125, 1816.9153645833333, 1817.4868570963542, 1815.986328125, 1815.1002604166667, 1814.3037923177083, 1815.6983642578125, 1815.9796549479167, 1814.6927897135417, 1814.2143147786458, 1813.4892171223958, 1810.7939860026042, 1808.8880615234375, 1807.78662109375, 1806.9420979817708, 1805.0003662109375, 1802.7458902994792, 1801.8362630208333, 1800.53955078125, 1799.4576822916667, 1800.0044352213542, 1799.7090250651042, 1799.9350992838542, 1796.6299235026042, 1796.242431640625, 1795.7720133463542, 1793.4209391276042, 1793.7209879557292, 1793.9092610677083, 1792.5450032552083, 1791.2722981770833, 1789.5428873697917, 1789.004150390625, 1788.1300862630208, 1787.2198486328125, 1787.1303304036458, 1787.6083170572917, 1786.5116780598958, 1788.3658447265625, 1789.0309244791667, 1789.2555338541667, 1789.1650390625, 1790.9103190104167, 1790.4009195963542, 1791.0421549479167, 1788.8121744791667, 1787.2364095052083, 1786.3699544270833, 1785.8887532552083, 1786.082275390625, 1786.0938313802083, 1787.2810465494792, 1787.7503662109375, 1787.3450113932292, 1786.7350260416667, 1787.0339762369792, 1787.1275227864583, 1787.1769612630208, 1788.0729573567708, 1788.3280843098958, 1788.4993489583333, 1788.4730631510417, 1788.3494466145833, 1788.4359537760417, 1787.7608235677083, 1787.8714599609375, 1788.2362874348958, 1788.5896402994792, 1789.2726643880208, 1789.8860677083333, 1789.8317464192708, 1789.2351481119792, 1790.0139973958333], "upper": [1860.1475830078125, 1852.287109375, 1850.68212890625, 1837.43408203125, 1826.7547607421875, 1823.9437255859375, 1820.78857421875, 1814.5509033203125, 1811.8839111328125, 1804.4896240234375, 1809.0296630859375, 1813.396240234375, 1822.80517578125, 1826.6552734375, 1838.033935546875, 1838.2574462890625, 1838.3314208984375, 1838.113037109375, 1838.086181640625, 1838.17333984375, 1838.34619140625, 1838.655029296875, 1837.788330078125, 1835.173095703125, 1830.3385009765625, 1828.6365966796875, 1827.4879150390625, 1828.2362060546875, 1826.728271484375, 1826.911376953125, 1827.64404296875, 1826.597412109375, 1826.3673095703125, 1827.295166015625, 1826.9259033203125, 1820.7711181640625, 1820.7894287109375, 1821.1009521484375, 1821.0279541015625, 1818.3729248046875, 1816.7291259765625, 1813.912841796875, 1813.708984375, 1813.73779296875, 1813.6458740234375, 1814.112548828125, 1813.57666015625, 1817.2694091796875, 1818.3741455078125, 1818.2838134765625, 1818.371337890625, 1817.456787109375, 1816.5164794921875, 1813.497802734375, 1813.936279296875, 1813.920654296875, 1813.8160400390625, 1813.6063232421875, 1816.546630859375, 1817.423095703125, 1817.4947509765625, 1817.4713134765625, 1817.309326171875, 1816.37255859375, 1813.6627197265625, 1813.525390625, 1813.5748291015625, 1813.57568359375, 1813.62060546875, 1817.516357421875, 1817.5582275390625, 1817.5416259765625, 1817.42529296875, 1816.4573974609375, 1814.2620849609375, 1813.5654296875, 1814.0316162109375, 1814.1820068359375, 1816.863525390625, 1816.7244873046875, 1816.7470703125, 1814.1611328125, 1814.1856689453125, 1814.2774658203125, 1814.10400390625, 1816.4527587890625, 1817.5052490234375, 1817.661376953125, 1817.479736328125, 1816.3336181640625, 1816.48974609375, 1814.102294921875, 1814.126953125, 1816.5528564453125, 1816.4820556640625, 1816.3834228515625, 1816.3594970703125, 1816.499267578125, 1813.6070556640625, 1814.099365234375], "lower": [1717.7802734375, 1734.0511474609375, 1737.798583984375, 1728.690673828125, 1723.723388671875, 1729.4735107421875, 1738.7152099609375, 1753.8359375, 1757.576416015625, 1760.102294921875, 1757.4678955078125, 1762.5643310546875, 1771.666259765625, 1775.5042724609375, 1776.907470703125, 1778.8663330078125, 1781.5936279296875, 1785.2718505859375, 1789.694580078125, 1798.0899658203125, 1801.1990966796875, 1801.2020263671875, 1804.138671875, 1812.1900634765625, 1811.405029296875, 1811.4486083984375, 1813.7529296875, 1812.234130859375, 1811.165771484375, 1812.3441162109375, 1808.2188720703125, 1805.9141845703125, 1803.37744140625, 1803.2987060546875, 1802.597900390625, 1803.513427734375, 1803.9598388671875, 1805.0775146484375, 1805.103271484375, 1802.8232421875, 1800.763916015625, 1801.860107421875, 1799.3641357421875, 1794.08447265625, 1791.0709228515625, 1786.6116943359375, 1783.927734375, 1781.9637451171875, 1779.8734130859375, 1779.490478515625, 1773.201171875, 1772.6092529296875, 1771.87060546875, 1771.4638671875, 1775.4451904296875, 1775.659423828125, 1775.5679931640625, 1775.2943115234375, 1773.9031982421875, 1773.633056640625, 1773.154296875, 1771.630615234375, 1771.45947265625, 1773.1463623046875, 1772.6282958984375, 1773.5762939453125, 1773.0286865234375, 1773.5206298828125, 1773.1741943359375, 1774.7340087890625, 1774.7366943359375, 1776.8406982421875, 1774.409912109375, 1772.477783203125, 1772.0850830078125, 1771.0789794921875, 1770.560791015625, 1770.408447265625, 1771.459716796875, 1772.4229736328125, 1771.6868896484375, 1771.8060302734375, 1772.10986328125, 1772.36279296875, 1772.5296630859375, 1772.477294921875, 1772.54736328125, 1772.57421875, 1772.57275390625, 1772.546875, 1772.58642578125, 1772.504638671875, 1773.690673828125, 1773.41943359375, 1774.4869384765625, 1775.5780029296875, 1775.4368896484375, 1775.214599609375, 1776.40625, 1777.234130859375]}