{
    "particle_has_naninf": false,
    "point_distance_sr": 10079.822265625,
    "point_distance_rs": 3017.843505859375,
    "chamfer_loss_pcd": 13097.666015625,
    "particle_distance_sr": 4561.595703125,
    "particle_distance_rs": 7156.4130859375,
    "chamfer_loss_particle": 11718.0087890625,
    "final_height_map": null,
    "height_map_loss_pcd": 4697.6064453125,
    "emd_point_distance_loss": 3505.51171875,
    "emd_particle_distance_loss": 13633.4716796875,
    "total_loss": 0.0
}