{"mean": [16898.001302083332, 16294.263997395834, 16184.111328125, 16224.719401041666, 16255.012044270834, 16241.70703125, 16223.287760416666, 16130.366861979166, 16056.961263020834, 15983.438802083334, 15913.299153645834, 15881.072916666666, 15887.732421875, 15926.133463541666, 15928.9482421875, 15897.208658854166, 15839.7841796875, 15768.031901041666, 15737.509765625, 15743.743489583334, 15742.829752604166, 15726.792317708334, 15703.792317708334, 15666.431315104166, 15617.218424479166, 15573.1650390625, 15560.482096354166, 15543.6953125, 15528.558268229166, 15512.891276041666, 15500.224934895834, 15489.172200520834, 15482.357747395834, 15486.427083333334, 15494.117513020834, 15502.212565104166, 15501.817708333334, 15495.175455729166, 15483.6630859375, 15477.564127604166, 15467.278971354166, 15449.182291666666, 15422.465169270834, 15402.463541666666, 15393.093424479166, 15379.6455078125, 15380.875651041666, 15367.276692708334, 15357.412109375, 15348.559244791666, 15340.1455078125, 15332.309895833334, 15325.064453125, 15318.4013671875, 15310.832682291666, 15305.430338541666, 15300.244466145834, 15294.936848958334, 15284.3662109375, 15272.0185546875, 15261.358723958334, 15255.273763020834, 15248.747721354166, 15243.402669270834, 15235.905598958334, 15227.438802083334, 15220.447265625, 15215.20703125, 15209.59765625, 15202.970703125, 15198.962565104166, 15195.7265625, 15198.0263671875, 15201.797526041666, 15206.770833333334, 15210.3798828125, 15214.255208333334, 15219.999674479166, 15223.075520833334, 15221.392252604166, 15217.274088541666, 15213.260416666666, 15208.924153645834, 15203.720703125, 15198.013671875, 15193.677734375, 15191.030598958334, 15186.517578125, 15181.5732421875, 15177.233072916666, 15174.06640625, 15172.031901041666, 15170.944986979166, 15169.8642578125, 15168.994791666666, 15167.951822916666, 15167.738932291666, 15167.5029296875, 15166.9306640625, 15165.8115234375], "upper": [19135.5234375, 17633.59375, 17468.771484375, 17714.326171875, 17891.453125, 17908.6640625, 17800.408203125, 17643.896484375, 17474.314453125, 17307.7578125, 17141.330078125, 17009.45703125, 17007.166015625, 17114.890625, 17129.89453125, 17056.587890625, 16911.228515625, 16730.76171875, 16647.419921875, 16662.63671875, 16650.708984375, 16601.84765625, 16544.056640625, 16452.193359375, 16323.2783203125, 16206.1884765625, 16181.4111328125, 16144.19140625, 16107.80078125, 16063.970703125, 16041.47265625, 16018.333984375, 16003.2001953125, 16008.6904296875, 16012.5, 16006.5751953125, 15989.0478515625, 15969.0224609375, 15945.90625, 15939.71484375, 15918.001953125, 15877.7978515625, 15813.8486328125, 15765.7890625, 15729.9697265625, 15682.5986328125, 15679.2470703125, 15640.5146484375, 15617.697265625, 15597.03125, 15578.1474609375, 15560.984375, 15543.416015625, 15527.193359375, 15511.61328125, 15495.77734375, 15484.0439453125, 15466.0849609375, 15433.1689453125, 15396.390625, 15368.1728515625, 15350.33203125, 15330.1416015625, 15314.6171875, 15296.5751953125, 15286.6357421875, 15286.2841796875, 15285.6484375, 15284.74609375, 15283.65234375, 15282.9716796875, 15282.7216796875, 15282.890625, 15282.77734375, 15282.4521484375, 15282.62890625, 15283.5029296875, 15285.6357421875, 15287.0390625, 15287.41015625, 15287.328125, 15287.1142578125, 15287.078125, 15286.927734375, 15286.2021484375, 15284.96875, 15284.0869140625, 15282.9287109375, 15281.6767578125, 15280.0029296875, 15278.6171875, 15278.607421875, 15279.6005859375, 15281.064453125, 15281.6875, 15281.794921875, 15282.18359375, 15282.2353515625, 15282.0302734375, 15281.150390625], "lower": [15681.880859375, 15525.3828125, 15468.7158203125, 15421.330078125, 15388.1259765625, 15367.6396484375, 15414.6767578125, 15363.36328125, 15345.587890625, 15297.5205078125, 15255.9833984375, 15291.19921875, 15312.6142578125, 15319.044921875, 15310.1484375, 15292.166015625, 15264.970703125, 15232.7978515625, 15224.7158203125, 15236.3779296875, 15252.6611328125, 15255.82421875, 15243.669921875, 15224.1611328125, 15208.1240234375, 15197.1875, 15186.96875, 15178.5380859375, 15173.7099609375, 15170.560546875, 15163.87890625, 15152.6357421875, 15146.029296875, 15155.2744140625, 15176.7939453125, 15207.6640625, 15221.41015625, 15216.08984375, 15200.6904296875, 15185.8095703125, 15174.8251953125, 15157.3662109375, 15137.205078125, 15123.0703125, 15124.92578125, 15127.814453125, 15130.654296875, 15131.7705078125, 15130.96875, 15129.3408203125, 15126.08203125, 15122.287109375, 15118.970703125, 15115.673828125, 15109.5888671875, 15109.400390625, 15106.6015625, 15109.6025390625, 15112.59375, 15114.6083984375, 15114.599609375, 15118.2060546875, 15122.1162109375, 15125.232421875, 15123.1982421875, 15119.6435546875, 15116.1904296875, 15113.6416015625, 15109.498046875, 15103.671875, 15099.646484375, 15096.2763671875, 15107.7939453125, 15123.8251953125, 15141.1611328125, 15154.322265625, 15167.931640625, 15186.853515625, 15184.8486328125, 15182.2216796875, 15179.4052734375, 15176.2109375, 15166.349609375, 15152.494140625, 15137.8564453125, 15127.447265625, 15121.8759765625, 15109.6015625, 15097.046875, 15086.373046875, 15078.990234375, 15073.5400390625, 15069.7578125, 15065.638671875, 15062.7099609375, 15059.95703125, 15058.8466796875, 15058.177734375, 15056.806640625, 15054.5859375]}