{"mean": [14145.501302083334, 13807.556315104166, 13745.113606770834, 13961.4033203125, 13721.451822916666, 13613.457356770834, 13594.360677083334, 13580.675455729166, 13630.318684895834, 13702.864583333334, 13752.444986979166, 13672.494466145834, 13566.339192708334, 13503.100911458334, 13521.840494791666, 13534.220703125, 13512.47265625, 13455.658203125, 13481.597981770834, 13473.723958333334, 13436.319661458334, 13414.852864583334, 13407.301106770834, 13431.085286458334, 13483.814778645834, 13468.1162109375, 13447.567057291666, 13403.957356770834, 13348.779296875, 13336.62890625, 13349.674479166666, 13361.138671875, 13382.384440104166, 13418.723958333334, 13463.970703125, 13500.807291666666, 13538.297526041666, 13572.1845703125, 13599.50390625, 13620.647135416666, 13639.779622395834, 13657.7900390625, 13681.1865234375, 13694.3486328125, 13698.690755208334, 13713.9453125, 13727.195638020834, 13737.346354166666, 13727.887044270834, 13804.199544270834, 13841.890950520834, 13854.728190104166, 13804.710611979166, 13724.8623046875, 13720.8955078125, 13751.448567708334, 13802.479166666666, 13833.403645833334, 13772.4580078125, 13747.760416666666, 13767.515299479166, 13857.439453125, 13809.08203125, 13816.0205078125, 13862.967122395834, 13898.468098958334, 13881.380859375, 13875.410481770834, 13865.166015625, 13840.172200520834, 13838.482096354166, 13815.439778645834, 13810.785807291666, 13837.349934895834, 13855.237630208334, 13824.805013020834, 13825.9169921875, 13841.705729166666, 13833.41015625, 13816.5966796875, 13828.611328125, 13833.2060546875, 13808.469075520834, 13815.764322916666, 13830.8095703125, 13822.302408854166, 13814.904622395834, 13831.791341145834, 13856.099934895834, 13845.9658203125, 13847.675455729166, 13866.222981770834, 13870.106119791666, 13848.383463541666, 13839.715169270834, 13819.634440104166, 13813.6845703125, 13818.375325520834, 13783.251302083334, 13785.863932291666], "upper": [15926.51953125, 14998.8232421875, 14922.921875, 15047.1513671875, 14882.0078125, 14689.04296875, 14666.7421875, 14640.587890625, 14744.83203125, 14888.87890625, 15005.267578125, 14948.224609375, 14758.869140625, 14590.2783203125, 14386.1591796875, 14382.9677734375, 14335.236328125, 14304.8876953125, 14347.9453125, 14300.6337890625, 14208.81640625, 14183.7548828125, 14178.9423828125, 14183.58984375, 14186.28125, 14116.5078125, 14063.7587890625, 14004.4326171875, 13981.1865234375, 13981.361328125, 14011.7666015625, 14034.83203125, 14051.7314453125, 14065.76171875, 14046.5625, 14029.69921875, 14027.685546875, 14023.1162109375, 14011.1201171875, 13998.671875, 13990.9853515625, 13991.2099609375, 13989.8173828125, 13983.3037109375, 13975.732421875, 13971.841796875, 13964.5380859375, 13954.05859375, 13934.029296875, 14035.8662109375, 14042.486328125, 14043.21875, 14005.431640625, 13904.7568359375, 13883.4599609375, 13895.587890625, 13941.126953125, 13922.5615234375, 13861.763671875, 13864.1416015625, 13864.892578125, 13877.5400390625, 13882.791015625, 13900.009765625, 14010.341796875, 14177.193359375, 14198.509765625, 14187.638671875, 14109.4404296875, 13942.5966796875, 13903.2685546875, 13889.6533203125, 13874.904296875, 13882.69921875, 13899.0859375, 13825.9873046875, 13829.544921875, 13873.5185546875, 13845.876953125, 13857.203125, 13871.9833984375, 13858.712890625, 13854.74609375, 13876.7041015625, 13900.359375, 13908.716796875, 13917.51953125, 13936.720703125, 13952.65625, 13968.2978515625, 13988.0146484375, 14001.2158203125, 14004.421875, 13992.20703125, 13944.345703125, 13906.44921875, 13898.8837890625, 13886.466796875, 13855.306640625, 13835.095703125], "lower": [13221.390625, 13109.3203125, 12998.3759765625, 12923.236328125, 12878.5537109375, 12851.1220703125, 12824.072265625, 12795.0458984375, 12768.134765625, 12749.552734375, 12731.21484375, 12686.033203125, 12628.55078125, 12632.9091796875, 12898.666015625, 12937.296875, 12893.7265625, 12709.814453125, 12677.3505859375, 12675.3798828125, 12680.0478515625, 12685.5986328125, 12701.62890625, 12782.935546875, 12945.314453125, 12972.6025390625, 12969.37890625, 12908.869140625, 12750.2431640625, 12697.19140625, 12698.9970703125, 12715.4814453125, 12763.8017578125, 12857.30859375, 12986.62890625, 13089.7421875, 13183.1796875, 13273.1025390625, 13354.3330078125, 13426.3095703125, 13443.81640625, 13436.5986328125, 13434.65625, 13432.4375, 13438.6748046875, 13445.9228515625, 13426.4375, 13426.455078125, 13367.1005859375, 13466.265625, 13565.89453125, 13606.775390625, 13520.560546875, 13414.1064453125, 13401.76953125, 13479.509765625, 13599.041015625, 13718.931640625, 13596.4873046875, 13555.6220703125, 13622.595703125, 13846.0751953125, 13679.7373046875, 13696.619140625, 13758.1318359375, 13712.7236328125, 13665.537109375, 13659.4384765625, 13691.5419921875, 13776.76171875, 13784.861328125, 13759.27734375, 13754.2421875, 13770.3984375, 13803.71875, 13824.0751953125, 13820.9580078125, 13816.4013671875, 13826.0126953125, 13777.392578125, 13783.1591796875, 13790.1533203125, 13717.1474609375, 13700.1513671875, 13709.7783203125, 13694.3671875, 13678.544921875, 13705.064453125, 13758.341796875, 13737.291015625, 13738.2890625, 13780.7333984375, 13790.15625, 13756.2109375, 13784.91015625, 13767.1162109375, 13747.25390625, 13779.3759765625, 13709.8798828125, 13727.880859375]}