{"mean": [7501.167805989583, 7023.886881510417, 6885.54638671875, 7002.7255859375, 6754.12353515625, 6749.59765625, 6719.796875, 6658.741373697917, 6644.330403645833, 6724.700520833333, 6741.699544270833, 6649.178548177083, 6573.83349609375, 6429.10791015625, 6297.134440104167, 6279.79248046875, 6271.489095052083, 6198.588216145833, 6244.697102864583, 6211.586588541667, 6182.863932291667, 6155.547037760417, 6134.611979166667, 6100.802408854167, 6092.280436197917, 6086.715006510417, 6065.547526041667, 6037.76708984375, 6040.815592447917, 6003.159993489583, 6003.746419270833, 5990.483723958333, 5963.619954427083, 5902.89306640625, 5892.105305989583, 5899.379720052083, 5893.641927083333, 5885.558919270833, 5849.328776041667, 5816.945475260417, 5798.055501302083, 5780.952473958333, 5736.630208333333, 5714.06982421875, 5691.525065104167, 5659.142415364583, 5693.643391927083, 5703.177083333333, 5580.979166666667, 5605.427571614583, 5631.55322265625, 5638.799967447917, 5572.0615234375, 5562.251953125, 5587.755696614583, 5493.66552734375, 5519.279622395833, 5537.73583984375, 5455.330729166667, 5545.279134114583, 5527.818359375, 5455.984537760417, 5464.353190104167, 5478.29638671875, 5502.621256510417, 5572.295084635417, 5589.51513671875, 5548.048177083333, 5524.378255208333, 5512.090983072917, 5494.240885416667, 5492.97216796875, 5501.276204427083, 5502.180989583333, 5481.31103515625, 5469.362467447917, 5451.83251953125, 5482.602213541667, 5456.553873697917, 5444.52392578125, 5442.59375, 5440.432454427083, 5439.34619140625, 5409.517903645833, 5414.537109375, 5397.515625, 5415.198079427083, 5399.947265625, 5402.883626302083, 5389.971354166667, 5393.758138020833, 5378.187337239583, 5384.3017578125, 5388.6328125, 5382.968098958333, 5391.006510416667, 5384.645345052083, 5387.838541666667, 5393.239908854167, 5385.322102864583], "upper": [8327.4365234375, 8169.88916015625, 8035.43310546875, 7935.95703125, 7852.1376953125, 7789.845703125, 7727.77734375, 7667.1943359375, 7603.5986328125, 7528.267578125, 7435.3076171875, 7278.23583984375, 7099.04052734375, 6894.21630859375, 6822.7412109375, 6764.259765625, 6702.8349609375, 6657.390625, 6668.27978515625, 6652.5419921875, 6634.00390625, 6619.0166015625, 6639.33203125, 6650.58203125, 6651.6875, 6652.2275390625, 6650.955078125, 6666.958984375, 6654.24658203125, 6640.3759765625, 6630.462890625, 6609.2041015625, 6610.49462890625, 6556.86279296875, 6526.43408203125, 6516.93701171875, 6546.42822265625, 6560.4990234375, 6493.78125, 6471.2431640625, 6447.42626953125, 6393.9560546875, 6403.4296875, 6344.66455078125, 6300.7861328125, 6283.91943359375, 6229.01318359375, 6258.35888671875, 6107.30908203125, 6058.76953125, 6094.59033203125, 6099.07080078125, 6041.1953125, 6025.38525390625, 6025.34619140625, 5983.705078125, 5969.91064453125, 6008.9052734375, 5936.9501953125, 5967.677734375, 5954.330078125, 5994.63623046875, 5943.68212890625, 5919.96630859375, 5930.58984375, 5912.8291015625, 5909.9267578125, 5909.3759765625, 5908.84912109375, 5896.7412109375, 5905.314453125, 5902.96875, 5908.50634765625, 5909.5908203125, 5914.25439453125, 5908.69140625, 5917.62255859375, 5914.060546875, 5903.9970703125, 5893.8935546875, 5880.70703125, 5877.7646484375, 5859.53515625, 5847.900390625, 5842.44970703125, 5833.9423828125, 5834.0283203125, 5837.77685546875, 5845.544921875, 5839.1533203125, 5840.7255859375, 5842.8095703125, 5842.5556640625, 5848.9375, 5845.48193359375, 5832.1962890625, 5823.48779296875, 5819.10205078125, 5810.451171875, 5798.24609375], "lower": [7049.78955078125, 5775.0830078125, 5628.45068359375, 5908.2099609375, 5584.14501953125, 5571.5107421875, 5495.1416015625, 5440.0634765625, 5502.853515625, 5837.0771484375, 5963.35400390625, 5896.4169921875, 5832.216796875, 5566.6396484375, 5349.6953125, 5323.9921875, 5488.09814453125, 5302.3984375, 5424.16259765625, 5357.4580078125, 5342.91015625, 5336.658203125, 5321.8134765625, 5268.69189453125, 5295.0830078125, 5277.4375, 5252.3046875, 5272.84375, 5282.86328125, 5223.4482421875, 5254.69140625, 5271.84228515625, 5249.49609375, 5247.923828125, 5246.5966796875, 5255.267578125, 5248.4462890625, 5249.060546875, 5245.0908203125, 5245.31689453125, 5242.85009765625, 5233.8759765625, 5228.17578125, 5221.8359375, 5216.10693359375, 5215.9169921875, 5199.396484375, 5180.5859375, 5149.0458984375, 5131.7587890625, 5147.9033203125, 5165.189453125, 5134.6181640625, 5190.9443359375, 5146.91748046875, 5197.5673828125, 5135.939453125, 5167.5888671875, 5133.3359375, 5134.27197265625, 5136.81689453125, 5045.8251953125, 5028.14013671875, 5135.91845703125, 5232.943359375, 5326.97705078125, 5336.48876953125, 5342.88671875, 5283.11083984375, 5206.82177734375, 5192.248046875, 5207.064453125, 5160.0986328125, 5212.31494140625, 5204.84375, 5164.88037109375, 5137.8427734375, 5181.51416015625, 5140.23095703125, 5161.61474609375, 5161.94189453125, 5171.62353515625, 5144.8896484375, 5130.1689453125, 5142.15478515625, 5113.91015625, 5125.75537109375, 5135.76953125, 5130.74853515625, 5111.6396484375, 5093.9150390625, 5086.890625, 5098.197265625, 5097.64794921875, 5053.84912109375, 5122.935546875, 5111.54052734375, 5134.25537109375, 5131.6123046875, 5142.88916015625]}