{"mean": [2662.4828287760415, 2614.5740559895835, 2567.6820475260415, 2532.5445963541665, 2507.216552734375, 2495.8412272135415, 2497.6079915364585, 2522.1595865885415, 2557.5613606770835, 2602.5673014322915, 2668.7998046875, 2740.0396321614585, 2834.1292317708335, 2910.8023274739585, 2958.92041015625, 2957.6817220052085, 2917.605224609375, 2885.9374186197915, 2892.5020345052085, 2913.1787923177085, 2901.501953125, 2899.28466796875, 2905.927734375, 2904.5008138020835, 2910.7195638020835, 2917.5992838541665, 2922.6101888020835, 2921.7540690104165, 2916.6643880208335, 2906.0858561197915, 2894.2061360677085, 2882.5469563802085, 2873.50927734375, 2866.5751953125, 2862.431884765625, 2859.7755533854165, 2858.1582845052085, 2857.8091634114585, 2859.1991373697915, 2861.9402669270835, 2865.6079915364585, 2870.3733723958335, 2875.3792317708335, 2880.8351236979165, 2886.9580078125, 2893.6456705729165, 2899.1070149739585, 2911.1914876302085, 2914.37646484375, 2916.888427734375, 2919.4912923177085, 2919.705078125, 2916.9697265625, 2915.6298828125, 2915.41845703125, 2915.0382486979165, 2914.87841796875, 2914.9171549479165, 2915.1534830729165, 2915.3351236979165, 2915.056640625, 2914.3279622395835, 2912.0375162760415, 2908.2940266927085, 2904.0748697916665, 2900.8612467447915, 2898.8784993489585, 2897.9786783854165, 2897.5247395833335, 2898.9969889322915, 2904.87744140625, 2911.5747884114585, 2916.74365234375, 2919.9222819010415, 2921.2152506510415, 2920.6515299479165, 2920.7550455729165, 2921.6253255208335, 2921.345458984375, 2919.939697265625, 2918.6249186197915, 2918.6265462239585, 2920.73779296875, 2922.3346354166665, 2923.772705078125, 2926.5284830729165, 2929.4759114583335, 2930.1134440104165, 2928.479736328125, 2928.9364420572915, 2930.4755045572915, 2932.0812174479165, 2932.9286295572915, 2932.0533854166665, 2929.7788899739585, 2929.7774251302085, 2930.58447265625, 2931.525146484375, 2933.4912923177085, 2932.4688313802085], "upper": [2983.768798828125, 2953.0263671875, 2891.778076171875, 2858.527587890625, 2837.897705078125, 2829.845703125, 2831.004638671875, 2844.579833984375, 2874.093994140625, 2912.024658203125, 2956.895263671875, 2980.3681640625, 3001.343994140625, 3019.732177734375, 3049.332763671875, 2988.663818359375, 2949.40771484375, 2942.645751953125, 2934.4501953125, 2928.153564453125, 2927.280517578125, 2924.50048828125, 2928.23583984375, 2931.802734375, 2937.01123046875, 2939.780517578125, 2941.644287109375, 2946.71240234375, 2949.574462890625, 2948.228271484375, 2944.92578125, 2939.69287109375, 2936.166015625, 2933.59033203125, 2932.58935546875, 2931.799560546875, 2931.6025390625, 2931.69677734375, 2933.935302734375, 2936.04443359375, 2937.419189453125, 2939.278076171875, 2938.763671875, 2936.76220703125, 2934.62158203125, 2933.011962890625, 2931.60009765625, 2955.689208984375, 2955.3212890625, 2955.470947265625, 2955.260986328125, 2949.995361328125, 2937.500244140625, 2929.425537109375, 2924.823486328125, 2925.009765625, 2925.52734375, 2924.207275390625, 2922.492431640625, 2926.6083984375, 2930.13232421875, 2935.407958984375, 2937.5263671875, 2936.63330078125, 2932.927490234375, 2930.247802734375, 2928.361083984375, 2927.265869140625, 2924.03173828125, 2923.492919921875, 2934.5458984375, 2945.798583984375, 2951.5048828125, 2950.939208984375, 2944.920166015625, 2938.783203125, 2940.49072265625, 2940.8671875, 2939.5048828125, 2937.47021484375, 2931.663330078125, 2926.71728515625, 2925.71728515625, 2927.358642578125, 2931.30712890625, 2937.234130859375, 2942.926025390625, 2942.062744140625, 2937.981201171875, 2943.4501953125, 2948.794189453125, 2951.5625, 2950.474853515625, 2947.031494140625, 2942.033935546875, 2937.887451171875, 2936.2783203125, 2935.598388671875, 2934.06103515625, 2937.794189453125], "lower": [2410.796142578125, 2324.5341796875, 2271.519775390625, 2255.38134765625, 2257.970947265625, 2267.840087890625, 2301.942626953125, 2360.2353515625, 2356.96142578125, 2350.15673828125, 2376.6005859375, 2450.452880859375, 2581.706787109375, 2715.9990234375, 2846.724853515625, 2925.969482421875, 2883.77490234375, 2849.28759765625, 2842.643798828125, 2899.91162109375, 2852.697509765625, 2876.464599609375, 2861.7265625, 2856.235107421875, 2889.0390625, 2899.829345703125, 2911.0869140625, 2900.387939453125, 2883.355712890625, 2865.899169921875, 2852.852294921875, 2842.677490234375, 2836.207763671875, 2831.687255859375, 2825.52392578125, 2819.5224609375, 2815.5322265625, 2813.895751953125, 2813.780029296875, 2815.711669921875, 2818.88427734375, 2822.96044921875, 2828.6357421875, 2837.04150390625, 2847.0927734375, 2859.44775390625, 2871.275634765625, 2879.625, 2886.068603515625, 2892.4873046875, 2900.508056640625, 2901.28271484375, 2899.809814453125, 2898.697021484375, 2898.833984375, 2899.45654296875, 2900.18701171875, 2900.917236328125, 2901.3369140625, 2901.592041015625, 2901.41455078125, 2900.975830078125, 2898.658935546875, 2890.650390625, 2884.04541015625, 2879.450927734375, 2878.2099609375, 2879.79248046875, 2884.01318359375, 2881.546875, 2879.445556640625, 2878.510986328125, 2878.720703125, 2880.42333984375, 2883.937255859375, 2887.78125, 2892.333251953125, 2896.830078125, 2901.2490234375, 2905.608642578125, 2909.692138671875, 2913.237548828125, 2915.6572265625, 2916.404052734375, 2915.9013671875, 2914.87646484375, 2914.060302734375, 2912.533203125, 2911.6572265625, 2912.138427734375, 2915.58984375, 2920.3232421875, 2920.002197265625, 2918.2421875, 2919.4501953125, 2922.17138671875, 2927.352294921875, 2928.415771484375, 2933.09326171875, 2924.872802734375]}