{"mean": [3100.4506022135415, 3051.536865234375, 2998.4130859375, 2960.737548828125, 2936.3316243489585, 2923.7220052083335, 2922.0287272135415, 2939.5542805989585, 2968.0552571614585, 3010.1446940104165, 3069.0481770833335, 3130.632568359375, 3209.737548828125, 3277.5590006510415, 3315.5353190104165, 3302.27197265625, 3258.6951497395835, 3235.1414388020835, 3258.517333984375, 3293.4195149739585, 3300.6915690104165, 3300.0699869791665, 3301.2986653645835, 3302.675048828125, 3308.953125, 3316.694580078125, 3319.076171875, 3311.4083658854165, 3296.8809407552085, 3280.5684407552085, 3266.4781087239585, 3255.4481608072915, 3247.1923014322915, 3241.0408528645835, 3237.3153483072915, 3235.1524251302085, 3234.2364908854165, 3234.7566731770835, 3236.9801432291665, 3240.3758138020835, 3244.4755045572915, 3249.8618977864585, 3256.00732421875, 3262.6785481770835, 3269.3505045572915, 3276.4537760416665, 3283.3208821614585, 3296.92333984375, 3302.821533203125, 3309.2567545572915, 3315.2486979166665, 3318.0394694010415, 3318.471923828125, 3317.4314778645835, 3316.4652506510415, 3315.720703125, 3315.2066243489585, 3314.751953125, 3314.2793782552085, 3313.4816080729165, 3311.4910481770835, 3308.80224609375, 3304.8280436197915, 3299.6389973958335, 3294.2481282552085, 3289.4066569010415, 3285.5509440104165, 3282.979248046875, 3281.3646647135415, 3281.2953287760415, 3287.2096354166665, 3292.2684733072915, 3295.9532877604165, 3298.0550944010415, 3298.7545572916665, 3297.8655598958335, 3296.17333984375, 3294.761962890625, 3292.9357096354165, 3290.18896484375, 3287.724365234375, 3285.4071451822915, 3283.7178548177085, 3280.6356608072915, 3281.550537109375, 3283.9138997395835, 3285.8564453125, 3286.53076171875, 3285.72900390625, 3285.272705078125, 3284.5870768229165, 3283.8883463541665, 3283.3440755208335, 3281.4755859375, 3278.0318196614585, 3274.830322265625, 3271.777587890625, 3272.5113932291665, 3275.305908203125, 3273.9015299479165], "upper": [3361.685791015625, 3316.77783203125, 3231.875244140625, 3189.973388671875, 3175.134033203125, 3171.031494140625, 3174.76806640625, 3188.2431640625, 3217.94482421875, 3268.370849609375, 3315.42822265625, 3332.895263671875, 3345.123291015625, 3412.011474609375, 3421.99072265625, 3338.365966796875, 3287.42919921875, 3279.5439453125, 3297.00439453125, 3339.613525390625, 3345.015380859375, 3324.7978515625, 3339.321044921875, 3336.586669921875, 3329.7421875, 3340.016845703125, 3342.90087890625, 3338.641845703125, 3320.739501953125, 3297.27880859375, 3285.249755859375, 3280.916748046875, 3276.659423828125, 3273.23193359375, 3271.70458984375, 3270.906494140625, 3271.133056640625, 3271.96435546875, 3275.012451171875, 3278.16015625, 3279.699462890625, 3281.2666015625, 3280.9140625, 3279.344970703125, 3281.10546875, 3293.11865234375, 3303.017822265625, 3311.88818359375, 3319.677490234375, 3326.322265625, 3332.05126953125, 3334.88232421875, 3338.952880859375, 3343.620849609375, 3345.971923828125, 3347.0107421875, 3346.43359375, 3344.118896484375, 3341.168701171875, 3340.36962890625, 3338.32373046875, 3335.4169921875, 3331.8310546875, 3327.256591796875, 3322.563232421875, 3316.790283203125, 3310.5302734375, 3304.45947265625, 3299.359619140625, 3295.24951171875, 3291.908203125, 3297.77978515625, 3304.718505859375, 3310.34033203125, 3314.3466796875, 3315.776123046875, 3314.77197265625, 3312.57763671875, 3308.987548828125, 3308.48681640625, 3310.731689453125, 3312.02978515625, 3312.109619140625, 3310.545654296875, 3307.974853515625, 3304.93701171875, 3301.952880859375, 3298.872314453125, 3296.2958984375, 3294.826171875, 3295.402099609375, 3296.416259765625, 3299.776123046875, 3298.442626953125, 3290.560791015625, 3282.478759765625, 3276.16943359375, 3276.09326171875, 3279.312744140625, 3280.982177734375], "lower": [2871.111572265625, 2799.512939453125, 2754.501953125, 2738.101318359375, 2737.446533203125, 2744.719482421875, 2772.95849609375, 2809.254150390625, 2796.999755859375, 2784.938232421875, 2801.779052734375, 2857.7490234375, 2961.41796875, 3083.065673828125, 3208.682373046875, 3274.81982421875, 3231.053955078125, 3209.207275390625, 3209.2177734375, 3262.40234375, 3259.3740234375, 3259.4580078125, 3262.562255859375, 3267.669677734375, 3274.264892578125, 3279.0537109375, 3282.22412109375, 3286.36083984375, 3281.305419921875, 3256.8232421875, 3239.528076171875, 3229.228515625, 3224.40869140625, 3221.839599609375, 3219.636962890625, 3213.997314453125, 3210.399169921875, 3209.504638671875, 3210.42236328125, 3213.443359375, 3217.92333984375, 3223.424072265625, 3230.3173828125, 3239.75048828125, 3249.733642578125, 3260.844482421875, 3273.253173828125, 3284.617431640625, 3294.044677734375, 3294.327392578125, 3294.30712890625, 3289.762451171875, 3280.72705078125, 3271.68212890625, 3264.3466796875, 3259.723388671875, 3258.166748046875, 3258.89111328125, 3261.8681640625, 3267.57568359375, 3273.7705078125, 3279.5126953125, 3281.329345703125, 3280.678955078125, 3277.28515625, 3274.211181640625, 3271.2177734375, 3269.025146484375, 3265.79833984375, 3264.156494140625, 3278.87451171875, 3289.03173828125, 3289.52392578125, 3290.64453125, 3288.43115234375, 3281.146484375, 3273.33251953125, 3268.0234375, 3263.616943359375, 3257.379150390625, 3255.529296875, 3256.76611328125, 3261.543212890625, 3262.354736328125, 3259.852294921875, 3263.73974609375, 3268.43310546875, 3274.236572265625, 3278.969482421875, 3276.7001953125, 3270.211181640625, 3265.21533203125, 3260.96484375, 3259.22119140625, 3260.416015625, 3263.024169921875, 3269.495361328125, 3267.3916015625, 3271.813720703125, 3260.608154296875]}