{"mean": [9648.3193359375, 9651.994791666666, 9666.398763020834, 9683.000325520834, 9702.499348958334, 9725.109049479166, 9750.351888020834, 9775.3974609375, 9798.087565104166, 9818.204427083334, 9838.333333333334, 9858.119791666666, 9870.65625, 9875.3505859375, 9868.198893229166, 9856.149739583334, 9850.5029296875, 9848.709635416666, 9851.102864583334, 9852.816080729166, 9849.339518229166, 9848.243489583334, 9845.808919270834, 9844.901692708334, 9846.579427083334, 9847.4091796875, 9846.732421875, 9844.608723958334, 9842.677408854166, 9839.591145833334, 9836.388346354166, 9833.695638020834, 9831.0439453125, 9828.544921875, 9826.351236979166, 9824.249348958334, 9822.484375, 9820.880533854166, 9819.602213541666, 9818.587890625, 9817.657552083334, 9816.944661458334, 9816.478515625, 9816.0078125, 9815.23046875, 9814.210611979166, 9813.132161458334, 9812.021809895834, 9810.44921875, 9808.994791666666, 9806.929361979166, 9804.694986979166, 9802.85546875, 9801.430338541666, 9800.392252604166, 9798.902669270834, 9796.835611979166, 9794.202473958334, 9791.394205729166, 9788.350260416666, 9785.133463541666, 9782.3271484375, 9779.639973958334, 9777.2119140625, 9775.2666015625, 9772.984375, 9770.231119791666, 9766.732747395834, 9762.96875, 9759.689453125, 9755.883138020834, 9752.565104166666, 9749.158203125, 9745.477213541666, 9741.445963541666, 9737.0361328125, 9732.747395833334, 9728.103515625, 9723.271809895834, 9718.263671875, 9712.546223958334, 9706.08984375, 9698.123697916666, 9688.1533203125, 9682.705729166666, 9680.211263020834, 9678.147135416666, 9675.638997395834, 9672.378255208334, 9669.3701171875, 9666.8212890625, 9663.777994791666, 9660.649088541666, 9656.626953125, 9651.518229166666, 9645.215169270834, 9637.209635416666, 9634.1552734375, 9633.8291015625, 9633.652669270834], "upper": [9881.93359375, 9855.484375, 9846.29296875, 9835.142578125, 9823.341796875, 9813.732421875, 9805.56640625, 9827.0244140625, 9867.8076171875, 9907.66796875, 9943.54296875, 9970.6669921875, 9990.3193359375, 10002.169921875, 9999.6875, 9989.03125, 9979.3388671875, 9979.1591796875, 9982.26953125, 9977.59765625, 9963.2197265625, 9964.453125, 9962.388671875, 9961.677734375, 9968.974609375, 9969.775390625, 9969.697265625, 9968.54296875, 9966.4912109375, 9962.3056640625, 9958.1640625, 9954.41796875, 9951.1513671875, 9947.765625, 9944.96484375, 9942.6904296875, 9940.869140625, 9939.4775390625, 9938.58203125, 9937.6708984375, 9936.896484375, 9936.474609375, 9936.3046875, 9936.119140625, 9935.037109375, 9933.7919921875, 9932.5048828125, 9930.7880859375, 9929.0810546875, 9927.91796875, 9925.80859375, 9923.5498046875, 9921.1884765625, 9918.7099609375, 9916.6787109375, 9914.23828125, 9911.5927734375, 9908.72265625, 9905.662109375, 9902.244140625, 9898.060546875, 9893.62109375, 9889.3984375, 9885.7470703125, 9881.8720703125, 9878.0009765625, 9873.974609375, 9869.73828125, 9865.4072265625, 9861.14453125, 9856.8671875, 9852.49609375, 9848.0126953125, 9843.3662109375, 9838.466796875, 9833.35546875, 9828.0478515625, 9822.3408203125, 9816.634765625, 9810.763671875, 9804.9482421875, 9799.44921875, 9793.541015625, 9787.2861328125, 9780.6875, 9773.9423828125, 9766.9931640625, 9759.650390625, 9751.9189453125, 9743.8662109375, 9735.41015625, 9726.509765625, 9716.994140625, 9705.005859375, 9689.6630859375, 9670.4990234375, 9646.0546875, 9645.2548828125, 9645.439453125, 9645.8466796875], "lower": [9518.9287109375, 9522.177734375, 9539.142578125, 9562.359375, 9590.8779296875, 9623.7080078125, 9662.2197265625, 9702.6787109375, 9742.9130859375, 9767.453125, 9754.44140625, 9748.251953125, 9731.955078125, 9709.6640625, 9684.4814453125, 9662.248046875, 9661.310546875, 9660.9716796875, 9660.013671875, 9659.451171875, 9658.6025390625, 9657.2099609375, 9655.298828125, 9653.1064453125, 9651.90625, 9650.2705078125, 9648.25, 9646.7802734375, 9645.86328125, 9644.89453125, 9643.9775390625, 9643.421875, 9643.2861328125, 9642.9541015625, 9642.47265625, 9641.6982421875, 9640.8212890625, 9639.6875, 9638.447265625, 9637.400390625, 9636.404296875, 9635.791015625, 9635.2744140625, 9634.69140625, 9634.177734375, 9633.89453125, 9633.650390625, 9634.05078125, 9633.3994140625, 9632.97265625, 9632.423828125, 9631.0703125, 9629.591796875, 9629.525390625, 9629.7041015625, 9629.2958984375, 9628.8974609375, 9628.53125, 9628.3857421875, 9627.7119140625, 9626.7958984375, 9626.46484375, 9626.2421875, 9626.138671875, 9628.33984375, 9629.66796875, 9629.9541015625, 9628.5400390625, 9626.6201171875, 9626.4169921875, 9624.94921875, 9625.71875, 9626.271484375, 9625.8671875, 9624.9345703125, 9623.5673828125, 9623.564453125, 9623.556640625, 9623.4482421875, 9623.109375, 9622.708984375, 9622.490234375, 9622.271484375, 9622.16015625, 9620.6796875, 9620.625, 9621.572265625, 9621.490234375, 9620.615234375, 9620.26953125, 9621.2080078125, 9620.97265625, 9621.19921875, 9621.2099609375, 9621.1533203125, 9620.9189453125, 9620.81640625, 9620.328125, 9620.048828125, 9619.8935546875]}