{"mean": [959.0411173502604, 967.6243082682291, 976.9669799804688, 978.45458984375, 978.3681437174479, 978.5789794921875, 979.5284423828125, 980.3721110026041, 978.8733113606771, 975.0716145833334, 968.7204386393229, 962.4324951171875, 957.5688883463541, 952.2516682942709, 945.5435994466146, 941.6884765625, 941.0692749023438, 942.4033203125, 942.2915445963541, 930.7909545898438, 917.2322794596354, 910.8052978515625, 910.0391642252604, 905.3489786783854, 902.670654296875, 905.8412679036459, 912.7127888997396, 919.9696248372396, 925.6115519205729, 929.9443155924479, 933.5073852539062, 936.8869222005209, 939.2961222330729, 940.5144449869791, 941.1723225911459, 941.2757975260416, 940.8713989257812, 940.1350504557291, 938.9983520507812, 937.3618977864584, 935.7355143229166, 934.1689453125, 933.1480102539062, 932.6390991210938, 931.7357991536459, 930.3570963541666, 928.3822428385416, 918.2143147786459, 914.4637858072916, 910.2866414388021, 905.739501953125, 902.4319864908854, 901.4446614583334, 901.234375, 901.111572265625, 901.2083129882812, 901.1754150390625, 900.9522501627604, 900.6068522135416, 900.2383219401041, 900.3599650065104, 901.2539876302084, 902.9105428059896, 905.4639282226562, 908.3791097005209, 910.6719156901041, 912.2062784830729, 912.6173706054688, 912.2642618815104, 911.6504109700521, 905.860107421875, 900.3879801432291, 896.5721435546875, 894.2335815429688, 893.3685709635416, 894.1981811523438, 894.7473551432291, 895.1306762695312, 895.2475179036459, 896.4735107421875, 896.1760050455729, 894.3237508138021, 891.2079264322916, 886.6305948893229, 882.3706665039062, 878.3119506835938, 874.8646036783854, 873.0840861002604, 872.6884969075521, 872.0811971028646, 871.625244140625, 871.3414103190104, 871.9135945638021, 872.0459391276041, 871.3700358072916, 869.4692179361979, 866.0381062825521, 862.4448852539062, 859.8166707356771, 860.8554890950521], "upper": [991.773193359375, 990.4761962890625, 989.806884765625, 988.4069213867188, 990.037353515625, 992.7489624023438, 996.8070068359375, 1001.95068359375, 1006.6295166015625, 1011.3948974609375, 1015.3779907226562, 1016.5448608398438, 1015.650390625, 1011.1990966796875, 1001.41162109375, 992.43359375, 987.7317504882812, 985.6484985351562, 976.434326171875, 968.6383056640625, 939.4270629882812, 932.5767211914062, 928.6375732421875, 922.1689453125, 927.8555297851562, 941.4292602539062, 955.8750610351562, 967.4400024414062, 974.8687744140625, 979.26025390625, 981.781005859375, 983.0695190429688, 983.910400390625, 984.0700073242188, 984.0360717773438, 983.90625, 983.6353759765625, 983.2440795898438, 982.8031005859375, 982.0109252929688, 980.983642578125, 979.7327270507812, 977.9926147460938, 976.0549926757812, 973.4803466796875, 970.5928955078125, 967.167236328125, 963.1072998046875, 958.60107421875, 954.02587890625, 948.9979858398438, 944.2547607421875, 939.20166015625, 933.8505249023438, 929.709716796875, 926.628173828125, 924.726318359375, 923.9807739257812, 924.3571166992188, 925.5404663085938, 927.3065185546875, 929.9938354492188, 933.0806884765625, 935.901123046875, 938.2098999023438, 940.3689575195312, 942.421630859375, 943.7531127929688, 944.5811157226562, 944.919921875, 944.7928466796875, 943.9935913085938, 942.5543212890625, 940.448974609375, 937.5885009765625, 934.3218383789062, 930.5020141601562, 926.5350341796875, 923.010009765625, 919.6314697265625, 916.2633056640625, 913.4288940429688, 911.50146484375, 910.4317016601562, 910.2052612304688, 910.2474975585938, 910.3624267578125, 910.4298095703125, 910.1715698242188, 908.8492431640625, 906.4386596679688, 902.998291015625, 898.79541015625, 894.0017700195312, 888.4329833984375, 881.6822509765625, 873.3487548828125, 865.8428344726562, 867.2100219726562, 879.8540649414062], "lower": [898.9990844726562, 927.068603515625, 955.5494995117188, 959.5859985351562, 957.7137451171875, 956.1632690429688, 955.33349609375, 951.7592163085938, 940.8903198242188, 923.7025146484375, 898.1561889648438, 874.7219848632812, 858.2838134765625, 848.4096069335938, 845.80029296875, 850.319091796875, 860.4065551757812, 868.6015014648438, 879.0177612304688, 886.2623901367188, 889.0831298828125, 888.1276245117188, 883.9429931640625, 876.8306274414062, 868.5803833007812, 862.7394409179688, 856.6118774414062, 850.301513671875, 847.2213745117188, 847.4863891601562, 850.504638671875, 855.7969360351562, 860.5671997070312, 863.161376953125, 864.6357421875, 864.8544921875, 863.8463134765625, 862.2515258789062, 859.6366577148438, 855.9964599609375, 852.8558349609375, 850.4216918945312, 850.3043212890625, 852.3209228515625, 854.6862182617188, 856.844970703125, 858.4259643554688, 837.160888671875, 837.0689086914062, 837.11279296875, 837.1884765625, 840.1031494140625, 849.0300903320312, 858.9767456054688, 866.0907592773438, 871.1917724609375, 873.1937255859375, 872.0027465820312, 868.164794921875, 862.5654907226562, 856.8170166015625, 851.9190063476562, 849.4818115234375, 850.27978515625, 854.2764282226562, 857.9071655273438, 860.8219604492188, 862.2471923828125, 863.2002563476562, 865.0108642578125, 852.88623046875, 842.854248046875, 838.4158935546875, 838.7008666992188, 843.12744140625, 851.9727172851562, 859.3300170898438, 865.2183837890625, 869.259765625, 875.8123779296875, 878.1292724609375, 876.3056030273438, 871.3728637695312, 863.763916015625, 855.6389770507812, 848.14697265625, 843.2684936523438, 843.8516235351562, 849.584228515625, 851.6097412109375, 846.9095458984375, 844.4984130859375, 845.0462036132812, 848.2951049804688, 853.1388549804688, 858.0070190429688, 862.0286865234375, 856.4139404296875, 853.1339111328125, 851.12451171875]}