{"mean": [1667.3372802734375, 1624.1324055989583, 1611.7759602864583, 1595.6004638671875, 1580.625, 1544.1548258463542, 1512.9294840494792, 1501.1947021484375, 1492.2118733723958, 1498.4715983072917, 1510.4100748697917, 1532.9372151692708, 1549.5882975260417, 1554.5323079427083, 1553.1647542317708, 1564.1254475911458, 1578.2769775390625, 1595.652099609375, 1613.6014811197917, 1636.50634765625, 1664.7342529296875, 1692.7312418619792, 1705.0084635416667, 1695.3743896484375, 1679.7670491536458, 1665.9803873697917, 1655.72509765625, 1648.4058024088542, 1641.5791015625, 1634.0290934244792, 1627.3970540364583, 1620.9099527994792, 1615.7044270833333, 1611.32275390625, 1609.0577799479167, 1608.06005859375, 1608.201904296875, 1609.2152913411458, 1611.2511393229167, 1614.2042643229167, 1617.3611246744792, 1621.5899251302083, 1625.1552734375, 1627.07080078125, 1628.9130859375, 1630.9950358072917, 1633.5222574869792, 1645.6353352864583, 1649.4275716145833, 1653.3261311848958, 1657.2270914713542, 1659.3561197916667, 1659.0321451822917, 1658.2793375651042, 1658.031982421875, 1657.677001953125, 1657.158203125, 1656.5205078125, 1656.0090738932292, 1655.5718994140625, 1654.9729410807292, 1653.9366455078125, 1651.9762369791667, 1649.0703938802083, 1645.5465901692708, 1642.5666097005208, 1640.282470703125, 1638.887939453125, 1638.2619222005208, 1637.8709716796875, 1642.9742024739583, 1648.1485595703125, 1651.3704020182292, 1652.5335286458333, 1651.8402506510417, 1649.2645670572917, 1647.0331217447917, 1645.1039632161458, 1643.6717529296875, 1641.17333984375, 1640.0836588541667, 1640.0216064453125, 1635.5504964192708, 1636.7669270833333, 1639.7377115885417, 1643.3630777994792, 1646.6507568359375, 1647.8937174479167, 1647.3617350260417, 1647.2914632161458, 1647.037109375, 1646.5939127604167, 1645.1073811848958, 1643.7274576822917, 1642.4796142578125, 1636.8485921223958, 1637.392822265625, 1640.3779296875, 1643.2132161458333, 1642.6011555989583], "upper": [1727.7236328125, 1640.383056640625, 1644.574951171875, 1613.8499755859375, 1589.06201171875, 1577.226806640625, 1582.0343017578125, 1591.145751953125, 1605.3818359375, 1624.4869384765625, 1648.7430419921875, 1672.242919921875, 1691.2886962890625, 1682.9566650390625, 1674.09521484375, 1658.655029296875, 1646.738037109375, 1637.87939453125, 1630.3043212890625, 1670.2718505859375, 1720.9266357421875, 1758.1734619140625, 1749.3577880859375, 1745.859619140625, 1718.216796875, 1691.2227783203125, 1669.318115234375, 1655.57470703125, 1659.270263671875, 1658.7034912109375, 1654.899658203125, 1648.658447265625, 1643.445068359375, 1640.5469970703125, 1638.933349609375, 1638.5718994140625, 1639.4500732421875, 1640.9482421875, 1643.58447265625, 1647.3619384765625, 1650.8206787109375, 1653.5543212890625, 1653.582763671875, 1651.2056884765625, 1648.3194580078125, 1645.800048828125, 1644.1063232421875, 1670.074462890625, 1670.0814208984375, 1670.0189208984375, 1669.91357421875, 1665.378173828125, 1664.059326171875, 1669.0216064453125, 1672.529541015625, 1674.0499267578125, 1673.1131591796875, 1670.2962646484375, 1669.074951171875, 1667.0150146484375, 1664.366943359375, 1661.0252685546875, 1657.43798828125, 1654.017822265625, 1650.9185791015625, 1648.038330078125, 1645.2640380859375, 1642.9210205078125, 1641.0367431640625, 1639.555908203125, 1649.50390625, 1662.0543212890625, 1668.0260009765625, 1667.55029296875, 1661.60009765625, 1654.769775390625, 1654.658203125, 1653.41552734375, 1651.553466796875, 1649.0997314453125, 1650.4752197265625, 1651.5433349609375, 1651.729736328125, 1651.05078125, 1649.6793212890625, 1654.8319091796875, 1660.9296875, 1660.12109375, 1653.1640625, 1653.61328125, 1659.2236328125, 1662.0697021484375, 1661.4281005859375, 1657.475830078125, 1651.81640625, 1646.3701171875, 1642.1309814453125, 1645.40966796875, 1649.133056640625, 1652.125732421875], "lower": [1634.8634033203125, 1592.3822021484375, 1589.42333984375, 1584.0179443359375, 1575.5230712890625, 1493.89111328125, 1472.474609375, 1437.0992431640625, 1434.2623291015625, 1423.2860107421875, 1423.6009521484375, 1435.00537109375, 1451.886474609375, 1487.518310546875, 1475.84423828125, 1498.4505615234375, 1524.1697998046875, 1552.2708740234375, 1583.4296875, 1618.677734375, 1617.9097900390625, 1618.6153564453125, 1622.057861328125, 1628.0673828125, 1636.45361328125, 1642.3232421875, 1648.59423828125, 1637.178955078125, 1626.8662109375, 1615.6649169921875, 1608.138427734375, 1602.1895751953125, 1597.7188720703125, 1594.5762939453125, 1592.7353515625, 1592.2403564453125, 1592.300537109375, 1592.2947998046875, 1593.21630859375, 1595.016357421875, 1597.34814453125, 1603.045654296875, 1606.54296875, 1610.449951171875, 1614.888916015625, 1619.5439453125, 1624.6827392578125, 1630.7237548828125, 1637.3399658203125, 1644.373291015625, 1650.3404541015625, 1654.6539306640625, 1654.2047119140625, 1642.9130859375, 1635.371826171875, 1630.2254638671875, 1628.159423828125, 1629.2640380859375, 1633.1524658203125, 1638.7540283203125, 1644.9947509765625, 1650.0611572265625, 1645.116455078125, 1640.68505859375, 1637.30615234375, 1635.0672607421875, 1634.0555419921875, 1634.2216796875, 1635.57421875, 1636.2103271484375, 1638.5941162109375, 1638.1253662109375, 1638.351806640625, 1639.099853515625, 1640.4708251953125, 1642.1943359375, 1642.303955078125, 1635.9354248046875, 1631.9111328125, 1625.4195556640625, 1623.3438720703125, 1624.916015625, 1625.197998046875, 1622.0159912109375, 1623.2171630859375, 1627.3223876953125, 1632.8980712890625, 1639.2391357421875, 1642.81982421875, 1642.1517333984375, 1639.479736328125, 1634.246826171875, 1629.070556640625, 1627.09130859375, 1628.3934326171875, 1632.056884765625, 1631.941162109375, 1636.7113037109375, 1636.788330078125, 1624.341796875]}