{"mean": [5676.46240234375, 5660.15234375, 5639.80859375, 5615.246907552083, 5595.036946614583, 5572.207194010417, 5538.211588541667, 5508.096354166667, 5487.9306640625, 5481.527994791667, 5480.712239583333, 5479.90185546875, 5482.356282552083, 5484.175618489583, 5484.849609375, 5486.162272135417, 5487.513020833333, 5488.060872395833, 5487.743326822917, 5486.55517578125, 5484.728841145833, 5482.386881510417, 5480.127604166667, 5478.142415364583, 5476.021321614583, 5473.681477864583, 5470.961751302083, 5467.345703125, 5464.296712239583, 5461.919108072917, 5460.470540364583, 5460.38525390625, 5460.951334635417, 5461.319661458333, 5461.679361979167, 5461.6630859375, 5461.568033854167, 5461.208658854167, 5460.598958333333, 5460.042805989583, 5459.474934895833, 5458.797200520833, 5458.077799479167, 5457.311848958333, 5456.379557291667, 5455.3193359375, 5454.309895833333, 5453.321940104167, 5452.512532552083, 5452.167154947917, 5451.753743489583, 5451.2333984375, 5450.611653645833, 5450.006998697917, 5449.619954427083, 5449.3896484375, 5449.182942708333, 5448.996907552083, 5448.88232421875, 5449.3125, 5448.996256510417, 5449.309733072917, 5449.611002604167, 5449.80517578125, 5449.89453125, 5449.837239583333, 5449.705078125, 5449.4560546875, 5449.15966796875, 5448.849609375, 5448.584147135417, 5448.418782552083, 5448.681966145833, 5448.254557291667, 5448.277180989583, 5448.383951822917, 5448.453938802083, 5448.442220052083, 5448.377604166667, 5448.290364583333, 5448.212727864583, 5448.070638020833, 5447.913248697917, 5447.807454427083, 5447.76416015625, 5447.769856770833, 5447.849772135417, 5447.880533854167, 5447.818196614583, 5447.917805989583, 5447.961751302083, 5448.059895833333, 5448.114908854167, 5448.121744791667, 5448.094889322917, 5448.068359375, 5448.0849609375, 5448.11279296875, 5448.106282552083, 5448.17578125], "upper": [5958.51025390625, 5937.69970703125, 5903.43994140625, 5844.2412109375, 5790.1396484375, 5730.32373046875, 5630.625, 5539.2841796875, 5537.408203125, 5536.767578125, 5536.96533203125, 5537.833984375, 5538.0068359375, 5538.86279296875, 5539.53857421875, 5539.75, 5539.70166015625, 5539.92919921875, 5540.73828125, 5541.119140625, 5541.1962890625, 5540.38623046875, 5539.20458984375, 5537.92333984375, 5536.59814453125, 5535.185546875, 5533.67138671875, 5531.662109375, 5530.8720703125, 5531.3525390625, 5531.720703125, 5532.09765625, 5532.455078125, 5532.720703125, 5532.88916015625, 5532.8955078125, 5532.78466796875, 5532.56689453125, 5532.22314453125, 5531.83642578125, 5531.29541015625, 5530.7021484375, 5530.0048828125, 5529.267578125, 5528.37841796875, 5527.23876953125, 5525.99560546875, 5524.521484375, 5522.95849609375, 5522.7373046875, 5522.32470703125, 5521.49365234375, 5520.25390625, 5518.908203125, 5517.92431640625, 5517.39599609375, 5516.7841796875, 5516.26611328125, 5515.84716796875, 5517.12646484375, 5516.1708984375, 5517.17919921875, 5518.064453125, 5518.63134765625, 5518.8427734375, 5518.75830078125, 5518.4306640625, 5517.81396484375, 5517.103515625, 5516.3203125, 5515.7265625, 5515.4716796875, 5516.4873046875, 5515.49609375, 5515.7734375, 5516.17578125, 5516.5947265625, 5516.81396484375, 5516.908203125, 5516.83251953125, 5516.64404296875, 5516.33251953125, 5515.98974609375, 5515.7099609375, 5515.546875, 5515.42138671875, 5515.58056640625, 5515.5849609375, 5515.443359375, 5515.6240234375, 5515.82275390625, 5515.9912109375, 5516.09716796875, 5516.0908203125, 5516.0146484375, 5515.91650390625, 5516.0146484375, 5516.1025390625, 5516.0595703125, 5516.20751953125], "lower": [5519.17822265625, 5493.4990234375, 5474.21923828125, 5463.6455078125, 5457.8115234375, 5449.77880859375, 5447.6337890625, 5448.20947265625, 5450.73388671875, 5451.31396484375, 5449.4970703125, 5445.896484375, 5441.1044921875, 5436.5009765625, 5432.0927734375, 5428.498046875, 5426.45068359375, 5425.1728515625, 5424.1181640625, 5423.826171875, 5423.63623046875, 5423.6376953125, 5423.775390625, 5423.7568359375, 5423.248046875, 5422.42431640625, 5421.41064453125, 5420.2412109375, 5419.0498046875, 5417.43017578125, 5416.111328125, 5415.3369140625, 5415.00244140625, 5414.8681640625, 5414.80322265625, 5414.74267578125, 5414.51513671875, 5414.40283203125, 5414.14013671875, 5413.912109375, 5413.880859375, 5413.9541015625, 5414.20703125, 5414.47265625, 5414.51416015625, 5414.44384765625, 5414.2294921875, 5413.9462890625, 5414.04296875, 5413.93896484375, 5413.8759765625, 5413.85595703125, 5413.796875, 5413.80517578125, 5413.8720703125, 5413.9111328125, 5413.98681640625, 5414.07373046875, 5414.16162109375, 5414.22802734375, 5414.2412109375, 5414.28076171875, 5414.3349609375, 5414.46728515625, 5414.5703125, 5414.578125, 5414.58544921875, 5414.62109375, 5414.6259765625, 5414.67724609375, 5414.6259765625, 5414.58740234375, 5414.515625, 5414.4111328125, 5414.3173828125, 5414.37451171875, 5414.33984375, 5414.24072265625, 5414.05517578125, 5413.92822265625, 5413.80615234375, 5413.70361328125, 5413.6728515625, 5413.646484375, 5413.6181640625, 5413.61865234375, 5413.6376953125, 5413.7060546875, 5413.68505859375, 5413.73388671875, 5413.62744140625, 5413.6767578125, 5413.59716796875, 5413.58740234375, 5413.55712890625, 5413.58544921875, 5413.52490234375, 5413.51123046875, 5413.54736328125, 5413.5791015625]}