{"mean": [2383.2412109375, 2364.2264811197915, 2353.2532552083335, 2341.5484212239585, 2330.338623046875, 2314.884765625, 2298.8335774739585, 2281.1432291666665, 2258.20654296875, 2233.9121907552085, 2207.1046549479165, 2176.6180826822915, 2146.9807942708335, 2119.02490234375, 2091.470458984375, 2068.967569986979, 2050.0902506510415, 2039.0199381510417, 2036.2239176432292, 2032.4551188151042, 2024.6133626302083, 2014.1208089192708, 2002.488037109375, 1992.3534342447917, 1982.36669921875, 1964.4847412109375, 1941.1421305338542, 1920.78173828125, 1917.1263834635417, 1913.1840413411458, 1903.2111409505208, 1888.2281901041667, 1881.1335856119792, 1888.8897298177083, 1883.7579752604167, 1867.5754801432292, 1845.3884684244792, 1823.8729654947917, 1796.5865478515625, 1770.2763671875, 1763.996337890625, 1769.1189371744792, 1774.4397786458333, 1778.1028238932292, 1783.0996500651042, 1782.6133626302083, 1787.1373697916667, 1782.1878255208333, 1774.8421630859375, 1769.1851806640625, 1765.5583902994792, 1763.385986328125, 1759.0367838541667, 1754.5537923177083, 1753.5210367838542, 1756.6704915364583, 1758.1515706380208, 1758.1255696614583, 1756.951171875, 1755.7430419921875, 1754.498291015625, 1753.2552083333333, 1752.774169921875, 1753.2353922526042, 1756.2714029947917, 1756.7423095703125, 1754.8512776692708, 1760.8797200520833, 1766.6421712239583, 1768.688720703125, 1768.6551106770833, 1766.6778564453125, 1763.9292399088542, 1759.5306803385417, 1756.4464111328125, 1755.83642578125, 1755.6996663411458, 1755.3755289713542, 1755.79248046875, 1755.7574869791667, 1755.3811442057292, 1755.2158610026042, 1756.2971598307292, 1756.7195638020833, 1756.6138102213542, 1757.58203125, 1758.3219807942708, 1757.4331868489583, 1756.9165852864583, 1757.5900472005208, 1760.4067789713542, 1761.4276529947917, 1759.511474609375, 1757.0214029947917, 1757.8405354817708, 1757.064453125, 1758.3405354817708, 1760.4532877604167, 1761.7932942708333, 1760.7446695963542], "upper": [2511.397216796875, 2499.591796875, 2486.27685546875, 2471.804443359375, 2455.741455078125, 2438.294921875, 2417.885009765625, 2393.14892578125, 2361.697509765625, 2325.81494140625, 2281.201171875, 2235.962646484375, 2209.3125, 2184.30126953125, 2159.94970703125, 2140.971435546875, 2122.55517578125, 2099.240234375, 2096.901123046875, 2091.3837890625, 2086.9560546875, 2082.990234375, 2077.46435546875, 2068.97412109375, 2056.786376953125, 2035.317626953125, 2017.9969482421875, 2010.2208251953125, 1996.7774658203125, 1978.6053466796875, 1971.66064453125, 1952.2347412109375, 1923.7623291015625, 1918.5843505859375, 1922.44775390625, 1911.1407470703125, 1884.8375244140625, 1848.1356201171875, 1807.8677978515625, 1776.4404296875, 1783.7894287109375, 1797.225341796875, 1795.73779296875, 1788.26220703125, 1821.5462646484375, 1816.230224609375, 1807.4981689453125, 1812.3798828125, 1801.671630859375, 1798.5496826171875, 1793.6495361328125, 1784.053466796875, 1767.9752197265625, 1755.08935546875, 1755.2841796875, 1764.984375, 1768.628173828125, 1768.7762451171875, 1765.8546142578125, 1763.729736328125, 1760.1497802734375, 1755.6072998046875, 1753.866455078125, 1755.3642578125, 1763.72509765625, 1761.395751953125, 1756.1942138671875, 1765.3563232421875, 1771.5343017578125, 1773.88818359375, 1772.6826171875, 1770.9510498046875, 1769.2574462890625, 1765.023193359375, 1760.445556640625, 1757.9141845703125, 1757.6363525390625, 1756.8099365234375, 1757.4892578125, 1758.53955078125, 1757.2293701171875, 1756.227294921875, 1759.1014404296875, 1760.5745849609375, 1760.9212646484375, 1760.4334716796875, 1759.3411865234375, 1759.7352294921875, 1760.4078369140625, 1760.09033203125, 1761.822021484375, 1762.7989501953125, 1762.510498046875, 1761.587158203125, 1759.8394775390625, 1758.88671875, 1765.660888671875, 1768.8858642578125, 1768.385009765625, 1765.0673828125], "lower": [2176.987548828125, 2151.603271484375, 2148.3818359375, 2144.59521484375, 2140.88818359375, 2125.189453125, 2115.838134765625, 2109.696533203125, 2095.947509765625, 2084.310546875, 2076.241943359375, 2068.981689453125, 2063.403076171875, 2057.737548828125, 2049.742431640625, 2030.6201171875, 2010.8466796875, 1985.48779296875, 1970.4312744140625, 1966.36083984375, 1948.2213134765625, 1918.564208984375, 1887.3857421875, 1868.939453125, 1859.701171875, 1835.944091796875, 1796.03125, 1771.4588623046875, 1780.186279296875, 1785.7718505859375, 1804.207763671875, 1810.447509765625, 1817.7410888671875, 1852.6778564453125, 1851.61865234375, 1818.8779296875, 1785.43896484375, 1780.56005859375, 1777.0711669921875, 1764.643310546875, 1753.7122802734375, 1751.446533203125, 1756.9234619140625, 1760.6849365234375, 1759.0318603515625, 1755.9268798828125, 1756.1436767578125, 1758.540771484375, 1758.635986328125, 1754.2056884765625, 1750.802001953125, 1750.75732421875, 1753.28076171875, 1753.5740966796875, 1751.4771728515625, 1752.41064453125, 1751.3424072265625, 1750.8333740234375, 1752.135986328125, 1750.3948974609375, 1750.1697998046875, 1751.6544189453125, 1751.8660888671875, 1752.066162109375, 1752.00146484375, 1754.2249755859375, 1753.74462890625, 1754.4114990234375, 1757.134521484375, 1759.2764892578125, 1760.6224365234375, 1761.3314208984375, 1760.1182861328125, 1756.5487060546875, 1753.827392578125, 1754.3011474609375, 1754.434814453125, 1753.7613525390625, 1754.876953125, 1754.1439208984375, 1753.774169921875, 1753.8458251953125, 1754.414306640625, 1754.4239501953125, 1754.3524169921875, 1754.025146484375, 1756.4666748046875, 1755.077392578125, 1754.9036865234375, 1754.76904296875, 1759.4573974609375, 1758.8126220703125, 1756.743896484375, 1754.0010986328125, 1755.069091796875, 1754.5418701171875, 1754.0189208984375, 1755.2122802734375, 1757.664794921875, 1757.801513671875]}