{"mean": [2812.8917643229165, 2798.0375162760415, 2787.062744140625, 2775.4365234375, 2761.82080078125, 2742.4527994791665, 2723.2482096354165, 2702.81982421875, 2678.31591796875, 2651.90087890625, 2621.7969563802085, 2588.114501953125, 2555.844970703125, 2525.6319173177085, 2497.5621744791665, 2479.5087890625, 2470.5003255208335, 2467.85986328125, 2473.0384928385415, 2474.8798014322915, 2470.7887369791665, 2462.119384765625, 2449.8914388020835, 2437.4207356770835, 2425.6485188802085, 2408.202392578125, 2391.8693033854165, 2382.3529459635415, 2381.9371744791665, 2377.1675618489585, 2371.3319498697915, 2365.998291015625, 2363.6165364583335, 2370.4117838541665, 2367.5961100260415, 2353.236083984375, 2337.0077311197915, 2322.2481282552085, 2302.697509765625, 2285.378173828125, 2282.5553385416665, 2285.4166666666665, 2290.7418619791665, 2296.7782389322915, 2306.2957356770835, 2305.18603515625, 2305.30908203125, 2301.5979817708335, 2295.7918294270835, 2294.4896647135415, 2291.4955240885415, 2287.8972981770835, 2281.413330078125, 2276.8182779947915, 2274.7530110677085, 2275.632568359375, 2275.9632975260415, 2275.66552734375, 2275.37353515625, 2275.4791666666665, 2275.2666829427085, 2274.8199869791665, 2274.6682942708335, 2274.8250325520835, 2277.1399739583335, 2277.269775390625, 2275.5894368489585, 2280.7408854166665, 2286.5672200520835, 2288.1234537760415, 2286.4666341145835, 2284.0684407552085, 2281.19775390625, 2277.0472819010415, 2274.1561686197915, 2273.700439453125, 2273.4077962239585, 2272.7333170572915, 2272.6641438802085, 2272.082763671875, 2271.338134765625, 2270.82470703125, 2271.3921712239585, 2271.5888671875, 2271.337890625, 2271.8262532552085, 2272.1359049479165, 2271.0931803385415, 2270.2403157552085, 2270.6376953125, 2272.7730305989585, 2273.4521484375, 2271.5467936197915, 2269.111083984375, 2269.3534342447915, 2268.881103515625, 2269.78515625, 2271.806640625, 2272.5416666666665, 2271.1057942708335], "upper": [2957.72900390625, 2946.030517578125, 2932.64697265625, 2917.723876953125, 2900.733642578125, 2881.185302734375, 2858.563720703125, 2831.731689453125, 2799.117431640625, 2758.95166015625, 2707.57470703125, 2644.654541015625, 2596.173095703125, 2569.509033203125, 2545.286865234375, 2530.50830078125, 2527.986083984375, 2516.52001953125, 2518.252685546875, 2515.934326171875, 2513.502685546875, 2510.0703125, 2503.837158203125, 2501.23974609375, 2493.227294921875, 2483.759033203125, 2477.11474609375, 2464.558837890625, 2440.26904296875, 2425.687255859375, 2425.259033203125, 2409.5263671875, 2382.228271484375, 2403.270263671875, 2417.371826171875, 2414.0712890625, 2394.9033203125, 2364.213623046875, 2325.847900390625, 2295.2373046875, 2295.314453125, 2307.578857421875, 2306.4111328125, 2324.67578125, 2368.4443359375, 2359.844970703125, 2333.000732421875, 2317.868408203125, 2313.4208984375, 2321.299072265625, 2317.905029296875, 2305.59375, 2289.282958984375, 2284.75439453125, 2279.2626953125, 2282.533203125, 2286.189453125, 2285.529052734375, 2282.680908203125, 2280.424560546875, 2277.60205078125, 2280.4775390625, 2281.947998046875, 2281.37939453125, 2281.3388671875, 2281.182861328125, 2282.737060546875, 2288.642578125, 2296.51025390625, 2298.77001953125, 2295.451904296875, 2290.046630859375, 2284.393310546875, 2279.468017578125, 2276.53173828125, 2276.77197265625, 2278.1240234375, 2276.630126953125, 2274.19482421875, 2273.605224609375, 2272.57470703125, 2272.494140625, 2274.756103515625, 2275.301513671875, 2274.898681640625, 2273.9013671875, 2273.019775390625, 2273.04931640625, 2273.361328125, 2273.0, 2274.411376953125, 2274.98193359375, 2274.51318359375, 2273.56005859375, 2272.047607421875, 2270.349853515625, 2273.6591796875, 2277.199462890625, 2275.87890625, 2271.8759765625], "lower": [2587.350830078125, 2574.088623046875, 2572.585205078125, 2570.173095703125, 2566.613037109375, 2550.2646484375, 2538.861083984375, 2531.627685546875, 2519.10400390625, 2508.703857421875, 2501.097412109375, 2494.1875, 2488.707275390625, 2481.54150390625, 2468.590576171875, 2446.0205078125, 2419.9111328125, 2405.78857421875, 2406.935546875, 2413.1640625, 2401.702392578125, 2375.0654296875, 2342.7197265625, 2320.244384765625, 2310.864990234375, 2297.70361328125, 2281.458984375, 2279.890380859375, 2293.9140625, 2297.818603515625, 2323.73876953125, 2336.304443359375, 2336.03857421875, 2351.310302734375, 2327.9267578125, 2318.604248046875, 2302.6044921875, 2301.052978515625, 2285.832275390625, 2278.13037109375, 2273.0859375, 2266.69873046875, 2265.374267578125, 2265.45263671875, 2265.656005859375, 2267.2490234375, 2271.26513671875, 2275.509765625, 2276.2451171875, 2272.7509765625, 2268.422119140625, 2267.616455078125, 2269.529296875, 2272.72216796875, 2270.676513671875, 2268.807373046875, 2267.89599609375, 2268.26513671875, 2269.86572265625, 2270.976318359375, 2271.05810546875, 2270.306884765625, 2269.445556640625, 2269.12109375, 2269.897705078125, 2271.66357421875, 2271.43798828125, 2271.9716796875, 2273.846435546875, 2275.546630859375, 2276.6630859375, 2277.114990234375, 2275.991943359375, 2273.285400390625, 2270.221435546875, 2270.683349609375, 2270.7685546875, 2269.927978515625, 2270.801513671875, 2269.8330078125, 2269.21826171875, 2269.088623046875, 2269.47802734375, 2269.292236328125, 2269.527099609375, 2269.071044921875, 2271.04052734375, 2269.70703125, 2268.3974609375, 2267.40283203125, 2271.392333984375, 2271.980224609375, 2269.8427734375, 2266.008056640625, 2267.286865234375, 2268.13525390625, 2267.344482421875, 2268.21533203125, 2270.244384765625, 2270.14794921875]}