{
    "particle_has_naninf": false,
    "point_distance_sr": 14741.173828125,
    "point_distance_rs": 1529.408935546875,
    "chamfer_loss_pcd": 16270.5830078125,
    "particle_distance_sr": 5236.123046875,
    "particle_distance_rs": 5602.38623046875,
    "chamfer_loss_particle": 10838.509765625,
    "final_height_map": null,
    "height_map_loss_pcd": 2361.34228515625,
    "emd_point_distance_loss": 1616.8995361328125,
    "emd_particle_distance_loss": 9719.2919921875,
    "total_loss": 0.0
}