{"mean": [28913.891276041668, 27702.40625, 27724.793619791668, 28378.9453125, 28418.057291666668, 28094.455729166668, 27570.736979166668, 27116.841145833332, 27168.60546875, 27544.399088541668, 27390.600260416668, 27117.201822916668, 26922.457682291668, 26278.580729166668, 25891.103515625, 25967.125651041668, 25938.19921875, 26049.26953125, 26119.699869791668, 26236.091796875, 26368.018229166668, 26162.703776041668, 25758.938151041668, 25691.292317708332, 25213.408854166668, 25146.037109375, 25349.462239583332, 25431.428385416668, 25560.752604166668, 25515.641927083332, 25463.581380208332, 25291.76171875, 25126.108723958332, 24926.604166666668, 24450.505859375, 24157.307291666668, 24200.040364583332, 24262.74609375, 24684.389322916668, 24692.858072916668, 25027.305338541668, 24927.3671875, 24510.498046875, 24307.373697916668, 23933.669921875, 23564.44921875, 23653.701171875, 23714.775390625, 23822.896484375, 24250.109375, 24236.594401041668, 24327.973307291668, 24477.026041666668, 24431.158203125, 24504.412760416668, 24799.279296875, 24804.024088541668, 24419.661458333332, 23389.109375, 23782.320963541668, 23553.729817708332, 23450.139973958332, 23633.180338541668, 23566.666666666668, 23096.740885416668, 23296.244140625, 23513.576171875, 23513.661458333332, 23352.65234375, 23340.179036458332, 23338.524088541668, 23267.720052083332, 23233.16796875, 23364.470703125, 23181.455729166668, 23156.271484375, 23092.729166666668, 22949.464192708332, 23028.576171875, 22961.087239583332, 23066.774739583332, 22922.968098958332, 22981.092447916668, 23014.768880208332, 23045.634114583332, 23100.792317708332, 22965.126953125, 23041.819010416668, 22957.313151041668, 23017.55859375, 22978.036458333332, 22979.214192708332, 22997.147135416668, 22967.157552083332, 23007.157552083332, 23034.793619791668, 23015.241536458332, 22964.427734375, 22894.4375, 22903.267578125], "upper": [31218.935546875, 30913.45703125, 30638.6484375, 30414.134765625, 30211.58203125, 30071.419921875, 29949.74609375, 29802.158203125, 29552.64453125, 29298.826171875, 28907.935546875, 28511.759765625, 28006.771484375, 27348.447265625, 27094.2578125, 27467.755859375, 27447.66796875, 27487.13671875, 27524.140625, 27494.517578125, 27421.875, 27280.94140625, 27061.333984375, 26837.37109375, 26875.25390625, 26800.7109375, 26740.234375, 26676.455078125, 26573.435546875, 26598.3125, 26642.552734375, 26537.197265625, 26321.37109375, 26262.119140625, 26196.69921875, 26108.576171875, 26045.47265625, 25985.939453125, 25859.982421875, 25890.431640625, 25755.78125, 25500.0625, 25423.009765625, 25258.7578125, 25104.896484375, 25065.98828125, 24964.44921875, 24789.61328125, 24519.93359375, 24580.720703125, 24771.720703125, 25226.9921875, 25381.716796875, 25183.3046875, 25784.044921875, 26036.20703125, 26066.806640625, 25707.927734375, 24851.4453125, 24899.1875, 24407.228515625, 24163.578125, 24661.078125, 24601.474609375, 24082.05859375, 24179.447265625, 24471.07421875, 24572.61328125, 24517.90234375, 24447.80078125, 24367.8359375, 24282.837890625, 24194.00390625, 24099.3515625, 24023.494140625, 23929.001953125, 23824.529296875, 23676.044921875, 23583.947265625, 23528.732421875, 23428.7890625, 23387.54296875, 23429.13671875, 23584.453125, 23631.673828125, 23515.1640625, 23476.564453125, 23629.2890625, 23511.98046875, 23597.89453125, 23611.44140625, 23760.537109375, 23862.9765625, 23771.78515625, 23854.859375, 24047.34765625, 24014.833984375, 23834.783203125, 23586.7890625, 23670.408203125], "lower": [27676.931640625, 24114.609375, 24670.111328125, 26092.90625, 26164.1484375, 25564.4296875, 24309.8046875, 23285.234375, 24248.19921875, 25475.76953125, 25591.888671875, 25578.88671875, 25424.390625, 24192.896484375, 23497.59375, 23252.8828125, 23001.359375, 23487.27734375, 24193.26171875, 24984.412109375, 25533.859375, 25405.16796875, 24287.837890625, 24279.94140625, 22861.544921875, 22880.904296875, 23884.046875, 24097.173828125, 24701.548828125, 24829.6796875, 24500.5390625, 24068.388671875, 23893.22265625, 23483.453125, 22325.033203125, 22089.33203125, 22436.625, 22791.833984375, 23949.484375, 23587.251953125, 24528.8125, 24470.732421875, 23456.50390625, 23328.1328125, 22699.19140625, 21938.5625, 22427.76171875, 23124.56640625, 23095.037109375, 24037.759765625, 23733.908203125, 23543.099609375, 23852.857421875, 23962.583984375, 23663.08984375, 23913.265625, 23530.087890625, 23088.98828125, 22292.8671875, 22394.330078125, 22590.560546875, 22893.048828125, 22475.78125, 22486.287109375, 22014.626953125, 22182.673828125, 22408.580078125, 22530.765625, 22340.3828125, 22080.87109375, 22133.158203125, 22302.3671875, 22208.283203125, 22573.08984375, 22361.5546875, 22238.41796875, 22073.865234375, 22039.328125, 22151.38671875, 22179.41015625, 22492.1484375, 22064.111328125, 22179.99609375, 22159.21875, 22137.0078125, 22426.005859375, 22066.10546875, 22141.89453125, 22068.39453125, 22214.3828125, 22135.34375, 22052.1171875, 22046.578125, 22080.53515625, 22143.3203125, 22023.10546875, 22027.4453125, 22056.1796875, 22077.03515625, 22030.486328125]}