{"mean": [8085.217447916667, 7646.375813802083, 7624.172037760417, 7965.47802734375, 8001.251790364583, 7930.784342447917, 7800.43505859375, 7645.075846354167, 7575.08056640625, 7612.183756510417, 7625.368489583333, 7576.795084635417, 7481.408203125, 7357.323567708333, 7331.0517578125, 7284.085286458333, 7295.86669921875, 7316.0810546875, 7361.732259114583, 7390.413248697917, 7413.195149739583, 7392.6318359375, 7331.626953125, 7258.708984375, 7137.3125, 7081.73876953125, 7112.743001302083, 7140.516438802083, 7172.237955729167, 7179.64990234375, 7178.7470703125, 7133.733723958333, 7076.562174479167, 7011.28271484375, 6930.64013671875, 6896.5595703125, 6905.611002604167, 6961.709147135417, 7027.403157552083, 7059.452962239583, 7110.068033854167, 7101.243326822917, 7050.404947916667, 6996.24853515625, 6886.75439453125, 6808.078287760417, 6774.563639322917, 6852.637369791667, 6918.451334635417, 6949.813639322917, 7002.253743489583, 7034.6064453125, 7100.486002604167, 7062.882161458333, 7090.96484375, 7129.650716145833, 7128.758626302083, 7039.78466796875, 6907.9990234375, 6892.847493489583, 6937.05029296875, 6989.541666666667, 6983.352376302083, 6951.031901041667, 6905.812337239583, 6860.044596354167, 6869.418782552083, 6879.2529296875, 6873.281087239583, 6867.66015625, 6886.362467447917, 6886.311686197917, 6883.922037760417, 6915.607259114583, 6907.961263020833, 6869.56591796875, 6840.768717447917, 6805.342122395833, 6785.9443359375, 6795.619303385417, 6812.828776041667, 6799.874674479167, 6790.30322265625, 6790.23583984375, 6799.167154947917, 6816.281087239583, 6815.073404947917, 6828.814127604167, 6812.845540364583, 6812.500651041667, 6827.1953125, 6838.704264322917, 6847.527180989583, 6841.55810546875, 6837.356770833333, 6836.68212890625, 6844.018391927083, 6850.331380208333, 6849.14111328125, 6860.427897135417], "upper": [8615.228515625, 7969.935546875, 7891.13427734375, 8318.9892578125, 8453.5068359375, 8389.54296875, 8283.3828125, 7996.61083984375, 7599.759765625, 7871.73828125, 8028.2294921875, 8014.01318359375, 7863.41796875, 7642.771484375, 7489.3056640625, 7332.912109375, 7358.57958984375, 7379.349609375, 7604.32861328125, 7805.63623046875, 7923.44287109375, 7878.1396484375, 7704.9443359375, 7534.07421875, 7224.0771484375, 7159.4501953125, 7265.63623046875, 7408.16064453125, 7503.12744140625, 7513.06396484375, 7460.40576171875, 7343.0654296875, 7228.900390625, 7112.2509765625, 7050.54248046875, 7035.19189453125, 7024.9921875, 7165.23828125, 7371.02294921875, 7456.9150390625, 7620.7138671875, 7618.728515625, 7468.63525390625, 7297.32421875, 6942.20166015625, 6912.322265625, 6874.38720703125, 6919.43505859375, 7095.2119140625, 7170.34033203125, 7216.4267578125, 7241.60400390625, 7253.642578125, 7250.26220703125, 7231.00537109375, 7295.65625, 7346.53759765625, 7253.32666015625, 7078.3486328125, 7001.2646484375, 7035.0625, 7087.4248046875, 7089.2080078125, 7089.01513671875, 7050.5009765625, 7007.5419921875, 6993.59912109375, 6997.75341796875, 7001.953125, 7003.474609375, 7001.810546875, 6998.43896484375, 6992.232421875, 7003.3720703125, 6983.07958984375, 6965.8994140625, 6931.30224609375, 6880.2919921875, 6874.67431640625, 6889.33642578125, 6890.337890625, 6901.78662109375, 6889.546875, 6882.17333984375, 6885.28759765625, 6912.58740234375, 6945.388671875, 6984.08837890625, 6939.521484375, 6914.5205078125, 6959.06982421875, 7019.85693359375, 7043.33251953125, 7007.806640625, 6990.185546875, 7005.60302734375, 7021.36083984375, 7029.716796875, 7027.037109375, 7063.48583984375], "lower": [7554.82275390625, 7449.02587890625, 7459.70458984375, 7748.31591796875, 7767.306640625, 7689.59814453125, 7450.2158203125, 7323.017578125, 7558.482421875, 7455.78369140625, 7405.9287109375, 7353.6044921875, 7256.060546875, 7117.97998046875, 7190.3798828125, 7238.95068359375, 7237.27294921875, 7197.08837890625, 7114.4599609375, 7010.1943359375, 6976.43994140625, 6982.623046875, 7004.861328125, 6996.0517578125, 6988.78369140625, 6966.16943359375, 6928.84521484375, 6871.375, 6859.98828125, 6849.677734375, 6889.7177734375, 6888.3974609375, 6873.1474609375, 6839.21923828125, 6802.86083984375, 6756.13037109375, 6724.986328125, 6702.60205078125, 6687.03564453125, 6675.9521484375, 6687.98974609375, 6719.26611328125, 6745.8056640625, 6769.05908203125, 6784.9052734375, 6740.95361328125, 6687.74609375, 6782.6708984375, 6813.39794921875, 6811.98876953125, 6888.201171875, 6920.67431640625, 6954.26171875, 6900.27685546875, 6825.5107421875, 6900.00244140625, 6927.5791015625, 6884.9296875, 6807.8203125, 6768.46142578125, 6782.16455078125, 6833.033203125, 6849.56787109375, 6838.0732421875, 6809.32666015625, 6772.9580078125, 6761.41259765625, 6773.8544921875, 6801.6416015625, 6781.73583984375, 6816.08056640625, 6797.7041015625, 6767.57080078125, 6759.09521484375, 6776.8359375, 6798.59326171875, 6787.53662109375, 6747.75146484375, 6713.134765625, 6715.60693359375, 6742.9189453125, 6690.16748046875, 6686.42041015625, 6682.0390625, 6695.7880859375, 6726.05859375, 6686.39697265625, 6681.68798828125, 6684.93505859375, 6712.54541015625, 6706.95263671875, 6690.8388671875, 6695.5537109375, 6709.75244140625, 6719.716796875, 6706.2275390625, 6707.8447265625, 6718.75244140625, 6722.8388671875, 6717.6396484375]}