{"mean": [9167.159830729166, 8399.298502604166, 8660.603190104166, 8794.824869791666, 8688.083170572916, 8361.048990885416, 8159.599609375, 8110.493001302083, 8076.678059895833, 8093.875, 8019.18017578125, 8123.40087890625, 8124.85107421875, 7926.743001302083, 7836.9892578125, 7933.177897135417, 7812.940592447917, 7771.214192708333, 7607.862630208333, 7609.307454427083, 7574.222330729167, 7588.122884114583, 7400.314453125, 7344.672526041667, 7366.741536458333, 7353.007975260417, 7337.647623697917, 7183.613444010417, 7213.400390625, 7125.656412760417, 7203.123697916667, 7105.093587239583, 7177.048665364583, 7014.1318359375, 7077.732584635417, 7094.101725260417, 7068.847981770833, 7060.816243489583, 7001.374674479167, 6979.063313802083, 7001.113444010417, 6934.6572265625, 6774.0478515625, 6675.38818359375, 6796.81103515625, 6665.466145833333, 6913.645670572917, 6619.89306640625, 6513.70263671875, 6248.3251953125, 6515.65771484375, 6758.677897135417, 6728.480305989583, 6315.67138671875, 6497.25830078125, 6590.692545572917, 6656.7802734375, 6952.15966796875, 6914.362630208333, 6195.333170572917, 6104.222981770833, 6545.80224609375, 6690.561360677083, 6386.243977864583, 6253.05712890625, 6402.948893229167, 6483.574381510417, 6484.35009765625, 6433.994791666667, 6447.239908854167, 6480.484049479167, 6394.506998697917, 6526.58642578125, 6747.33544921875, 6519.94482421875, 6367.49169921875, 6187.36328125, 6365.27490234375, 6200.658203125, 6363.527180989583, 6564.515625, 6301.888346354167, 6301.193033854167, 6271.793294270833, 6041.08544921875, 6120.997395833333, 6300.5341796875, 6369.241048177083, 6319.201985677083, 6262.4794921875, 6260.225748697917, 6057.2138671875, 6014.146321614583, 6782.464680989583, 6597.04833984375, 5913.74267578125, 6435.84912109375, 6672.27685546875, 6424.645670572917, 6212.837239583333], "upper": [10188.7421875, 9960.693359375, 9719.2109375, 9648.701171875, 9603.59765625, 9545.9541015625, 9442.8212890625, 9357.2763671875, 9296.4404296875, 9270.8525390625, 9250.5146484375, 9226.443359375, 9198.423828125, 9160.248046875, 9104.2138671875, 9013.650390625, 8895.7802734375, 8776.8291015625, 8673.1357421875, 8582.2978515625, 8505.09375, 8439.07421875, 8371.4208984375, 8280.876953125, 8171.50439453125, 8082.0244140625, 8036.3916015625, 8001.5068359375, 7993.06591796875, 7922.802734375, 7805.05615234375, 7755.95068359375, 7741.7021484375, 7583.9794921875, 7466.87158203125, 7458.35595703125, 7566.1455078125, 7406.9677734375, 7270.96533203125, 7336.232421875, 7324.0634765625, 7394.03564453125, 7257.03271484375, 6994.96630859375, 7269.81689453125, 7184.1630859375, 7331.7216796875, 6968.5078125, 6667.50390625, 6500.04736328125, 7068.1552734375, 7159.3671875, 7175.98828125, 6688.38232421875, 7053.1845703125, 7154.41162109375, 7162.19580078125, 7343.65771484375, 7320.88671875, 6312.73486328125, 6202.67333984375, 6980.412109375, 7126.28466796875, 7129.67041015625, 6657.375, 6738.4345703125, 6884.408203125, 7117.55712890625, 7173.80908203125, 6723.06201171875, 7082.34228515625, 6685.98876953125, 6965.412109375, 7137.52978515625, 6779.0458984375, 6907.43212890625, 6498.48681640625, 7006.033203125, 6372.83740234375, 6718.130859375, 6944.16845703125, 6537.35693359375, 6634.1904296875, 7053.353515625, 6468.81884765625, 6644.220703125, 7090.2392578125, 6491.0458984375, 6466.26513671875, 7074.55859375, 6814.71337890625, 6136.1953125, 6219.18896484375, 7195.6865234375, 6885.3134765625, 6142.58642578125, 7259.86328125, 6956.25, 6826.7099609375, 6594.9267578125], "lower": [8552.96875, 6473.4755859375, 7657.357421875, 8118.919921875, 7853.85888671875, 6942.16455078125, 6507.537109375, 6549.63427734375, 6536.28125, 6651.673828125, 6504.98291015625, 6877.80029296875, 6929.38916015625, 6411.70947265625, 6248.77685546875, 6693.20556640625, 6538.521484375, 6643.03515625, 6352.51123046875, 6517.40673828125, 6554.43798828125, 6716.2001953125, 6338.80322265625, 6315.3095703125, 6581.583984375, 6693.6015625, 6717.57861328125, 6269.09619140625, 6514.77490234375, 6424.07763671875, 6721.46142578125, 6376.39697265625, 6512.931640625, 6143.12548828125, 6589.06591796875, 6656.0966796875, 6296.86279296875, 6369.171875, 6470.3974609375, 6347.52294921875, 6367.7958984375, 6493.84130859375, 6394.5771484375, 6159.677734375, 6415.01513671875, 6303.091796875, 6175.1806640625, 6430.86328125, 6374.380859375, 5751.8369140625, 5981.13232421875, 6473.36279296875, 6236.34375, 6074.72900390625, 6113.423828125, 6156.5341796875, 6252.1064453125, 6407.53955078125, 6380.5361328125, 6071.4375, 5951.19873046875, 6220.39453125, 6138.94873046875, 5819.77783203125, 5813.5400390625, 6229.0322265625, 6155.5205078125, 6136.53369140625, 5985.3935546875, 6135.65380859375, 6146.81494140625, 6177.0341796875, 6169.58935546875, 6136.822265625, 6141.33544921875, 6055.5302734375, 5926.0654296875, 5937.20166015625, 6067.4111328125, 6135.14892578125, 6140.078125, 6137.5830078125, 6133.44873046875, 5608.89404296875, 5502.775390625, 5581.56787109375, 5676.28857421875, 6135.35888671875, 6143.7353515625, 5559.33056640625, 5828.62646484375, 6003.64111328125, 5684.64306640625, 6146.0732421875, 6141.95166015625, 5718.5888671875, 5902.32958984375, 6140.98974609375, 6142.7080078125, 5896.95068359375]}