{"mean": [2545.412353515625, 2256.5597330729165, 2370.0943196614585, 2428.372314453125, 2387.6917317708335, 2255.6949462890625, 2166.7603352864585, 2200.1820475260415, 2190.985107421875, 2145.629923502604, 2136.49072265625, 2184.643310546875, 2190.2455240885415, 2139.0140787760415, 2105.4638671875, 2118.206502278646, 2119.9945475260415, 2101.234578450521, 2064.249755859375, 2063.7589111328125, 2083.0240885416665, 2088.3136393229165, 2044.3971354166667, 2016.8302408854167, 2016.7620849609375, 2028.0799967447917, 2015.4122314453125, 1983.6173502604167, 1988.1247965494792, 2003.8249104817708, 2014.8995768229167, 1985.5461832682292, 1967.1373291015625, 1957.515625, 1978.6900227864583, 1972.7061360677083, 1949.294677734375, 1947.3971761067708, 1958.7650146484375, 1958.4558512369792, 1953.5585123697917, 1952.4954833984375, 1948.9670003255208, 1949.1988525390625, 1955.2750651041667, 1948.6230875651042, 1931.1045328776042, 1951.9652506510417, 1949.2281901041667, 1952.8232421875, 1944.419677734375, 1944.894287109375, 1928.628173828125, 1931.8783772786458, 1932.117431640625, 1925.7646891276042, 1933.3921305338542, 1932.6715901692708, 1926.4420166015625, 1934.1042073567708, 1929.1469319661458, 1923.4299723307292, 1919.4171956380208, 1925.8682454427083, 1924.5991617838542, 1920.0173746744792, 1919.951904296875, 1915.1033528645833, 1916.7974853515625, 1912.4481201171875, 1915.8684488932292, 1913.6300048828125, 1912.5926106770833, 1909.4459228515625, 1908.9179280598958, 1909.5648600260417, 1911.5694173177083, 1908.9817708333333, 1909.3489176432292, 1905.8633626302083, 1904.7764892578125, 1906.4759928385417, 1904.5505777994792, 1908.7469482421875, 1910.9947102864583, 1907.7401936848958, 1905.558349609375, 1903.9815266927083, 1903.772216796875, 1905.7204182942708, 1907.3435872395833, 1913.1318359375, 1905.9901529947917, 1905.8389892578125, 1898.1707356770833, 1909.5098063151042, 1917.6515299479167, 1915.8260904947917, 1904.7705485026042, 1898.7469075520833], "upper": [2633.0087890625, 2538.4306640625, 2503.626708984375, 2476.669921875, 2459.13427734375, 2436.26806640625, 2420.40234375, 2404.02783203125, 2384.44140625, 2363.065673828125, 2349.857666015625, 2341.134033203125, 2332.69970703125, 2324.06982421875, 2313.38623046875, 2302.215087890625, 2291.69970703125, 2280.8681640625, 2269.188720703125, 2259.00634765625, 2248.438232421875, 2236.056396484375, 2220.375, 2199.438720703125, 2180.417724609375, 2169.30029296875, 2154.63623046875, 2137.3984375, 2128.207763671875, 2117.818359375, 2098.136962890625, 2076.49169921875, 2067.6220703125, 2052.61181640625, 2060.25634765625, 2055.709228515625, 2036.579345703125, 2033.4512939453125, 2043.815185546875, 2038.6348876953125, 2035.235107421875, 2048.879638671875, 2058.464599609375, 2039.789794921875, 2033.2613525390625, 2037.572509765625, 2030.01025390625, 2030.1263427734375, 2043.2911376953125, 2034.955322265625, 2021.5218505859375, 2026.187255859375, 2020.6390380859375, 2019.011474609375, 2027.5308837890625, 2018.25390625, 2014.0338134765625, 2019.8536376953125, 2006.9627685546875, 2020.4390869140625, 2021.7315673828125, 2010.869873046875, 2011.691650390625, 2010.3802490234375, 2003.54296875, 2010.0130615234375, 2005.8695068359375, 1998.706787109375, 2001.411376953125, 1998.178955078125, 2006.156005859375, 2002.8756103515625, 1996.8697509765625, 1998.80322265625, 1997.19287109375, 2003.343017578125, 2005.383056640625, 2003.989501953125, 2000.4932861328125, 1998.3507080078125, 1997.98291015625, 1998.1151123046875, 1999.3206787109375, 2012.0247802734375, 2016.8865966796875, 2012.7705078125, 2010.395751953125, 2001.13134765625, 2000.99609375, 2014.901123046875, 2023.28369140625, 2026.244384765625, 2012.8555908203125, 2019.1995849609375, 2003.6630859375, 2021.7413330078125, 2050.378662109375, 2060.157470703125, 2030.048095703125, 2000.375732421875], "lower": [2384.96142578125, 1899.677490234375, 2296.455322265625, 2337.790283203125, 2333.863525390625, 2015.1580810546875, 1801.654052734375, 1936.96435546875, 1934.049072265625, 1826.2850341796875, 1821.83056640625, 1983.675537109375, 2009.866943359375, 1867.381103515625, 1789.155517578125, 1857.2047119140625, 1896.89404296875, 1875.2952880859375, 1793.353271484375, 1818.5172119140625, 1899.47607421875, 1933.718994140625, 1841.73095703125, 1795.410400390625, 1820.5557861328125, 1870.18701171875, 1859.2611083984375, 1789.533203125, 1819.2119140625, 1879.232421875, 1937.14404296875, 1869.328857421875, 1819.0587158203125, 1785.19287109375, 1823.9892578125, 1833.7003173828125, 1793.0670166015625, 1800.3714599609375, 1825.9752197265625, 1840.459228515625, 1835.9825439453125, 1823.0372314453125, 1801.485595703125, 1783.0615234375, 1802.1212158203125, 1791.713623046875, 1784.8515625, 1807.56982421875, 1816.00634765625, 1816.48681640625, 1815.56640625, 1809.9482421875, 1785.1781005859375, 1778.78662109375, 1789.2315673828125, 1777.533935546875, 1784.113037109375, 1797.62158203125, 1794.1090087890625, 1779.201904296875, 1774.53564453125, 1775.8082275390625, 1774.0054931640625, 1777.3875732421875, 1781.955078125, 1777.3428955078125, 1772.4102783203125, 1770.5240478515625, 1769.88525390625, 1769.1114501953125, 1769.67236328125, 1770.71630859375, 1769.619140625, 1766.92138671875, 1765.8900146484375, 1765.235107421875, 1765.3909912109375, 1765.975341796875, 1766.02783203125, 1763.2442626953125, 1762.3499755859375, 1761.91259765625, 1761.9130859375, 1763.0386962890625, 1762.45458984375, 1760.674560546875, 1759.85595703125, 1759.4742431640625, 1759.97900390625, 1760.4803466796875, 1758.55224609375, 1757.99609375, 1758.0137939453125, 1758.4564208984375, 1757.65380859375, 1757.355224609375, 1757.33837890625, 1756.5599365234375, 1756.385009765625, 1756.5797119140625]}