{"mean": [15292.4619140625, 14197.561197916666, 13946.2509765625, 14111.871419270834, 14185.935221354166, 14203.388346354166, 14018.065104166666, 13897.20703125, 13708.590169270834, 13496.990885416666, 13318.168619791666, 13137.065104166666, 13020.653971354166, 12980.981119791666, 12920.315755208334, 12842.120768229166, 12779.299153645834, 12682.385091145834, 12726.211588541666, 12692.787109375, 12605.9951171875, 12524.865559895834, 12508.46875, 12400.265625, 12357.272786458334, 12304.832356770834, 12234.133463541666, 12185.741536458334, 12130.853841145834, 12173.0751953125, 12201.499348958334, 12169.855143229166, 12165.142903645834, 12115.527669270834, 12042.042643229166, 11964.990234375, 11881.358072916666, 11856.828776041666, 11854.069010416666, 11885.1201171875, 11909.644205729166, 11936.7958984375, 11977.347330729166, 12018.639322916666, 12054.0478515625, 12073.692708333334, 12086.160807291666, 12095.062174479166, 12105.533203125, 12127.3828125, 12138.0087890625, 12154.8232421875, 12153.214518229166, 12146.024088541666, 12129.911783854166, 12092.1015625, 12071.026041666666, 12057.719075520834, 12045.825846354166, 12048.5341796875, 12046.301432291666, 12042.13671875, 12040.981119791666, 12041.0439453125, 12028.810546875, 12015.015950520834, 12000.351888020834, 11997.028971354166, 12000.9853515625, 12012.322265625, 12027.751302083334, 12045.1884765625, 12063.8408203125, 12072.775716145834, 12074.0498046875, 12069.078125, 12067.7802734375, 12072.814453125, 12053.185221354166, 12049.649739583334, 12040.4169921875, 12026.145182291666, 12012.267903645834, 12002.167317708334, 12000.702473958334, 11998.4189453125, 11996.240234375, 12001.853190104166, 12004.868815104166, 12008.994791666666, 12015.041015625, 12019.653645833334, 12017.9189453125, 12011.17578125, 12003.460611979166, 11995.158528645834, 11987.8349609375, 11983.1474609375, 11984.050130208334, 11987.195638020834], "upper": [16044.234375, 15790.0185546875, 15598.4619140625, 15430.708984375, 15287.9697265625, 15187.3837890625, 15080.4853515625, 14961.3505859375, 14805.01953125, 14602.7177734375, 14336.72265625, 14098.8916015625, 13889.908203125, 13646.9599609375, 13510.1904296875, 13453.798828125, 13406.302734375, 13378.9990234375, 13340.6796875, 13300.2978515625, 13221.6875, 13105.091796875, 12961.97265625, 12809.7421875, 12722.3271484375, 12679.361328125, 12591.515625, 12515.13671875, 12401.2158203125, 12425.912109375, 12449.9560546875, 12511.9140625, 12555.623046875, 12514.2421875, 12405.8291015625, 12274.904296875, 12136.2861328125, 12043.908203125, 12026.7548828125, 12018.01953125, 12052.1337890625, 12067.6611328125, 12141.3740234375, 12244.7861328125, 12336.251953125, 12394.560546875, 12425.3544921875, 12432.671875, 12419.759765625, 12392.7333984375, 12360.8759765625, 12329.4462890625, 12367.1025390625, 12374.19921875, 12354.1279296875, 12317.35546875, 12270.2353515625, 12229.369140625, 12248.0556640625, 12286.5126953125, 12299.27734375, 12291.1083984375, 12269.6455078125, 12234.736328125, 12227.5703125, 12224.8291015625, 12209.8935546875, 12208.62109375, 12205.3671875, 12208.1396484375, 12215.21875, 12277.4853515625, 12323.841796875, 12352.4990234375, 12366.3115234375, 12367.8173828125, 12361.201171875, 12346.126953125, 12326.74609375, 12304.255859375, 12274.302734375, 12239.6083984375, 12211.611328125, 12199.376953125, 12200.7138671875, 12208.2060546875, 12226.0283203125, 12253.1640625, 12280.1318359375, 12306.7890625, 12323.8935546875, 12336.306640625, 12340.576171875, 12338.173828125, 12330.4443359375, 12321.3984375, 12309.830078125, 12295.8515625, 12285.7353515625, 12279.203125], "lower": [13848.5556640625, 12883.876953125, 12633.8291015625, 13238.6044921875, 13527.703125, 13645.154296875, 13485.955078125, 13300.8095703125, 12941.93359375, 12521.193359375, 12225.634765625, 11945.3818359375, 11837.8095703125, 11991.90625, 11971.2099609375, 11842.517578125, 11782.2880859375, 11603.720703125, 11840.7412109375, 11852.765625, 11770.9267578125, 11754.5859375, 11936.09375, 11809.99609375, 11804.67578125, 11739.7451171875, 11696.482421875, 11674.0205078125, 11642.8984375, 11701.6162109375, 11723.58984375, 11563.6826171875, 11501.6005859375, 11497.3857421875, 11490.6494140625, 11467.5390625, 11460.521484375, 11507.193359375, 11547.4189453125, 11640.7197265625, 11662.203125, 11690.5439453125, 11724.697265625, 11716.8623046875, 11718.376953125, 11714.5888671875, 11713.455078125, 11712.8759765625, 11727.3857421875, 11773.017578125, 11777.2021484375, 11808.7607421875, 11806.8603515625, 11821.654296875, 11828.1923828125, 11770.005859375, 11751.49609375, 11728.5419921875, 11684.146484375, 11662.87109375, 11639.177734375, 11623.2900390625, 11634.595703125, 11664.01953125, 11690.115234375, 11709.26171875, 11714.453125, 11710.55859375, 11699.7041015625, 11679.7353515625, 11653.01953125, 11637.6396484375, 11646.7646484375, 11651.189453125, 11652.69921875, 11636.474609375, 11630.4912109375, 11646.525390625, 11626.4892578125, 11631.572265625, 11633.7451171875, 11632.5341796875, 11626.74609375, 11615.6875, 11608.064453125, 11603.0576171875, 11596.73046875, 11594.587890625, 11595.5126953125, 11604.015625, 11619.609375, 11632.1806640625, 11638.515625, 11635.0185546875, 11629.5341796875, 11619.9814453125, 11609.5439453125, 11603.1806640625, 11606.04296875, 11610.1044921875]}