{"mean": [2783.2393391927085, 2525.574462890625, 2462.7484537760415, 2477.7810872395835, 2474.414794921875, 2446.1138509114585, 2427.0320638020835, 2459.7684733072915, 2498.560302734375, 2491.3091634114585, 2465.888427734375, 2424.3455403645835, 2383.8959147135415, 2376.3016764322915, 2407.4019368489585, 2410.3079427083335, 2390.6023763020835, 2369.4007161458335, 2352.7398274739585, 2339.8262532552085, 2328.4456380208335, 2316.130126953125, 2303.7430826822915, 2295.0730794270835, 2294.5756022135415, 2290.5157063802085, 2271.7242024739585, 2264.7858072916665, 2257.733642578125, 2245.31689453125, 2229.5752766927085, 2219.8607584635415, 2209.2338053385415, 2193.970458984375, 2179.8482259114585, 2173.0072428385415, 2170.0146484375, 2170.2300618489585, 2166.46923828125, 2162.0089518229165, 2165.8589680989585, 2173.1181640625, 2184.1207682291665, 2193.914306640625, 2182.1725260416665, 2172.1736653645835, 2181.69091796875, 2194.6156412760415, 2205.8413899739585, 2226.32373046875, 2226.1118977864585, 2208.893798828125, 2211.6145833333335, 2211.2140299479165, 2206.33984375, 2228.1494954427085, 2211.329345703125, 2197.2147623697915, 2201.6144205729165, 2200.5170084635415, 2188.89208984375, 2177.0668131510415, 2175.7159830729165, 2180.3865559895835, 2184.590087890625, 2177.0947265625, 2164.5613606770835, 2168.5376790364585, 2179.8172200520835, 2183.2095540364585, 2183.327392578125, 2198.4973958333335, 2199.50439453125, 2190.5428059895835, 2193.2804361979165, 2192.9866536458335, 2192.1568196614585, 2201.6331380208335, 2191.5491536458335, 2192.986328125, 2201.772216796875, 2220.3499348958335, 2237.262451171875, 2247.3116861979165, 2213.1153971354165, 2191.1514485677085, 2194.4305013020835, 2197.643798828125, 2197.0537109375, 2188.9060872395835, 2190.54638671875, 2191.2591145833335, 2189.4825846354165, 2191.197998046875, 2190.64208984375, 2187.416259765625, 2186.0982259114585, 2186.3024088541665, 2185.7069498697915, 2185.1341145833335], "upper": [3219.93212890625, 2650.410400390625, 2624.415283203125, 2603.315185546875, 2583.150146484375, 2563.077880859375, 2547.103271484375, 2533.0234375, 2587.6494140625, 2596.086181640625, 2532.788330078125, 2439.52587890625, 2411.889404296875, 2396.94091796875, 2461.601806640625, 2444.94189453125, 2416.81591796875, 2407.405517578125, 2379.091064453125, 2370.03076171875, 2370.931396484375, 2370.6015625, 2362.765380859375, 2347.4619140625, 2328.634521484375, 2325.80859375, 2311.15087890625, 2310.218505859375, 2306.19189453125, 2297.1259765625, 2284.243896484375, 2271.1494140625, 2256.2587890625, 2240.72021484375, 2231.3935546875, 2221.3935546875, 2219.961669921875, 2232.518310546875, 2229.033935546875, 2213.088623046875, 2206.544677734375, 2206.086669921875, 2210.05517578125, 2213.392333984375, 2207.34033203125, 2206.296142578125, 2221.71630859375, 2203.070068359375, 2211.63671875, 2249.496337890625, 2252.7080078125, 2228.365966796875, 2254.410888671875, 2268.716552734375, 2241.011962890625, 2283.77880859375, 2278.268798828125, 2266.514892578125, 2271.8935546875, 2274.265869140625, 2277.5322265625, 2278.72705078125, 2276.90869140625, 2264.927001953125, 2273.6884765625, 2273.7666015625, 2273.587646484375, 2273.06201171875, 2272.268798828125, 2271.592041015625, 2271.280029296875, 2271.411376953125, 2271.555908203125, 2271.421142578125, 2270.896728515625, 2270.14892578125, 2269.4580078125, 2269.184814453125, 2269.280517578125, 2269.278076171875, 2268.927001953125, 2268.2607421875, 2267.552734375, 2283.9931640625, 2266.61328125, 2266.048583984375, 2265.96923828125, 2266.389404296875, 2266.6064453125, 2266.232666015625, 2265.50634765625, 2264.835205078125, 2264.67822265625, 2264.802490234375, 2264.701171875, 2264.1796875, 2263.4619140625, 2263.03759765625, 2263.014404296875, 2262.996826171875], "lower": [2429.057373046875, 2452.4775390625, 2363.17529296875, 2405.11474609375, 2405.800537109375, 2381.240234375, 2341.89697265625, 2391.88671875, 2394.78515625, 2387.203369140625, 2397.8779296875, 2406.81982421875, 2333.690185546875, 2337.7734375, 2373.780029296875, 2378.1103515625, 2374.52392578125, 2331.642333984375, 2312.226806640625, 2299.368896484375, 2293.71142578125, 2285.58349609375, 2273.6962890625, 2260.8388671875, 2242.7529296875, 2227.002197265625, 2215.386962890625, 2211.407958984375, 2203.15625, 2188.343505859375, 2165.5224609375, 2145.994873046875, 2125.210693359375, 2108.215576171875, 2093.628662109375, 2085.380126953125, 2079.3544921875, 2078.06787109375, 2081.160888671875, 2093.4189453125, 2113.97265625, 2139.52587890625, 2160.15771484375, 2162.17041015625, 2135.68017578125, 2115.14794921875, 2132.21533203125, 2186.137939453125, 2195.671630859375, 2182.614501953125, 2177.6318359375, 2185.7890625, 2183.6806640625, 2168.64794921875, 2167.81494140625, 2178.35986328125, 2155.460205078125, 2152.29345703125, 2148.470703125, 2134.3701171875, 2123.168701171875, 2112.3935546875, 2090.19921875, 2089.224853515625, 2105.27783203125, 2108.029296875, 2091.120849609375, 2100.095947265625, 2117.89404296875, 2117.85302734375, 2103.40087890625, 2122.224609375, 2132.9130859375, 2120.91748046875, 2136.265380859375, 2138.177490234375, 2130.099853515625, 2146.316650390625, 2118.764404296875, 2120.17578125, 2141.911376953125, 2195.98095703125, 2193.94580078125, 2190.867431640625, 2182.003173828125, 2123.147216796875, 2128.827392578125, 2140.903564453125, 2137.80908203125, 2111.8720703125, 2114.1748046875, 2113.962158203125, 2107.206298828125, 2114.044189453125, 2114.9228515625, 2107.194580078125, 2104.8271484375, 2105.47705078125, 2105.148193359375, 2107.95361328125]}