{"mean": [28242.095703125, 25528.532552083332, 25235.451171875, 26032.068359375, 25961.905598958332, 25429.352213541668, 24542.694661458332, 24087.557291666668, 24472.25390625, 24670.445963541668, 24408.360026041668, 23867.770182291668, 23154.84765625, 23029.044270833332, 23218.061848958332, 23218.143880208332, 23018.1328125, 22823.603515625, 23034.707682291668, 23125.293619791668, 23025.921875, 22741.337239583332, 22540.991536458332, 22629.455078125, 22637.444010416668, 22436.571614583332, 22136.190755208332, 22185.445963541668, 22114.527994791668, 22052.580729166668, 21953.684895833332, 21890.037760416668, 21829.860026041668, 21771.710286458332, 21722.925130208332, 21663.462890625, 21636.990885416668, 21660.620442708332, 21734.179036458332, 21839.653645833332, 21948.761067708332, 22053.307291666668, 22169.233723958332, 22252.2734375, 22309.28125, 22352.7109375, 22372.25, 22385.611979166668, 22473.162760416668, 22539.401692708332, 22596.8359375, 22649.619140625, 22701.91796875, 22751.370442708332, 22782.986328125, 22806.126302083332, 22773.735677083332, 22703.554036458332, 22651.475911458332, 22598.215494791668, 22552.202473958332, 22519.283854166668, 22477.841145833332, 22450.643880208332, 22397.168619791668, 22350.554036458332, 22273.353515625, 22219.72265625, 22159.620442708332, 22122.609375, 22100.346354166668, 22068.272135416668, 22065.266276041668, 22073.072265625, 22088.36328125, 22126.530598958332, 22148.438802083332, 22174.150390625, 22226.623697916668, 22258.526041666668, 22295.170572916668, 22323.3984375, 22324.924479166668, 22320.677734375, 22296.73828125, 22275.151692708332, 22215.239583333332, 22300.5859375, 22238.246744791668, 22151.22265625, 22078.858072916668, 22009.027994791668, 21955.574869791668, 21909.259114583332, 21895.973307291668, 21891.762369791668, 21875.848307291668, 21864.283854166668, 21858.041666666668, 21861.3359375], "upper": [30050.0859375, 29199.078125, 28592.2890625, 28087.115234375, 27696.419921875, 27395.19921875, 27205.76171875, 27084.708984375, 26981.65625, 26857.1796875, 26550.294921875, 26118.689453125, 25310.80078125, 25086.443359375, 25097.451171875, 25063.24609375, 25138.595703125, 25504.697265625, 25589.34375, 25557.517578125, 25494.55859375, 25460.173828125, 25379.451171875, 25264.22265625, 25126.171875, 24965.890625, 24743.212890625, 24470.703125, 24129.732421875, 23751.32421875, 23616.94140625, 23531.970703125, 23533.314453125, 23543.0234375, 23535.78515625, 23534.51171875, 23533.64453125, 23599.525390625, 23645.7265625, 23683.623046875, 23703.28515625, 23712.1875, 23701.0546875, 23679.251953125, 23647.720703125, 23614.6796875, 23579.21484375, 23552.44921875, 23537.26953125, 23518.109375, 23476.263671875, 23438.1484375, 23393.240234375, 23375.6875, 23465.642578125, 23447.181640625, 23355.83984375, 23223.658203125, 23107.373046875, 23048.30859375, 22984.630859375, 22924.234375, 22864.853515625, 22809.775390625, 22760.060546875, 22717.740234375, 22689.140625, 22670.98046875, 22659.279296875, 22649.796875, 22640.73046875, 22630.09375, 22617.26953125, 22602.625, 22594.6015625, 22594.453125, 22603.392578125, 22624.15625, 22651.279296875, 22680.4296875, 22715.138671875, 22746.6484375, 22773.078125, 22787.203125, 22787.10546875, 22765.904296875, 22730.73046875, 22689.5234375, 22644.7109375, 22608.001953125, 22578.859375, 22558.013671875, 22550.44921875, 22558.009765625, 22571.4921875, 22585.587890625, 22595.318359375, 22595.43359375, 22587.40234375, 22574.763671875], "lower": [25798.35546875, 20702.62109375, 22202.23046875, 24423.4375, 24429.744140625, 23116.767578125, 20679.267578125, 19485.115234375, 20875.880859375, 21822.990234375, 21538.052734375, 20428.728515625, 19150.505859375, 19074.3515625, 19613.291015625, 19596.02734375, 18974.595703125, 18098.94921875, 18679.578125, 19024.779296875, 18822.484375, 18100.232421875, 17727.390625, 18251.669921875, 18543.35546875, 18222.677734375, 17660.6328125, 18189.2421875, 18414.703125, 18699.95703125, 18890.16015625, 19187.92578125, 19392.775390625, 19581.736328125, 19783.24609375, 19918.7421875, 20073.62109375, 20252.435546875, 20462.015625, 20658.814453125, 20801.234375, 20908.93359375, 21026.662109375, 21069.197265625, 21101.3203125, 21154.724609375, 21215.2109375, 21280.923828125, 21329.6328125, 21369.82421875, 21408.09375, 21447.041015625, 21484.869140625, 21524.9375, 21569.9921875, 21700.35546875, 21751.34765625, 21728.24609375, 21753.55078125, 21766.220703125, 21780.6015625, 21802.36328125, 21818.8125, 21894.390625, 21919.986328125, 21994.14453125, 21984.580078125, 21963.037109375, 21808.96484375, 21684.408203125, 21589.912109375, 21542.20703125, 21533.583984375, 21557.625, 21594.703125, 21631.91015625, 21675.875, 21718.224609375, 21774.080078125, 21839.7578125, 21904.1640625, 21953.0859375, 21966.38671875, 21941.546875, 21893.52734375, 21832.38671875, 21783.611328125, 21748.10546875, 21722.8046875, 21677.23046875, 21625.703125, 21556.6015625, 21487.8671875, 21424.13671875, 21423.484375, 21438.46875, 21413.31640625, 21439.03125, 21482.54296875, 21412.548828125]}