{"mean": [16865.633463541668, 16300.650716145834, 16278.1943359375, 16340.163411458334, 16283.62109375, 16158.304036458334, 15985.277018229166, 15891.608072916666, 16036.066080729166, 16061.244466145834, 16015.608072916666, 15904.657877604166, 15799.273763020834, 15795.298502604166, 15914.0947265625, 15914.425455729166, 15805.035807291666, 15657.660481770834, 15573.965494791666, 15558.472330729166, 15552.354817708334, 15529.419270833334, 15506.6298828125, 15530.489908854166, 15583.543294270834, 15627.451497395834, 15592.243815104166, 15496.549479166666, 15406.608072916666, 15373.748372395834, 15350.013020833334, 15341.4208984375, 15379.3603515625, 15440.056966145834, 15515.902994791666, 15592.767903645834, 15569.177408854166, 15620.060221354166, 15588.396158854166, 15586.519856770834, 15626.906575520834, 15679.658854166666, 15758.555338541666, 15807.1201171875, 15844.4892578125, 15869.221354166666, 15907.2890625, 15962.235677083334, 16074.171875, 16159.260091145834, 16161.796549479166, 16114.052408854166, 16092.215494791666, 16118.072591145834, 16156.9423828125, 16218.857421875, 16260.128255208334, 16269.620442708334, 16266.1318359375, 16263.498046875, 16262.603841145834, 16256.4560546875, 16254.059895833334, 16256.761067708334, 16255.234049479166, 16255.89453125, 16263.419921875, 16269.890950520834, 16278.610026041666, 16289.1689453125, 16293.807291666666, 16297.69921875, 16305.589192708334, 16307.610677083334, 16310.060221354166, 16316.789388020834, 16318.921549479166, 16323.284505208334, 16328.231770833334, 16331.081705729166, 16336.5107421875, 16337.6572265625, 16335.400065104166, 16334.073567708334, 16328.537109375, 16324.3466796875, 16321.284505208334, 16322.066731770834, 16326.055338541666, 16329.808919270834, 16336.115559895834, 16340.5400390625, 16345.055989583334, 16345.947591145834, 16345.268880208334, 16344.105143229166, 16343.37890625, 16342.096354166666, 16340.6103515625, 16495.417317708332], "upper": [18950.5625, 17432.484375, 17518.04296875, 17849.373046875, 17825.2109375, 17563.37109375, 17156.876953125, 17080.416015625, 17437.361328125, 17544.46484375, 17432.40625, 17154.177734375, 16914.16015625, 16946.078125, 17087.79296875, 17121.083984375, 17008.41015625, 16838.87890625, 16708.513671875, 16713.77734375, 16731.27734375, 16698.146484375, 16626.208984375, 16543.125, 16508.11328125, 16555.150390625, 16506.595703125, 16381.4794921875, 16295.78515625, 16266.4794921875, 16190.609375, 16111.177734375, 16097.974609375, 16071.0322265625, 16001.4248046875, 15975.1533203125, 15768.6630859375, 15982.625, 15954.8818359375, 15890.2890625, 15887.6875, 16016.5166015625, 16205.1962890625, 16248.9912109375, 16268.4150390625, 16277.86328125, 16278.7646484375, 16271.04296875, 16256.146484375, 16355.3486328125, 16366.38671875, 16223.5361328125, 16214.2021484375, 16267.1943359375, 16382.1650390625, 16568.64453125, 16662.38671875, 16672.625, 16678.056640625, 16678.6484375, 16675.38671875, 16670.330078125, 16665.02734375, 16661.71875, 16661.689453125, 16663.232421875, 16666.42578125, 16670.81640625, 16676.859375, 16683.17578125, 16687.890625, 16690.4921875, 16691.005859375, 16689.26171875, 16686.5703125, 16683.595703125, 16681.84375, 16681.796875, 16684.404296875, 16693.470703125, 16707.8828125, 16721.18359375, 16731.58984375, 16735.36328125, 16731.56640625, 16721.677734375, 16708.462890625, 16697.318359375, 16692.326171875, 16691.978515625, 16695.576171875, 16702.62109375, 16713.083984375, 16723.6796875, 16730.189453125, 16731.728515625, 16728.37109375, 16721.5, 16715.4296875, 16775.478515625], "lower": [15750.185546875, 15731.6689453125, 15585.521484375, 15480.0009765625, 15401.275390625, 15343.9658203125, 15289.78125, 15237.98046875, 15188.16796875, 15127.9296875, 15047.9990234375, 14987.7158203125, 14936.2138671875, 14944.2158203125, 15226.7255859375, 15268.2734375, 15198.447265625, 15000.9453125, 14892.271484375, 14851.765625, 14834.3984375, 14813.9599609375, 14826.4326171875, 14881.5546875, 15029.6455078125, 15119.2109375, 15112.67578125, 15051.814453125, 14928.048828125, 14873.564453125, 14882.404296875, 14930.5888671875, 14997.529296875, 15056.1884765625, 15133.55859375, 15183.5087890625, 15184.974609375, 15143.6484375, 15107.2890625, 15096.5390625, 15106.3759765625, 15132.25, 15191.8642578125, 15285.9736328125, 15366.521484375, 15437.7822265625, 15559.15625, 15732.0810546875, 15887.2568359375, 15883.8232421875, 15894.23046875, 15903.556640625, 15869.8046875, 15871.1484375, 15861.0859375, 15844.52734375, 15858.474609375, 15861.9306640625, 15837.01953125, 15826.9140625, 15831.767578125, 15825.7431640625, 15830.9033203125, 15846.1044921875, 15841.3056640625, 15837.9990234375, 15850.3310546875, 15855.57421875, 15866.4453125, 15885.8681640625, 15894.349609375, 15904.4541015625, 15932.611328125, 15944.48828125, 15957.5986328125, 15981.4560546875, 15987.7841796875, 15996.791015625, 16002.779296875, 15992.97265625, 15989.65625, 15979.84375, 15967.169921875, 15965.0439453125, 15957.0546875, 15955.697265625, 15956.640625, 15964.0693359375, 15974.748046875, 15982.1669921875, 15996.1533203125, 16004.8828125, 16012.2265625, 16008.4697265625, 16002.794921875, 15998.046875, 15997.421875, 15997.5986328125, 15996.349609375, 15998.6171875]}