{"mean": [9167.208658854166, 8399.3681640625, 8647.597493489584, 8747.46826171875, 8483.285970052084, 8116.72705078125, 8221.36669921875, 8373.264811197916, 8159.01123046875, 8032.46435546875, 7925.762858072917, 8069.613118489583, 8014.926595052083, 7871.202799479167, 7765.541829427083, 7855.092610677083, 7780.383626302083, 7770.600748697917, 7549.333984375, 7625.83642578125, 7527.866373697917, 7434.667643229167, 7404.202311197917, 7214.39208984375, 7238.866861979167, 7244.192545572917, 7109.133138020833, 6988.067057291667, 7100.4892578125, 6862.47265625, 7330.513997395833, 7164.548502604167, 6956.381184895833, 6823.362141927083, 6675.936360677083, 6834.283203125, 6610.327311197917, 7077.73583984375, 7056.966959635417, 6679.433756510417, 6649.911783854167, 6840.982747395833, 6913.742838541667, 6759.627604166667, 6768.3271484375, 6936.22607421875, 6819.601725260417, 6828.981282552083, 6979.75732421875, 6946.311848958333, 6809.05126953125, 7058.837727864583, 7039.3603515625, 6939.080729166667, 6799.824055989583, 6869.447591145833, 7007.262044270833, 6895.06396484375, 6577.49267578125, 6812.0400390625, 6919.91943359375, 6924.060709635417, 6735.427734375, 6528.885579427083, 6698.385091145833, 6754.639322916667, 6639.508138020833, 6511.555013020833, 6581.384928385417, 6818.483561197917, 6864.790364583333, 6762.486490885417, 6572.624674479167, 6508.682454427083, 6503.689127604167, 6496.8759765625, 6478.497721354167, 6590.594075520833, 6744.626139322917, 6705.10546875, 6542.601236979167, 6451.328938802083, 6443.00927734375, 6474.255208333333, 6489.389322916667, 6497.281412760417, 6556.32568359375, 6573.822591145833, 6560.169596354167, 6467.261393229167, 6405.25927734375, 6412.826171875, 6484.073404947917, 6450.023600260417, 6520.1416015625, 6584.69091796875, 6481.539713541667, 6623.955240885417, 6463.912434895833, 6562.87158203125], "upper": [10188.7099609375, 9960.7861328125, 9713.0, 9671.8681640625, 9627.787109375, 9537.53515625, 9469.4013671875, 9455.5615234375, 9378.0361328125, 9263.4501953125, 9171.4765625, 9110.8046875, 9065.548828125, 9018.5224609375, 8974.06640625, 8922.4365234375, 8864.701171875, 8813.60546875, 8759.9033203125, 8701.2333984375, 8628.4130859375, 8536.41015625, 8439.240234375, 8350.7626953125, 8282.755859375, 8232.720703125, 8199.310546875, 8174.17529296875, 8146.62841796875, 8120.38232421875, 8096.84765625, 8075.53515625, 8054.91455078125, 8020.984375, 7950.26416015625, 7758.84716796875, 7475.41162109375, 7371.908203125, 7359.01123046875, 7078.7021484375, 7027.25146484375, 7191.07275390625, 7729.53564453125, 7736.2880859375, 7464.9736328125, 7361.7607421875, 7442.55615234375, 7289.9267578125, 7738.0966796875, 7636.94384765625, 7681.3271484375, 7444.46826171875, 7511.74658203125, 7382.29638671875, 7362.36767578125, 7460.9130859375, 7568.376953125, 7286.7216796875, 6871.0654296875, 7310.42626953125, 7554.1328125, 7629.56689453125, 7210.0576171875, 6836.8896484375, 7003.8359375, 7006.06396484375, 6886.607421875, 6745.22265625, 6805.70458984375, 7467.14697265625, 7631.58544921875, 7225.45361328125, 6866.5302734375, 6743.8701171875, 6666.78955078125, 6670.36767578125, 6625.95751953125, 6889.6513671875, 7264.490234375, 7234.70556640625, 6871.99365234375, 6607.1962890625, 6582.2607421875, 6616.61962890625, 6664.27880859375, 6774.443359375, 7010.2734375, 7038.70751953125, 6847.439453125, 6663.2509765625, 6603.5908203125, 6604.4033203125, 6657.087890625, 6793.4658203125, 6926.50537109375, 6918.80517578125, 6794.11572265625, 7001.57421875, 6637.86279296875, 6848.494140625], "lower": [8553.1142578125, 6473.5966796875, 7657.66845703125, 7958.35595703125, 7230.07080078125, 6254.15478515625, 6708.65771484375, 7286.80322265625, 6728.48193359375, 6513.10595703125, 6379.47705078125, 6918.09033203125, 6809.611328125, 6467.32275390625, 6254.1533203125, 6643.53271484375, 6559.1064453125, 6686.80712890625, 6180.83837890625, 6516.09765625, 6370.44140625, 6367.72265625, 6504.50830078125, 6155.4599609375, 6435.05517578125, 6579.17822265625, 6316.1298828125, 6208.41796875, 6507.50244140625, 6053.3818359375, 6478.48095703125, 6388.35107421875, 6143.3544921875, 6193.71435546875, 5861.025390625, 6157.955078125, 5945.11376953125, 6491.7158203125, 6488.2626953125, 6367.54150390625, 6161.61279296875, 6164.84716796875, 6154.58447265625, 6201.31787109375, 6380.62890625, 6444.60498046875, 6393.4775390625, 6240.556640625, 6158.0732421875, 6157.5791015625, 6189.576171875, 6301.21142578125, 6366.07958984375, 6332.15478515625, 6232.75, 6180.0693359375, 6180.45751953125, 6220.80078125, 6289.31396484375, 6300.95458984375, 6245.91552734375, 6199.91845703125, 6194.9248046875, 6214.4169921875, 6253.05908203125, 6255.79833984375, 6204.44287109375, 6195.89990234375, 6195.34423828125, 6214.08642578125, 6254.26171875, 6251.70654296875, 6213.51611328125, 6194.97998046875, 6193.9775390625, 6203.26416015625, 6230.7265625, 6236.21044921875, 6211.94677734375, 6195.17578125, 6193.76416015625, 6201.78173828125, 6218.96533203125, 6221.10546875, 6205.3427734375, 6193.8740234375, 6192.56201171875, 6200.00537109375, 6211.09423828125, 6210.38720703125, 6199.771484375, 6191.830078125, 6191.88671875, 6198.65478515625, 6204.03955078125, 6201.2548828125, 6194.2158203125, 6189.4873046875, 6191.1845703125, 6196.14013671875]}