{"mean": [7429.465494791667, 7162.986328125, 7137.36279296875, 7164.698404947917, 7020.845703125, 6895.388509114583, 6895.168619791667, 7025.756673177083, 6901.302083333333, 6894.976725260417, 6733.387532552083, 6748.33544921875, 6690.0732421875, 6644.337239583333, 6561.52978515625, 6622.079427083333, 6543.547526041667, 6592.163736979167, 6424.504069010417, 6527.53466796875, 6389.815104166667, 6273.069661458333, 6279.39306640625, 6116.631998697917, 6165.944173177083, 6191.1044921875, 6060.529947916667, 5897.196614583333, 5927.812662760417, 5492.137532552083, 5820.604329427083, 5962.549641927083, 5920.040690104167, 5823.79541015625, 5697.864420572917, 5881.998372395833, 5597.884765625, 6027.802083333333, 6011.068684895833, 5717.04443359375, 5783.706705729167, 5943.013020833333, 5844.883626302083, 5440.595377604167, 5484.768880208333, 5844.068033854167, 5804.379557291667, 5752.640787760417, 5869.888020833333, 5929.08203125, 5796.0322265625, 5990.737955729167, 5845.275390625, 5737.448079427083, 5621.626302083333, 5738.70556640625, 5910.10009765625, 5805.14111328125, 5481.066080729167, 5750.497884114583, 5863.028645833333, 5872.898600260417, 5678.5576171875, 5437.40283203125, 5597.676106770833, 5648.18359375, 5527.032063802083, 5394.177897135417, 5485.034993489583, 5759.520833333333, 5823.570963541667, 5723.866048177083, 5505.033528645833, 5412.872233072917, 5384.798990885417, 5370.869140625, 5368.924641927083, 5521.74658203125, 5715.487630208333, 5672.920247395833, 5474.493977864583, 5352.274088541667, 5335.638997395833, 5380.975748697917, 5414.33349609375, 5430.506998697917, 5497.759602864583, 5522.3701171875, 5508.867350260417, 5393.786946614583, 5312.723958333333, 5329.700358072917, 5424.385904947917, 5372.864583333333, 5466.057454427083, 5548.183756510417, 5390.19580078125, 5596.167154947917, 5351.982421875, 5519.084309895833], "upper": [8513.8740234375, 8319.3251953125, 8068.927734375, 8047.24853515625, 8025.29736328125, 7928.8896484375, 7880.740234375, 7878.3359375, 7811.93310546875, 7702.0791015625, 7605.31005859375, 7529.7470703125, 7459.35107421875, 7410.3291015625, 7370.7021484375, 7327.74560546875, 7279.6240234375, 7240.19921875, 7192.35546875, 7143.501953125, 7081.25732421875, 6996.32861328125, 6905.6533203125, 6828.43994140625, 6776.81640625, 6751.30908203125, 6742.96533203125, 6739.13134765625, 6741.63427734375, 6747.29443359375, 6766.513671875, 6801.4833984375, 6843.2412109375, 6887.67236328125, 6892.25927734375, 6785.1748046875, 6628.59375, 6688.84228515625, 6728.19580078125, 6505.0009765625, 6153.115234375, 6509.29638671875, 6865.09619140625, 6207.5166015625, 6030.4697265625, 6242.90576171875, 6317.56787109375, 6195.1982421875, 6251.970703125, 7025.546875, 6539.85107421875, 6484.76953125, 6486.45654296875, 6313.13330078125, 6285.83837890625, 6408.87744140625, 6563.41845703125, 6329.6611328125, 5686.00146484375, 6623.07568359375, 6904.72705078125, 6983.8212890625, 6506.18505859375, 5661.03759765625, 5901.81201171875, 6053.50439453125, 5941.4248046875, 5690.35107421875, 5936.99951171875, 6777.4609375, 6961.8193359375, 6503.69921875, 5794.48193359375, 5679.1806640625, 5737.86181640625, 5697.4609375, 5702.54248046875, 6091.27392578125, 6531.4169921875, 6495.60791015625, 6062.78515625, 5728.6748046875, 5667.384765625, 5666.7578125, 5706.478515625, 5930.69189453125, 6212.38525390625, 6243.52880859375, 6010.3134765625, 5775.40771484375, 5688.849609375, 5685.4208984375, 5755.328125, 5925.8095703125, 6082.7763671875, 6069.22119140625, 5913.41162109375, 5887.888671875, 5700.80712890625, 5716.1142578125], "lower": [6066.76416015625, 5172.90478515625, 5703.63916015625, 5834.28759765625, 5476.607421875, 5208.52978515625, 5321.54150390625, 5730.76123046875, 5333.69287109375, 5477.91064453125, 5236.13525390625, 5481.4189453125, 5428.783203125, 5389.18994140625, 5237.53564453125, 5511.45166015625, 5370.1533203125, 5604.98876953125, 5167.11865234375, 5468.49951171875, 5181.90966796875, 5181.638671875, 5453.81201171875, 5150.578125, 5424.47900390625, 5563.26123046875, 5310.3125, 5200.54052734375, 5466.421875, 4399.365234375, 5274.37451171875, 5364.16357421875, 5140.08984375, 5253.15771484375, 4987.57373046875, 5155.447265625, 4782.1376953125, 5445.77001953125, 5443.46630859375, 5305.72021484375, 5157.80322265625, 5158.9521484375, 5149.45068359375, 4924.314453125, 5079.5478515625, 5396.28662109375, 5352.23876953125, 5217.3818359375, 5144.61279296875, 5143.26123046875, 5167.689453125, 5260.30615234375, 5313.95556640625, 5282.26318359375, 5198.76171875, 5152.48388671875, 5151.26171875, 5181.10693359375, 5229.72314453125, 5236.5224609375, 5192.16357421875, 5157.08740234375, 5153.03369140625, 5162.68310546875, 5184.89208984375, 5184.3271484375, 5152.626953125, 5152.98583984375, 5150.69091796875, 5156.80078125, 5181.8310546875, 5179.5771484375, 5155.50390625, 5148.37939453125, 5148.75927734375, 5149.73828125, 5163.8193359375, 5166.83837890625, 5152.685546875, 5146.06494140625, 5145.86474609375, 5147.02197265625, 5154.54248046875, 5155.287109375, 5147.0, 5143.50439453125, 5137.96875, 5143.7880859375, 5148.1318359375, 5147.2890625, 5106.90478515625, 5140.94921875, 5140.4345703125, 5052.0693359375, 5142.4375, 5140.962890625, 5118.77685546875, 5137.8125, 5137.25341796875, 5137.0615234375]}