{"mean": [31255.762369791668, 25122.290690104168, 27749.80859375, 29172.743489583332, 28153.715494791668, 24753.533203125, 23172.0341796875, 24101.564778645832, 24000.88671875, 23069.69140625, 22675.768880208332, 23865.198567708332, 23969.065104166668, 22910.181315104168, 22183.311848958332, 22659.241861979168, 22872.650716145832, 22535.519856770832, 21881.6787109375, 21620.448893229168, 22238.311197916668, 22320.469401041668, 21517.4140625, 20999.351888020832, 21208.688151041668, 21398.609700520832, 21169.846354166668, 20591.796549479168, 20303.826822916668, 20724.2294921875, 20960.310221354168, 20354.1083984375, 19663.385091145832, 19365.735677083332, 19459.950846354168, 19426.07421875, 19216.312174479168, 19001.265299479168, 19117.161783854168, 19148.4501953125, 18862.547200520832, 18407.99609375, 17935.085286458332, 17753.528645833332, 17925.425130208332, 17829.009765625, 17658.457356770832, 17745.3369140625, 17204.541666666668, 17068.073567708332, 17104.397135416668, 17437.683268229168, 17056.642578125, 16832.331705729168, 16911.883138020832, 16793.765299479168, 16760.708333333332, 16971.992838541668, 16867.079752604168, 16569.1337890625, 16671.848307291668, 17076.1845703125, 17056.326497395832, 16919.215494791668, 16763.75390625, 16808.2548828125, 16996.456380208332, 16889.609700520832, 16888.01171875, 16780.328450520832, 16831.541341145832, 16643.123046875, 16668.8115234375, 16775.475260416668, 16681.799479166668, 16628.311197916668, 16538.5361328125, 16614.871419270832, 16531.792317708332, 16614.242513020832, 16700.8720703125, 16563.645833333332, 16529.03515625, 16539.8447265625, 16388.342447916668, 16397.295572916668, 16491.406575520832, 16423.121419270832, 16382.030924479166, 16418.3857421875, 16413.477213541668, 16333.076171875, 16296.268229166666, 16648.6142578125, 16495.092447916668, 16303.190755208334, 16527.640299479168, 16756.212239583332, 16526.919270833332, 16393.458333333332], "upper": [32630.287109375, 31085.75, 30319.8125, 29882.51171875, 29594.009765625, 29313.298828125, 29113.693359375, 28971.404296875, 28829.474609375, 28689.884765625, 28569.2734375, 28440.96875, 28298.099609375, 28142.1328125, 27976.830078125, 27809.193359375, 27636.947265625, 27457.75390625, 27269.90234375, 27083.240234375, 26898.595703125, 26713.89453125, 26532.85546875, 26371.46484375, 26250.88671875, 26165.390625, 26005.33203125, 25785.599609375, 25572.439453125, 25387.82421875, 25222.857421875, 25184.771484375, 25110.025390625, 24714.869140625, 24454.708984375, 24276.2109375, 24272.37890625, 23823.66796875, 23545.30859375, 23299.5, 23038.3515625, 22551.958984375, 21635.427734375, 20749.681640625, 20379.89453125, 20122.224609375, 20355.306640625, 20941.435546875, 19486.26953125, 19030.234375, 19314.591796875, 19642.513671875, 19503.28125, 19041.66796875, 18811.623046875, 18937.3203125, 19445.921875, 19596.193359375, 19231.474609375, 18805.861328125, 18763.81640625, 19052.8359375, 19518.361328125, 19502.34765625, 19010.189453125, 18852.232421875, 19242.833984375, 19247.763671875, 19336.326171875, 19003.1875, 18876.056640625, 18832.30078125, 19064.40625, 19148.990234375, 18886.615234375, 18659.037109375, 18590.91796875, 18564.73828125, 18570.09765625, 18587.099609375, 18673.521484375, 18622.45703125, 18478.513671875, 18599.0546875, 18309.197265625, 18294.568359375, 18428.681640625, 18510.4296875, 18462.2890625, 18322.27734375, 18409.072265625, 18459.40625, 18282.306640625, 18811.3828125, 18590.31640625, 18414.86328125, 19075.060546875, 19259.802734375, 18686.294921875, 18695.919921875], "lower": [28737.251953125, 15347.9697265625, 25265.59375, 27870.74609375, 27098.951171875, 17436.93359375, 13228.6083984375, 16375.9541015625, 16306.412109375, 13779.5078125, 12896.1484375, 16762.248046875, 17333.76953125, 14437.1064453125, 12593.39453125, 14404.8564453125, 15465.6494140625, 14877.7197265625, 13304.9013671875, 12933.4267578125, 15239.4765625, 15910.1640625, 13945.900390625, 12777.4033203125, 13850.375, 14791.1533203125, 14554.046875, 13296.5771484375, 13041.390625, 14839.2587890625, 16035.7744140625, 14608.0947265625, 13075.1318359375, 13058.892578125, 13984.8056640625, 14168.556640625, 13430.3193359375, 12933.0478515625, 13392.4638671875, 13971.4033203125, 13813.6630859375, 13312.26953125, 12961.8671875, 13159.55859375, 13678.759765625, 13467.603515625, 12961.0400390625, 13022.6650390625, 13130.251953125, 13164.236328125, 13140.189453125, 13042.3466796875, 12905.955078125, 13199.6279296875, 13489.7158203125, 13109.0654296875, 12879.23828125, 12929.296875, 12901.6455078125, 12867.0712890625, 13085.255859375, 13240.3369140625, 12976.1298828125, 12828.560546875, 12815.771484375, 12805.0009765625, 12838.333984375, 12914.4482421875, 12948.421875, 12885.6337890625, 12811.1513671875, 12764.466796875, 12760.2255859375, 12816.880859375, 12887.287109375, 12868.8515625, 12782.3798828125, 12734.6435546875, 12715.12109375, 12785.4345703125, 12835.9599609375, 12810.322265625, 12750.1171875, 12692.4736328125, 12689.400390625, 12723.423828125, 12747.5654296875, 12731.8349609375, 12687.4306640625, 12664.5849609375, 12705.697265625, 12714.8671875, 12695.365234375, 12669.3974609375, 12680.337890625, 12677.142578125, 12667.7314453125, 12681.251953125, 12673.681640625, 12659.703125]}