{"mean": [14455.8955078125, 14508.700520833334, 14357.102864583334, 14361.432942708334, 14314.305338541666, 14233.735677083334, 14211.702473958334, 14247.525716145834, 14241.374674479166, 14190.011393229166, 14171.333658854166, 14111.242838541666, 14079.2685546875, 14058.317708333334, 14051.271484375, 14040.576171875, 14056.030598958334, 14056.186197916666, 14072.345052083334, 14091.9560546875, 14056.403971354166, 14053.959309895834, 14088.615559895834, 14123.8095703125, 14106.51953125, 14136.758138020834, 14162.243489583334, 14184.307291666666, 14185.157552083334, 14187.92578125, 14226.581380208334, 14296.005533854166, 14356.219401041666, 14371.126627604166, 14407.0078125, 14439.631510416666, 14474.5830078125, 14483.867838541666, 14521.699869791666, 14546.552083333334, 14596.355143229166, 14667.494466145834, 14718.638020833334, 14756.801106770834, 14786.456705729166, 14816.888671875, 14829.937174479166, 14876.291666666666, 14910.403971354166, 14939.598958333334, 14958.465169270834, 14984.282552083334, 14995.725911458334, 15019.834635416666, 15035.320963541666, 15048.311197916666, 15071.734375, 15069.6171875, 15054.27734375, 15032.5966796875, 15001.886067708334, 14992.563151041666, 14979.629231770834, 14976.789388020834, 14957.8212890625, 14943.225260416666, 14950.2099609375, 14950.7822265625, 14961.1494140625, 14953.867513020834, 14964.602213541666, 14968.4033203125, 14978.800130208334, 14982.922526041666, 14971.032877604166, 14956.064127604166, 14944.3037109375, 14938.953125, 14931.502604166666, 14928.472981770834, 14935.844075520834, 14930.993489583334, 14924.8720703125, 14915.704427083334, 14904.9833984375, 14914.191080729166, 14922.1630859375, 14939.985026041666, 14934.6826171875, 14910.8818359375, 14876.209635416666, 14869.941080729166, 14897.689127604166, 14942.017252604166, 14914.180338541666, 14856.730143229166, 14797.007486979166, 14784.114583333334, 14821.6630859375, 14878.892252604166], "upper": [15879.31640625, 15404.546875, 15519.998046875, 15612.3466796875, 15522.8857421875, 15294.181640625, 15233.287109375, 15300.4619140625, 15288.1435546875, 15204.29296875, 15247.8095703125, 15195.7490234375, 15190.1982421875, 15178.2392578125, 15188.015625, 15166.2861328125, 15200.3251953125, 15168.787109375, 15130.1005859375, 15167.078125, 15110.275390625, 15100.73046875, 15125.169921875, 15130.3056640625, 15091.6650390625, 15121.064453125, 15106.0888671875, 15087.3046875, 15119.1962890625, 15070.3095703125, 15050.0126953125, 15071.0869140625, 15104.1044921875, 15063.978515625, 15054.505859375, 15056.369140625, 15055.3203125, 15077.4677734375, 15094.01953125, 15073.65234375, 15079.85546875, 15089.2236328125, 15067.9453125, 15037.7470703125, 15035.4775390625, 15039.42578125, 15041.9189453125, 15066.943359375, 15075.96875, 15078.6474609375, 15093.34765625, 15171.1435546875, 15218.76171875, 15318.3427734375, 15372.115234375, 15415.0078125, 15453.7529296875, 15435.5478515625, 15412.783203125, 15396.015625, 15330.3046875, 15286.279296875, 15215.48828125, 15195.033203125, 15174.478515625, 15158.267578125, 15189.189453125, 15168.20703125, 15193.2177734375, 15212.8505859375, 15265.9033203125, 15270.3046875, 15279.8408203125, 15288.8662109375, 15280.6748046875, 15265.84765625, 15237.48046875, 15217.1220703125, 15181.9326171875, 15166.287109375, 15164.08203125, 15153.732421875, 15161.2568359375, 15186.125, 15183.2275390625, 15192.3671875, 15206.265625, 15194.7490234375, 15191.1015625, 15192.60546875, 15176.7431640625, 15172.44140625, 15149.919921875, 15147.3994140625, 15127.9658203125, 15117.021484375, 15101.71484375, 15098.404296875, 15085.5458984375, 15078.451171875], "lower": [13601.1416015625, 13681.5439453125, 13640.25, 13596.4375, 13570.3212890625, 13582.3515625, 13590.640625, 13566.396484375, 13517.779296875, 13460.9365234375, 13412.27734375, 13376.0595703125, 13342.1044921875, 13315.7265625, 13297.0087890625, 13287.974609375, 13286.5263671875, 13289.064453125, 13296.2490234375, 13310.8359375, 13327.7998046875, 13346.11328125, 13366.8447265625, 13395.775390625, 13436.330078125, 13487.2548828125, 13509.9775390625, 13514.00390625, 13511.3447265625, 13527.7197265625, 13567.2666015625, 13640.5244140625, 13688.251953125, 13664.9150390625, 13661.1513671875, 13723.4091796875, 13844.361328125, 13830.2529296875, 13867.3056640625, 13959.4423828125, 14091.12890625, 14241.82421875, 14382.4541015625, 14556.146484375, 14655.255859375, 14687.6123046875, 14679.3232421875, 14688.552734375, 14704.7109375, 14704.447265625, 14704.95703125, 14712.33203125, 14719.576171875, 14710.189453125, 14698.9208984375, 14698.9423828125, 14710.2724609375, 14709.5107421875, 14687.966796875, 14655.0634765625, 14642.1025390625, 14655.814453125, 14688.17578125, 14683.6923828125, 14638.7177734375, 14615.3046875, 14616.4248046875, 14643.3515625, 14648.6357421875, 14605.330078125, 14579.4150390625, 14579.2646484375, 14601.1015625, 14610.0234375, 14583.7802734375, 14552.814453125, 14542.123046875, 14542.5390625, 14552.7431640625, 14564.884765625, 14589.8310546875, 14584.7998046875, 14556.62109375, 14500.2333984375, 14470.9990234375, 14492.384765625, 14503.392578125, 14568.07421875, 14554.1513671875, 14479.3486328125, 14395.0908203125, 14381.3896484375, 14486.830078125, 14621.5439453125, 14559.0732421875, 14398.1552734375, 14234.3056640625, 14200.65234375, 14326.556640625, 14505.498046875]}