{"mean": [17001.307291666668, 16765.260416666668, 16727.197265625, 16789.805338541668, 16701.996744791668, 16489.430338541668, 16378.462890625, 16447.707356770832, 16432.360026041668, 16335.641276041666, 16307.824544270834, 16295.8857421875, 16269.513997395834, 16197.33203125, 16156.7353515625, 16158.782552083334, 16176.025065104166, 16157.420572916666, 16136.594401041666, 16155.71484375, 16139.428385416666, 16142.272786458334, 16133.0126953125, 16140.639973958334, 16123.281575520834, 16164.838216145834, 16177.655598958334, 16167.924479166666, 16173.282552083334, 16191.7509765625, 16241.480794270834, 16281.5517578125, 16323.357096354166, 16328.642578125, 16385.6982421875, 16412.338216145832, 16423.877278645832, 16431.265299479168, 16480.46484375, 16505.008138020832, 16549.913736979168, 16619.989908854168, 16667.605143229168, 16706.0, 16741.732421875, 16765.51171875, 16761.041666666668, 16828.257161458332, 16859.632161458332, 16892.422526041668, 16902.884114583332, 16929.177083333332, 16924.353515625, 16951.712890625, 16967.438151041668, 16974.075520833332, 17005.126953125, 17002.2890625, 16980.719401041668, 16966.700520833332, 16931.033203125, 16915.992838541668, 16899.046223958332, 16902.657552083332, 16882.420572916668, 16863.242838541668, 16870.162109375, 16865.886067708332, 16877.947265625, 16866.315755208332, 16880.470052083332, 16882.033854166668, 16891.392578125, 16892.367838541668, 16879.950520833332, 16865.629557291668, 16855.873046875, 16847.934895833332, 16840.8515625, 16834.336588541668, 16840.620442708332, 16837.469401041668, 16829.423177083332, 16824.451171875, 16815.977864583332, 16821.931640625, 16827.722005208332, 16843.966145833332, 16838.455078125, 16816.602213541668, 16783.553385416668, 16783.072916666668, 16803.6796875, 16847.856119791668, 16812.350911458332, 16766.240234375, 16714.6591796875, 16699.941080729168, 16726.433268229168, 16777.638671875], "upper": [18512.32421875, 17304.224609375, 17816.453125, 18083.00390625, 17892.962890625, 17309.33984375, 17034.94140625, 17237.42578125, 17222.193359375, 17030.578125, 17069.640625, 17179.423828125, 17200.064453125, 17045.62109375, 16977.171875, 17023.490234375, 17097.21875, 17044.08203125, 16923.453125, 16985.595703125, 17009.751953125, 17034.44921875, 16966.900390625, 16925.716796875, 16912.220703125, 16991.251953125, 16965.349609375, 16876.837890625, 16938.408203125, 16949.54296875, 16987.15625, 16940.416015625, 16923.1640625, 16849.171875, 16878.49609375, 16890.0703125, 16848.38671875, 16877.83984375, 16919.994140625, 16914.111328125, 16915.837890625, 16912.26171875, 16869.431640625, 16820.80859375, 16837.599609375, 16831.138671875, 16826.76953125, 16891.578125, 16938.919921875, 17042.73046875, 17089.517578125, 17169.69140625, 17198.828125, 17316.1796875, 17351.705078125, 17396.513671875, 17455.783203125, 17416.087890625, 17391.037109375, 17398.6875, 17321.478515625, 17269.890625, 17188.04296875, 17184.87109375, 17162.77734375, 17130.962890625, 17170.765625, 17144.287109375, 17172.314453125, 17182.904296875, 17237.6796875, 17237.603515625, 17251.12890625, 17251.478515625, 17244.345703125, 17225.96484375, 17201.4140625, 17174.1015625, 17143.458984375, 17122.28125, 17118.078125, 17113.1328125, 17113.67578125, 17137.302734375, 17136.87109375, 17142.142578125, 17152.689453125, 17146.087890625, 17141.443359375, 17134.384765625, 17116.9375, 17127.595703125, 17097.021484375, 17087.259765625, 17061.16015625, 17066.455078125, 17046.953125, 17029.166015625, 17013.423828125, 17017.736328125], "lower": [16219.408203125, 16219.974609375, 16143.876953125, 16073.107421875, 16029.455078125, 16018.619140625, 16011.04296875, 15970.423828125, 15902.220703125, 15824.001953125, 15762.134765625, 15717.193359375, 15674.8046875, 15639.796875, 15610.39453125, 15590.189453125, 15578.2265625, 15569.9326171875, 15565.4375, 15569.841796875, 15576.23828125, 15582.169921875, 15587.2197265625, 15595.2138671875, 15616.748046875, 15656.5546875, 15664.61328125, 15651.40234375, 15639.552734375, 15645.5380859375, 15665.4033203125, 15717.015625, 15755.8740234375, 15717.52734375, 15712.9755859375, 15752.1181640625, 15862.5986328125, 15838.6220703125, 15873.810546875, 15955.7158203125, 16080.5869140625, 16227.3935546875, 16369.4052734375, 16580.892578125, 16685.69921875, 16725.185546875, 16709.333984375, 16718.6796875, 16748.001953125, 16739.40234375, 16726.478515625, 16738.51953125, 16740.21484375, 16729.201171875, 16726.451171875, 16717.1953125, 16724.306640625, 16729.365234375, 16694.9296875, 16675.501953125, 16663.833984375, 16666.68359375, 16699.8671875, 16694.072265625, 16642.26171875, 16625.318359375, 16622.294921875, 16642.05859375, 16650.046875, 16603.509765625, 16585.5703125, 16582.140625, 16597.970703125, 16608.826171875, 16580.97265625, 16556.158203125, 16547.505859375, 16546.529296875, 16553.236328125, 16563.236328125, 16587.814453125, 16582.9140625, 16555.94140625, 16512.2578125, 16487.884765625, 16505.15625, 16513.7890625, 16569.205078125, 16555.1484375, 16494.25, 16418.375, 16407.634765625, 16499.685546875, 16640.744140625, 16562.736328125, 16419.896484375, 16284.6845703125, 16260.8095703125, 16356.6044921875, 16505.873046875]}