{"mean": [6919.74267578125, 6445.174479166667, 6308.459635416667, 6373.73828125, 6400.749837239583, 6409.632161458333, 6322.902018229167, 6268.714680989583, 6185.514811197917, 6086.357096354167, 6011.39892578125, 5939.064778645833, 5885.011067708333, 5867.533854166667, 5840.075520833333, 5808.310221354167, 5785.408040364583, 5739.314453125, 5764.393229166667, 5752.732747395833, 5711.26806640625, 5677.555013020833, 5678.384928385417, 5632.33642578125, 5610.62109375, 5586.333658854167, 5552.2041015625, 5530.725260416667, 5510.567220052083, 5539.885904947917, 5561.31298828125, 5538.574055989583, 5521.799479166667, 5502.799479166667, 5482.999674479167, 5457.647298177083, 5419.937662760417, 5411.453776041667, 5412.3046875, 5428.521809895833, 5439.282063802083, 5447.618326822917, 5463.70556640625, 5483.340657552083, 5499.599934895833, 5505.798990885417, 5506.88623046875, 5507.193522135417, 5511.013834635417, 5520.813802083333, 5524.68115234375, 5530.604817708333, 5527.06298828125, 5521.29638671875, 5512.163736979167, 5497.370442708333, 5490.546549479167, 5485.878580729167, 5482.221842447917, 5484.399088541667, 5481.360514322917, 5479.543619791667, 5483.616048177083, 5490.38525390625, 5488.515462239583, 5483.840169270833, 5478.259602864583, 5477.55615234375, 5480.207682291667, 5486.2119140625, 5493.973958333333, 5502.607259114583, 5511.236490885417, 5514.987467447917, 5515.57080078125, 5513.249674479167, 5513.43896484375, 5517.15771484375, 5508.756998697917, 5508.46484375, 5505.543782552083, 5499.974283854167, 5494.345377604167, 5490.01611328125, 5490.093912760417, 5489.859537760417, 5488.970052083333, 5492.660970052083, 5495.212076822917, 5498.390950520833, 5501.645833333333, 5503.831380208333, 5503.240234375, 5500.50244140625, 5497.617838541667, 5494.168131510417, 5491.021321614583, 5488.625813802083, 5488.670084635417, 5490.059733072917], "upper": [7302.62890625, 7169.20849609375, 7063.3740234375, 6972.43212890625, 6899.70849609375, 6849.3603515625, 6796.41259765625, 6740.95849609375, 6672.81494140625, 6579.6279296875, 6472.17041015625, 6382.0869140625, 6296.6005859375, 6194.90380859375, 6129.10791015625, 6112.466796875, 6091.7451171875, 6076.53759765625, 6059.34619140625, 6042.93310546875, 6010.41748046875, 5961.6396484375, 5908.8759765625, 5845.42626953125, 5797.40771484375, 5782.4833984375, 5741.0126953125, 5707.26220703125, 5666.08740234375, 5696.8154296875, 5722.99267578125, 5757.05517578125, 5779.9404296875, 5758.60986328125, 5713.19482421875, 5660.6318359375, 5597.2900390625, 5555.10009765625, 5527.9775390625, 5531.89599609375, 5557.17431640625, 5547.552734375, 5545.71728515625, 5565.09326171875, 5579.47265625, 5584.91650390625, 5586.67333984375, 5592.9443359375, 5604.853515625, 5625.00537109375, 5649.896484375, 5672.09033203125, 5686.5185546875, 5689.580078125, 5682.8388671875, 5669.68115234375, 5651.0205078125, 5634.86083984375, 5626.15625, 5624.396484375, 5628.07958984375, 5634.234375, 5637.689453125, 5641.36474609375, 5643.99951171875, 5644.13037109375, 5639.73095703125, 5640.5908203125, 5639.8115234375, 5641.80810546875, 5645.3115234375, 5647.78076171875, 5648.8701171875, 5646.64892578125, 5642.86962890625, 5643.49072265625, 5647.7802734375, 5653.3525390625, 5643.87451171875, 5647.64306640625, 5648.56005859375, 5646.96728515625, 5645.39697265625, 5643.54296875, 5647.25, 5645.02734375, 5636.931640625, 5636.38720703125, 5631.10693359375, 5623.99658203125, 5618.23388671875, 5612.71240234375, 5605.62451171875, 5600.716796875, 5598.7373046875, 5597.94189453125, 5599.29345703125, 5601.84765625, 5605.0810546875, 5610.0888671875], "lower": [6304.96142578125, 5816.50634765625, 5686.1513671875, 5960.52197265625, 6084.06640625, 6171.56982421875, 6074.966796875, 5998.8046875, 5845.69482421875, 5648.9189453125, 5529.21875, 5420.57275390625, 5362.9365234375, 5427.9501953125, 5420.23095703125, 5362.1728515625, 5353.07421875, 5272.22607421875, 5395.02734375, 5406.5224609375, 5359.39599609375, 5359.85791015625, 5457.94677734375, 5405.845703125, 5403.748046875, 5365.19775390625, 5341.67529296875, 5334.7353515625, 5325.14697265625, 5364.55126953125, 5390.97998046875, 5311.52197265625, 5275.5126953125, 5272.19970703125, 5270.43212890625, 5262.8134765625, 5259.857421875, 5283.8544921875, 5307.06884765625, 5357.78564453125, 5372.93017578125, 5389.05615234375, 5406.798828125, 5399.29443359375, 5394.31494140625, 5386.26220703125, 5378.7998046875, 5371.978515625, 5375.20263671875, 5392.38916015625, 5388.98046875, 5396.8779296875, 5389.3388671875, 5388.57861328125, 5383.7490234375, 5360.7685546875, 5356.87890625, 5346.8544921875, 5328.9404296875, 5323.70263671875, 5316.51171875, 5315.94287109375, 5328.513671875, 5349.4599609375, 5366.185546875, 5378.20751953125, 5382.59814453125, 5382.5205078125, 5378.84521484375, 5370.11474609375, 5358.90869140625, 5354.384765625, 5359.75537109375, 5362.4521484375, 5363.70947265625, 5356.08935546875, 5354.29833984375, 5364.548828125, 5355.5439453125, 5359.49658203125, 5361.361328125, 5361.15625, 5358.1416015625, 5352.12451171875, 5348.16455078125, 5345.71630859375, 5342.1259765625, 5340.64013671875, 5340.9208984375, 5345.27294921875, 5353.46142578125, 5360.2734375, 5363.57666015625, 5360.5703125, 5356.32080078125, 5349.7080078125, 5343.10400390625, 5338.9697265625, 5339.72265625, 5341.28125]}