{
    "particle_has_naninf": false,
    "point_distance_sr": 14673.349609375,
    "point_distance_rs": 1513.406494140625,
    "chamfer_loss_pcd": 16186.755859375,
    "particle_distance_sr": 7458.173828125,
    "particle_distance_rs": 4756.96435546875,
    "chamfer_loss_particle": 12215.138671875,
    "final_height_map": null,
    "height_map_loss_pcd": 2149.3525390625,
    "emd_point_distance_loss": 1630.4893798828125,
    "emd_particle_distance_loss": 9118.9609375,
    "total_loss": 0.0
}