{"mean": [1690.3423309326172, 1565.136459350586, 1476.5982818603516, 1397.1060028076172, 1369.3755798339844, 1305.5128326416016, 1286.926742553711, 1281.6170806884766, 1298.1882019042969, 1356.388412475586, 1375.330795288086, 1379.3473358154297, 1382.336669921875, 1383.8381958007812, 1383.5594024658203, 1381.711669921875, 1378.416275024414, 1386.0834655761719, 1425.5590057373047, 1471.0506439208984, 1489.4067993164062, 1495.4979858398438, 1529.8372497558594, 1556.7845458984375, 1553.9628601074219, 1551.8652954101562, 1549.0670166015625, 1545.826919555664, 1536.7113952636719, 1531.5229034423828, 1522.7882080078125, 1510.0941925048828, 1494.6936798095703, 1468.5538787841797, 1450.5863037109375, 1412.1709289550781, 1386.2209014892578, 1368.2866973876953, 1352.1618041992188, 1331.5114135742188, 1310.875991821289, 1291.0899047851562, 1274.341781616211, 1263.119644165039, 1261.1563110351562, 1256.9688720703125, 1249.836685180664, 1251.8646697998047, 1252.7976379394531, 1252.9056854248047, 1252.1920166015625, 1252.5428466796875, 1252.5532684326172, 1253.0633544921875, 1254.1490020751953, 1260.041732788086, 1275.3762512207031, 1275.0224914550781, 1275.095962524414, 1277.4831085205078, 1279.5104675292969, 1282.6368255615234, 1286.5506591796875, 1295.0694732666016, 1293.2958679199219, 1296.0059661865234, 1299.712631225586, 1304.003677368164, 1311.456527709961, 1316.1923065185547, 1325.9754028320312, 1326.7682342529297, 1326.348876953125, 1321.7939147949219, 1314.6732177734375, 1303.886734008789, 1308.5878448486328, 1292.1072082519531, 1298.3130493164062, 1304.9580078125, 1310.0779876708984, 1310.3056182861328, 1309.9547271728516, 1309.9263458251953, 1313.1512451171875, 1315.5531463623047, 1332.7407531738281, 1330.7652282714844, 1339.2631072998047, 1360.092514038086, 1370.0151824951172, 1372.6493377685547, 1374.6746826171875, 1374.3146667480469, 1376.0105743408203, 1377.2357635498047, 1378.3886108398438, 1385.1240539550781, 1372.7322235107422, 1367.0850372314453], "upper": [1690.3447265625, 1565.1383056640625, 1476.6180419921875, 1397.1571044921875, 1369.4002685546875, 1305.5787353515625, 1287.0343017578125, 1281.696533203125, 1298.241455078125, 1356.411376953125, 1375.337890625, 1379.363525390625, 1382.437744140625, 1383.9356689453125, 1383.6572265625, 1381.8460693359375, 1378.8505859375, 1386.681396484375, 1425.7764892578125, 1478.365966796875, 1491.806640625, 1496.539306640625, 1560.4658203125, 1560.4427490234375, 1559.4976806640625, 1559.375244140625, 1559.9512939453125, 1561.28076171875, 1550.022705078125, 1545.564697265625, 1541.16943359375, 1536.969970703125, 1533.71923828125, 1530.9256591796875, 1549.91259765625, 1553.83447265625, 1550.2601318359375, 1547.7230224609375, 1546.19775390625, 1528.2601318359375, 1479.701416015625, 1450.52587890625, 1392.0438232421875, 1365.08056640625, 1362.168212890625, 1359.44384765625, 1335.6533203125, 1335.5150146484375, 1335.41943359375, 1335.38525390625, 1335.373046875, 1335.3807373046875, 1335.39892578125, 1335.4527587890625, 1335.5577392578125, 1347.4764404296875, 1374.6229248046875, 1368.2271728515625, 1364.5433349609375, 1372.0372314453125, 1375.305419921875, 1381.4588623046875, 1381.8995361328125, 1385.322509765625, 1385.8074951171875, 1389.2305908203125, 1389.8255615234375, 1396.24267578125, 1438.1058349609375, 1456.5516357421875, 1478.2684326171875, 1480.2218017578125, 1474.7445068359375, 1441.618896484375, 1394.8541259765625, 1369.4498291015625, 1368.988037109375, 1369.034912109375, 1369.5911865234375, 1370.6773681640625, 1372.0118408203125, 1373.5458984375, 1375.04052734375, 1376.760986328125, 1378.2911376953125, 1379.508056640625, 1380.189453125, 1380.1402587890625, 1394.560546875, 1462.614013671875, 1479.11572265625, 1478.75341796875, 1488.920166015625, 1478.3558349609375, 1479.581298828125, 1481.93994140625, 1467.713623046875, 1468.1510009765625, 1415.9169921875, 1390.478515625], "lower": [1690.3406982421875, 1565.135009765625, 1476.552001953125, 1396.9677734375, 1369.3175048828125, 1305.4849853515625, 1286.8857421875, 1281.5863037109375, 1298.1673583984375, 1356.37646484375, 1375.3250732421875, 1379.31103515625, 1382.21142578125, 1383.766845703125, 1383.4342041015625, 1381.4857177734375, 1378.1197509765625, 1385.705078125, 1425.135986328125, 1465.1075439453125, 1487.59619140625, 1492.9775390625, 1492.046875, 1553.2391357421875, 1545.203125, 1543.250732421875, 1539.6954345703125, 1535.5994873046875, 1513.797607421875, 1496.1871337890625, 1479.3594970703125, 1395.101806640625, 1384.5679931640625, 1359.5799560546875, 1311.3419189453125, 1240.781005859375, 1229.03369140625, 1228.969482421875, 1223.40673828125, 1217.97900390625, 1218.653564453125, 1219.541259765625, 1217.765380859375, 1218.085693359375, 1218.612060546875, 1219.251708984375, 1220.0115966796875, 1220.9801025390625, 1222.1219482421875, 1220.5611572265625, 1217.7108154296875, 1217.80712890625, 1217.91845703125, 1218.0386962890625, 1217.708984375, 1217.802490234375, 1217.8887939453125, 1217.9814453125, 1218.1005859375, 1218.243896484375, 1218.4715576171875, 1218.711181640625, 1218.955810546875, 1219.1878662109375, 1219.4290771484375, 1219.70751953125, 1220.0380859375, 1220.421630859375, 1220.8231201171875, 1221.2337646484375, 1221.71630859375, 1222.2275390625, 1222.774658203125, 1223.3280029296875, 1223.912841796875, 1224.4945068359375, 1224.985107421875, 1225.4866943359375, 1226.0484619140625, 1226.60498046875, 1227.2359619140625, 1227.882080078125, 1228.5736083984375, 1229.2830810546875, 1230.04736328125, 1230.883544921875, 1231.79150390625, 1232.87744140625, 1234.1397705078125, 1235.6468505859375, 1237.3804931640625, 1239.4561767578125, 1241.9970703125, 1246.925048828125, 1254.167236328125, 1269.7064208984375, 1303.20458984375, 1343.4840087890625, 1344.47900390625, 1345.5338134765625]}