{"mean": [886.3655090332031, 899.247688293457, 910.3433227539062, 907.4727630615234, 927.2030792236328, 932.0344085693359, 932.365966796875, 931.6251754760742, 929.3696670532227, 928.8730773925781, 928.2476806640625, 927.7467193603516, 927.5611267089844, 927.791862487793, 928.4231872558594, 929.4863891601562, 930.6564865112305, 932.3286285400391, 934.1579284667969, 935.8565902709961, 937.2737808227539, 938.5546951293945, 940.2363510131836, 941.6938629150391, 942.7038040161133, 943.724739074707, 944.4161071777344, 944.9045944213867, 945.221794128418, 945.2784576416016, 945.2986526489258, 945.1935806274414, 945.0419998168945, 945.0146713256836, 945.0679092407227, 945.1126708984375, 945.1072311401367, 945.0729751586914, 944.9928970336914, 944.8537368774414, 944.659049987793, 944.4145965576172, 944.1377410888672, 943.6820983886719, 943.1202926635742, 942.5277709960938, 942.0657119750977, 941.7384185791016, 941.5187454223633, 941.3868026733398, 941.3455123901367, 941.3778991699219, 941.4799118041992, 941.5651397705078, 941.579216003418, 941.5818634033203, 941.4352188110352, 941.6667556762695, 941.8148880004883, 941.8380966186523, 941.7621078491211, 941.5296630859375, 941.1252593994141, 940.6731414794922, 940.1011199951172, 939.973388671875, 939.8773345947266, 939.8242034912109, 939.8068084716797, 939.8080291748047, 939.8349609375, 939.8462600708008, 939.7963562011719, 939.5615768432617, 939.0558547973633, 938.0195388793945, 936.2847213745117, 934.6844024658203, 933.5822677612305, 932.9161376953125, 932.5833892822266, 932.4335556030273, 932.3580017089844, 932.2383270263672, 932.2703399658203, 932.3653564453125, 933.0537796020508, 933.8943939208984, 934.5442810058594, 934.6765747070312, 934.4780807495117, 934.2018432617188, 934.1288452148438, 933.9529800415039, 933.66259765625, 933.1706466674805, 932.4863433837891, 931.5735015869141, 931.032958984375, 930.3950653076172], "upper": [886.3717041015625, 899.2496337890625, 910.3484497070312, 907.5173950195312, 927.2230224609375, 932.0419311523438, 932.37890625, 931.637451171875, 929.3782348632812, 928.8761596679688, 928.256591796875, 927.7625732421875, 927.5840454101562, 927.8228149414062, 928.462158203125, 929.5564575195312, 930.7265014648438, 932.4223022460938, 934.2843627929688, 936.0392456054688, 937.83837890625, 939.8094482421875, 941.654541015625, 943.6309814453125, 945.4588623046875, 946.3511962890625, 946.6876220703125, 946.5888671875, 946.5523071289062, 946.552734375, 946.4832153320312, 946.4082641601562, 946.302978515625, 946.0709228515625, 945.9346923828125, 945.8434448242188, 945.7552490234375, 945.6724243164062, 945.5902709960938, 945.5411376953125, 945.487548828125, 945.4610595703125, 945.4423828125, 945.4346923828125, 945.4247436523438, 945.3967895507812, 945.3717041015625, 945.3429565429688, 945.3258056640625, 945.3085327148438, 945.2991943359375, 945.3003540039062, 945.3126220703125, 945.3265380859375, 945.32958984375, 945.3585815429688, 945.378662109375, 945.40625, 945.412353515625, 945.4108276367188, 945.4163208007812, 945.4398193359375, 945.4522094726562, 945.4818115234375, 945.5117797851562, 945.5413208007812, 945.545654296875, 945.5860595703125, 945.617919921875, 945.6300659179688, 945.5489501953125, 945.3056640625, 944.9398803710938, 944.0206298828125, 943.9877319335938, 943.9776611328125, 943.9766235351562, 943.977294921875, 943.9988403320312, 943.9894409179688, 943.9974975585938, 943.99169921875, 943.9862060546875, 943.9835205078125, 943.9862060546875, 943.9673461914062, 943.9291381835938, 943.8746337890625, 943.8013916015625, 943.7760620117188, 943.7593383789062, 943.8016357421875, 943.7865600585938, 943.7939453125, 943.6094360351562, 942.4996948242188, 940.052978515625, 937.166748046875, 936.074462890625, 935.9515380859375], "lower": [886.3623046875, 899.2463989257812, 910.33349609375, 907.45751953125, 927.1932373046875, 932.0136108398438, 932.33154296875, 931.5960693359375, 929.3511962890625, 928.86669921875, 928.2401123046875, 927.7392578125, 927.540283203125, 927.75830078125, 928.38916015625, 929.4411010742188, 930.5736694335938, 932.2070922851562, 933.9689331054688, 935.7652587890625, 937.1046752929688, 938.1791381835938, 939.4376831054688, 940.3112182617188, 940.7778930664062, 940.878173828125, 940.729248046875, 940.2153930664062, 939.4892578125, 938.6415405273438, 938.7579956054688, 938.7802734375, 938.6513671875, 939.4192504882812, 940.8633422851562, 942.0922241210938, 942.9296264648438, 943.3397216796875, 943.3475341796875, 942.99658203125, 942.2332763671875, 940.9843139648438, 939.314697265625, 936.2421875, 932.1784057617188, 927.7142944335938, 924.287353515625, 921.8724365234375, 920.3659057617188, 919.6216430664062, 919.44873046875, 919.8133544921875, 920.6807250976562, 922.0489501953125, 923.8924560546875, 926.0643920898438, 928.2064208984375, 930.2259521484375, 931.5648803710938, 931.9376831054688, 931.527099609375, 930.4080810546875, 928.8763427734375, 927.4993896484375, 926.3873901367188, 925.5926513671875, 925.1544189453125, 925.0841064453125, 925.3565063476562, 925.9057006835938, 926.7609252929688, 927.8004150390625, 929.0196533203125, 930.1451416015625, 930.8807373046875, 931.296630859375, 930.30029296875, 924.8572998046875, 920.81982421875, 918.534423828125, 917.8733520507812, 918.0447387695312, 918.7116088867188, 920.2115478515625, 922.322509765625, 924.957275390625, 926.0297241210938, 925.54443359375, 925.0970458984375, 924.6328735351562, 924.1328125, 923.6990356445312, 923.2077026367188, 922.7037353515625, 922.1680297851562, 921.585205078125, 921.0523681640625, 920.5729370117188, 920.1143798828125, 919.6810302734375]}