{"mean": [2939.523956298828, 2908.5455932617188, 2701.358856201172, 2769.8367919921875, 2836.281036376953, 2675.030303955078, 2610.905792236328, 2611.9026489257812, 2645.2377014160156, 2649.7889709472656, 2652.2965393066406, 2653.6603393554688, 2654.6890869140625, 2654.7700805664062, 2654.0962524414062, 2654.203338623047, 2655.4765014648438, 2655.5995483398438, 2654.1351318359375, 2642.9869384765625, 2621.214141845703, 2600.9852294921875, 2589.65966796875, 2583.4489135742188, 2578.60205078125, 2571.912139892578, 2562.2503967285156, 2549.8134155273438, 2534.8534240722656, 2518.776397705078, 2501.8748779296875, 2485.82763671875, 2471.3334045410156, 2456.6754760742188, 2442.9686889648438, 2430.4608459472656, 2419.3004455566406, 2409.4612426757812, 2400.905242919922, 2393.6507263183594, 2387.8435668945312, 2384.0599365234375, 2384.2699584960938, 2386.1780700683594, 2386.001251220703, 2385.009033203125, 2384.286590576172, 2383.6629333496094, 2383.1795043945312, 2382.8343505859375, 2382.4813842773438, 2382.3606872558594, 2382.795867919922, 2385.056640625, 2394.027587890625, 2419.4496154785156, 2448.4370727539062, 2448.469024658203, 2449.105438232422, 2450.6598510742188, 2453.4126586914062, 2458.2249755859375, 2469.3721923828125, 2497.35205078125, 2530.4053344726562, 2532.624542236328, 2534.776092529297, 2537.007354736328, 2539.4107360839844, 2542.0646057128906, 2544.852569580078, 2547.9874267578125, 2551.743682861328, 2556.6044921875, 2567.6488647460938, 2591.3854064941406, 2604.8954162597656, 2612.0056762695312, 2617.3167419433594, 2620.7118225097656, 2623.4425354003906, 2624.266876220703, 2626.2492065429688, 2636.2579040527344, 2667.0453186035156, 2690.9842834472656, 2691.7115783691406, 2692.075897216797, 2694.678955078125, 2701.9728088378906, 2732.0213928222656, 2751.4212646484375, 2752.1315002441406, 2754.4437866210938, 2758.6334838867188, 2767.9398498535156, 2794.5738830566406, 2840.9758911132812, 2845.3805541992188, 2848.969451904297], "upper": [2939.553955078125, 2908.568603515625, 2701.386962890625, 2770.20947265625, 2836.31884765625, 2675.225830078125, 2611.2236328125, 2612.07421875, 2645.31884765625, 2649.91943359375, 2652.34326171875, 2653.737060546875, 2654.793212890625, 2654.86962890625, 2654.2138671875, 2654.4404296875, 2655.55908203125, 2655.774658203125, 2654.7021484375, 2643.82666015625, 2623.945556640625, 2604.68798828125, 2594.606689453125, 2591.1728515625, 2590.364990234375, 2590.55517578125, 2591.279541015625, 2593.0283203125, 2596.2197265625, 2601.597900390625, 2599.326171875, 2598.4326171875, 2600.265625, 2590.263427734375, 2576.69287109375, 2562.405517578125, 2549.6572265625, 2539.1181640625, 2530.337890625, 2524.40625, 2523.9453125, 2533.898681640625, 2570.603271484375, 2615.85302734375, 2639.82177734375, 2653.1220703125, 2665.130859375, 2673.86181640625, 2680.523193359375, 2684.98779296875, 2685.677490234375, 2683.623779296875, 2678.70703125, 2672.596435546875, 2666.5595703125, 2666.638671875, 2903.588134765625, 2906.99951171875, 2911.210693359375, 2915.896240234375, 2921.116455078125, 2926.678955078125, 2932.492431640625, 2938.5439453125, 2944.621826171875, 2950.77099609375, 2956.63818359375, 2962.2255859375, 2967.66845703125, 2972.893798828125, 2977.8369140625, 2982.61328125, 2987.2431640625, 2991.43212890625, 2994.911376953125, 2997.860107421875, 3000.4326171875, 3002.796630859375, 3004.892333984375, 3006.810791015625, 3008.465576171875, 3009.469970703125, 3009.785400390625, 3009.489501953125, 3008.697265625, 3007.546875, 3006.7822265625, 3008.43359375, 3009.47314453125, 3009.775634765625, 3009.45263671875, 3008.6181640625, 3007.479248046875, 3006.24462890625, 3004.76953125, 3003.065673828125, 3001.20068359375, 2998.862060546875, 2996.21337890625, 2993.218505859375], "lower": [2939.495361328125, 2908.509521484375, 2701.3134765625, 2769.692138671875, 2836.21435546875, 2674.9453125, 2610.76904296875, 2611.785400390625, 2645.167236328125, 2649.689697265625, 2652.25439453125, 2653.619384765625, 2654.502685546875, 2654.664794921875, 2653.989990234375, 2653.674072265625, 2655.375, 2655.490478515625, 2653.473388671875, 2641.043701171875, 2612.38232421875, 2589.716552734375, 2582.120361328125, 2574.450927734375, 2561.123291015625, 2548.740966796875, 2528.33447265625, 2505.22021484375, 2481.639892578125, 2459.218994140625, 2439.17626953125, 2421.349365234375, 2405.3955078125, 2390.83544921875, 2377.64306640625, 2365.49609375, 2354.658203125, 2345.181396484375, 2337.159912109375, 2330.41650390625, 2324.65966796875, 2319.892578125, 2316.355224609375, 2313.85400390625, 2312.30419921875, 2311.458984375, 2311.1435546875, 2311.917236328125, 2313.4951171875, 2312.9169921875, 2312.014404296875, 2311.473876953125, 2311.19970703125, 2311.397705078125, 2312.155517578125, 2313.341796875, 2315.38134765625, 2318.457275390625, 2319.302734375, 2318.098876953125, 2317.008056640625, 2316.029541015625, 2315.2734375, 2314.496826171875, 2313.846435546875, 2313.303955078125, 2312.766357421875, 2312.3232421875, 2311.8857421875, 2311.61279296875, 2311.3857421875, 2311.206298828125, 2311.236328125, 2311.46533203125, 2311.93701171875, 2312.025146484375, 2311.677001953125, 2311.395751953125, 2311.205078125, 2311.236328125, 2311.17431640625, 2311.2265625, 2311.380859375, 2311.692138671875, 2312.11962890625, 2312.625732421875, 2313.40771484375, 2314.503173828125, 2316.012939453125, 2317.991943359375, 2320.76904296875, 2324.618408203125, 2330.257080078125, 2338.991943359375, 2355.480224609375, 2402.4140625, 2578.466552734375, 2623.957275390625, 2637.89111328125, 2647.9228515625]}