{"mean": [9137.363403320312, 9005.794921875, 8857.015747070312, 8731.773071289062, 8672.888061523438, 8651.466674804688, 8628.5478515625, 8605.49609375, 8582.847778320312, 8569.325073242188, 8558.37255859375, 8550.0556640625, 8543.817138671875, 8538.976196289062, 8534.577758789062, 8530.203979492188, 8526.13330078125, 8522.719116210938, 8520.327758789062, 8519.332763671875, 8518.553344726562, 8521.205078125, 8528.0712890625, 8535.701171875, 8542.662109375, 8553.735229492188, 8564.8330078125, 8577.64306640625, 8592.260620117188, 8607.317260742188, 8622.386352539062, 8636.574584960938, 8650.017822265625, 8663.010620117188, 8676.347290039062, 8688.62255859375, 8700.067749023438, 8710.521240234375, 8719.981689453125, 8728.501831054688, 8736.041625976562, 8742.606567382812, 8748.3818359375, 8753.554809570312, 8758.341918945312, 8763.090698242188, 8768.263671875, 8773.636840820312, 8778.966430664062, 8783.858276367188, 8788.28173828125, 8792.420776367188, 8796.82958984375, 8802.53125, 8811.828002929688, 8824.234497070312, 8831.913330078125, 8834.222778320312, 8836.592651367188, 8838.994384765625, 8841.858032226562, 8846.059448242188, 8853.497314453125, 8864.342529296875, 8870.449096679688, 8870.599975585938, 8870.689575195312, 8870.676147460938, 8870.534301757812, 8870.223510742188, 8869.762329101562, 8868.79833984375, 8867.01416015625, 8864.052124023438, 8859.923950195312, 8855.56884765625, 8852.182861328125, 8852.267456054688, 8856.3232421875, 8861.751220703125, 8866.713012695312, 8870.199829101562, 8876.04833984375, 8884.545043945312, 8893.885986328125, 8897.397827148438, 8898.238159179688, 8900.862426757812, 8908.855834960938, 8920.015380859375, 8932.932006835938, 8938.282104492188, 8939.833374023438, 8941.578979492188, 8944.2197265625, 8949.855590820312, 8961.422241210938, 8970.607055664062, 8970.761840820312, 8971.033813476562], "upper": [9137.37890625, 9005.8017578125, 8857.044921875, 8731.830078125, 8672.89453125, 8651.490234375, 8628.5830078125, 8605.5439453125, 8582.8828125, 8569.359375, 8558.4013671875, 8550.091796875, 8543.8720703125, 8539.0458984375, 8534.6435546875, 8530.2978515625, 8526.2666015625, 8522.77734375, 8520.5302734375, 8519.4404296875, 8522.71875, 8527.7822265625, 8539.181640625, 8551.18359375, 8566.71875, 8584.9375, 8603.0615234375, 8622.3525390625, 8642.1982421875, 8661.6396484375, 8680.16796875, 8697.220703125, 8713.0693359375, 8728.203125, 8743.0078125, 8757.3720703125, 8771.3515625, 8784.83984375, 8797.5029296875, 8809.81640625, 8822.05859375, 8834.05078125, 8845.7255859375, 8856.9892578125, 8867.802734375, 8878.7138671875, 8889.8896484375, 8901.10546875, 8912.951171875, 8926.1767578125, 8940.7314453125, 8957.3037109375, 8979.3349609375, 9014.1845703125, 9077.19140625, 9162.80859375, 9207.90234375, 9208.58203125, 9209.470703125, 9210.44921875, 9211.5625, 9212.6787109375, 9213.853515625, 9215.15625, 9216.4580078125, 9217.833984375, 9219.328125, 9220.7890625, 9222.275390625, 9223.7998046875, 9225.32421875, 9226.80078125, 9228.16015625, 9229.5224609375, 9230.8837890625, 9232.19140625, 9233.3349609375, 9234.423828125, 9235.4169921875, 9236.2265625, 9236.734375, 9237.2705078125, 9237.8427734375, 9238.37890625, 9238.8369140625, 9239.2294921875, 9239.6865234375, 9240.1962890625, 9240.6953125, 9241.240234375, 9241.765625, 9242.2734375, 9242.791015625, 9243.267578125, 9243.6669921875, 9244.138671875, 9244.576171875, 9244.9375, 9245.3271484375, 9245.783203125], "lower": [9137.357421875, 9005.7900390625, 8856.9404296875, 8731.6171875, 8672.87890625, 8651.419921875, 8628.47265625, 8605.3798828125, 8582.7646484375, 8569.251953125, 8558.3330078125, 8549.986328125, 8543.7314453125, 8538.90625, 8534.4921875, 8530.048828125, 8526.0009765625, 8522.59765625, 8519.5380859375, 8519.1748046875, 8517.3095703125, 8519.2763671875, 8522.1640625, 8524.8115234375, 8526.09375, 8525.95703125, 8524.96484375, 8522.6533203125, 8519.517578125, 8516.73828125, 8519.1015625, 8521.353515625, 8524.1669921875, 8529.921875, 8544.904296875, 8557.966796875, 8570.31640625, 8580.4296875, 8587.6982421875, 8591.9560546875, 8592.2109375, 8588.8369140625, 8582.5537109375, 8575.056640625, 8567.8271484375, 8563.12109375, 8564.7890625, 8570.7685546875, 8578.150390625, 8582.71484375, 8583.755859375, 8581.42578125, 8576.5537109375, 8570.0078125, 8564.9169921875, 8562.3408203125, 8562.1484375, 8563.3056640625, 8564.1845703125, 8563.626953125, 8561.6708984375, 8558.8623046875, 8556.32421875, 8554.873046875, 8554.533203125, 8554.6943359375, 8554.8037109375, 8554.2880859375, 8553.0703125, 8551.29296875, 8549.3623046875, 8547.5908203125, 8546.5458984375, 8546.044921875, 8545.580078125, 8545.1494140625, 8544.7109375, 8544.0380859375, 8543.482421875, 8542.8828125, 8542.4384765625, 8541.953125, 8541.7255859375, 8541.732421875, 8541.7841796875, 8541.876953125, 8542.080078125, 8542.171875, 8542.2607421875, 8542.33984375, 8542.4306640625, 8542.44140625, 8542.8037109375, 8542.9951171875, 8543.20703125, 8543.6650390625, 8541.087890625, 8538.744140625, 8536.9560546875, 8535.4365234375]}