{"mean": [6185.115173339844, 6129.355651855469, 5748.402648925781, 5882.659423828125, 5907.764404296875, 5556.279968261719, 5425.6571044921875, 5426.410095214844, 5491.6790771484375, 5508.4429931640625, 5521.614929199219, 5533.003723144531, 5542.2149658203125, 5549.0296630859375, 5554.1605224609375, 5559.433410644531, 5565.380676269531, 5569.693054199219, 5570.927429199219, 5553.036560058594, 5515.634338378906, 5479.477355957031, 5458.430358886719, 5447.372985839844, 5438.644348144531, 5424.912292480469, 5406.2503662109375, 5381.882385253906, 5352.55078125, 5320.918212890625, 5287.3314208984375, 5255.234069824219, 5225.7359619140625, 5196.091857910156, 5167.978942871094, 5142.521545410156, 5119.596923828125, 5099.135681152344, 5081.059875488281, 5065.326354980469, 5052.199462890625, 5042.64306640625, 5040.1802978515625, 5040.5009765625, 5037.221618652344, 5033.493225097656, 5030.872619628906, 5029.335754394531, 5027.92138671875, 5026.418273925781, 5024.2586669921875, 5021.740173339844, 5019.56103515625, 5020.06005859375, 5031.869567871094, 5077.4542236328125, 5134.248596191406, 5133.5006103515625, 5133.9078369140625, 5135.87158203125, 5139.717834472656, 5146.86572265625, 5164.714782714844, 5216.1029052734375, 5281.868103027344, 5286.0987548828125, 5290.338623046875, 5294.675476074219, 5299.1788330078125, 5304.020935058594, 5309.034484863281, 5314.563903808594, 5320.9188232421875, 5328.7183837890625, 5346.426574707031, 5385.630065917969, 5406.853942871094, 5420.410461425781, 5433.396545410156, 5443.6510009765625, 5451.177734375, 5452.371154785156, 5451.5819091796875, 5463.657653808594, 5517.715393066406, 5562.405700683594, 5562.5318603515625, 5562.6553955078125, 5565.455383300781, 5576.682312011719, 5634.6033935546875, 5673.961364746094, 5675.098876953125, 5678.681823730469, 5685.0684814453125, 5699.593200683594, 5745.6700439453125, 5836.158203125, 5843.9052734375, 5850.040710449219], "upper": [6185.166015625, 6129.3984375, 5748.451171875, 5883.2412109375, 5907.8779296875, 5556.6923828125, 5426.2607421875, 5426.73681640625, 5491.83984375, 5508.7197265625, 5521.689453125, 5533.1953125, 5542.384765625, 5549.240234375, 5554.36279296875, 5559.693359375, 5565.6162109375, 5570.048828125, 5572.55517578125, 5554.5048828125, 5520.796875, 5486.78125, 5469.36962890625, 5463.6826171875, 5462.7392578125, 5463.580078125, 5465.1123046875, 5468.556640625, 5474.8837890625, 5485.1171875, 5478.9248046875, 5475.20703125, 5475.3466796875, 5454.8759765625, 5425.6767578125, 5398.1533203125, 5373.16015625, 5351.7763671875, 5333.51953125, 5319.9609375, 5315.625, 5328.669921875, 5388.3603515625, 5460.81103515625, 5495.74853515625, 5519.0791015625, 5544.31787109375, 5570.455078125, 5591.791015625, 5606.5791015625, 5609.54296875, 5602.27734375, 5586.69677734375, 5567.7412109375, 5548.26953125, 5529.0517578125, 5909.283203125, 5916.08544921875, 5924.50634765625, 5933.97998046875, 5944.54248046875, 5955.7353515625, 5967.251953125, 5979.0419921875, 5990.76513671875, 6002.623046875, 6014.1025390625, 6025.19482421875, 6036.1455078125, 6046.6884765625, 6056.39697265625, 6065.505859375, 6074.0556640625, 6081.90771484375, 6088.74462890625, 6094.81640625, 6100.45556640625, 6105.3916015625, 6109.4794921875, 6112.763671875, 6115.37109375, 6117.0009765625, 6117.546875, 6117.3447265625, 6116.541015625, 6114.7021484375, 6112.7275390625, 6115.3232421875, 6117.0068359375, 6117.533203125, 6117.29345703125, 6116.435546875, 6114.5556640625, 6111.9609375, 6108.767578125, 6104.7958984375, 6100.529296875, 6095.453125, 6089.99755859375, 6084.1201171875], "lower": [6185.0615234375, 6129.2900390625, 5748.33349609375, 5882.4287109375, 5907.53466796875, 5556.1142578125, 5425.4033203125, 5426.19140625, 5491.5458984375, 5508.2529296875, 5521.51708984375, 5532.92431640625, 5541.9912109375, 5548.83203125, 5553.97265625, 5558.609375, 5565.1201171875, 5569.5087890625, 5569.8134765625, 5549.537109375, 5496.8779296875, 5456.92626953125, 5441.8505859375, 5428.09765625, 5406.0966796875, 5380.03076171875, 5339.880859375, 5294.8193359375, 5248.0087890625, 5203.158203125, 5162.66015625, 5126.3857421875, 5093.63525390625, 5063.412109375, 5035.517578125, 5009.4970703125, 4985.77587890625, 4964.56396484375, 4946.12109375, 4929.8720703125, 4915.2333984375, 4902.404296875, 4891.7265625, 4882.81591796875, 4875.43701171875, 4869.052734375, 4863.4765625, 4859.64306640625, 4856.7880859375, 4855.4599609375, 4857.38427734375, 4864.13525390625, 4865.0341796875, 4861.61669921875, 4859.01953125, 4856.880859375, 4855.6494140625, 4855.9169921875, 4858.9462890625, 4866.2373046875, 4881.26318359375, 4890.7275390625, 4888.0380859375, 4885.31005859375, 4882.7587890625, 4880.36181640625, 4877.890625, 4875.47314453125, 4872.9169921875, 4870.5009765625, 4868.021484375, 4865.501953125, 4863.28515625, 4861.306640625, 4859.5712890625, 4857.87646484375, 4856.521484375, 4855.6474609375, 4855.66845703125, 4857.0615234375, 4860.89697265625, 4859.2685546875, 4857.5263671875, 4856.10986328125, 4855.4755859375, 4856.4091796875, 4856.7939453125, 4855.9736328125, 4855.5849609375, 4855.71484375, 4857.1220703125, 4860.02880859375, 4865.3232421875, 4874.6640625, 4894.74853515625, 4963.1748046875, 5268.15234375, 5499.11083984375, 5523.3427734375, 5538.17919921875]}