{"mean": [49981.006510416664, 48249.05859375, 47666.907552083336, 48237.72265625, 50146.509114583336, 51052.2265625, 51101.018229166664, 51223.194010416664, 51252.720052083336, 51642.319010416664, 52030.10546875, 52458.739583333336, 52794.872395833336, 53137.037760416664, 53413.951822916664, 53416.798177083336, 53729.166666666664, 53944.407552083336, 53789.684895833336, 52962.33203125, 52189.100260416664, 52022.62890625, 52027.60546875, 53061.822916666664, 53988.5078125, 55025.326822916664, 55189.979166666664, 54817.364583333336, 54554.552083333336, 54630.68359375, 54960.1796875, 55187.356770833336, 55123.358072916664, 54870.122395833336, 54740.75390625, 54731.147135416664, 54781.135416666664, 54862.1796875, 54992.640625, 55069.389322916664, 55165.39453125, 55310.278645833336, 55494.583333333336, 55682.654947916664, 55802.688802083336, 55929.15625, 56079.963541666664, 56238.881510416664, 56348.178385416664, 56401.1015625, 56438.153645833336, 56306.104166666664, 55931.8515625, 56017.12109375, 55923.859375, 55898.7578125, 55876.244791666664, 55971.111979166664, 55842.390625, 55855.22265625, 55699.803385416664, 55660.755208333336, 55813.200520833336, 55934.533854166664, 55910.453125, 55921.93359375, 55746.830729166664, 55752.860677083336, 55910.12109375, 56089.041666666664, 56200.25, 56220.694010416664, 56320.3203125, 56279.272135416664, 56161.44140625, 56235.018229166664, 56217.860677083336, 56342.904947916664, 56228.783854166664, 55981.135416666664, 56122.615885416664, 56167.1796875, 56214.419270833336, 56334.22265625, 56692.481770833336, 56892.463541666664, 57286.059895833336, 57799.2734375, 58093.033854166664, 58020.528645833336, 57493.897135416664, 57276.518229166664, 56959.03515625, 57068.5, 57261.951822916664, 57831.411458333336, 58327.03515625, 58602.796875, 58745.40234375, 58884.091145833336], "upper": [52353.83203125, 52885.9296875, 53517.09375, 54011.94921875, 54125.0625, 54953.5859375, 56360.7265625, 57568.34765625, 58560.8046875, 59439.625, 60810.890625, 62471.10546875, 64014.61328125, 65198.08984375, 66168.390625, 67707.078125, 69560.28125, 69542.6796875, 68020.0703125, 66584.9765625, 65785.359375, 65392.30859375, 65005.5703125, 64595.1171875, 63989.15625, 63004.390625, 61989.03515625, 61304.66015625, 60744.94140625, 60227.8203125, 59806.91015625, 59501.4453125, 59197.6953125, 58855.87890625, 58753.84375, 58744.1484375, 58759.22265625, 58782.81640625, 58809.7890625, 58811.71484375, 58831.0625, 58894.265625, 59159.44140625, 59622.03515625, 59900.36328125, 60125.66015625, 60390.1953125, 60659.078125, 60820.40625, 60949.6640625, 61051.26953125, 61096.18359375, 61055.9765625, 60975.7578125, 60896.4296875, 60797.04296875, 60633.3203125, 60962.890625, 60429.98046875, 60809.125, 61004.5625, 60979.45703125, 60770.54296875, 60808.94921875, 60852.59765625, 60929.0859375, 60979.62890625, 61035.5703125, 61097.41796875, 61139.671875, 61182.140625, 61233.67578125, 61282.46484375, 61337.3046875, 61328.65234375, 61333.0, 61342.92578125, 61486.23046875, 61093.73828125, 60875.51953125, 60852.46875, 60822.21484375, 60784.78515625, 60764.0625, 61639.51171875, 62243.58203125, 63423.46484375, 64938.6328125, 65783.984375, 65731.7265625, 64945.9375, 63891.84375, 63051.63671875, 62681.4609375, 62881.18359375, 62779.4765625, 62738.20703125, 62820.12109375, 62981.66796875, 63197.015625], "lower": [46476.296875, 45086.20703125, 43015.90625, 42965.33984375, 43869.3125, 44614.17578125, 44379.828125, 44153.61328125, 44057.91015625, 44001.3203125, 43915.140625, 43699.6171875, 43351.6171875, 43234.2421875, 43297.80078125, 42195.69140625, 41894.4140625, 43215.9140625, 44938.625, 45306.8203125, 45196.44921875, 45253.1171875, 45508.2421875, 45980.703125, 47044.91796875, 47750.82421875, 48805.90234375, 49602.1796875, 50010.73828125, 50136.4609375, 50106.66796875, 50000.921875, 49758.53125, 49406.94140625, 49130.796875, 49038.10546875, 49009.80078125, 49055.1953125, 49272.73828125, 49497.1875, 49613.81640625, 49567.1640625, 49414.25, 49205.71484375, 48894.65234375, 48588.9296875, 48299.20703125, 48022.18359375, 47805.53125, 47682.4140625, 47711.60546875, 47441.3125, 46573.046875, 46913.02734375, 46673.9921875, 46643.84375, 46677.5390625, 46578.625, 46669.73828125, 46270.703125, 45539.19921875, 45341.2578125, 45917.20703125, 46359.5, 46391.16796875, 46119.7265625, 45509.30078125, 45391.1875, 45822.6875, 46391.859375, 46683.2265625, 46657.390625, 46878.1796875, 46721.48828125, 46425.3984375, 46623.16015625, 46499.83984375, 46685.21875, 46707.96484375, 47179.79296875, 47666.2734375, 47666.47265625, 47664.359375, 47675.75, 47682.63671875, 47674.99609375, 47661.97265625, 47662.26953125, 47656.5, 47444.34375, 46603.07421875, 46955.73828125, 46818.3671875, 47517.4140625, 47927.0078125, 49755.04296875, 51290.45703125, 52033.9140625, 52292.83203125, 52474.6328125]}