{
    "particle_has_naninf": false,
    "point_distance_sr": 8750.390625,
    "point_distance_rs": 2451.072998046875,
    "chamfer_loss_pcd": 11201.4638671875,
    "particle_distance_sr": 3975.424560546875,
    "particle_distance_rs": 6016.73388671875,
    "chamfer_loss_particle": 9992.158203125,
    "final_height_map": null,
    "height_map_loss_pcd": 4430.32666015625,
    "emd_point_distance_loss": 2794.35302734375,
    "emd_particle_distance_loss": 14940.423828125,
    "total_loss": 0.0
}