{"mean": [5927.593912760417, 5933.415690104167, 5937.176432291667, 5940.812825520833, 5946.919596354167, 5956.592610677083, 5969.4267578125, 5984.074869791667, 6000.614420572917, 6019.86474609375, 6040.64501953125, 6062.511555989583, 6085.564127604167, 6118.36865234375, 6142.7373046875, 6162.495442708333, 6182.570475260417, 6200.433430989583, 6218.854166666667, 6241.303548177083, 6268.980794270833, 6290.92138671875, 6315.333170572917, 6325.994303385417, 6329.219889322917, 6332.016764322917, 6334.489908854167, 6336.570475260417, 6338.244791666667, 6340.247884114583, 6343.30078125, 6347.166829427083, 6351.375, 6355.421712239583, 6359.419759114583, 6363.195149739583, 6365.696940104167, 6367.986328125, 6369.979329427083, 6371.48193359375, 6372.826171875, 6373.841959635417, 6373.965494791667, 6372.420247395833, 6367.103352864583, 6352.615885416667, 6354.691243489583, 6356.66796875, 6358.646484375, 6360.665364583333, 6362.682779947917, 6364.221516927083, 6365.741373697917, 6367.26708984375, 6368.7861328125, 6370.334635416667, 6371.967936197917, 6373.598307291667, 6375.187174479167, 6376.775065104167, 6378.456380208333, 6380.2841796875, 6382.057942708333, 6383.512044270833, 6384.057942708333, 6384.850748697917, 6385.71044921875, 6386.614420572917, 6387.5908203125, 6388.58056640625, 6389.601236979167, 6390.73974609375, 6392.03076171875, 6393.356770833333, 6394.7841796875, 6396.282389322917, 6397.8818359375, 6399.5478515625, 6401.318196614583, 6403.170735677083, 6405.069986979167, 6407.177408854167, 6409.274576822917, 6411.536295572917, 6413.727213541667, 6416.148600260417, 6418.545735677083, 6421.1025390625, 6423.7431640625, 6426.661783854167, 6429.726725260417, 6433.022135416667, 6436.468587239583, 6440.21484375, 6444.115885416667, 6447.618815104167, 6451.171549479167, 6454.66455078125, 6457.3828125, 6458.0771484375], "upper": [6244.62255859375, 6252.400390625, 6259.6591796875, 6266.65869140625, 6273.5361328125, 6280.14208984375, 6286.7685546875, 6293.4111328125, 6299.94580078125, 6306.4873046875, 6313.17822265625, 6320.02001953125, 6327.1650390625, 6334.5263671875, 6342.1796875, 6350.16650390625, 6358.8671875, 6368.2109375, 6377.9931640625, 6388.21484375, 6398.392578125, 6408.18115234375, 6416.48681640625, 6424.4208984375, 6431.40625, 6436.650390625, 6441.298828125, 6444.47021484375, 6446.55615234375, 6449.32568359375, 6454.85595703125, 6462.83251953125, 6471.76171875, 6479.91845703125, 6487.6181640625, 6494.419921875, 6497.09716796875, 6499.2109375, 6500.744140625, 6501.6826171875, 6501.37158203125, 6499.9833984375, 6496.9462890625, 6489.689453125, 6471.07763671875, 6425.0263671875, 6428.31298828125, 6431.630859375, 6434.908203125, 6438.2138671875, 6441.525390625, 6444.84619140625, 6448.15966796875, 6451.447265625, 6454.73046875, 6457.9521484375, 6461.259765625, 6464.5078125, 6467.673828125, 6470.97314453125, 6474.08251953125, 6477.2294921875, 6480.37841796875, 6482.65185546875, 6482.65185546875, 6482.64208984375, 6482.64892578125, 6482.6455078125, 6482.6533203125, 6482.654296875, 6482.6533203125, 6482.6455078125, 6482.64794921875, 6482.6474609375, 6482.654296875, 6482.65185546875, 6482.6552734375, 6482.6484375, 6482.6484375, 6482.640625, 6482.65234375, 6482.65380859375, 6482.646484375, 6482.65380859375, 6482.650390625, 6482.64599609375, 6482.6533203125, 6482.64697265625, 6482.96435546875, 6489.048828125, 6495.70458984375, 6503.041015625, 6510.921875, 6519.6962890625, 6528.95361328125, 6537.11669921875, 6545.466796875, 6553.6787109375, 6559.5537109375, 6559.47412109375], "lower": [5757.9365234375, 5765.90673828125, 5770.5341796875, 5774.24267578125, 5781.421875, 5793.34765625, 5807.9453125, 5824.19091796875, 5842.087890625, 5862.69140625, 5885.2822265625, 5911.935546875, 5942.40478515625, 5999.8955078125, 6029.79296875, 6039.69873046875, 6045.72705078125, 6051.892578125, 6059.30224609375, 6071.8173828125, 6086.8525390625, 6109.458984375, 6173.3779296875, 6196.21630859375, 6197.716796875, 6199.5576171875, 6200.8974609375, 6202.4716796875, 6203.810546875, 6205.4033203125, 6207.39794921875, 6209.3662109375, 6211.32421875, 6213.4990234375, 6215.97607421875, 6218.64794921875, 6221.59423828125, 6224.35546875, 6226.9375, 6228.63525390625, 6231.04345703125, 6233.5458984375, 6234.9228515625, 6235.4140625, 6235.8828125, 6236.33837890625, 6237.15185546875, 6237.6328125, 6238.13037109375, 6238.701171875, 6239.19921875, 6239.767578125, 6240.3408203125, 6240.8994140625, 6241.4482421875, 6242.1337890625, 6242.96875, 6243.74267578125, 6244.484375, 6245.0576171875, 6245.974609375, 6247.31787109375, 6248.51513671875, 6249.48583984375, 6249.94384765625, 6251.158203125, 6252.4833984375, 6253.888671875, 6255.5263671875, 6257.1064453125, 6258.6552734375, 6260.47900390625, 6262.49462890625, 6264.73681640625, 6266.9609375, 6269.3681640625, 6271.900390625, 6274.51904296875, 6277.22900390625, 6280.00439453125, 6282.81103515625, 6285.8056640625, 6288.60595703125, 6291.66259765625, 6294.52490234375, 6297.455078125, 6300.1376953125, 6302.90478515625, 6305.61181640625, 6308.29345703125, 6310.8310546875, 6313.3740234375, 6315.84228515625, 6318.29736328125, 6320.74072265625, 6323.09130859375, 6325.4013671875, 6327.66796875, 6329.94140625, 6332.10546875]}