{"mean": [960.6173502604166, 960.0312703450521, 958.8368937174479, 957.2305501302084, 956.0305582682291, 955.5264892578125, 955.6929931640625, 956.0911254882812, 957.0000406901041, 958.5908203125, 960.456298828125, 962.4971313476562, 965.4604695638021, 971.6869506835938, 975.4387003580729, 976.8153686523438, 978.1622721354166, 978.2969156901041, 978.0880126953125, 977.7338663736979, 977.9426879882812, 978.0914510091146, 978.2088012695312, 979.156982421875, 979.9250284830729, 980.8154093424479, 981.7437133789062, 982.5287068684896, 983.1724853515625, 983.7911580403646, 984.388916015625, 984.9806518554688, 985.5354410807291, 986.0924682617188, 986.6807047526041, 987.2390950520834, 987.4798990885416, 987.7635701497396, 988.0517374674479, 988.2677408854166, 988.5916748046875, 988.9432983398438, 989.1823527018229, 989.4649861653646, 989.5699666341146, 989.9088745117188, 990.166259765625, 990.4202067057291, 990.66748046875, 990.9360758463541, 991.2204793294271, 991.4405721028646, 991.6694742838541, 991.8997192382812, 992.1200358072916, 992.3207397460938, 992.5410359700521, 992.7800496419271, 993.0136515299479, 993.2814127604166, 993.5488891601562, 993.8371175130209, 994.0835978190104, 994.2671508789062, 994.5443929036459, 994.6548868815104, 994.769775390625, 994.8978678385416, 995.0405883789062, 995.2066243489584, 995.3648274739584, 995.5618489583334, 995.7856038411459, 996.0445963541666, 996.2928670247396, 996.5675455729166, 996.8494262695312, 997.1630859375, 997.4841512044271, 997.8482055664062, 998.2223917643229, 998.6402994791666, 999.0665283203125, 999.5190022786459, 999.9512736002604, 1000.4731852213541, 1000.9844360351562, 1001.5500284830729, 1002.1501871744791, 1002.8761596679688, 1003.68603515625, 1004.5606079101562, 1005.5438435872396, 1006.709228515625, 1007.9491373697916, 1009.1310424804688, 1010.3408203125, 1011.4216105143229, 1012.5450846354166, 1013.6815388997396], "upper": [967.8373413085938, 966.8545532226562, 966.2520141601562, 967.6143188476562, 968.8626708984375, 970.0396728515625, 971.2664794921875, 972.50830078125, 973.6640625, 974.839599609375, 976.0392456054688, 977.2950439453125, 978.6507568359375, 980.1344604492188, 981.6475219726562, 984.8624877929688, 987.5592041015625, 987.2070922851562, 989.3053588867188, 991.69189453125, 994.782958984375, 997.6675415039062, 1000.2566528320312, 1002.6689453125, 1004.8189086914062, 1007.2023315429688, 1009.8463745117188, 1011.8250122070312, 1013.5103759765625, 1015.0825805664062, 1016.5521850585938, 1017.9498901367188, 1019.2789916992188, 1020.5589599609375, 1021.945068359375, 1023.255126953125, 1023.5499877929688, 1023.9739990234375, 1024.4827880859375, 1025.044189453125, 1025.68115234375, 1026.285400390625, 1026.63623046875, 1027.08349609375, 1027.0933837890625, 1027.781982421875, 1028.1591796875, 1028.541259765625, 1028.9053955078125, 1029.309326171875, 1029.751708984375, 1030.20556640625, 1030.6885986328125, 1031.18359375, 1031.671630859375, 1032.119873046875, 1032.558837890625, 1033.02099609375, 1033.422607421875, 1033.884765625, 1034.3009033203125, 1034.710205078125, 1035.09619140625, 1035.4205322265625, 1035.4200439453125, 1035.4132080078125, 1035.4193115234375, 1035.414306640625, 1035.4200439453125, 1035.4200439453125, 1035.4207763671875, 1035.419189453125, 1035.4195556640625, 1035.419189453125, 1035.42041015625, 1035.4205322265625, 1035.4212646484375, 1035.415283203125, 1035.414794921875, 1035.412841796875, 1035.42041015625, 1035.4217529296875, 1035.4146728515625, 1035.4208984375, 1035.4200439453125, 1035.4188232421875, 1035.4200439453125, 1035.41943359375, 1035.420654296875, 1035.4136962890625, 1035.4139404296875, 1035.4202880859375, 1035.4130859375, 1035.4202880859375, 1035.42138671875, 1035.415283203125, 1035.418701171875, 1035.4202880859375, 1035.4212646484375, 1035.419921875], "lower": [950.5045166015625, 948.3782348632812, 945.4000854492188, 941.3986206054688, 938.2019653320312, 936.0052490234375, 934.706787109375, 933.80126953125, 933.7575073242188, 934.6038818359375, 935.1656494140625, 936.844970703125, 941.4591674804688, 956.125, 963.327880859375, 962.32177734375, 961.8505859375, 961.380126953125, 960.7919921875, 960.3340454101562, 959.6008911132812, 956.216796875, 953.8706665039062, 954.1365966796875, 954.18212890625, 954.3241577148438, 954.2880859375, 954.440185546875, 954.479736328125, 954.5513305664062, 954.6849975585938, 954.8253173828125, 954.9384155273438, 955.126708984375, 955.3004150390625, 955.4605712890625, 955.6333618164062, 955.7799682617188, 955.9009399414062, 955.7818603515625, 955.9357299804688, 956.1919555664062, 956.280517578125, 956.3582763671875, 956.3677368164062, 956.3958740234375, 956.4727783203125, 956.5018920898438, 956.5375366210938, 956.5879516601562, 956.612060546875, 956.6712036132812, 956.7469482421875, 956.7810668945312, 956.802978515625, 956.84130859375, 956.920654296875, 956.98388671875, 957.098876953125, 957.2669677734375, 957.4434814453125, 957.70751953125, 957.8560180664062, 957.8717041015625, 958.4698486328125, 958.5457153320312, 958.641845703125, 958.7448120117188, 958.9396362304688, 959.1404418945312, 959.3057250976562, 959.5460205078125, 959.8084716796875, 960.2464599609375, 960.5365600585938, 960.945556640625, 961.3312377929688, 961.7286376953125, 962.1171875, 962.5653076171875, 963.0245971679688, 963.5321655273438, 964.0050659179688, 964.5366821289062, 965.0481567382812, 965.639892578125, 966.101806640625, 966.6363525390625, 967.1831665039062, 967.7499389648438, 968.239990234375, 968.6954345703125, 969.1417846679688, 969.5684814453125, 970.0361938476562, 970.4949340820312, 970.9267578125, 971.3672485351562, 971.8353271484375, 972.2871704101562]}