{"mean": [1037.7398681640625, 1035.9951782226562, 1033.6247965494792, 1030.8741861979167, 1028.4512125651042, 1026.6224161783855, 1025.4152018229167, 1024.3876953125, 1023.8091227213541, 1023.9320271809896, 1024.0579427083333, 1024.1156412760417, 1025.332987467448, 1030.6276245117188, 1033.4947102864583, 1033.3672485351562, 1033.6980387369792, 1032.723388671875, 1030.986836751302, 1029.37060546875, 1028.1454060872395, 1027.042236328125, 1025.9335123697917, 1026.9613850911458, 1028.1350911458333, 1029.4565836588542, 1030.856669108073, 1032.0840454101562, 1033.1327514648438, 1034.0707397460938, 1034.8102213541667, 1035.3701171875, 1035.7838338216145, 1036.1858520507812, 1036.6632080078125, 1037.1713053385417, 1037.361572265625, 1037.660624186198, 1038.0269165039062, 1038.4244995117188, 1038.9736938476562, 1039.59912109375, 1040.2217203776042, 1040.9636637369792, 1041.656514485677, 1043.1262613932292, 1043.4200032552083, 1043.7055053710938, 1043.995137532552, 1044.2945760091145, 1044.6005249023438, 1044.8504435221355, 1045.1128946940105, 1045.384501139323, 1045.6309204101562, 1045.8674926757812, 1046.1257731119792, 1046.4012044270833, 1046.6778767903645, 1047.0027262369792, 1047.3362426757812, 1047.7192789713542, 1048.0473225911458, 1048.30029296875, 1048.4958902994792, 1048.6381225585938, 1048.7898763020833, 1048.9354044596355, 1049.0984903971355, 1049.2860514322917, 1049.4581298828125, 1049.676045735677, 1049.922607421875, 1050.2000935872395, 1050.4742024739583, 1050.7677612304688, 1051.0726114908855, 1051.4211018880208, 1051.7714029947917, 1052.1627400716145, 1052.5662638346355, 1053.0155029296875, 1053.4718831380208, 1053.973876953125, 1054.4792887369792, 1055.0704752604167, 1055.686503092448, 1056.3655192057292, 1057.1214599609375, 1057.988301595052, 1058.9883219401042, 1060.0530802408855, 1061.28125, 1062.7815551757812, 1064.433837890625, 1066.1124267578125, 1067.8934326171875, 1069.5712483723958, 1071.4707641601562, 1073.6720581054688], "upper": [1062.4171142578125, 1060.876220703125, 1057.95458984375, 1054.50634765625, 1051.0072021484375, 1048.277587890625, 1046.4521484375, 1044.8604736328125, 1044.453857421875, 1045.08984375, 1045.73779296875, 1045.055908203125, 1044.7760009765625, 1044.512451171875, 1045.0152587890625, 1045.8719482421875, 1046.218505859375, 1042.0928955078125, 1037.5660400390625, 1040.5177001953125, 1044.2159423828125, 1047.9805908203125, 1051.641357421875, 1055.2608642578125, 1058.765869140625, 1062.5975341796875, 1066.7042236328125, 1070.235595703125, 1073.318359375, 1075.9996337890625, 1078.01416015625, 1079.4764404296875, 1080.57470703125, 1081.5699462890625, 1082.773681640625, 1084.061767578125, 1084.358642578125, 1085.0135498046875, 1085.9661865234375, 1087.1429443359375, 1088.593017578125, 1090.226318359375, 1091.8028564453125, 1093.6390380859375, 1095.41845703125, 1099.5311279296875, 1099.992431640625, 1100.4613037109375, 1100.9261474609375, 1101.4281005859375, 1101.934814453125, 1102.447998046875, 1102.9547119140625, 1103.4940185546875, 1103.9954833984375, 1104.461181640625, 1104.9359130859375, 1105.4368896484375, 1105.8966064453125, 1106.431396484375, 1106.9158935546875, 1107.3873291015625, 1107.833251953125, 1108.203125, 1108.202880859375, 1108.1959228515625, 1108.202392578125, 1108.19677734375, 1108.2027587890625, 1108.201904296875, 1108.202392578125, 1108.201904296875, 1108.201171875, 1108.201904296875, 1108.2032470703125, 1108.20263671875, 1108.20361328125, 1108.1968994140625, 1108.1976318359375, 1108.19482421875, 1108.2021484375, 1108.2041015625, 1108.1964111328125, 1108.20361328125, 1108.201904296875, 1108.20166015625, 1108.2022705078125, 1108.201904296875, 1108.202392578125, 1108.1962890625, 1108.196044921875, 1108.2027587890625, 1108.196044921875, 1108.202392578125, 1108.2039794921875, 1108.1978759765625, 1108.200439453125, 1108.2027587890625, 1108.2037353515625, 1108.2021484375], "lower": [1010.9710693359375, 1012.1084594726562, 1013.3404541015625, 1014.5263061523438, 1015.6746826171875, 1014.8341064453125, 1011.90625, 1009.262939453125, 1006.78857421875, 1005.3270874023438, 1003.82666015625, 1003.320068359375, 1005.7726440429688, 1020.2764282226562, 1026.6700439453125, 1023.6063842773438, 1022.2188720703125, 1020.97021484375, 1019.1538696289062, 1017.259033203125, 1013.9723510742188, 1006.7769775390625, 999.754638671875, 999.110595703125, 999.0565185546875, 999.1104736328125, 999.0828247070312, 999.0935668945312, 999.0317993164062, 999.0283813476562, 999.083251953125, 999.1224365234375, 999.0790405273438, 999.1344604492188, 999.1728515625, 999.23681640625, 999.304443359375, 999.3373413085938, 999.2970581054688, 999.1544799804688, 999.1865844726562, 999.282470703125, 999.3212890625, 999.4097900390625, 999.4299926757812, 999.4691162109375, 999.600341796875, 999.6597290039062, 999.7417602539062, 999.8308715820312, 999.8886108398438, 999.9778442382812, 1000.1137084960938, 1000.2241821289062, 1000.2987670898438, 1000.4148559570312, 1000.56640625, 1000.6827392578125, 1000.8673706054688, 1001.121826171875, 1001.4148559570312, 1001.8699951171875, 1002.1815185546875, 1002.333984375, 1002.66796875, 1002.8091430664062, 1002.9715576171875, 1003.0916137695312, 1003.3175659179688, 1003.5323486328125, 1003.7215576171875, 1003.9713745117188, 1004.2598876953125, 1004.6974487304688, 1005.0269775390625, 1005.4329223632812, 1005.8153686523438, 1006.263671875, 1006.6732177734375, 1007.1472778320312, 1007.6472778320312, 1008.1414794921875, 1008.591064453125, 1009.11767578125, 1009.6307373046875, 1010.2078857421875, 1010.6852416992188, 1011.2349853515625, 1011.830078125, 1012.4083862304688, 1012.93896484375, 1013.4104614257812, 1013.887939453125, 1014.3400268554688, 1014.8310546875, 1015.28515625, 1015.7252197265625, 1016.1600341796875, 1016.6151733398438, 1017.0347290039062]}