{"mean": [5196.614908854167, 5179.797200520833, 5163.261881510417, 5147.469889322917, 5122.234375, 5088.7802734375, 5044.638997395833, 4997.4296875, 4945.899739583333, 4893.322428385417, 4850.198567708333, 4816.362630208333, 4787.666341145833, 4722.214680989583, 4692.649251302083, 4700.712727864583, 4710.31884765625, 4717.824869791667, 4728.128743489583, 4730.572265625, 4732.111002604167, 4721.163736979167, 4709.740559895833, 4712.929524739583, 4708.5888671875, 4704.67431640625, 4703.81591796875, 4700.646484375, 4699.212565104167, 4699.206217447917, 4701.658203125, 4706.1025390625, 4711.315755208333, 4716.17333984375, 4720.890950520833, 4725.335611979167, 4728.92919921875, 4731.970377604167, 4734.670572916667, 4734.651692708333, 4734.85009765625, 4734.989908854167, 4734.313639322917, 4733.923177083333, 4735.447916666667, 4746.7978515625, 4748.219401041667, 4749.529459635417, 4750.896647135417, 4752.381673177083, 4753.685872395833, 4754.554361979167, 4755.401041666667, 4756.204427083333, 4757.006184895833, 4757.781087239583, 4758.517252604167, 4759.323567708333, 4760.019205729167, 4760.385904947917, 4760.880696614583, 4761.298828125, 4762.137044270833, 4763.01416015625, 4764.762044270833, 4765.550130208333, 4766.445475260417, 4767.187662760417, 4767.931315104167, 4768.629069010417, 4769.320475260417, 4770.0546875, 4770.54345703125, 4770.94775390625, 4771.363118489583, 4771.6171875, 4771.774739583333, 4771.827799479167, 4771.796223958333, 4771.799153645833, 4771.689290364583, 4771.590006510417, 4771.381673177083, 4771.131022135417, 4770.734049479167, 4770.305989583333, 4769.7998046875, 4769.30078125, 4768.703287760417, 4768.033854166667, 4767.20751953125, 4765.994303385417, 4764.633951822917, 4762.7666015625, 4760.421875, 4758.04150390625, 4754.4013671875, 4749.803385416667, 4744.363118489583, 4739.1787109375], "upper": [5468.6044921875, 5449.2041015625, 5432.123046875, 5409.78173828125, 5373.8515625, 5319.68359375, 5240.63232421875, 5134.6083984375, 5088.7978515625, 5081.25048828125, 5090.609375, 5095.41357421875, 5074.29248046875, 4900.8798828125, 4844.865234375, 4871.98046875, 4871.2392578125, 4855.5634765625, 4839.29345703125, 4798.41650390625, 4765.94287109375, 4798.96044921875, 4800.150390625, 4801.3837890625, 4802.5322265625, 4803.5546875, 4804.755859375, 4805.8955078125, 4807.02880859375, 4808.24609375, 4809.275390625, 4810.46484375, 4811.6611328125, 4812.81787109375, 4813.931640625, 4815.0, 4815.8740234375, 4816.814453125, 4817.73046875, 4818.6533203125, 4819.69970703125, 4820.8251953125, 4821.85888671875, 4822.90234375, 4823.79638671875, 4824.6728515625, 4825.576171875, 4826.4765625, 4827.53857421875, 4828.83154296875, 4830.1240234375, 4829.9677734375, 4829.849609375, 4829.6748046875, 4829.509765625, 4829.3046875, 4829.126953125, 4829.0478515625, 4828.8759765625, 4828.6083984375, 4828.466796875, 4828.365234375, 4828.21875, 4828.0849609375, 4827.86376953125, 4827.5224609375, 4827.3583984375, 4827.11474609375, 4826.796875, 4826.64892578125, 4826.3515625, 4826.21142578125, 4825.908203125, 4825.626953125, 4825.41015625, 4825.05859375, 4824.7607421875, 4824.1640625, 4823.671875, 4824.1259765625, 4824.42041015625, 4824.7744140625, 4825.0263671875, 4825.3134765625, 4825.32421875, 4825.38671875, 4825.5107421875, 4825.67919921875, 4825.8046875, 4825.884765625, 4825.94580078125, 4825.958984375, 4825.9833984375, 4825.95947265625, 4825.8291015625, 4826.0166015625, 4826.24169921875, 4826.48876953125, 4826.6376953125, 4827.1259765625], "lower": [4765.90234375, 4763.96875, 4761.966796875, 4759.7392578125, 4758.3056640625, 4755.673828125, 4752.72998046875, 4749.599609375, 4746.3330078125, 4742.9013671875, 4720.8232421875, 4618.326171875, 4557.28515625, 4538.57177734375, 4510.60986328125, 4512.78173828125, 4548.13525390625, 4592.11669921875, 4645.3671875, 4692.6552734375, 4681.765625, 4671.85302734375, 4659.1357421875, 4643.0244140625, 4627.2412109375, 4612.90771484375, 4603.62158203125, 4592.439453125, 4582.77978515625, 4579.07763671875, 4583.13232421875, 4592.48095703125, 4604.146484375, 4614.9130859375, 4624.40234375, 4631.7197265625, 4635.767578125, 4638.06689453125, 4638.576171875, 4637.626953125, 4633.169921875, 4628.7080078125, 4623.0712890625, 4619.3720703125, 4621.64599609375, 4653.017578125, 4654.41455078125, 4656.02392578125, 4657.41015625, 4658.6083984375, 4659.83203125, 4661.0078125, 4662.12890625, 4663.19970703125, 4664.2216796875, 4664.9140625, 4665.55078125, 4666.2021484375, 4666.66015625, 4667.25341796875, 4667.4189453125, 4667.66162109375, 4667.966796875, 4668.14794921875, 4668.15869140625, 4668.15087890625, 4668.15576171875, 4668.14013671875, 4668.158203125, 4668.1396484375, 4668.14306640625, 4668.1474609375, 4668.14404296875, 4668.15380859375, 4668.1494140625, 4668.1474609375, 4668.1455078125, 4668.1552734375, 4668.1435546875, 4668.1494140625, 4668.1474609375, 4668.1474609375, 4668.14501953125, 4668.1513671875, 4668.1552734375, 4668.158203125, 4668.15625, 4668.1572265625, 4668.140625, 4668.146484375, 4668.142578125, 4668.15966796875, 4668.1455078125, 4668.1533203125, 4668.14208984375, 4668.13525390625, 4668.14794921875, 4668.15380859375, 4668.1552734375, 4668.1484375]}