{"mean": [5196.14599609375, 5176.6181640625, 5169.843587239583, 5161.520670572917, 5153.45751953125, 5143.543131510417, 5139.650227864583, 5130.738606770833, 5129.506022135417, 5141.240885416667, 5159.92138671875, 5182.009440104167, 5203.256510416667, 5218.381510416667, 5230.707682291667, 5242.097819010417, 5253.8095703125, 5267.2890625, 5281.54638671875, 5295.92919921875, 5309.686848958333, 5321.561848958333, 5333.8427734375, 5345.765625, 5354.94482421875, 5362.454427083333, 5364.618977864583, 5363.54296875, 5359.594563802083, 5356.154296875, 5353.120279947917, 5348.290690104167, 5343.421061197917, 5339.2783203125, 5335.935221354167, 5333.211588541667, 5332.118326822917, 5333.630533854167, 5336.131673177083, 5337.527669270833, 5351.974934895833, 5363.255859375, 5372.646809895833, 5379.1181640625, 5383.34716796875, 5385.680013020833, 5386.44384765625, 5385.694498697917, 5383.48681640625, 5379.836588541667, 5375.612630208333, 5370.5458984375, 5369.270345052083, 5372.083658854167, 5374.033203125, 5375.496419270833, 5377.006998697917, 5378.722493489583, 5380.840494791667, 5382.469563802083, 5382.753092447917, 5382.377604166667, 5381.56689453125, 5380.56005859375, 5379.5673828125, 5379.107584635417, 5379.742350260417, 5381.258463541667, 5383.361165364583, 5385.44921875, 5387.460774739583, 5388.896809895833, 5389.6083984375, 5389.651041666667, 5388.849934895833, 5387.998046875, 5388.8828125, 5391.382161458333, 5393.845377604167, 5394.913899739583, 5394.5185546875, 5392.6650390625, 5390.028645833333, 5388.189615885417, 5387.878092447917, 5388.868489583333, 5389.912923177083, 5390.229166666667, 5389.943033854167, 5389.444661458333, 5389.379231770833, 5389.811686197917, 5390.188639322917, 5389.785970052083, 5389.118326822917, 5388.696940104167, 5388.884440104167, 5389.659016927083, 5390.513997395833, 5391.013671875], "upper": [5469.11474609375, 5464.69677734375, 5450.62451171875, 5424.0712890625, 5385.57373046875, 5330.7529296875, 5264.6669921875, 5209.6376953125, 5183.3076171875, 5187.60595703125, 5195.75830078125, 5223.2880859375, 5261.3798828125, 5294.85595703125, 5324.703125, 5350.1875, 5367.1533203125, 5380.361328125, 5389.5234375, 5396.39306640625, 5403.455078125, 5405.173828125, 5407.154296875, 5409.00048828125, 5403.958984375, 5396.3310546875, 5386.09765625, 5376.99609375, 5373.931640625, 5375.30078125, 5373.22900390625, 5366.90625, 5358.3056640625, 5348.32421875, 5347.99609375, 5350.1103515625, 5351.7373046875, 5353.58447265625, 5355.68115234375, 5357.572265625, 5364.2763671875, 5385.814453125, 5402.2490234375, 5412.0927734375, 5417.431640625, 5419.5791015625, 5419.306640625, 5416.4814453125, 5411.23291015625, 5403.779296875, 5394.4072265625, 5387.06005859375, 5388.166015625, 5388.9453125, 5390.8544921875, 5392.509765625, 5391.78955078125, 5390.2490234375, 5393.39111328125, 5396.310546875, 5397.7890625, 5398.1953125, 5397.35205078125, 5395.8955078125, 5393.796875, 5392.537109375, 5392.4013671875, 5392.099609375, 5391.6630859375, 5390.642578125, 5391.52734375, 5391.9267578125, 5390.861328125, 5392.87109375, 5393.6298828125, 5392.3955078125, 5392.33544921875, 5395.318359375, 5399.3037109375, 5401.47509765625, 5400.8828125, 5397.4873046875, 5392.4697265625, 5388.93017578125, 5390.001953125, 5391.173828125, 5391.9453125, 5391.93896484375, 5391.4677734375, 5390.85888671875, 5390.53271484375, 5390.3916015625, 5390.7578125, 5391.142578125, 5390.83203125, 5390.75927734375, 5391.083984375, 5391.40380859375, 5391.19091796875, 5393.1416015625], "lower": [4764.35546875, 4731.0556640625, 4740.0751953125, 4756.001953125, 4797.7705078125, 4859.115234375, 4946.2578125, 4992.4208984375, 5027.8173828125, 5062.65283203125, 5092.912109375, 5117.810546875, 5137.1923828125, 5148.26611328125, 5155.14453125, 5162.767578125, 5178.13525390625, 5200.44189453125, 5226.68212890625, 5237.8515625, 5249.8291015625, 5264.4404296875, 5282.076171875, 5301.1376953125, 5321.826171875, 5343.3994140625, 5348.2490234375, 5344.564453125, 5340.6123046875, 5338.9482421875, 5339.794921875, 5336.71484375, 5328.51513671875, 5323.9677734375, 5322.8603515625, 5323.21630859375, 5318.8984375, 5315.9404296875, 5317.8134765625, 5323.306640625, 5331.951171875, 5341.7021484375, 5351.2119140625, 5358.2587890625, 5362.81396484375, 5364.912109375, 5364.72119140625, 5362.39697265625, 5358.19921875, 5352.2001953125, 5346.9296875, 5342.82177734375, 5340.482421875, 5340.349609375, 5341.771484375, 5344.5615234375, 5350.02734375, 5356.30810546875, 5362.52783203125, 5368.43115234375, 5373.0205078125, 5372.76171875, 5370.2421875, 5369.54541015625, 5370.4892578125, 5371.95947265625, 5370.33447265625, 5370.416015625, 5372.36572265625, 5376.28125, 5381.42626953125, 5386.5263671875, 5387.5849609375, 5386.9697265625, 5386.2548828125, 5385.6220703125, 5385.8095703125, 5386.47265625, 5387.283203125, 5387.8876953125, 5388.2890625, 5388.578125, 5388.796875, 5387.796875, 5385.646484375, 5386.14453125, 5387.67333984375, 5388.49072265625, 5388.884765625, 5388.58154296875, 5388.4560546875, 5389.48828125, 5389.34228515625, 5387.89599609375, 5386.794921875, 5385.99462890625, 5386.4150390625, 5388.3701171875, 5389.5166015625, 5389.81201171875]}