{"mean": [3174.4860026041665, 3184.9619954427085, 3194.1114908854165, 3194.4847819010415, 3195.1142578125, 3196.0367838541665, 3197.5526529947915, 3199.0367024739585, 3200.1349283854165, 3200.2827962239585, 3200.3291829427085, 3200.386474609375, 3200.39013671875, 3200.55712890625, 3201.175048828125, 3202.1730143229165, 3203.2550455729165, 3204.1171875, 3205.12744140625, 3206.0939127604165, 3207.1192220052085, 3208.0973307291665, 3208.9995930989585, 3209.9498697916665, 3210.4698893229165, 3211.0201009114585, 3211.3961588541665, 3211.759033203125, 3212.09912109375, 3212.3566080729165, 3212.5536295572915, 3212.65234375, 3212.6997884114585, 3212.6463216145835, 3212.552978515625, 3212.2578125, 3211.85302734375, 3211.3395182291665, 3210.7229817708335, 3209.811767578125, 3208.378173828125, 3207.02880859375, 3205.8395182291665, 3204.3763020833335, 3202.3355305989585, 3199.3719889322915, 3193.7740885416665, 3184.4527994791665, 3184.3850911458335, 3184.3373209635415, 3184.2550455729165, 3184.1548665364585, 3184.0540364583335, 3183.9224446614585, 3183.7733561197915, 3183.6398111979165, 3183.4943033854165, 3183.3516438802085, 3183.1901041666665, 3183.0319010416665, 3182.8564453125, 3182.7098795572915, 3182.5728352864585, 3182.424072265625, 3182.283447265625, 3182.1776529947915, 3182.045166015625, 3181.89599609375, 3181.744873046875, 3181.6227213541665, 3181.511962890625, 3181.3755696614585, 3181.2488606770835, 3181.12451171875, 3181.003662109375, 3180.892578125, 3180.7772623697915, 3180.6434733072915, 3180.520263671875, 3180.3785807291665, 3180.2333170572915, 3180.08544921875, 3179.9370930989585, 3179.78466796875, 3179.6290690104165, 3179.4750162760415, 3179.3245442708335, 3179.1878255208335, 3179.0492350260415, 3178.9254557291665, 3178.7787272135415, 3178.6417643229165, 3178.4911295572915, 3178.3616536458335, 3178.2191569010415, 3178.0821126302085, 3177.9368489583335, 3177.7893880208335, 3177.6451822916665, 3177.5110677083335], "upper": [3213.1953125, 3213.7880859375, 3214.72705078125, 3215.562744140625, 3215.91552734375, 3215.8662109375, 3216.025146484375, 3216.2890625, 3216.420166015625, 3216.690673828125, 3216.937255859375, 3217.15087890625, 3217.43798828125, 3217.625244140625, 3217.844482421875, 3218.19384765625, 3218.470703125, 3218.7890625, 3219.1044921875, 3219.39111328125, 3219.67578125, 3220.021728515625, 3220.329833984375, 3220.645263671875, 3220.87744140625, 3221.28466796875, 3221.50439453125, 3221.80859375, 3222.05859375, 3222.3134765625, 3222.517578125, 3222.661865234375, 3222.809814453125, 3222.90234375, 3223.042724609375, 3223.14111328125, 3223.29541015625, 3223.389404296875, 3223.49267578125, 3223.59423828125, 3223.71240234375, 3223.865234375, 3224.02685546875, 3224.179443359375, 3224.309814453125, 3224.452392578125, 3224.5283203125, 3224.59423828125, 3224.647705078125, 3224.69921875, 3224.7392578125, 3224.77001953125, 3224.793212890625, 3224.80029296875, 3224.806640625, 3224.81201171875, 3224.810302734375, 3224.80419921875, 3224.803466796875, 3224.788330078125, 3224.76220703125, 3224.742919921875, 3224.71533203125, 3224.682373046875, 3224.67724609375, 3224.631591796875, 3224.593505859375, 3224.552734375, 3224.50390625, 3224.4501953125, 3224.398681640625, 3224.3837890625, 3224.49853515625, 3224.5712890625, 3224.625732421875, 3224.650390625, 3224.714111328125, 3224.726318359375, 3224.751953125, 3224.747802734375, 3224.750244140625, 3224.77490234375, 3224.788818359375, 3224.787109375, 3224.8017578125, 3224.802734375, 3224.79150390625, 3224.7861328125, 3224.77783203125, 3224.7783203125, 3224.7509765625, 3224.7470703125, 3224.708984375, 3224.692626953125, 3224.65869140625, 3224.647705078125, 3224.638427734375, 3224.608154296875, 3224.58642578125, 3224.574951171875], "lower": [3107.39990234375, 3137.460693359375, 3163.267578125, 3162.765625, 3163.33056640625, 3165.422607421875, 3169.0556640625, 3172.605712890625, 3175.2138671875, 3174.865234375, 3174.291015625, 3173.887451171875, 3173.102783203125, 3173.08203125, 3174.416259765625, 3176.74169921875, 3179.3876953125, 3181.42919921875, 3183.86279296875, 3186.227294921875, 3188.788330078125, 3191.077880859375, 3193.224609375, 3195.45166015625, 3196.490478515625, 3197.419677734375, 3198.048828125, 3198.53076171875, 3198.921875, 3199.12451171875, 3199.1533203125, 3198.9423828125, 3198.55810546875, 3197.931884765625, 3197.13232421875, 3195.822265625, 3194.10791015625, 3192.112548828125, 3189.844482421875, 3186.676025390625, 3181.9658203125, 3177.424560546875, 3173.43408203125, 3168.635986328125, 3162.1103515625, 3152.813720703125, 3135.612548828125, 3107.39208984375, 3106.943359375, 3106.483642578125, 3105.99267578125, 3105.47802734375, 3104.921875, 3104.34619140625, 3103.78857421875, 3103.2314453125, 3102.67626953125, 3102.141845703125, 3101.587890625, 3100.998046875, 3100.42138671875, 3099.891845703125, 3099.39697265625, 3098.908203125, 3098.431884765625, 3098.028076171875, 3097.612060546875, 3097.1826171875, 3096.75, 3096.307861328125, 3095.85546875, 3095.41552734375, 3094.986572265625, 3094.57275390625, 3094.15478515625, 3093.769287109375, 3093.341064453125, 3092.92578125, 3092.503662109375, 3092.0791015625, 3091.638427734375, 3091.1748046875, 3090.7421875, 3090.2978515625, 3089.83447265625, 3089.387451171875, 3088.95751953125, 3088.5146484375, 3088.071044921875, 3087.659912109375, 3087.2080078125, 3086.79443359375, 3086.381103515625, 3086.010986328125, 3085.632568359375, 3085.25, 3084.870361328125, 3084.495361328125, 3084.10546875, 3083.716796875]}