{"mean": [25078.617838541668, 25033.477864583332, 25002.998046875, 24982.793619791668, 24967.341145833332, 24954.993489583332, 24944.762369791668, 24934.993489583332, 24924.608072916668, 24913.9453125, 24903.516276041668, 24893.215494791668, 24883.354817708332, 24873.731119791668, 24864.322916666668, 24855.358072916668, 24846.765625, 24839.08203125, 24833.819010416668, 24829.790364583332, 24826.733723958332, 24824.076822916668, 24822.439453125, 24821.474609375, 24821.154296875, 24820.836588541668, 24820.709635416668, 24820.71875, 24821.092447916668, 24821.63671875, 24822.512369791668, 24823.753255208332, 24825.095052083332, 24826.467447916668, 24827.805989583332, 24829.010416666668, 24830.525390625, 24832.335286458332, 24834.78515625, 24838.179036458332, 24842.793619791668, 24849.609375, 24859.010416666668, 24871.948567708332, 24891.526041666668, 24919.385416666668, 24955.916015625, 24991.564453125, 24991.952473958332, 24992.373697916668, 24992.854166666668, 24993.380208333332, 24993.884114583332, 24994.358072916668, 24994.891927083332, 24995.4296875, 24995.944661458332, 24996.505859375, 24997.085286458332, 24997.679036458332, 24998.184244791668, 24998.784505208332, 24999.3203125, 24999.806640625, 25000.389973958332, 25000.860026041668, 25001.366536458332, 25001.760416666668, 25002.44921875, 25002.561197916668, 25002.984375, 25003.497395833332, 25004.080078125, 25004.654947916668, 25005.216796875, 25005.69921875, 25006.22265625, 25006.746744791668, 25007.2734375, 25007.791015625, 25008.419921875, 25009.013020833332, 25009.564453125, 25010.112630208332, 25010.65625, 25011.223307291668, 25011.926432291668, 25012.4453125, 25012.970052083332, 25013.505208333332, 25014.029296875, 25014.559244791668, 25015.109375, 25015.645833333332, 25016.201822916668, 25016.754557291668, 25017.287109375, 25017.8203125, 25018.344401041668, 25018.836588541668], "upper": [25523.845703125, 25404.07421875, 25320.90234375, 25266.3203125, 25225.009765625, 25191.541015625, 25162.7421875, 25134.638671875, 25105.1796875, 25075.18359375, 25046.0078125, 25017.51171875, 24990.3984375, 24964.111328125, 24938.408203125, 24914.07421875, 24890.779296875, 24870.447265625, 24857.111328125, 24847.630859375, 24841.37890625, 24835.85546875, 24833.3515625, 24832.998046875, 24834.51171875, 24835.76171875, 24837.75390625, 24840.025390625, 24843.0546875, 24846.83203125, 24851.0859375, 24855.9765625, 24861.03125, 24866.20703125, 24871.517578125, 24876.37890625, 24881.826171875, 24888.650390625, 24897.287109375, 24908.5546875, 24923.755859375, 24945.935546875, 24976.16015625, 25016.474609375, 25077.49609375, 25162.724609375, 25273.927734375, 25382.205078125, 25383.814453125, 25385.45703125, 25387.19921875, 25388.9921875, 25390.775390625, 25392.6484375, 25394.55078125, 25396.458984375, 25398.41015625, 25400.390625, 25402.361328125, 25404.361328125, 25406.384765625, 25408.466796875, 25410.525390625, 25412.5625, 25414.572265625, 25416.55078125, 25418.4765625, 25420.39453125, 25422.232421875, 25424.0859375, 25426.005859375, 25427.79296875, 25429.623046875, 25431.462890625, 25433.267578125, 25434.994140625, 25436.73046875, 25438.451171875, 25440.119140625, 25441.818359375, 25443.611328125, 25445.3359375, 25447.0625, 25448.7578125, 25450.4375, 25452.087890625, 25453.7421875, 25455.3671875, 25457.0, 25458.630859375, 25460.298828125, 25461.998046875, 25463.701171875, 25465.353515625, 25467.02734375, 25468.63671875, 25470.17578125, 25471.765625, 25473.2890625, 25474.77734375], "lower": [24852.638671875, 24846.35546875, 24842.955078125, 24840.501953125, 24835.615234375, 24831.681640625, 24829.0, 24826.7578125, 24824.26953125, 24822.001953125, 24819.87109375, 24817.98046875, 24816.369140625, 24814.666015625, 24813.16796875, 24811.8203125, 24810.57421875, 24809.396484375, 24808.498046875, 24807.595703125, 24806.79296875, 24806.087890625, 24805.4140625, 24804.478515625, 24803.591796875, 24802.751953125, 24801.8046875, 24800.779296875, 24799.83984375, 24798.7109375, 24798.1171875, 24797.916015625, 24797.763671875, 24797.580078125, 24797.232421875, 24796.869140625, 24796.853515625, 24796.478515625, 24796.095703125, 24796.017578125, 24795.689453125, 24795.00390625, 24794.0546875, 24793.76953125, 24792.81640625, 24792.359375, 24791.80078125, 24790.86328125, 24790.77734375, 24790.744140625, 24790.771484375, 24790.759765625, 24790.7578125, 24790.751953125, 24790.751953125, 24790.7734375, 24790.77734375, 24790.783203125, 24790.791015625, 24790.796875, 24790.78125, 24790.7734375, 24790.794921875, 24790.82421875, 24790.9140625, 24790.96484375, 24791.0390625, 24791.12109375, 24791.169921875, 24791.265625, 24791.2109375, 24791.259765625, 24791.251953125, 24791.1484375, 24791.044921875, 24790.876953125, 24790.69921875, 24790.607421875, 24790.50390625, 24790.3515625, 24790.34375, 24790.388671875, 24790.353515625, 24790.31640625, 24790.296875, 24790.294921875, 24790.66015625, 24790.693359375, 24790.669921875, 24790.677734375, 24790.55078125, 24790.44921875, 24790.4140625, 24790.369140625, 24790.341796875, 24790.357421875, 24790.396484375, 24790.42578125, 24790.478515625, 24790.4375]}