{"mean": [3263.8114420572915, 3274.6439615885415, 3284.7185872395835, 3286.7186686197915, 3288.5625, 3289.6940104166665, 3291.3296712239585, 3293.4261881510415, 3295.2093098958335, 3295.9500325520835, 3296.4427897135415, 3297.067138671875, 3297.7584635416665, 3298.6639811197915, 3299.8422037760415, 3301.343017578125, 3302.9822591145835, 3304.3993326822915, 3305.821044921875, 3307.0868326822915, 3308.3785807291665, 3309.6603190104165, 3310.8587239583335, 3312.1034342447915, 3312.800537109375, 3313.5634765625, 3314.1221516927085, 3314.6378580729165, 3315.1324055989585, 3315.5572916666665, 3315.921875, 3316.1385091145835, 3316.2915852864585, 3316.33740234375, 3316.312255859375, 3316.00830078125, 3315.566162109375, 3315.021484375, 3314.3580729166665, 3313.4056803385415, 3311.9971516927085, 3310.6675618489585, 3309.4017740885415, 3307.7799479166665, 3305.3872884114585, 3301.7750651041665, 3295.3203938802085, 3286.0960286458335, 3286.0225423177085, 3285.9685872395835, 3285.873046875, 3285.7705891927085, 3285.6668294270835, 3285.5357259114585, 3285.3876139322915, 3285.2686360677085, 3285.1337076822915, 3285.0003255208335, 3284.8558756510415, 3284.713134765625, 3284.5589192708335, 3284.4375813802085, 3284.3263346354165, 3284.1944986979165, 3284.072265625, 3283.9798177083335, 3283.8719075520835, 3283.7420247395835, 3283.611328125, 3283.4986165364585, 3283.411376953125, 3283.2939453125, 3283.1808268229165, 3283.0694173177085, 3282.9667154947915, 3282.878662109375, 3282.7814127604165, 3282.6636555989585, 3282.5526529947915, 3282.421875, 3282.2984212239585, 3282.170654296875, 3282.04736328125, 3281.9153645833335, 3281.7706705729165, 3281.6273600260415, 3281.4840494791665, 3281.3568522135415, 3281.2256673177085, 3281.0999348958335, 3280.952392578125, 3280.8274739583335, 3280.6907552083335, 3280.5692545572915, 3280.429443359375, 3280.2985026041665, 3280.16455078125, 3280.0338541666665, 3279.9032389322915, 3279.7855631510415], "upper": [3312.619140625, 3314.12890625, 3315.81640625, 3317.142578125, 3317.908203125, 3318.231201171875, 3318.664306640625, 3319.0908203125, 3319.39306640625, 3319.813232421875, 3320.179443359375, 3320.48486328125, 3320.85888671875, 3321.10595703125, 3321.40966796875, 3321.80224609375, 3322.10595703125, 3322.46826171875, 3322.841064453125, 3323.15478515625, 3323.49755859375, 3323.881103515625, 3324.24072265625, 3324.616455078125, 3324.92236328125, 3325.42138671875, 3325.772705078125, 3326.209716796875, 3326.60009765625, 3326.9970703125, 3327.286376953125, 3327.401123046875, 3327.5380859375, 3327.635498046875, 3327.765869140625, 3327.85546875, 3328.00634765625, 3328.096435546875, 3328.206787109375, 3328.308349609375, 3328.470458984375, 3328.628173828125, 3328.80615234375, 3328.982666015625, 3329.157958984375, 3329.32421875, 3329.43212890625, 3329.54248046875, 3329.5908203125, 3329.638916015625, 3329.677001953125, 3329.704345703125, 3329.7265625, 3329.728759765625, 3329.732421875, 3329.734130859375, 3329.734619140625, 3329.726806640625, 3329.72998046875, 3329.71142578125, 3329.691162109375, 3329.674072265625, 3329.648193359375, 3329.61474609375, 3329.6044921875, 3329.559326171875, 3329.524169921875, 3329.47509765625, 3329.429443359375, 3329.376953125, 3329.326904296875, 3329.388916015625, 3329.4990234375, 3329.561767578125, 3329.617919921875, 3329.662353515625, 3329.73193359375, 3329.76611328125, 3329.809814453125, 3329.8193359375, 3329.832763671875, 3329.86328125, 3329.8828125, 3329.89111328125, 3329.90869140625, 3329.9140625, 3329.901123046875, 3329.8994140625, 3329.899169921875, 3329.9072265625, 3329.889404296875, 3329.90380859375, 3329.875732421875, 3329.8701171875, 3329.846435546875, 3329.84521484375, 3329.838134765625, 3329.81103515625, 3329.78369140625, 3329.768310546875], "lower": [3177.66796875, 3206.8544921875, 3233.876953125, 3237.221435546875, 3240.6220703125, 3242.574462890625, 3246.015625, 3251.0302734375, 3255.308349609375, 3256.45556640625, 3256.98388671875, 3258.07958984375, 3259.21142578125, 3261.288330078125, 3264.1591796875, 3267.92822265625, 3272.181396484375, 3275.8203125, 3279.427734375, 3282.6650390625, 3285.94775390625, 3289.11669921875, 3292.08935546875, 3295.110107421875, 3296.61181640625, 3298.083251953125, 3299.125732421875, 3299.94140625, 3300.64501953125, 3301.2041015625, 3301.637451171875, 3301.783447265625, 3301.72216796875, 3301.360107421875, 3300.735107421875, 3299.35546875, 3297.474365234375, 3295.3076171875, 3292.82763671875, 3289.433349609375, 3284.640625, 3280.012939453125, 3275.63134765625, 3270.1865234375, 3262.3916015625, 3250.95361328125, 3231.0224609375, 3203.048095703125, 3202.57958984375, 3202.102294921875, 3201.578369140625, 3201.049560546875, 3200.475830078125, 3199.89794921875, 3199.3388671875, 3198.79345703125, 3198.247802734375, 3197.72509765625, 3197.192626953125, 3196.621826171875, 3196.06396484375, 3195.57568359375, 3195.12158203125, 3194.643798828125, 3194.1845703125, 3193.77001953125, 3193.35546875, 3192.9267578125, 3192.491455078125, 3192.0556640625, 3191.63330078125, 3191.224853515625, 3190.82470703125, 3190.4501953125, 3190.08056640625, 3189.73974609375, 3189.359619140625, 3188.973388671875, 3188.581787109375, 3188.19580078125, 3187.81982421875, 3187.404052734375, 3187.025390625, 3186.622314453125, 3186.183837890625, 3185.76318359375, 3185.359375, 3184.944091796875, 3184.5283203125, 3184.114501953125, 3183.66015625, 3183.257568359375, 3182.869140625, 3182.512939453125, 3182.13720703125, 3181.767578125, 3181.4130859375, 3181.0712890625, 3180.7216796875, 3180.378662109375]}