{"mean": [5379.70458984375, 5361.304036458333, 5342.76025390625, 5321.661458333333, 5297.073079427083, 5269.025553385417, 5239.349283854167, 5209.574381510417, 5178.475911458333, 5145.97265625, 5112.107747395833, 5075.816731770833, 5036.244466145833, 4990.502766927083, 4943.914225260417, 4897.384765625, 4847.273763020833, 4795.05615234375, 4741.917154947917, 4684.421549479167, 4645.589680989583, 4617.350423177083, 4608.690755208333, 4603.978678385417, 4605.957845052083, 4611.550455729167, 4621.576822916667, 4630.051595052083, 4635.123697916667, 4636.06787109375, 4633.041341145833, 4626.70703125, 4618.315755208333, 4608.920735677083, 4600.816731770833, 4593.868001302083, 4586.554361979167, 4579.468587239583, 4575.699381510417, 4574.6611328125, 4574.752766927083, 4574.661458333333, 4574.480143229167, 4572.5185546875, 4567.209147135417, 4558.615885416667, 4548.7392578125, 4538.349772135417, 4532.004231770833, 4531.056640625, 4530.440592447917, 4530.819010416667, 4531.9130859375, 4529.39404296875, 4527.587890625, 4529.77099609375, 4532.12158203125, 4532.498860677083, 4527.2822265625, 4524.922037760417, 4524.524576822917, 4524.042643229167, 4524.373046875, 4524.905598958333, 4525.505696614583, 4525.680013020833, 4525.481119791667, 4525.707682291667, 4526.475911458333, 4527.875651041667, 4529.861653645833, 4531.831705729167, 4533.35986328125, 4534.241861979167, 4534.706380208333, 4534.723795572917, 4534.595052083333, 4534.490559895833, 4534.665201822917, 4534.85107421875, 4534.99755859375, 4535.090494791667, 4534.63720703125, 4533.801432291667, 4533.256184895833, 4532.326334635417, 4531.052083333333, 4530.0126953125, 4529.292154947917, 4528.837565104167, 4528.2578125, 4527.430013020833, 4526.8603515625, 4525.830891927083, 4524.4013671875, 4523.189453125, 4522.515299479167, 4522.10888671875, 4522.011393229167, 4521.7265625], "upper": [5768.650390625, 5748.375, 5726.6728515625, 5699.0419921875, 5669.71240234375, 5638.33837890625, 5603.46875, 5566.39013671875, 5524.357421875, 5479.35107421875, 5430.1416015625, 5375.4990234375, 5312.60888671875, 5246.13916015625, 5174.810546875, 5105.5419921875, 5031.49267578125, 4952.4296875, 4881.193359375, 4806.61328125, 4723.4736328125, 4687.46826171875, 4684.3974609375, 4673.978515625, 4684.91943359375, 4707.140625, 4726.0703125, 4737.27783203125, 4740.08984375, 4735.423828125, 4724.1845703125, 4708.1064453125, 4690.11962890625, 4674.1943359375, 4665.7890625, 4663.4833984375, 4662.41455078125, 4663.9580078125, 4670.90625, 4680.73828125, 4688.50830078125, 4691.70458984375, 4689.9560546875, 4683.78173828125, 4674.68603515625, 4664.4951171875, 4656.0263671875, 4650.12939453125, 4648.16259765625, 4646.3203125, 4644.4990234375, 4642.68896484375, 4640.9609375, 4639.2470703125, 4637.6142578125, 4635.9951171875, 4634.42626953125, 4632.95751953125, 4631.47265625, 4630.0693359375, 4628.74462890625, 4627.013671875, 4625.25146484375, 4623.81640625, 4623.45947265625, 4624.259765625, 4626.107421875, 4629.720703125, 4634.00927734375, 4638.40576171875, 4642.55126953125, 4646.3408203125, 4649.6875, 4652.412109375, 4654.5537109375, 4656.04150390625, 4656.99267578125, 4657.396484375, 4657.4091796875, 4657.01904296875, 4656.30029296875, 4655.21826171875, 4653.84765625, 4652.19921875, 4650.27294921875, 4648.14208984375, 4645.86083984375, 4643.431640625, 4640.8203125, 4638.1201171875, 4635.4755859375, 4632.7451171875, 4630.0986328125, 4627.56640625, 4625.15771484375, 4622.88427734375, 4620.82421875, 4618.92041015625, 4617.26708984375, 4615.70458984375], "lower": [4633.27685546875, 4628.9140625, 4624.607421875, 4620.998046875, 4616.86962890625, 4611.88623046875, 4606.912109375, 4601.5185546875, 4594.8798828125, 4587.0673828125, 4577.9482421875, 4567.50341796875, 4558.9599609375, 4546.814453125, 4540.26904296875, 4537.8671875, 4535.4775390625, 4532.98779296875, 4530.56494140625, 4528.091796875, 4525.79345703125, 4523.56005859375, 4521.30078125, 4519.24755859375, 4517.24560546875, 4515.1005859375, 4513.044921875, 4511.04345703125, 4509.05419921875, 4506.95166015625, 4504.880859375, 4503.06494140625, 4502.1533203125, 4500.4326171875, 4498.53125, 4496.73583984375, 4494.87744140625, 4493.16650390625, 4491.25341796875, 4487.78857421875, 4486.48974609375, 4485.0498046875, 4484.06396484375, 4482.4189453125, 4480.908203125, 4479.837890625, 4478.97509765625, 4477.93310546875, 4470.70654296875, 4470.587890625, 4471.2294921875, 4474.53466796875, 4474.9404296875, 4474.2265625, 4470.60400390625, 4474.59228515625, 4474.33837890625, 4474.2080078125, 4474.1396484375, 4470.59375, 4470.69189453125, 4470.9697265625, 4473.720703125, 4474.0126953125, 4473.9365234375, 4473.9326171875, 4473.9560546875, 4473.50146484375, 4471.4140625, 4471.20849609375, 4473.0048828125, 4474.0859375, 4474.1240234375, 4474.05908203125, 4474.10595703125, 4473.92431640625, 4472.5615234375, 4471.84912109375, 4472.212890625, 4473.201171875, 4474.30126953125, 4474.50390625, 4474.45703125, 4474.54296875, 4474.56494140625, 4474.28955078125, 4472.57666015625, 4471.798828125, 4472.28955078125, 4473.5224609375, 4474.384765625, 4474.6328125, 4474.9716796875, 4474.8955078125, 4473.09423828125, 4471.734375, 4471.791015625, 4472.46533203125, 4473.8037109375, 4474.44677734375]}