{"mean": [2935.4871419270835, 2930.1178385416665, 2925.365478515625, 2920.2900390625, 2915.8758951822915, 2911.8346354166665, 2908.9986165364585, 2908.324951171875, 2910.19873046875, 2915.9972330729165, 2927.1800130208335, 2941.5457356770835, 2960.9124348958335, 2982.1582845052085, 3000.9588216145835, 3016.9029134114585, 3036.8710123697915, 3058.39990234375, 3078.007080078125, 3083.409912109375, 3097.1952311197915, 3099.49072265625, 3106.4695638020835, 3101.19921875, 3098.1064453125, 3094.48193359375, 3093.1432291666665, 3092.273681640625, 3091.4925130208335, 3090.8719075520835, 3090.1319173177085, 3089.4267578125, 3089.2465006510415, 3090.16015625, 3092.2825520833335, 3094.94384765625, 3096.35888671875, 3096.6434733072915, 3098.3451334635415, 3100.1256510416665, 3100.2135416666665, 3098.6783040364585, 3096.9864095052085, 3095.8287760416665, 3095.1004231770835, 3095.54931640625, 3097.7420247395835, 3106.7826334635415, 3104.0731608072915, 3104.1148274739585, 3103.6605631510415, 3102.6112467447915, 3101.4961751302085, 3102.8702799479165, 3104.44775390625, 3101.7373860677085, 3100.5193684895835, 3100.4449869791665, 3102.2681477864585, 3104.378173828125, 3104.3794759114585, 3103.7242024739585, 3101.9325358072915, 3100.028076171875, 3098.6471354166665, 3097.8111979166665, 3097.6624348958335, 3097.9930013020835, 3098.3074544270835, 3098.0118001302085, 3097.1031901041665, 3096.1028645833335, 3095.5330403645835, 3095.334716796875, 3095.4890950520835, 3095.8570963541665, 3096.2996419270835, 3096.4478352864585, 3096.269775390625, 3095.9230143229165, 3095.49560546875, 3095.1022135416665, 3095.0491536458335, 3095.3544108072915, 3095.2347819010415, 3095.528076171875, 3096.1092122395835, 3096.5662434895835, 3096.4519856770835, 3096.15185546875, 3095.9895833333335, 3096.037841796875, 3095.953369140625, 3096.251953125, 3096.9911295572915, 3097.647216796875, 3097.75048828125, 3097.5423990885415, 3097.230712890625, 3097.133056640625], "upper": [3089.47607421875, 3089.875, 3089.66845703125, 3090.08837890625, 3091.023193359375, 3091.872314453125, 3092.961669921875, 3093.597900390625, 3093.57421875, 3093.054443359375, 3091.7783203125, 3089.50244140625, 3088.899658203125, 3088.68603515625, 3087.439453125, 3087.73388671875, 3088.110595703125, 3088.447265625, 3099.01513671875, 3088.94482421875, 3114.503173828125, 3115.07373046875, 3116.546875, 3116.97509765625, 3116.00927734375, 3104.339599609375, 3097.16845703125, 3092.742431640625, 3093.28076171875, 3092.7041015625, 3092.078857421875, 3092.25830078125, 3093.076416015625, 3093.328125, 3094.085693359375, 3097.920166015625, 3098.454833984375, 3103.3359375, 3111.365478515625, 3118.021240234375, 3118.14892578125, 3113.064208984375, 3107.676513671875, 3104.372314453125, 3102.010498046875, 3102.236083984375, 3106.81640625, 3113.6669921875, 3113.8603515625, 3114.05859375, 3114.20751953125, 3114.317626953125, 3114.3564453125, 3114.357421875, 3114.32861328125, 3114.2490234375, 3114.122802734375, 3113.990478515625, 3113.8447265625, 3113.697998046875, 3113.561767578125, 3112.3037109375, 3110.13427734375, 3107.3916015625, 3104.6552734375, 3102.109619140625, 3100.0693359375, 3100.313720703125, 3102.634033203125, 3102.77880859375, 3100.911865234375, 3098.5908203125, 3097.4365234375, 3097.380615234375, 3098.139892578125, 3099.4296875, 3100.921142578125, 3101.5068359375, 3101.096435546875, 3100.08642578125, 3098.83349609375, 3097.6103515625, 3097.460205078125, 3098.280029296875, 3097.78076171875, 3098.51416015625, 3100.028076171875, 3101.066162109375, 3100.294677734375, 3099.018798828125, 3097.97900390625, 3097.664306640625, 3097.070068359375, 3097.54833984375, 3099.0068359375, 3100.50634765625, 3100.3427734375, 3099.409912109375, 3099.723876953125, 3100.08203125], "lower": [2851.30615234375, 2838.8935546875, 2829.04443359375, 2822.64794921875, 2817.99853515625, 2813.655517578125, 2813.74609375, 2811.96533203125, 2805.563232421875, 2805.404541015625, 2813.245849609375, 2829.00537109375, 2853.410888671875, 2887.623046875, 2928.09814453125, 2959.733154296875, 2987.4384765625, 3013.06298828125, 3046.275390625, 3073.02880859375, 3087.73291015625, 3089.7490234375, 3090.093505859375, 3090.48095703125, 3087.425537109375, 3087.988037109375, 3090.8896484375, 3091.64892578125, 3089.33935546875, 3087.9677734375, 3087.0107421875, 3086.592041015625, 3086.65185546875, 3087.501953125, 3089.38525390625, 3093.408447265625, 3093.485595703125, 3093.0849609375, 3090.219482421875, 3089.245361328125, 3089.37109375, 3089.81494140625, 3089.90380859375, 3089.8046875, 3090.17626953125, 3091.315673828125, 3093.1787109375, 3093.20654296875, 3093.250732421875, 3093.236328125, 3093.21533203125, 3093.635498046875, 3093.859375, 3094.08056640625, 3094.31787109375, 3094.555908203125, 3092.748779296875, 3092.54248046875, 3094.952392578125, 3095.02880859375, 3095.18212890625, 3095.2705078125, 3095.33984375, 3095.29248046875, 3095.331787109375, 3095.40478515625, 3095.366455078125, 3095.365234375, 3095.3232421875, 3095.31005859375, 3095.1220703125, 3094.468017578125, 3093.961669921875, 3093.540771484375, 3093.313232421875, 3093.13720703125, 3093.06298828125, 3092.96044921875, 3092.91259765625, 3092.93701171875, 3093.017578125, 3093.117919921875, 3093.225830078125, 3093.368896484375, 3093.58056640625, 3093.844970703125, 3094.132568359375, 3094.061767578125, 3094.003173828125, 3093.892822265625, 3093.923828125, 3093.8974609375, 3093.924560546875, 3093.906494140625, 3093.8798828125, 3093.8671875, 3093.87451171875, 3093.82861328125, 3093.817626953125, 3093.84326171875]}