{"mean": [24623.76171875, 23840.0859375, 23536.631510416668, 23793.020833333332, 23648.652994791668, 23407.319661458332, 23007.156901041668, 23000.723958333332, 23000.061197916668, 22823.276041666668, 22741.244791666668, 22448.96875, 22496.954427083332, 22451.264973958332, 22261.469401041668, 22344.152994791668, 22376.934244791668, 22544.418619791668, 22463.240885416668, 22409.516276041668, 22443.473958333332, 22541.646484375, 22518.729166666668, 22321.391276041668, 22225.634765625, 22187.482421875, 22158.747395833332, 22359.762369791668, 22417.68359375, 22429.71875, 22482.279947916668, 22532.852213541668, 22463.004557291668, 22467.177083333332, 22506.072265625, 22557.938802083332, 22598.021484375, 22626.811848958332, 22631.197265625, 22617.078125, 22588.35546875, 22597.65625, 22620.923177083332, 22642.874348958332, 22645.18359375, 22634.127604166668, 22679.748046875, 22754.657552083332, 22790.776041666668, 22811.736979166668, 22827.104166666668, 22840.682291666668, 22854.662760416668, 22863.704427083332, 22860.59375, 22889.380208333332, 22900.775390625, 22902.085286458332, 22920.541666666668, 22948.507161458332, 22974.783854166668, 22979.378255208332, 22962.604166666668, 22933.329427083332, 22968.185546875, 23001.375, 22970.788411458332, 22983.477864583332, 22985.570963541668, 22920.259765625, 22869.791015625, 22820.98828125, 22807.333333333332, 22836.895833333332, 22869.862630208332, 22911.1484375, 22925.078776041668, 22875.880208333332, 22775.20703125, 22844.272786458332, 22831.160807291668, 22811.330729166668, 22800.552734375, 22796.998046875, 22756.817708333332, 22739.479166666668, 22789.744791666668, 22742.212890625, 22681.634765625, 22634.774739583332, 22644.483072916668, 22693.315755208332, 22756.570963541668, 22817.588541666668, 22877.171223958332, 22934.149088541668, 22986.036458333332, 23002.658854166668, 22980.330729166668, 23044.341796875], "upper": [26939.08203125, 26560.931640625, 26254.46484375, 26035.341796875, 25862.841796875, 25736.677734375, 25623.283203125, 25525.013671875, 25325.201171875, 25120.83984375, 24807.123046875, 24516.21484375, 24210.6640625, 24049.5703125, 24170.607421875, 24198.16796875, 24192.599609375, 24161.841796875, 24117.25390625, 24164.6484375, 24192.87109375, 24156.169921875, 24166.37109375, 24153.60546875, 24132.130859375, 24118.373046875, 24128.453125, 24148.9375, 24149.408203125, 24126.35546875, 24096.95703125, 24060.501953125, 24028.818359375, 24001.708984375, 23972.20703125, 23938.177734375, 23892.287109375, 23830.1875, 23747.181640625, 23636.02734375, 23533.5859375, 23593.6796875, 23657.37890625, 23707.212890625, 23733.849609375, 23730.3671875, 23712.69140625, 23696.1171875, 23678.373046875, 23668.5, 23671.236328125, 23688.794921875, 23713.10546875, 23749.09375, 23770.837890625, 23755.064453125, 23704.599609375, 23672.27734375, 23656.078125, 23653.75390625, 23656.4140625, 23660.044921875, 23679.021484375, 23712.94140625, 23761.2265625, 23812.720703125, 23856.421875, 23897.65625, 23916.3203125, 23910.072265625, 23887.75390625, 23861.740234375, 23830.50390625, 23803.4296875, 23777.91796875, 23749.6640625, 23729.10546875, 23727.728515625, 23740.4140625, 23755.0078125, 23766.83984375, 23783.837890625, 23804.13671875, 23824.01171875, 23843.640625, 23866.376953125, 23869.87890625, 23855.1328125, 23823.060546875, 23798.509765625, 23776.650390625, 23760.296875, 23748.2578125, 23744.826171875, 23745.83984375, 23759.02734375, 23772.302734375, 23789.296875, 23813.41796875, 23835.416015625], "lower": [23156.2890625, 20204.033203125, 20629.02734375, 21051.193359375, 20801.814453125, 20310.162109375, 19453.07421875, 19712.38671875, 20145.486328125, 20127.30078125, 20227.478515625, 19202.326171875, 19408.1796875, 19699.27734375, 19479.40625, 19432.197265625, 19198.25390625, 19521.5625, 19243.806640625, 18998.908203125, 19139.724609375, 19557.02734375, 19575.333984375, 19090.212890625, 18940.443359375, 18969.328125, 18974.4765625, 19626.259765625, 19866.849609375, 19990.03125, 20225.3515625, 20432.279296875, 20237.1875, 20228.251953125, 20321.4453125, 20454.94921875, 20570.423828125, 20670.04296875, 20720.43359375, 20741.455078125, 20739.09375, 20821.482421875, 20902.8359375, 20975.58203125, 20998.62109375, 21002.3984375, 21169.109375, 21398.6484375, 21511.125, 21557.6796875, 21574.1875, 21570.865234375, 21551.244140625, 21513.86328125, 21482.30859375, 21599.08984375, 21697.6875, 21741.896484375, 21802.423828125, 21851.921875, 21888.896484375, 21908.41015625, 21907.11328125, 21914.99609375, 22159.6328125, 22442.501953125, 22434.267578125, 22183.37890625, 21987.072265625, 21738.580078125, 21552.736328125, 21488.41796875, 21580.349609375, 21721.685546875, 21855.13671875, 22061.224609375, 22266.89453125, 22396.783203125, 22129.890625, 22276.7421875, 22226.982421875, 22190.42578125, 22193.39453125, 22242.923828125, 22177.974609375, 22144.66015625, 22178.61328125, 22093.69921875, 21935.83203125, 21761.029296875, 21642.03515625, 21588.220703125, 21587.572265625, 21624.9921875, 21683.869140625, 21782.6171875, 21866.521484375, 21901.232421875, 21886.5703125, 21840.619140625]}