{"mean": [45685.0859375, 44368.541666666664, 43680.533854166664, 44228.192708333336, 44030.10546875, 43603.614583333336, 43128.235677083336, 43074.16796875, 43131.8828125, 42916.677083333336, 42551.717447916664, 42329.41796875, 42052.274739583336, 41860.19921875, 41673.947916666664, 41826.891927083336, 42184.971354166664, 42271.592447916664, 42259.877604166664, 42241.822916666664, 42120.78515625, 42313.451822916664, 42234.384114583336, 42039.067708333336, 42047.696614583336, 42021.0703125, 41987.6171875, 42207.03515625, 42292.852864583336, 42277.934895833336, 42288.658854166664, 42327.7421875, 42379.641927083336, 42354.770833333336, 42389.7421875, 42446.434895833336, 42481.829427083336, 42503.010416666664, 42519.588541666664, 42549.057291666664, 42532.958333333336, 42542.63671875, 42544.794270833336, 42544.484375, 42523.798177083336, 42517.256510416664, 42588.393229166664, 42673.015625, 42706.962239583336, 42742.234375, 42789.903645833336, 42840.67578125, 42889.81640625, 42926.087239583336, 42960.548177083336, 42990.09765625, 42991.3984375, 42976.901041666664, 42996.2890625, 43009.399739583336, 43005.072916666664, 42968.341145833336, 42907.5625, 42843.091145833336, 42818.572916666664, 42839.78125, 42763.453125, 42662.05859375, 42530.639322916664, 42325.247395833336, 42200.244791666664, 42152.075520833336, 42187.946614583336, 42294.908854166664, 42415.927083333336, 42493.095052083336, 42542.506510416664, 42487.265625, 42410.31640625, 42629.0078125, 42711.36328125, 42704.96875, 42692.076822916664, 42667.768229166664, 42575.4921875, 42501.6171875, 42490.084635416664, 42374.0625, 42228.859375, 42105.915364583336, 42070.934895833336, 42071.14453125, 42148.865885416664, 42255.28125, 42393.30078125, 42522.018229166664, 42640.91015625, 42698.680989583336, 42707.541666666664, 42861.233072916664], "upper": [50292.8046875, 49790.546875, 49432.8125, 49087.78515625, 48796.7734375, 48546.65234375, 48373.16015625, 48231.8125, 47995.203125, 47706.734375, 47090.02734375, 46406.62109375, 45471.62890625, 45874.5546875, 46142.6640625, 46288.8203125, 46321.421875, 46288.66015625, 46216.5859375, 46110.87109375, 45986.671875, 46009.796875, 46117.9140625, 46193.2890625, 46247.99609375, 46284.05078125, 46303.71484375, 46312.02734375, 46288.8203125, 46232.73828125, 46157.96875, 46056.87890625, 45940.4140625, 45815.83203125, 45675.19921875, 45507.77734375, 45328.2734375, 45138.29296875, 44933.02734375, 44779.9921875, 44903.95703125, 45044.4609375, 45196.890625, 45312.265625, 45368.328125, 45353.7265625, 45295.8125, 45240.01953125, 45186.5390625, 45162.2578125, 45174.19140625, 45218.13671875, 45274.22265625, 45345.6640625, 45386.4296875, 45345.8359375, 45219.6640625, 45152.9921875, 45131.0390625, 45134.625, 45136.26953125, 45132.0859375, 45157.6015625, 45222.46875, 45332.4140625, 45457.6640625, 45563.47265625, 45663.46484375, 45704.8671875, 45687.3203125, 45626.4140625, 45559.37890625, 45486.20703125, 45422.82421875, 45362.7265625, 45303.56640625, 45255.66015625, 45253.3359375, 45286.59765625, 45317.48828125, 45337.18359375, 45369.32421875, 45419.24609375, 45475.09765625, 45529.83203125, 45590.67578125, 45602.2578125, 45563.53515625, 45487.953125, 45430.5546875, 45378.86328125, 45339.9453125, 45307.13671875, 45294.8203125, 45293.140625, 45322.90625, 45360.6171875, 45408.37109375, 45473.89453125, 45531.3984375], "lower": [42160.828125, 36721.8125, 37162.56640625, 37834.33984375, 37523.68359375, 36702.8125, 35868.94921875, 36263.45703125, 37079.50390625, 37110.5546875, 36507.359375, 35722.42578125, 35272.578125, 35500.4296875, 35267.9296875, 35199.41796875, 35536.02734375, 35193.046875, 34897.29296875, 34713.5625, 34434.64453125, 35197.37109375, 35033.109375, 34557.67578125, 34777.12109375, 34945.11328125, 35072.30859375, 35913.64453125, 36376.2109375, 36567.8671875, 36810.640625, 37091.1640625, 37313.73828125, 37234.12109375, 37324.421875, 37511.14453125, 37673.9453125, 37814.0, 37957.9609375, 38162.47265625, 38275.9375, 38443.3515625, 38519.94921875, 38566.5, 38574.87109375, 38653.484375, 38958.1484375, 39251.734375, 39377.84765625, 39454.078125, 39500.15625, 39518.0859375, 39521.4765625, 39501.91796875, 39528.97265625, 39651.18359375, 39777.1484375, 39802.90625, 39879.94921875, 39946.67578125, 39998.62109375, 40032.19921875, 40049.7734375, 40118.19921875, 40360.46484375, 40818.11328125, 41170.11328125, 40851.99609375, 40171.67578125, 39461.45703125, 39027.3125, 38937.828125, 39163.81640625, 39628.23046875, 40155.25390625, 40641.875, 41050.09375, 40886.6328125, 40455.81640625, 40855.296875, 40993.88671875, 40973.578125, 40982.6328125, 41017.875, 40882.36328125, 40824.48828125, 40882.7890625, 40609.19140625, 40227.78125, 39827.5234375, 39529.625, 39373.0703125, 39391.3671875, 39559.94140625, 39792.1640625, 40061.58203125, 40280.30078125, 40397.6875, 40430.89453125, 40401.83984375]}