{"mean": [8205.0810546875, 8189.233072916667, 8188.08203125, 8192.078287760416, 8200.4521484375, 8209.96826171875, 8214.49609375, 8216.794596354166, 8217.632486979166, 8217.064615885416, 8216.158203125, 8215.81396484375, 8214.2685546875, 8212.77685546875, 8212.857421875, 8215.965494791666, 8221.275227864584, 8225.135091145834, 8227.60693359375, 8230.481282552084, 8232.602376302084, 8233.17333984375, 8231.221516927084, 8229.51416015625, 8227.950846354166, 8226.96240234375, 8226.207682291666, 8225.73046875, 8225.758951822916, 8225.84521484375, 8226.135579427084, 8226.9453125, 8228.01953125, 8229.4384765625, 8231.498046875, 8233.631998697916, 8235.53857421875, 8237.135416666666, 8239.045735677084, 8240.004069010416, 8238.80078125, 8239.6484375, 8242.309895833334, 8240.44287109375, 8236.923014322916, 8233.55224609375, 8230.373697916666, 8227.25927734375, 8224.162760416666, 8221.89892578125, 8219.9658203125, 8217.476236979166, 8215.393880208334, 8213.63037109375, 8212.227213541666, 8211.12646484375, 8210.202962239584, 8209.659016927084, 8209.391438802084, 8209.387858072916, 8209.534993489584, 8210.039876302084, 8210.77587890625, 8211.59375, 8212.454752604166, 8213.37158203125, 8214.348795572916, 8215.173177083334, 8215.953450520834, 8216.795247395834, 8217.575358072916, 8218.440592447916, 8219.4990234375, 8220.549641927084, 8221.7041015625, 8222.611490885416, 8223.389973958334, 8217.992024739584, 8215.059244791666, 8214.576822916666, 8215.577473958334, 8217.524088541666, 8221.464518229166, 8224.905110677084, 8227.823893229166, 8228.90283203125, 8228.40234375, 8226.446126302084, 8223.634114583334, 8220.570475260416, 8217.243001302084, 8214.795572916666, 8213.433268229166, 8213.151692708334, 8214.021158854166, 8215.800944010416, 8217.99951171875, 8219.877115885416, 8220.742513020834, 8220.608561197916], "upper": [8406.3046875, 8351.9951171875, 8341.228515625, 8344.6318359375, 8358.974609375, 8375.625, 8376.75, 8370.7529296875, 8359.71484375, 8345.20703125, 8330.0390625, 8317.794921875, 8307.873046875, 8301.9248046875, 8299.80859375, 8305.04296875, 8315.8671875, 8320.2890625, 8320.2255859375, 8320.208984375, 8320.2412109375, 8320.3095703125, 8320.4267578125, 8320.546875, 8320.759765625, 8320.9404296875, 8321.1552734375, 8321.41796875, 8321.6845703125, 8321.9462890625, 8322.212890625, 8322.517578125, 8322.8212890625, 8323.0810546875, 8323.3671875, 8323.6142578125, 8323.826171875, 8324.06640625, 8324.248046875, 8324.404296875, 8324.626953125, 8324.9609375, 8325.2646484375, 8325.3984375, 8325.48046875, 8325.560546875, 8325.6416015625, 8325.6025390625, 8325.357421875, 8325.2861328125, 8325.4638671875, 8325.923828125, 8326.1220703125, 8326.2177734375, 8326.2216796875, 8326.2744140625, 8326.3291015625, 8326.3681640625, 8326.34375, 8326.396484375, 8326.49609375, 8326.955078125, 8327.787109375, 8328.3271484375, 8328.4833984375, 8328.5234375, 8328.4443359375, 8328.251953125, 8327.9111328125, 8327.4189453125, 8326.69921875, 8326.568359375, 8327.0234375, 8327.658203125, 8328.91015625, 8330.2744140625, 8331.87109375, 8315.4365234375, 8306.7822265625, 8305.9443359375, 8309.6171875, 8316.6240234375, 8330.099609375, 8346.1201171875, 8359.041015625, 8365.619140625, 8366.3046875, 8361.787109375, 8355.0517578125, 8347.66015625, 8339.4111328125, 8333.21484375, 8330.0341796875, 8329.876953125, 8332.9560546875, 8338.30859375, 8344.7138671875, 8349.92578125, 8352.0927734375, 8351.3828125], "lower": [8102.1279296875, 8105.27734375, 8108.63330078125, 8112.74169921875, 8118.0263671875, 8124.26416015625, 8131.31640625, 8139.3251953125, 8144.486328125, 8147.21142578125, 8149.17578125, 8149.72607421875, 8149.37451171875, 8148.13330078125, 8146.658203125, 8145.333984375, 8144.06103515625, 8142.6162109375, 8141.15380859375, 8140.26513671875, 8139.90576171875, 8140.14990234375, 8140.92822265625, 8142.50048828125, 8144.423828125, 8147.44677734375, 8150.4111328125, 8153.6396484375, 8157.32861328125, 8160.57373046875, 8163.83642578125, 8167.98828125, 8172.42333984375, 8177.861328125, 8184.94287109375, 8185.26318359375, 8184.60107421875, 8184.2314453125, 8184.07568359375, 8184.08447265625, 8184.521484375, 8184.712890625, 8184.720703125, 8184.60986328125, 8184.39111328125, 8183.9345703125, 8181.77099609375, 8172.8759765625, 8164.5478515625, 8158.69140625, 8153.89697265625, 8147.4892578125, 8142.61962890625, 8138.908203125, 8136.2294921875, 8134.51220703125, 8133.58154296875, 8133.46728515625, 8133.83203125, 8134.87890625, 8136.41357421875, 8138.33203125, 8140.4091796875, 8142.68359375, 8145.17626953125, 8147.53466796875, 8150.03125, 8152.00048828125, 8153.9365234375, 8156.28662109375, 8158.90234375, 8161.6005859375, 8164.48681640625, 8166.5185546875, 8166.05859375, 8165.5986328125, 8165.228515625, 8164.96826171875, 8164.8740234375, 8164.89453125, 8165.1025390625, 8165.26171875, 8165.49365234375, 8162.9375, 8158.42724609375, 8154.802734375, 8152.333984375, 8150.857421875, 8149.26953125, 8147.75341796875, 8146.30712890625, 8145.4248046875, 8144.57080078125, 8143.8837890625, 8143.400390625, 8143.09814453125, 8143.00732421875, 8143.19140625, 8143.548828125, 8144.02734375]}