{"mean": [891.1544392903646, 893.9661865234375, 894.2094930013021, 892.9622599283854, 890.7105102539062, 888.7164916992188, 887.7350667317709, 887.0170288085938, 886.5896402994791, 886.5233154296875, 886.6108601888021, 886.4314982096354, 885.9233601888021, 885.4198201497396, 884.329833984375, 882.7472534179688, 880.93603515625, 880.0361328125, 879.5862223307291, 879.3054402669271, 879.1134033203125, 879.0367838541666, 878.8546346028646, 878.7467651367188, 878.6680094401041, 878.5648600260416, 878.5193277994791, 878.4203694661459, 878.3575236002604, 878.2115275065104, 877.9945068359375, 877.7476196289062, 877.4322713216146, 877.0295206705729, 876.5913492838541, 876.1162923177084, 875.5618489583334, 874.9062296549479, 874.2554728190104, 873.1360473632812, 871.5123087565104, 870.3621419270834, 870.1571858723959, 870.045654296875, 870.049072265625, 870.1868896484375, 870.2313028971354, 870.2102457682291, 870.1440633138021, 870.1387125651041, 870.1380411783854, 870.2637939453125, 870.3843587239584, 870.45703125, 870.5451863606771, 870.611572265625, 870.6485595703125, 870.632080078125, 870.5755208333334, 870.5245361328125, 870.4571940104166, 870.4115600585938, 870.3668212890625, 870.3385213216146, 870.273681640625, 870.2089233398438, 870.1457926432291, 870.0866495768229, 870.0351359049479, 869.9401652018229, 869.8600870768229, 869.8029581705729, 869.7657267252604, 869.7389526367188, 869.7479858398438, 869.7490437825521, 869.7611083984375, 871.9836222330729, 873.6865641276041, 874.6365763346354, 874.8283894856771, 874.3060913085938, 873.2414754231771, 872.1391194661459, 871.4598795572916, 871.2114664713541, 871.2792765299479, 871.6528727213541, 872.1222127278646, 872.6556599934896, 873.2894287109375, 873.7711588541666, 873.9695434570312, 873.8514404296875, 873.4245402018229, 872.7955118815104, 872.0494791666666, 871.5026448567709, 871.1583455403646, 871.0522054036459], "upper": [904.0950927734375, 903.62109375, 903.39599609375, 903.3073120117188, 903.43310546875, 903.6157836914062, 903.7940063476562, 903.8787841796875, 903.889404296875, 903.8446044921875, 903.763427734375, 903.6802368164062, 903.5814819335938, 903.4285888671875, 903.2044067382812, 902.9502563476562, 902.71826171875, 902.4674072265625, 902.2005004882812, 901.8992919921875, 901.5763549804688, 901.2528686523438, 900.8731079101562, 900.4869384765625, 899.9874267578125, 899.4827880859375, 898.973388671875, 898.4594116210938, 897.999267578125, 897.50537109375, 896.867919921875, 896.148193359375, 895.3330078125, 894.2723388671875, 893.1602783203125, 892.0062255859375, 890.6688842773438, 889.0225219726562, 887.359619140625, 884.2604370117188, 879.5390625, 877.909912109375, 877.7510986328125, 877.5947875976562, 877.4569091796875, 877.3284912109375, 877.1636352539062, 877.0101928710938, 876.8826293945312, 876.9375610351562, 876.97119140625, 877.3291015625, 877.7205200195312, 878.0265502929688, 878.4111938476562, 878.720458984375, 878.9235229492188, 878.9639892578125, 878.85595703125, 878.6434936523438, 878.3831176757812, 878.1509399414062, 877.9060668945312, 877.7286987304688, 877.5285034179688, 877.3353271484375, 877.1633911132812, 877.0449829101562, 876.916748046875, 876.7229614257812, 876.5466918945312, 876.400390625, 876.227783203125, 876.1419067382812, 876.169189453125, 876.1668090820312, 876.1822509765625, 876.1950073242188, 876.2035522460938, 876.1981201171875, 876.1870727539062, 876.1718139648438, 876.1682739257812, 876.31005859375, 876.592529296875, 876.8587646484375, 877.0178833007812, 877.1314697265625, 877.2008666992188, 877.3167724609375, 877.4178466796875, 877.518310546875, 877.5753173828125, 877.63037109375, 877.6691284179688, 877.6942749023438, 877.703369140625, 877.689453125, 877.6448974609375, 877.6054077148438], "lower": [869.1807861328125, 878.5680541992188, 880.2815551757812, 877.5650634765625, 871.6583251953125, 866.4765625, 864.4724731445312, 863.5678100585938, 863.6478271484375, 864.6433715820312, 866.0540771484375, 866.9282836914062, 866.9693603515625, 866.5448608398438, 865.1411743164062, 862.762939453125, 859.4384765625, 858.229248046875, 858.1991577148438, 858.1580810546875, 858.1113891601562, 858.0599365234375, 858.0115356445312, 857.9548950195312, 857.90283203125, 857.8320922851562, 857.7496337890625, 857.6846313476562, 857.6217651367188, 857.543212890625, 857.4722900390625, 857.399658203125, 857.3262329101562, 857.265380859375, 857.2091064453125, 857.1463623046875, 857.0864868164062, 857.041015625, 856.987060546875, 856.9470825195312, 856.9166870117188, 856.9107055664062, 856.9085693359375, 856.8861083984375, 856.8580932617188, 856.8291625976562, 856.8117065429688, 856.781982421875, 856.7128295898438, 856.6723022460938, 856.6978149414062, 856.74951171875, 856.7767333984375, 856.7789916992188, 856.7701416015625, 856.7718505859375, 856.77734375, 856.78857421875, 856.7957153320312, 856.8067626953125, 856.8319702148438, 856.8851318359375, 856.9551391601562, 857.0270385742188, 857.0342407226562, 857.0467529296875, 857.0487060546875, 857.0372924804688, 857.0154418945312, 856.963623046875, 856.91455078125, 856.909423828125, 856.9445190429688, 856.9937744140625, 857.113037109375, 857.2010498046875, 857.2940673828125, 863.9658203125, 869.06591796875, 871.8897094726562, 872.4201049804688, 870.8162841796875, 867.4132080078125, 863.9357299804688, 861.6209716796875, 860.6160278320312, 860.683837890625, 861.6923828125, 863.021484375, 864.4907836914062, 866.2733154296875, 867.6370239257812, 868.170166015625, 867.7599487304688, 866.4525146484375, 864.520751953125, 862.2841186523438, 860.675048828125, 859.6860961914062, 859.4122314453125]}