{"mean": [8556.289428710938, 8556.320556640625, 8553.631591796875, 8550.265258789062, 8543.55029296875, 8535.517456054688, 8526.466918945312, 8519.260009765625, 8517.030517578125, 8520.429565429688, 8523.584594726562, 8526.307373046875, 8528.689819335938, 8530.780883789062, 8532.697509765625, 8534.309936523438, 8535.533569335938, 8536.626220703125, 8537.569091796875, 8538.364990234375, 8539.036499023438, 8539.48876953125, 8539.827880859375, 8539.88916015625, 8539.842651367188, 8539.680419921875, 8539.427001953125, 8539.082153320312, 8538.670776367188, 8538.1376953125, 8537.581665039062, 8536.958862304688, 8536.276977539062, 8535.560791015625, 8534.7236328125, 8533.972045898438, 8533.182250976562, 8532.487915039062, 8531.91650390625, 8531.230712890625, 8530.726684570312, 8530.239624023438, 8529.921142578125, 8529.576904296875, 8529.21630859375, 8528.937255859375, 8528.684814453125, 8528.431274414062, 8528.231567382812, 8528.092163085938, 8527.99365234375, 8528.071044921875, 8528.289916992188, 8528.63427734375, 8529.209838867188, 8529.858032226562, 8530.591186523438, 8531.465209960938, 8532.326904296875, 8532.558471679688, 8532.6181640625, 8533.554321289062, 8535.408569335938, 8536.422607421875, 8536.48779296875, 8536.769287109375, 8537.87548828125, 8539.275024414062, 8539.430419921875, 8539.103515625, 8539.669189453125, 8540.606201171875, 8540.665283203125, 8540.197143554688, 8540.155517578125, 8540.4892578125, 8540.637451171875, 8540.020751953125, 8539.588256835938, 8539.552734375, 8539.588989257812, 8539.244384765625, 8538.865600585938, 8538.621215820312, 8538.624267578125, 8538.484741210938, 8538.168579101562, 8538.014526367188, 8537.98583984375, 8537.920776367188, 8537.930053710938, 8537.80126953125, 8537.771484375, 8537.790405273438, 8538.0009765625, 8538.011352539062, 8537.948608398438, 8538.000732421875, 8538.222534179688, 8538.315307617188], "upper": [8556.30078125, 8556.3271484375, 8553.6396484375, 8550.275390625, 8543.560546875, 8535.5244140625, 8526.4755859375, 8519.283203125, 8517.04296875, 8520.458984375, 8523.603515625, 8526.333984375, 8528.73828125, 8530.8037109375, 8532.7373046875, 8534.3583984375, 8535.5947265625, 8536.697265625, 8537.6484375, 8538.4560546875, 8539.126953125, 8539.6044921875, 8539.927734375, 8539.966796875, 8539.9599609375, 8539.779296875, 8539.5283203125, 8539.173828125, 8538.7568359375, 8538.23046875, 8537.6806640625, 8537.064453125, 8536.38671875, 8535.6953125, 8534.80859375, 8534.0908203125, 8533.27734375, 8532.5625, 8532.021484375, 8531.3046875, 8530.802734375, 8530.310546875, 8530.0302734375, 8529.65625, 8529.3583984375, 8529.044921875, 8528.796875, 8528.5693359375, 8528.3583984375, 8528.24609375, 8528.0693359375, 8528.1826171875, 8528.39453125, 8528.724609375, 8529.2841796875, 8529.935546875, 8530.6962890625, 8531.560546875, 8532.4697265625, 8532.6923828125, 8532.7509765625, 8533.68359375, 8535.552734375, 8536.5615234375, 8536.5869140625, 8537.0341796875, 8538.486328125, 8539.609375, 8539.693359375, 8539.412109375, 8540.3359375, 8540.828125, 8541.03125, 8540.4228515625, 8540.841796875, 8540.951171875, 8541.18359375, 8540.455078125, 8540.181640625, 8540.03125, 8540.087890625, 8539.900390625, 8539.2958984375, 8538.93359375, 8538.9736328125, 8539.0390625, 8538.310546875, 8538.3486328125, 8538.228515625, 8538.2685546875, 8538.0576171875, 8538.1728515625, 8538.0517578125, 8538.0478515625, 8538.1787109375, 8538.302734375, 8538.3037109375, 8538.3017578125, 8538.3857421875, 8538.650390625], "lower": [8556.283203125, 8556.3115234375, 8553.615234375, 8550.2548828125, 8543.544921875, 8535.5009765625, 8526.4609375, 8519.23046875, 8517.0087890625, 8520.412109375, 8523.5556640625, 8526.287109375, 8528.6298828125, 8530.7548828125, 8532.66796875, 8534.2783203125, 8535.486328125, 8536.568359375, 8537.5, 8538.3056640625, 8538.98046875, 8539.4140625, 8539.736328125, 8539.8251953125, 8539.7763671875, 8539.611328125, 8539.3818359375, 8539.015625, 8538.6044921875, 8538.044921875, 8537.49609375, 8536.859375, 8536.19921875, 8535.4443359375, 8534.642578125, 8533.861328125, 8533.1201171875, 8532.4267578125, 8531.8095703125, 8531.13671875, 8530.63671875, 8530.1376953125, 8529.8046875, 8529.4814453125, 8529.1328125, 8528.8037109375, 8528.5517578125, 8528.2705078125, 8528.12109375, 8527.9033203125, 8527.90625, 8527.94921875, 8528.1962890625, 8528.5029296875, 8529.1220703125, 8529.78125, 8530.47265625, 8531.3779296875, 8532.25, 8532.4375, 8532.4814453125, 8533.38671875, 8535.1904296875, 8536.3046875, 8536.2880859375, 8536.6005859375, 8537.4326171875, 8539.0009765625, 8539.0595703125, 8538.9638671875, 8539.2265625, 8540.375, 8540.208984375, 8539.7939453125, 8539.7763671875, 8540.119140625, 8540.1044921875, 8539.529296875, 8539.0966796875, 8538.998046875, 8539.259765625, 8538.619140625, 8538.3232421875, 8538.193359375, 8538.388671875, 8537.8818359375, 8537.73046875, 8537.5703125, 8537.7734375, 8537.3916015625, 8537.5546875, 8537.0322265625, 8537.44921875, 8537.4052734375, 8537.80078125, 8537.3974609375, 8537.3095703125, 8537.5830078125, 8537.9609375, 8537.7548828125]}