{"mean": [7600.465637207031, 7601.187683105469, 7599.82763671875, 7597.609130859375, 7592.445373535156, 7586.2105712890625, 7579.422607421875, 7574.775695800781, 7575.581481933594, 7578.834777832031, 7581.840759277344, 7584.400207519531, 7586.679443359375, 7588.6756591796875, 7590.4989013671875, 7592.0595703125, 7593.302490234375, 7594.386169433594, 7595.2987060546875, 7596.0997314453125, 7596.765563964844, 7597.2384033203125, 7597.6212158203125, 7597.7523193359375, 7597.7940673828125, 7597.726623535156, 7597.554443359375, 7597.3125, 7597.010681152344, 7596.584167480469, 7596.1380615234375, 7595.6260986328125, 7595.073181152344, 7594.492248535156, 7593.811462402344, 7593.197326660156, 7592.5614013671875, 7592.0067138671875, 7591.532897949219, 7590.959777832031, 7590.5599365234375, 7590.176818847656, 7589.942932128906, 7589.689025878906, 7589.407531738281, 7589.208923339844, 7589.02001953125, 7588.847229003906, 7588.7373046875, 7588.654052734375, 7588.6221923828125, 7588.729736328125, 7588.9508056640625, 7589.307556152344, 7589.850402832031, 7590.481994628906, 7591.188232421875, 7592.016174316406, 7592.851867675781, 7592.964172363281, 7592.866455078125, 7593.768127441406, 7595.6610107421875, 7596.646484375, 7596.6190185546875, 7596.7958984375, 7597.898742675781, 7599.295227050781, 7599.380432128906, 7598.968505859375, 7599.515075683594, 7600.458251953125, 7600.500061035156, 7599.990478515625, 7599.9449462890625, 7600.3057861328125, 7600.4639892578125, 7599.85107421875, 7599.421203613281, 7599.4091796875, 7599.480407714844, 7599.136901855469, 7598.752685546875, 7598.518981933594, 7598.542907714844, 7598.403015136719, 7598.101745605469, 7597.938415527344, 7597.9232177734375, 7597.868896484375, 7597.883361816406, 7597.740661621094, 7597.697021484375, 7597.730041503906, 7597.939453125, 7597.9383544921875, 7597.857727050781, 7597.9019775390625, 7598.1207275390625, 7598.205383300781], "upper": [7600.47705078125, 7601.19287109375, 7599.833984375, 7597.61962890625, 7592.45458984375, 7586.21728515625, 7579.43115234375, 7574.79541015625, 7575.587890625, 7578.8583984375, 7581.859375, 7584.42431640625, 7586.72021484375, 7588.69580078125, 7590.5380859375, 7592.10498046875, 7593.35791015625, 7594.44482421875, 7595.3740234375, 7596.17529296875, 7596.85546875, 7597.3388671875, 7597.71044921875, 7597.822265625, 7597.89013671875, 7597.8076171875, 7597.65185546875, 7597.3916015625, 7597.08984375, 7596.66259765625, 7596.2353515625, 7595.71826171875, 7595.16357421875, 7594.61474609375, 7593.892578125, 7593.302734375, 7592.638671875, 7592.0751953125, 7591.62548828125, 7591.0302734375, 7590.63525390625, 7590.24365234375, 7590.0390625, 7589.763671875, 7589.53125, 7589.29736328125, 7589.134765625, 7588.9765625, 7588.8408203125, 7588.79052734375, 7588.693359375, 7588.83154296875, 7589.03955078125, 7589.38916015625, 7589.92041015625, 7590.56005859375, 7591.28369140625, 7592.10546875, 7592.98583984375, 7593.10009765625, 7592.99755859375, 7593.916015625, 7595.82763671875, 7596.77587890625, 7596.708984375, 7597.06689453125, 7598.533203125, 7599.62890625, 7599.638671875, 7599.24853515625, 7600.2080078125, 7600.65869140625, 7600.86328125, 7600.232421875, 7600.64111328125, 7600.75244140625, 7601.017578125, 7600.29150390625, 7600.01513671875, 7599.92724609375, 7600.01513671875, 7599.80126953125, 7599.19482421875, 7598.87353515625, 7598.9453125, 7599.0283203125, 7598.24755859375, 7598.31201171875, 7598.21044921875, 7598.25439453125, 7598.03466796875, 7598.150390625, 7597.98486328125, 7598.0576171875, 7598.1083984375, 7598.275390625, 7598.1982421875, 7598.185546875, 7598.2724609375, 7598.55712890625], "lower": [7600.45849609375, 7601.18212890625, 7599.8125, 7597.60107421875, 7592.439453125, 7586.19677734375, 7579.41357421875, 7574.75146484375, 7575.568359375, 7578.82275390625, 7581.81689453125, 7584.37890625, 7586.62548828125, 7588.65625, 7590.4755859375, 7592.03125, 7593.2578125, 7594.33740234375, 7595.23193359375, 7596.04833984375, 7596.7158203125, 7597.17822265625, 7597.54296875, 7597.69384765625, 7597.7353515625, 7597.66845703125, 7597.5068359375, 7597.248046875, 7596.9521484375, 7596.50634765625, 7596.05810546875, 7595.537109375, 7595.009765625, 7594.3916015625, 7593.73291015625, 7593.10009765625, 7592.50732421875, 7591.94873046875, 7591.44287109375, 7590.87744140625, 7590.47021484375, 7590.0751953125, 7589.837890625, 7589.59033203125, 7589.3251953125, 7589.10205078125, 7588.900390625, 7588.712890625, 7588.64111328125, 7588.4873046875, 7588.533203125, 7588.623046875, 7588.86279296875, 7589.18115234375, 7589.76904296875, 7590.40283203125, 7591.0859375, 7591.9267578125, 7592.77685546875, 7592.818359375, 7592.71044921875, 7593.5751953125, 7595.42919921875, 7596.515625, 7596.43359375, 7596.634765625, 7597.4296875, 7599.0283203125, 7598.9765625, 7598.82470703125, 7599.05810546875, 7600.2216796875, 7600.0078125, 7599.57763671875, 7599.5419921875, 7599.91943359375, 7599.9140625, 7599.3544921875, 7598.8662109375, 7598.787109375, 7599.15283203125, 7598.486328125, 7598.14794921875, 7598.0361328125, 7598.29052734375, 7597.7724609375, 7597.640625, 7597.4912109375, 7597.69677734375, 7597.3193359375, 7597.48583984375, 7596.94921875, 7597.3837890625, 7597.32568359375, 7597.724609375, 7597.32958984375, 7597.236328125, 7597.46142578125, 7597.83837890625, 7597.66552734375]}