{"mean": [5134.507507324219, 5105.337219238281, 5073.869201660156, 5049.826477050781, 5019.567077636719, 4997.3406982421875, 4983.992004394531, 4973.436828613281, 4960.976379394531, 4965.624328613281, 4969.6988525390625, 4973.1273193359375, 4976.4505615234375, 4979.693054199219, 4982.559631347656, 4984.9210205078125, 4986.7447509765625, 4988.059387207031, 4988.830261230469, 4989.020324707031, 4988.8319091796875, 4988.112487792969, 4987.048645019531, 4985.1888427734375, 4982.9576416015625, 4980.240051269531, 4977.459411621094, 4974.549865722656, 4971.287170410156, 4967.757141113281, 4963.9183349609375, 4960.099365234375, 4955.9822998046875, 4952.173034667969, 4948.159423828125, 4944.628967285156, 4941.2445068359375, 4937.942321777344, 4935.0330810546875, 4932.1370849609375, 4929.582702636719, 4927.1932373046875, 4925.1092529296875, 4923.0294189453125, 4921.184326171875, 4919.4071044921875, 4917.958679199219, 4916.483337402344, 4915.435241699219, 4914.3111572265625, 4913.39892578125, 4913.130126953125, 4913.327392578125, 4914.503967285156, 4916.508239746094, 4918.965759277344, 4921.822692871094, 4924.9964599609375, 4928.462646484375, 4928.940979003906, 4928.7659912109375, 4932.524475097656, 4939.830627441406, 4943.835205078125, 4943.845153808594, 4944.733215332031, 4948.831848144531, 4953.850341796875, 4954.137451171875, 4952.8355712890625, 4954.6748046875, 4957.900939941406, 4958.078308105469, 4956.2381591796875, 4955.933776855469, 4956.949523925781, 4957.444030761719, 4954.991943359375, 4953.1279296875, 4952.7943115234375, 4952.7371826171875, 4951.353698730469, 4949.632629394531, 4948.609130859375, 4948.509216308594, 4947.69482421875, 4946.4844970703125, 4945.617919921875, 4945.373962402344, 4945.127502441406, 4944.932312011719, 4944.38671875, 4944.031982421875, 4944.127136230469, 4944.7725830078125, 4944.779724121094, 4944.265441894531, 4944.463195800781, 4945.218505859375, 4945.349060058594], "upper": [5134.54345703125, 5105.37890625, 5073.94677734375, 5049.880859375, 5019.630859375, 4997.3857421875, 4984.072265625, 4973.4716796875, 4961.0517578125, 4965.71142578125, 4969.76171875, 4973.2158203125, 4976.498046875, 4979.7568359375, 4982.79248046875, 4985.1328125, 4986.9365234375, 4988.4375, 4989.109375, 4989.3232421875, 4989.16015625, 4988.5078125, 4987.48779296875, 4985.5634765625, 4983.373046875, 4980.69384765625, 4977.7685546875, 4974.9228515625, 4971.6796875, 4968.095703125, 4964.33544921875, 4960.505859375, 4956.423828125, 4952.60205078125, 4948.4892578125, 4945.0576171875, 4941.58740234375, 4938.2177734375, 4935.51513671875, 4932.3359375, 4929.8369140625, 4927.5693359375, 4925.47705078125, 4923.41015625, 4921.77001953125, 4919.8271484375, 4918.4892578125, 4916.90234375, 4915.908203125, 4914.734375, 4913.9130859375, 4913.60107421875, 4913.7529296875, 4914.982421875, 4916.9697265625, 4919.2265625, 4922.2353515625, 4925.3212890625, 4928.93359375, 4929.46923828125, 4929.53125, 4933.1044921875, 4940.537109375, 4944.3740234375, 4944.18701171875, 4945.6796875, 4950.87890625, 4955.24462890625, 4955.07958984375, 4953.8251953125, 4957.09619140625, 4958.6875, 4959.4013671875, 4957.033203125, 4958.53173828125, 4958.63427734375, 4959.486328125, 4956.66064453125, 4955.26953125, 4954.6376953125, 4954.865234375, 4953.92041015625, 4951.13671875, 4949.8837890625, 4950.0751953125, 4949.9736328125, 4946.9833984375, 4947.02001953125, 4946.4619140625, 4946.4541015625, 4945.56640625, 4946.1923828125, 4945.3134765625, 4945.259765625, 4945.33056640625, 4946.1552734375, 4945.80322265625, 4945.486328125, 4946.1435546875, 4946.671875], "lower": [5134.4775390625, 5105.279296875, 5073.82763671875, 5049.78125, 5019.513671875, 4997.30322265625, 4983.9501953125, 4973.36083984375, 4960.7724609375, 4965.5400390625, 4969.642578125, 4973.03369140625, 4976.41357421875, 4979.5029296875, 4982.33203125, 4984.724609375, 4986.53125, 4987.884765625, 4988.5908203125, 4988.72265625, 4988.5390625, 4987.73583984375, 4986.7373046875, 4984.85205078125, 4982.5498046875, 4979.798828125, 4977.236328125, 4974.21484375, 4970.990234375, 4967.38427734375, 4963.4990234375, 4959.69091796875, 4955.658203125, 4951.7822265625, 4947.837890625, 4944.2509765625, 4940.9677734375, 4937.65966796875, 4934.76171875, 4931.8447265625, 4929.0888671875, 4926.74072265625, 4924.5712890625, 4922.5888671875, 4920.74560546875, 4918.97216796875, 4917.525390625, 4916.103515625, 4914.8974609375, 4913.82470703125, 4913.04052734375, 4912.5771484375, 4912.9462890625, 4914.10595703125, 4916.0302734375, 4918.70703125, 4921.572265625, 4924.68212890625, 4928.052734375, 4928.44970703125, 4928.1396484375, 4931.775390625, 4938.8125, 4943.17578125, 4943.185546875, 4944.05419921875, 4947.3173828125, 4952.7802734375, 4952.4521484375, 4952.4091796875, 4953.2119140625, 4957.03173828125, 4956.36279296875, 4954.8388671875, 4954.419921875, 4955.57763671875, 4955.4921875, 4953.4794921875, 4951.251953125, 4950.73828125, 4951.44921875, 4948.9296875, 4947.47216796875, 4946.892578125, 4947.56787109375, 4945.6044921875, 4944.6669921875, 4943.91064453125, 4944.48046875, 4943.240234375, 4943.24658203125, 4941.4638671875, 4942.8359375, 4942.78515625, 4943.8330078125, 4942.4951171875, 4942.0732421875, 4942.9521484375, 4944.044921875, 4943.25048828125]}