{"mean": [1786.7991790771484, 1784.5659637451172, 1791.37548828125, 1790.5807342529297, 1779.1571960449219, 1777.9187774658203, 1779.6132049560547, 1762.064468383789, 1764.0091247558594, 1771.1520690917969, 1770.1834869384766, 1772.7425384521484, 1775.1214599609375, 1777.596664428711, 1779.4647521972656, 1780.944808959961, 1782.1827850341797, 1783.1727294921875, 1781.4286499023438, 1782.0633544921875, 1784.7067565917969, 1785.0738983154297, 1785.5892028808594, 1791.2706298828125, 1780.5515594482422, 1780.7787780761719, 1780.4183807373047, 1783.193130493164, 1782.8022155761719, 1784.1602325439453, 1784.7569732666016, 1784.1993865966797, 1786.121337890625, 1785.0286102294922, 1783.0113220214844, 1782.3497009277344, 1780.896469116211, 1780.2433624267578, 1779.48876953125, 1778.9207458496094, 1778.3900604248047, 1777.955825805664, 1777.5945129394531, 1777.2594909667969, 1776.9619445800781, 1776.6270141601562, 1778.09033203125, 1780.6297149658203, 1780.4479370117188, 1780.3263702392578, 1782.9100189208984, 1782.9059448242188, 1783.0212097167969, 1783.2734985351562, 1783.7251739501953, 1784.3231811523438, 1785.2462005615234, 1784.1002349853516, 1784.9680786132812, 1783.6988372802734, 1783.3226928710938, 1784.8906860351562, 1788.489273071289, 1789.432388305664, 1789.4808044433594, 1789.6776733398438, 1790.697509765625, 1790.1419372558594, 1790.5267333984375, 1791.6954498291016, 1791.3107147216797, 1791.2852020263672, 1791.3477630615234, 1791.1077270507812, 1791.4791107177734, 1791.1431121826172, 1791.2450256347656, 1791.3336029052734, 1791.3446350097656, 1791.0813903808594, 1791.3340911865234, 1791.198486328125, 1791.2393493652344, 1791.0294342041016, 1791.024642944336, 1790.8509368896484, 1790.5867767333984, 1790.4001159667969, 1790.3824157714844, 1790.3156127929688, 1790.3019714355469, 1790.1677551269531, 1790.0895385742188, 1790.1391143798828, 1790.3086700439453, 1790.3116760253906, 1790.2239837646484, 1790.2604217529297, 1790.4461975097656, 1790.5338439941406], "upper": [1786.807861328125, 1784.5689697265625, 1791.3780517578125, 1790.5869140625, 1779.162841796875, 1777.9268798828125, 1779.6195068359375, 1762.08154296875, 1764.0281982421875, 1771.17626953125, 1770.194091796875, 1772.7630615234375, 1775.1322021484375, 1778.8441162109375, 1779.4957275390625, 1780.9869384765625, 1782.2288818359375, 1783.22314453125, 1781.487548828125, 1782.1429443359375, 1784.77099609375, 1785.1458740234375, 1787.807373046875, 1791.3387451171875, 1791.982421875, 1781.15625, 1780.88525390625, 1783.28173828125, 1782.8837890625, 1785.355224609375, 1784.8370361328125, 1784.2830810546875, 1786.5611572265625, 1785.936279296875, 1783.09228515625, 1782.441162109375, 1780.9779052734375, 1780.3106689453125, 1779.5826416015625, 1779.0113525390625, 1778.4718017578125, 1778.0399169921875, 1777.688232421875, 1777.3466796875, 1777.0545654296875, 1776.8062744140625, 1778.196044921875, 1780.7354736328125, 1780.5599365234375, 1780.42041015625, 1782.996826171875, 1782.99267578125, 1783.0933837890625, 1783.353515625, 1783.806884765625, 1784.42333984375, 1785.3489990234375, 1784.20263671875, 1785.0604248046875, 1785.288818359375, 1783.5462646484375, 1786.698974609375, 1788.6634521484375, 1789.5328369140625, 1789.593994140625, 1789.937255859375, 1791.2113037109375, 1790.514892578125, 1791.6729736328125, 1791.9241943359375, 1791.9976806640625, 1791.48828125, 1791.6519775390625, 1792.224365234375, 1792.33251953125, 1791.5357666015625, 1791.7186279296875, 1792.0245361328125, 1792.02587890625, 1791.903076171875, 1791.87158203125, 1791.80322265625, 1791.6248779296875, 1791.33056640625, 1791.3974609375, 1791.38134765625, 1790.69921875, 1790.755859375, 1790.63623046875, 1790.665283203125, 1790.4383544921875, 1790.5697021484375, 1790.407958984375, 1790.4296875, 1790.443603515625, 1790.6259765625, 1790.547119140625, 1790.53076171875, 1790.6197509765625, 1790.868896484375], "lower": [1786.794921875, 1784.5577392578125, 1791.373291015625, 1790.5736083984375, 1779.1507568359375, 1777.909912109375, 1779.6102294921875, 1762.052978515625, 1763.9913330078125, 1771.1346435546875, 1770.1710205078125, 1772.7266845703125, 1775.1124267578125, 1776.3427734375, 1779.44091796875, 1780.9200439453125, 1782.1461181640625, 1783.1435546875, 1781.3828125, 1782.013916015625, 1784.6605224609375, 1785.0286865234375, 1785.2178955078125, 1791.212890625, 1778.4056396484375, 1780.2105712890625, 1779.95751953125, 1783.125, 1782.736572265625, 1782.2628173828125, 1784.68896484375, 1784.1259765625, 1783.650634765625, 1783.5943603515625, 1782.9461669921875, 1782.27294921875, 1780.828857421875, 1780.1937255859375, 1779.4149169921875, 1778.8231201171875, 1778.2947998046875, 1777.86181640625, 1777.50634765625, 1777.1693115234375, 1776.8695068359375, 1776.483642578125, 1777.9957275390625, 1780.5264892578125, 1780.350830078125, 1780.2054443359375, 1782.822998046875, 1782.8028564453125, 1782.919189453125, 1783.1671142578125, 1783.63916015625, 1784.21875, 1785.1407470703125, 1784.015380859375, 1784.89404296875, 1783.313232421875, 1782.5064697265625, 1784.1434326171875, 1788.2506103515625, 1789.309814453125, 1789.308837890625, 1789.5015869140625, 1790.3067626953125, 1789.824462890625, 1790.0225830078125, 1791.5623779296875, 1790.47021484375, 1791.0760498046875, 1790.942138671875, 1790.6187744140625, 1790.61572265625, 1790.7655029296875, 1790.7672119140625, 1790.812744140625, 1790.484619140625, 1790.453857421875, 1790.4317626953125, 1790.4970703125, 1790.66748046875, 1790.588134765625, 1790.8106689453125, 1790.2861328125, 1790.169921875, 1789.973388671875, 1790.18310546875, 1789.827392578125, 1789.898193359375, 1789.421630859375, 1789.77001953125, 1789.7427978515625, 1790.0908203125, 1789.74755859375, 1789.66748046875, 1789.8734130859375, 1790.1728515625, 1790.0164794921875]}