{"mean": [4021.5748697916665, 3966.260986328125, 3956.5389811197915, 3961.2786458333335, 3985.9331868489585, 4003.1153971354165, 4015.3818359375, 4014.4737955729165, 4020.0533854166665, 4061.8776041666665, 4100.426350911458, 4122.989013671875, 4184.566324869792, 4223.65478515625, 4206.069254557292, 4224.59765625, 4223.870279947917, 4220.361165364583, 4209.01806640625, 4192.364664713542, 4177.976399739583, 4168.722493489583, 4166.076904296875, 4163.353352864583, 4161.016682942708, 4149.076334635417, 4138.896565755208, 4124.845377604167, 4113.963704427083, 4103.568277994792, 4098.212239583333, 4100.992757161458, 4110.566243489583, 4114.345377604167, 4118.471354166667, 4123.376790364583, 4124.791422526042, 4128.406168619792, 4117.285807291667, 4103.407877604167, 4083.224609375, 4080.075927734375, 4081.1512044270835, 4083.0817057291665, 4087.7373046875, 4094.3556315104165, 4102.05810546875, 4103.0166015625, 4099.643717447917, 4093.9632161458335, 4090.18994140625, 4087.00146484375, 4086.728759765625, 4086.5397135416665, 4085.400634765625, 4083.0812174479165, 4079.8409830729165, 4076.1771647135415, 4073.0296223958335, 4071.5635579427085, 4067.8982747395835, 4066.513671875, 4065.3824869791665, 4063.9261881510415, 4062.6663411458335, 4061.5907389322915, 4060.8193359375, 4061.5816243489585, 4064.2373046875, 4068.8167317708335, 4075.9868977864585, 4085.4306640625, 4093.9112955729165, 4101.756998697917, 4107.3720703125, 4110.2578125, 4111.497395833333, 4110.949055989583, 4109.521484375, 4106.118001302083, 4102.525716145833, 4099.111490885417, 4097.76708984375, 4096.971028645833, 4096.98388671875, 4097.353678385417, 4098.045572916667, 4097.757405598958, 4097.417317708333, 4096.121256510417, 4094.1585286458335, 4091.0091959635415, 4089.1163736979165, 4088.19482421875, 4088.37841796875, 4088.3678385416665, 4089.7294108072915, 4091.1455078125, 4093.4131673177085, 4095.1780598958335], "upper": [4875.697265625, 4723.6669921875, 4704.025390625, 4714.626953125, 4764.201171875, 4776.9990234375, 4747.24609375, 4673.54638671875, 4598.0703125, 4572.48095703125, 4553.99853515625, 4498.83056640625, 4538.6513671875, 4619.6259765625, 4635.8984375, 4640.587890625, 4631.3076171875, 4613.52783203125, 4583.255859375, 4553.65869140625, 4529.3525390625, 4519.9091796875, 4528.6923828125, 4533.337890625, 4534.171875, 4506.8759765625, 4484.66552734375, 4439.40771484375, 4400.03662109375, 4364.3984375, 4334.9873046875, 4311.62890625, 4304.5419921875, 4298.34130859375, 4286.44482421875, 4276.6015625, 4267.330078125, 4256.88525390625, 4248.89208984375, 4241.724609375, 4233.44189453125, 4227.71142578125, 4221.5859375, 4213.50537109375, 4202.57861328125, 4187.9931640625, 4171.23388671875, 4151.2255859375, 4135.48095703125, 4120.12744140625, 4102.70703125, 4113.4755859375, 4137.8125, 4154.8818359375, 4162.7138671875, 4161.046875, 4151.494140625, 4136.1767578125, 4118.587890625, 4099.509765625, 4103.5888671875, 4112.9326171875, 4117.01513671875, 4116.66015625, 4110.216796875, 4102.7314453125, 4091.2421875, 4080.8349609375, 4074.13916015625, 4071.954345703125, 4081.198974609375, 4097.92578125, 4107.2626953125, 4113.25390625, 4116.01953125, 4115.85888671875, 4115.740234375, 4118.00927734375, 4118.4326171875, 4118.052734375, 4117.3330078125, 4114.533203125, 4112.376953125, 4108.8662109375, 4106.0361328125, 4104.5693359375, 4103.76611328125, 4103.3046875, 4105.26611328125, 4106.2587890625, 4106.931640625, 4104.4853515625, 4103.41015625, 4104.384765625, 4105.14501953125, 4105.2529296875, 4105.572265625, 4104.4892578125, 4104.53759765625, 4104.671875], "lower": [3569.90380859375, 3563.011474609375, 3558.081787109375, 3554.548828125, 3555.043701171875, 3557.138671875, 3569.736572265625, 3598.23974609375, 3643.63330078125, 3700.87939453125, 3748.16845703125, 3796.3037109375, 3851.533935546875, 3903.09814453125, 3948.96630859375, 3946.63818359375, 3920.4697265625, 3888.1982421875, 3859.34814453125, 3839.290283203125, 3830.53369140625, 3831.015625, 3838.544189453125, 3851.619140625, 3868.251220703125, 3885.85693359375, 3899.8896484375, 3923.243408203125, 3948.67138671875, 3969.905517578125, 3962.959716796875, 3963.0615234375, 3961.47021484375, 3941.19384765625, 3928.4716796875, 3923.0419921875, 3921.738037109375, 3923.510009765625, 3932.78662109375, 3946.86572265625, 3956.35302734375, 3959.223388671875, 3965.76708984375, 3975.77197265625, 3989.32568359375, 4002.2060546875, 4011.1767578125, 4021.17578125, 4032.970703125, 4050.01904296875, 4076.6103515625, 4069.39501953125, 4057.007080078125, 4047.536865234375, 4039.7158203125, 4034.169921875, 4030.85693359375, 4028.59228515625, 4027.82373046875, 4027.56298828125, 4028.1455078125, 4029.33447265625, 4031.25927734375, 4033.4072265625, 4037.4296875, 4040.076416015625, 4043.881103515625, 4050.0634765625, 4057.92724609375, 4066.701416015625, 4071.53955078125, 4074.10009765625, 4079.08984375, 4088.26123046875, 4098.66650390625, 4102.72021484375, 4105.3583984375, 4107.2412109375, 4102.771484375, 4095.16162109375, 4086.998046875, 4079.47900390625, 4076.46630859375, 4076.630859375, 4079.05322265625, 4084.38525390625, 4091.15771484375, 4093.323486328125, 4087.41162109375, 4083.49169921875, 4080.234375, 4078.029541015625, 4077.10400390625, 4076.91845703125, 4077.90185546875, 4078.697265625, 4081.20703125, 4084.0859375, 4087.4814453125, 4089.7255859375]}