{"mean": [7396.70703125, 7378.150553385417, 7375.796549479167, 7378.444661458333, 7385.305013020833, 7386.728515625, 7383.19873046875, 7377.231608072917, 7374.05859375, 7373.3447265625, 7373.454915364583, 7375.646809895833, 7379.352376302083, 7380.393880208333, 7373.08349609375, 7374.2900390625, 7372.956868489583, 7370.58154296875, 7367.366861979167, 7363.814778645833, 7359.778157552083, 7356.116373697917, 7353.805826822917, 7351.880208333333, 7349.648600260417, 7347.081868489583, 7343.52099609375, 7337.8154296875, 7332.259928385417, 7326.773763020833, 7321.662109375, 7317.06103515625, 7312.415201822917, 7307.862955729167, 7303.140625, 7297.819986979167, 7291.955240885417, 7285.99169921875, 7277.712239583333, 7266.8154296875, 7246.222330729167, 7223.853678385417, 7218.892903645833, 7214.50048828125, 7211.615559895833, 7209.753743489583, 7207.851399739583, 7205.41162109375, 7202.853190104167, 7200.95166015625, 7199.265299479167, 7199.12890625, 7199.423665364583, 7199.740559895833, 7199.714029947917, 7199.4189453125, 7198.802083333333, 7198.085611979167, 7197.332356770833, 7196.91064453125, 7196.466471354167, 7196.45068359375, 7196.38916015625, 7196.143229166667, 7195.912434895833, 7195.67041015625, 7195.652669270833, 7195.814778645833, 7196.163736979167, 7196.7978515625, 7197.629069010417, 7198.710774739583, 7199.740885416667, 7200.810872395833, 7201.5966796875, 7201.986328125, 7202.171549479167, 7202.115071614583, 7201.8076171875, 7201.417643229167, 7200.919921875, 7200.561197916667, 7200.379069010417, 7200.242513020833, 7200.208984375, 7200.092610677083, 7200.1552734375, 7200.11865234375, 7200.138834635417, 7200.062337239583, 7199.832194010417, 7199.451009114583, 7199.13037109375, 7199.05419921875, 7199.065592447917, 7199.174641927083, 7199.342122395833, 7199.401529947917, 7199.586100260417, 7199.840983072917], "upper": [7600.22900390625, 7545.97509765625, 7540.06689453125, 7547.32080078125, 7565.064453125, 7565.02587890625, 7548.64111328125, 7521.96630859375, 7501.5419921875, 7488.1337890625, 7478.9775390625, 7475.58935546875, 7477.76416015625, 7482.9833984375, 7485.9375, 7484.208984375, 7477.99072265625, 7469.3466796875, 7459.84375, 7450.6279296875, 7443.43701171875, 7440.1748046875, 7441.2333984375, 7443.58056640625, 7444.88134765625, 7444.0400390625, 7438.4267578125, 7423.9990234375, 7409.548828125, 7394.75390625, 7380.349609375, 7367.51806640625, 7359.724609375, 7362.10888671875, 7363.86181640625, 7364.8427734375, 7363.6572265625, 7358.98291015625, 7346.88916015625, 7326.1767578125, 7275.90185546875, 7246.45068359375, 7237.6123046875, 7229.4853515625, 7222.59814453125, 7217.63916015625, 7213.28662109375, 7210.078125, 7206.42236328125, 7203.71875, 7200.67138671875, 7202.55810546875, 7206.76171875, 7209.94140625, 7211.32177734375, 7211.11083984375, 7209.384765625, 7206.6123046875, 7203.32666015625, 7200.34521484375, 7200.806640625, 7202.58349609375, 7203.21337890625, 7202.88525390625, 7201.884765625, 7200.62451171875, 7199.36669921875, 7198.2138671875, 7197.54443359375, 7197.15283203125, 7198.2451171875, 7200.1728515625, 7201.50732421875, 7202.52294921875, 7202.890625, 7202.8935546875, 7202.7919921875, 7203.24169921875, 7203.349609375, 7203.37451171875, 7203.1142578125, 7202.806640625, 7202.435546875, 7201.748046875, 7201.30126953125, 7201.0009765625, 7200.83251953125, 7200.79052734375, 7201.1796875, 7201.412109375, 7201.3779296875, 7201.048828125, 7200.80224609375, 7200.9345703125, 7201.078125, 7201.1572265625, 7201.3017578125, 7201.0263671875, 7200.90234375, 7200.92919921875], "lower": [7287.45556640625, 7287.1982421875, 7286.74609375, 7286.669921875, 7287.2080078125, 7287.6611328125, 7288.146484375, 7291.5166015625, 7294.3857421875, 7298.71923828125, 7303.2568359375, 7310.06640625, 7316.89599609375, 7325.001953125, 7300.11279296875, 7304.69580078125, 7309.71630859375, 7315.2978515625, 7318.7421875, 7319.10546875, 7314.259765625, 7305.27197265625, 7294.7841796875, 7283.0244140625, 7271.41357421875, 7260.84619140625, 7252.60595703125, 7245.892578125, 7239.91943359375, 7235.23193359375, 7231.462890625, 7227.4130859375, 7222.47705078125, 7219.27587890625, 7216.8896484375, 7214.86865234375, 7213.10791015625, 7211.27880859375, 7209.78955078125, 7208.42041015625, 7206.84423828125, 7205.0869140625, 7203.21533203125, 7201.77734375, 7200.564453125, 7199.4443359375, 7198.07763671875, 7196.8583984375, 7196.5302734375, 7196.80126953125, 7197.82666015625, 7196.8388671875, 7195.16748046875, 7194.0068359375, 7193.01904296875, 7192.33544921875, 7191.845703125, 7191.58447265625, 7191.4033203125, 7191.4169921875, 7191.47705078125, 7191.578125, 7191.8583984375, 7192.22119140625, 7192.7919921875, 7193.1123046875, 7193.5498046875, 7194.40185546875, 7195.36181640625, 7196.4765625, 7197.125, 7197.36376953125, 7197.962890625, 7199.06591796875, 7200.24609375, 7200.65771484375, 7201.2451171875, 7201.50390625, 7200.64306640625, 7199.78955078125, 7198.8388671875, 7198.171875, 7197.83154296875, 7197.75390625, 7198.07470703125, 7198.54736328125, 7199.333984375, 7199.64990234375, 7198.98193359375, 7198.45654296875, 7198.220703125, 7197.9873046875, 7197.7958984375, 7197.8310546875, 7197.888671875, 7198.0673828125, 7198.353515625, 7198.48828125, 7198.8388671875, 7199.24072265625]}