{"mean": [1804.1187337239583, 1802.1764322916667, 1793.7781168619792, 1785.3198649088542, 1780.0312906901042, 1776.6593831380208, 1766.8248697916667, 1763.6121419270833, 1754.941650390625, 1744.8308919270833, 1750.2258707682292, 1758.8302815755208, 1756.69482421875, 1749.5566813151042, 1754.9688313802083, 1752.663330078125, 1745.5508219401042, 1751.6224365234375, 1735.5164388020833, 1732.4052327473958, 1733.837158203125, 1732.662841796875, 1738.2651774088542, 1741.5442301432292, 1739.0872802734375, 1738.7048746744792, 1745.2256266276042, 1746.5995279947917, 1747.3717447916667, 1740.9063720703125, 1739.8680826822917, 1744.2040201822917, 1737.6374104817708, 1732.06591796875, 1728.9434814453125, 1733.8089599609375, 1724.2265218098958, 1724.8013916015625, 1720.136962890625, 1715.5880126953125, 1703.3341878255208, 1699.5203043619792, 1701.8939208984375, 1699.7818603515625, 1699.3892415364583, 1700.4022216796875, 1703.9899495442708, 1700.5162760416667, 1707.5908203125, 1703.2574055989583, 1703.9178466796875, 1706.3675537109375, 1704.7752278645833, 1706.8262939453125, 1706.8358154296875, 1706.7048746744792, 1705.4952799479167, 1709.7029215494792, 1706.5813802083333, 1706.5674641927083, 1706.4120279947917, 1708.9994710286458, 1713.5217692057292, 1713.4373779296875, 1713.2914632161458, 1713.43212890625, 1713.539794921875, 1708.0506184895833, 1708.2112630208333, 1708.4666341145833, 1710.3155517578125, 1707.1505940755208, 1703.748779296875, 1702.26904296875, 1700.7130940755208, 1700.8625081380208, 1700.9333902994792, 1700.692138671875, 1700.8022054036458, 1700.6571044921875, 1704.2761637369792, 1704.1309000651042, 1703.9905192057292, 1703.9366455078125, 1704.1634928385417, 1704.1269938151042, 1700.6897786458333, 1700.6909993489583, 1702.0066731770833, 1703.8607177734375, 1703.7827962239583, 1704.5879313151042, 1707.328125, 1707.0548095703125, 1707.0506591796875, 1707.0994466145833, 1707.401123046875, 1707.4330647786458, 1705.6135660807292, 1700.7022705078125], "upper": [1836.4674072265625, 1833.7069091796875, 1815.5511474609375, 1807.668212890625, 1806.9527587890625, 1796.6654052734375, 1794.0054931640625, 1789.1923828125, 1786.4036865234375, 1781.5877685546875, 1783.04296875, 1786.1552734375, 1777.3841552734375, 1761.310546875, 1777.05078125, 1776.9825439453125, 1762.5523681640625, 1773.6783447265625, 1772.050048828125, 1771.0487060546875, 1772.09423828125, 1772.212890625, 1771.4365234375, 1771.0440673828125, 1770.4945068359375, 1769.9090576171875, 1770.59375, 1769.8045654296875, 1764.8653564453125, 1763.81689453125, 1768.7427978515625, 1782.224853515625, 1767.517578125, 1771.753173828125, 1768.76904296875, 1780.23095703125, 1773.177978515625, 1770.8675537109375, 1762.9510498046875, 1753.6434326171875, 1721.99365234375, 1717.9461669921875, 1729.5174560546875, 1714.655029296875, 1714.0885009765625, 1710.665283203125, 1710.1226806640625, 1710.3609619140625, 1720.97802734375, 1707.65869140625, 1710.3734130859375, 1710.4320068359375, 1707.514404296875, 1720.06298828125, 1719.6966552734375, 1719.41845703125, 1719.21337890625, 1719.108642578125, 1710.1861572265625, 1710.82373046875, 1710.1134033203125, 1719.11474609375, 1720.1083984375, 1719.82177734375, 1719.7196044921875, 1719.809326171875, 1720.0859375, 1710.5338134765625, 1710.280029296875, 1710.128173828125, 1710.55908203125, 1710.69287109375, 1710.4486083984375, 1705.2008056640625, 1701.1138916015625, 1701.123779296875, 1701.083984375, 1701.2681884765625, 1701.303466796875, 1701.3072509765625, 1710.7811279296875, 1710.5167236328125, 1710.3773193359375, 1710.3436279296875, 1710.4930419921875, 1710.6793212890625, 1700.842529296875, 1700.837158203125, 1705.1656494140625, 1710.6470947265625, 1710.5428466796875, 1710.437255859375, 1710.7677001953125, 1710.6290283203125, 1710.544189453125, 1710.58203125, 1710.6026611328125, 1710.7254638671875, 1710.784423828125, 1700.87939453125], "lower": [1748.25537109375, 1759.257568359375, 1759.3414306640625, 1743.6038818359375, 1736.76513671875, 1737.7706298828125, 1730.8558349609375, 1726.54345703125, 1704.7901611328125, 1697.361572265625, 1696.2088623046875, 1710.7255859375, 1716.2288818359375, 1741.708984375, 1737.7156982421875, 1730.6575927734375, 1721.463134765625, 1733.740478515625, 1705.872802734375, 1695.675048828125, 1693.550537109375, 1689.6220703125, 1708.9022216796875, 1713.406005859375, 1703.8670654296875, 1700.19287109375, 1710.167236328125, 1728.9449462890625, 1726.8404541015625, 1724.9527587890625, 1723.31103515625, 1721.6199951171875, 1719.6064453125, 1704.401611328125, 1706.042724609375, 1705.23583984375, 1694.9356689453125, 1699.6846923828125, 1694.2578125, 1689.243408203125, 1684.76318359375, 1678.0443115234375, 1674.306396484375, 1670.9974365234375, 1673.7611083984375, 1685.036376953125, 1697.0899658203125, 1690.166748046875, 1699.282958984375, 1700.67724609375, 1700.6126708984375, 1700.9483642578125, 1699.7677001953125, 1693.3104248046875, 1693.9093017578125, 1693.7994384765625, 1690.191162109375, 1702.5794677734375, 1701.302490234375, 1700.6226806640625, 1700.84033203125, 1700.7999267578125, 1701.2518310546875, 1701.10986328125, 1700.5396728515625, 1700.7369384765625, 1700.6273193359375, 1706.708984375, 1707.143310546875, 1707.576416015625, 1710.1226806640625, 1700.5487060546875, 1700.370849609375, 1700.759765625, 1700.448486328125, 1700.7098388671875, 1700.729736328125, 1700.3885498046875, 1700.35400390625, 1700.2169189453125, 1700.8280029296875, 1700.793701171875, 1700.7249755859375, 1700.481689453125, 1700.984375, 1700.7958984375, 1700.5989990234375, 1700.485595703125, 1700.263671875, 1700.335205078125, 1700.327392578125, 1700.9312744140625, 1700.852294921875, 1700.161376953125, 1700.213623046875, 1700.22998046875, 1700.99853515625, 1700.925537109375, 1700.882568359375, 1700.5989990234375]}