{"mean": [966.41259765625, 968.5664265950521, 968.0206298828125, 966.5667928059896, 964.4250284830729, 963.4554036458334, 963.195068359375, 963.2837320963541, 963.1199544270834, 962.2903645833334, 961.0138956705729, 958.8592529296875, 956.5567220052084, 953.2759602864584, 949.3962198893229, 948.9631754557291, 948.5963948567709, 948.4405314127604, 948.53955078125, 948.6802164713541, 948.8573404947916, 948.690185546875, 948.3148396809896, 947.7770792643229, 947.2880249023438, 946.7492879231771, 946.4312133789062, 946.1220906575521, 945.8000895182291, 945.2890828450521, 944.6886596679688, 944.0232747395834, 943.354248046875, 942.6833292643229, 941.9536336263021, 941.0618286132812, 940.1398111979166, 939.1152547200521, 937.3959147135416, 934.8955281575521, 930.6380208333334, 926.1324055989584, 925.3412679036459, 924.4661254882812, 923.8099568684896, 923.3246866861979, 922.8553059895834, 922.3301188151041, 921.8769938151041, 921.6435953776041, 921.4054565429688, 921.4338175455729, 921.5114949544271, 921.6205444335938, 921.7072347005209, 921.7680257161459, 921.7537434895834, 921.7502034505209, 921.7443644205729, 921.7629191080729, 921.7833862304688, 921.8286336263021, 921.8758544921875, 921.8736572265625, 921.8932291666666, 921.8449096679688, 921.7959391276041, 921.7209676106771, 921.5823364257812, 921.5156860351562, 921.4395141601562, 921.4075317382812, 921.380615234375, 921.3674926757812, 921.3270670572916, 921.325439453125, 921.3174438476562, 921.3120727539062, 921.3158976236979, 921.3420003255209, 921.3420206705729, 921.3527425130209, 921.384765625, 921.3615926106771, 921.3769734700521, 921.3746948242188, 921.3847452799479, 921.3786214192709, 921.3731079101562, 921.376708984375, 921.3910115559896, 921.3913167317709, 921.3900349934896, 921.400634765625, 921.3901163736979, 921.3968709309896, 921.3892008463541, 921.381103515625, 921.3687337239584, 921.3761596679688], "upper": [978.3248901367188, 978.1514282226562, 978.0230102539062, 977.8309326171875, 977.7396240234375, 977.4664916992188, 977.0796508789062, 976.7518920898438, 976.3402709960938, 976.1911010742188, 975.8631591796875, 975.5128173828125, 975.2550048828125, 974.945556640625, 974.8340454101562, 974.6552734375, 974.4312744140625, 974.271728515625, 974.1826782226562, 974.1602172851562, 974.0635986328125, 973.8651123046875, 973.5732421875, 973.2915649414062, 973.0196533203125, 972.7083129882812, 972.3974609375, 972.0113525390625, 971.65673828125, 971.146484375, 970.4930419921875, 969.5133056640625, 968.6240844726562, 967.5188598632812, 966.3384399414062, 964.961669921875, 963.5120239257812, 961.7205200195312, 957.9278564453125, 951.5977783203125, 939.7333374023438, 928.3055419921875, 927.7783203125, 927.2207641601562, 926.6320190429688, 926.008056640625, 925.1546020507812, 924.1516723632812, 923.2372436523438, 922.3156127929688, 921.4465942382812, 921.5179443359375, 921.7689819335938, 921.9921875, 922.1546020507812, 922.2941284179688, 922.4044799804688, 922.4806518554688, 922.5149536132812, 922.5181274414062, 922.5169067382812, 922.447265625, 922.39697265625, 922.3074340820312, 922.232421875, 922.1261596679688, 922.0468139648438, 921.92626953125, 921.6572265625, 921.5372314453125, 921.4730224609375, 921.4403686523438, 921.410888671875, 921.37890625, 921.3988037109375, 921.366455078125, 921.345947265625, 921.3395385742188, 921.3678588867188, 921.3870239257812, 921.3822021484375, 921.4077758789062, 921.4517211914062, 921.442626953125, 921.4296264648438, 921.394775390625, 921.3934326171875, 921.3947143554688, 921.376220703125, 921.4078979492188, 921.4200439453125, 921.4401245117188, 921.4456176757812, 921.4521484375, 921.4225463867188, 921.4271850585938, 921.4105224609375, 921.387451171875, 921.3744506835938, 921.3818359375], "lower": [947.5931396484375, 954.8119506835938, 954.0433349609375, 950.63525390625, 944.9746704101562, 943.0263671875, 943.3050537109375, 945.00048828125, 946.32666015625, 945.6094360351562, 943.6666259765625, 939.763427734375, 935.4996337890625, 931.4296264648438, 930.93408203125, 931.053955078125, 931.6580200195312, 932.426513671875, 933.5199584960938, 934.5282592773438, 935.6826171875, 935.9986572265625, 935.5678100585938, 934.8525390625, 934.30712890625, 933.6838989257812, 933.4410400390625, 932.9720458984375, 932.41650390625, 931.8930053710938, 931.1997680664062, 930.6885986328125, 930.1557006835938, 930.00341796875, 929.454345703125, 928.1876831054688, 927.0940551757812, 926.2053833007812, 925.2056274414062, 924.3212890625, 923.546875, 922.7410888671875, 922.0326538085938, 921.352294921875, 921.0209350585938, 921.0363159179688, 921.0725708007812, 921.1626586914062, 921.1948852539062, 921.2685546875, 921.3737182617188, 921.334716796875, 921.186279296875, 921.1776733398438, 921.11572265625, 921.1597900390625, 921.1578979492188, 921.2021484375, 921.266845703125, 921.3851318359375, 921.3719482421875, 921.3439331054688, 921.2514038085938, 921.2593383789062, 921.2982788085938, 921.3593139648438, 921.3765869140625, 921.3810424804688, 921.4423828125, 921.4769287109375, 921.4026489257812, 921.3896484375, 921.3502807617188, 921.3495483398438, 921.2471313476562, 921.27099609375, 921.2640991210938, 921.2657470703125, 921.2469482421875, 921.2692260742188, 921.2644653320312, 921.2886352539062, 921.34814453125, 921.2982177734375, 921.343994140625, 921.357421875, 921.3773193359375, 921.3607788085938, 921.370849609375, 921.3383178710938, 921.35302734375, 921.346435546875, 921.3497314453125, 921.3682861328125, 921.3670043945312, 921.35498046875, 921.37841796875, 921.3723754882812, 921.3649291992188, 921.3677978515625]}