{"mean": [2720.1266276041665, 2496.719970703125, 2475.9729817708335, 2502.3917643229165, 2509.7017415364585, 2476.4210611979165, 2442.4532877604165, 2388.302734375, 2390.1134440104165, 2427.1109212239585, 2421.6619466145835, 2388.0455729166665, 2333.828857421875, 2318.4932454427085, 2316.615478515625, 2318.5926106770835, 2293.3042805989585, 2282.20849609375, 2277.66259765625, 2283.6434733072915, 2286.0218912760415, 2277.7350260416665, 2259.639404296875, 2237.2415364583335, 2222.334228515625, 2222.539306640625, 2214.7555338541665, 2200.3719889322915, 2193.05712890625, 2192.1688639322915, 2183.9571126302085, 2174.2701416015625, 2163.553995768229, 2159.7520345052085, 2157.914835611979, 2151.9774576822915, 2150.967081705729, 2149.5032552083335, 2147.278035481771, 2145.4112548828125, 2142.0948079427085, 2136.035400390625, 2129.3609212239585, 2133.3592122395835, 2134.1766357421875, 2130.386189778646, 2127.6846923828125, 2127.045125325521, 2125.8885091145835, 2119.7017415364585, 2114.600626627604, 2111.7279052734375, 2110.060546875, 2104.52197265625, 2100.601765950521, 2096.7596028645835, 2091.646240234375, 2083.9934895833335, 2076.727579752604, 2068.352742513021, 2060.5037841796875, 2063.4329833984375, 2063.9927571614585, 2053.0645751953125, 2062.254679361979, 2054.3063151041665, 2049.7486979166665, 2051.867635091146, 2054.1866455078125, 2053.8567708333335, 2059.9185384114585, 2061.5974934895835, 2052.650146484375, 2047.9864908854167, 2049.6039225260415, 2051.365437825521, 2053.808308919271, 2054.371785481771, 2052.419921875, 2051.2288411458335, 2051.413818359375, 2052.081827799479, 2048.203084309896, 2043.1329345703125, 2040.1310221354167, 2039.6776936848958, 2042.1343994140625, 2043.4115397135417, 2040.6371256510417, 2037.794189453125, 2038.713623046875, 2035.5826822916667, 2032.5948893229167, 2030.5280354817708, 2031.785888671875, 2035.724609375, 2036.8730875651042, 2034.0273844401042, 2030.5516357421875, 2027.9436848958333], "upper": [3024.03173828125, 2623.70654296875, 2596.12841796875, 2573.30419921875, 2584.7587890625, 2537.32958984375, 2511.181640625, 2488.50830078125, 2467.9130859375, 2464.570068359375, 2497.18798828125, 2442.18115234375, 2346.976318359375, 2357.671142578125, 2365.287353515625, 2355.114013671875, 2351.80712890625, 2364.57373046875, 2368.13623046875, 2362.98779296875, 2353.65478515625, 2355.33740234375, 2356.96142578125, 2358.06884765625, 2351.439453125, 2359.72314453125, 2363.193359375, 2358.752685546875, 2347.771484375, 2354.3525390625, 2355.08935546875, 2350.697509765625, 2343.280517578125, 2349.5166015625, 2349.628173828125, 2339.49267578125, 2340.19287109375, 2343.897705078125, 2342.52392578125, 2336.75146484375, 2328.21826171875, 2319.298583984375, 2310.419189453125, 2312.88134765625, 2308.11083984375, 2296.19580078125, 2293.916015625, 2290.49462890625, 2286.894775390625, 2281.65234375, 2275.30908203125, 2273.279541015625, 2274.224365234375, 2267.206298828125, 2263.81982421875, 2261.220947265625, 2257.07177734375, 2251.761962890625, 2246.048583984375, 2243.07861328125, 2239.516845703125, 2235.08544921875, 2229.9765625, 2225.767822265625, 2221.479248046875, 2216.413818359375, 2211.700927734375, 2208.780029296875, 2220.64111328125, 2230.947998046875, 2252.933837890625, 2259.700927734375, 2230.67138671875, 2211.9951171875, 2216.51708984375, 2222.74462890625, 2229.569091796875, 2231.032958984375, 2226.47998046875, 2223.9453125, 2226.226806640625, 2233.930419921875, 2236.2353515625, 2229.6630859375, 2223.92919921875, 2226.671875, 2229.804931640625, 2228.89990234375, 2225.07421875, 2221.8896484375, 2220.71728515625, 2218.41796875, 2217.43017578125, 2215.437744140625, 2216.95166015625, 2226.453125, 2234.7236328125, 2233.930908203125, 2224.773681640625, 2215.806396484375], "lower": [2461.586669921875, 2432.35302734375, 2407.400634765625, 2382.617431640625, 2391.12158203125, 2361.1123046875, 2371.5810546875, 2302.314697265625, 2327.389892578125, 2372.8720703125, 2365.87744140625, 2354.81396484375, 2323.396728515625, 2243.637939453125, 2236.756103515625, 2261.604248046875, 2235.048828125, 2195.996337890625, 2170.1240234375, 2188.020751953125, 2205.150634765625, 2184.73779296875, 2139.25634765625, 2083.858154296875, 2060.9248046875, 2079.574951171875, 2081.644775390625, 2061.070068359375, 2054.03173828125, 2049.018310546875, 2050.03515625, 2036.6673583984375, 2020.2171630859375, 2009.554931640625, 2008.2562255859375, 2009.285888671875, 2019.2093505859375, 2028.013671875, 2033.6971435546875, 2036.5218505859375, 2037.15283203125, 2035.865478515625, 2033.404541015625, 2033.90625, 2029.8319091796875, 2026.2347412109375, 2024.1986083984375, 2021.0675048828125, 2016.273681640625, 2010.6875, 2005.1636962890625, 2001.2154541015625, 1997.91748046875, 1994.478515625, 1992.904541015625, 1990.1572265625, 1981.769287109375, 1965.7166748046875, 1953.8636474609375, 1937.2249755859375, 1921.5711669921875, 1939.60791015625, 1947.1708984375, 1919.3563232421875, 1951.33740234375, 1935.7587890625, 1928.3433837890625, 1939.891845703125, 1937.757568359375, 1929.8221435546875, 1927.884521484375, 1926.24755859375, 1926.07666015625, 1929.437255859375, 1929.851806640625, 1929.3345947265625, 1929.699951171875, 1930.4388427734375, 1929.7030029296875, 1930.1182861328125, 1930.7327880859375, 1928.4541015625, 1919.8173828125, 1916.3297119140625, 1914.2646484375, 1911.7877197265625, 1914.4893798828125, 1915.772216796875, 1910.59765625, 1905.5107421875, 1910.80078125, 1905.908203125, 1900.2900390625, 1900.7899169921875, 1905.1148681640625, 1909.607177734375, 1907.2100830078125, 1901.61328125, 1901.89013671875, 1904.874755859375]}