{"mean": [6009.05615234375, 6066.942545572917, 6112.918782552083, 6155.265299479167, 6190.595703125, 6216.9921875, 6249.4189453125, 6283.13427734375, 6315.702962239583, 6346.497721354167, 6375.020670572917, 6401.909342447917, 6426.953938802083, 6451.35791015625, 6475.860188802083, 6498.209798177083, 6522.803548177083, 6544.98828125, 6568.8544921875, 6589.580240885417, 6606.152018229167, 6620.424479166667, 6632.616048177083, 6643.353515625, 6653.840494791667, 6662.948079427083, 6671.027018229167, 6676.92919921875, 6681.273763020833, 6684.064127604167, 6685.27685546875, 6686.607584635417, 6686.829752604167, 6687.075520833333, 6685.950846354167, 6684.5986328125, 6682.42138671875, 6680.323404947917, 6678.40283203125, 6676.6083984375, 6674.80322265625, 6672.960774739583, 6671.0400390625, 6668.876302083333, 6666.615397135417, 6664.280924479167, 6661.959147135417, 6659.32958984375, 6656.529622395833, 6653.186360677083, 6649.63916015625, 6646.802083333333, 6644.499348958333, 6642.167154947917, 6639.511067708333, 6637.86962890625, 6636.74072265625, 6635.740234375, 6634.516438802083, 6633.43359375, 6632.695638020833, 6632.35400390625, 6632.377278645833, 6632.686360677083, 6633.251627604167, 6633.980143229167, 6635.182942708333, 6636.29833984375, 6637.349609375, 6638.3994140625, 6639.505696614583, 6640.43115234375, 6641.31689453125, 6642.156575520833, 6643.044921875, 6643.839518229167, 6644.445475260417, 6645.014973958333, 6645.55029296875, 6646.0595703125, 6646.592936197917, 6647.142252604167, 6647.720377604167, 6648.18701171875, 6648.666341145833, 6649.17919921875, 6649.71484375, 6650.3134765625, 6650.9794921875, 6651.654459635417, 6652.34814453125, 6653.002278645833, 6653.712565104167, 6654.296223958333, 6654.824381510417, 6655.2919921875, 6655.712076822917, 6656.11669921875, 6656.444986979167, 6656.76025390625], "upper": [6579.1806640625, 6558.7841796875, 6550.55078125, 6567.9736328125, 6587.0654296875, 6600.93310546875, 6611.658203125, 6620.71728515625, 6628.4765625, 6635.171875, 6640.89599609375, 6645.86376953125, 6649.93701171875, 6653.2978515625, 6656.1787109375, 6658.384765625, 6662.5810546875, 6668.39892578125, 6674.1142578125, 6679.01025390625, 6683.44287109375, 6687.0341796875, 6690.9658203125, 6696.935546875, 6707.45849609375, 6716.89599609375, 6725.19921875, 6728.45849609375, 6729.1953125, 6727.060546875, 6721.8486328125, 6717.962890625, 6715.0537109375, 6713.2724609375, 6712.10888671875, 6711.75439453125, 6711.033203125, 6710.10205078125, 6708.53173828125, 6706.84228515625, 6705.00146484375, 6703.11962890625, 6700.986328125, 6698.85009765625, 6696.734375, 6694.3095703125, 6691.57666015625, 6686.94921875, 6681.32861328125, 6676.78173828125, 6674.07861328125, 6671.15966796875, 6668.126953125, 6664.4091796875, 6659.50048828125, 6657.380859375, 6655.92041015625, 6654.17041015625, 6651.02294921875, 6647.51416015625, 6644.529296875, 6643.3818359375, 6643.74609375, 6644.31982421875, 6644.97314453125, 6645.45556640625, 6647.04150390625, 6648.18798828125, 6648.89794921875, 6649.47412109375, 6649.6435546875, 6649.60546875, 6649.4521484375, 6649.22900390625, 6649.06494140625, 6648.89404296875, 6648.18017578125, 6648.71044921875, 6649.2646484375, 6649.685546875, 6650.0654296875, 6650.25244140625, 6650.24072265625, 6649.80615234375, 6650.07080078125, 6651.509765625, 6652.96875, 6654.39990234375, 6655.859375, 6657.2802734375, 6658.68798828125, 6660.07568359375, 6661.45947265625, 6662.74462890625, 6664.00732421875, 6665.2841796875, 6666.5791015625, 6667.84033203125, 6669.08935546875, 6670.33203125], "lower": [4990.78125, 5137.46728515625, 5247.9189453125, 5340.99072265625, 5416.71630859375, 5469.50732421875, 5544.638671875, 5626.43505859375, 5706.68505859375, 5783.28173828125, 5855.84033203125, 5925.17578125, 5990.25439453125, 6055.0166015625, 6120.0166015625, 6179.0390625, 6245.31298828125, 6304.001953125, 6368.50634765625, 6424.5888671875, 6468.8525390625, 6507.34326171875, 6538.8271484375, 6563.3603515625, 6581.64111328125, 6595.4853515625, 6606.21240234375, 6614.9248046875, 6621.70361328125, 6627.00341796875, 6630.91748046875, 6634.16357421875, 6636.45458984375, 6638.26123046875, 6639.0224609375, 6639.85791015625, 6638.25146484375, 6635.9169921875, 6633.54345703125, 6631.0380859375, 6628.27392578125, 6625.8369140625, 6623.455078125, 6620.57177734375, 6617.3662109375, 6614.5400390625, 6612.12109375, 6610.3828125, 6609.1376953125, 6608.15771484375, 6607.32958984375, 6606.71923828125, 6606.22900390625, 6605.96533203125, 6606.05126953125, 6606.3486328125, 6606.85302734375, 6607.43603515625, 6608.287109375, 6609.19677734375, 6610.306640625, 6611.5458984375, 6612.94287109375, 6614.35498046875, 6615.89990234375, 6617.66162109375, 6619.2216796875, 6620.9150390625, 6622.68701171875, 6624.56201171875, 6626.31298828125, 6628.07373046875, 6629.87548828125, 6631.701171875, 6633.55615234375, 6635.3291015625, 6637.1103515625, 6638.8486328125, 6640.60693359375, 6642.291015625, 6643.87939453125, 6645.4404296875, 6645.8916015625, 6646.15234375, 6646.736328125, 6647.4892578125, 6647.9443359375, 6647.51953125, 6647.2197265625, 6647.01171875, 6647.107421875, 6647.34716796875, 6647.81640625, 6648.32421875, 6648.83203125, 6649.25048828125, 6649.67529296875, 6650.12939453125, 6649.7998046875, 6649.27978515625]}