{"mean": [1624.2472076416016, 1617.0530853271484, 1611.9304809570312, 1598.2732543945312, 1600.178466796875, 1609.43408203125, 1610.2749786376953, 1609.7532653808594, 1611.698974609375, 1613.8594970703125, 1614.3221435546875, 1616.4534454345703, 1607.8980407714844, 1609.5054626464844, 1611.3536071777344, 1613.0697326660156, 1625.634033203125, 1627.1246032714844, 1639.446029663086, 1639.4402923583984, 1640.6105041503906, 1641.6981964111328, 1642.7247314453125, 1644.8686828613281, 1645.8343048095703, 1642.6494140625, 1643.2567749023438, 1642.3259582519531, 1643.1489715576172, 1641.910659790039, 1639.9281158447266, 1640.7645416259766, 1639.8739776611328, 1637.986557006836, 1639.802505493164, 1636.5823822021484, 1637.3563690185547, 1635.998764038086, 1627.822021484375, 1622.9597473144531, 1624.4693145751953, 1622.4297790527344, 1622.9322509765625, 1627.0968017578125, 1626.0700225830078, 1626.9611053466797, 1625.0172729492188, 1637.0766296386719, 1638.850814819336, 1639.9216003417969, 1641.4630584716797, 1653.3948822021484, 1653.9099426269531, 1652.2352752685547, 1653.0680389404297, 1653.9786987304688, 1644.1334381103516, 1640.3749389648438, 1641.3114013671875, 1641.8642120361328, 1639.9490509033203, 1626.4129333496094, 1624.815902709961, 1613.0810241699219, 1612.453857421875, 1612.1210021972656, 1607.6942901611328, 1618.7124481201172, 1622.1161651611328, 1623.0025787353516, 1623.831527709961, 1624.737060546875, 1625.536636352539, 1625.0378723144531, 1616.4430541992188, 1614.3737335205078, 1615.1840057373047, 1615.9272918701172, 1627.6380615234375, 1628.3675689697266, 1629.1034088134766, 1629.8046569824219, 1630.4671783447266, 1629.4424133300781, 1630.7188873291016, 1632.8689727783203, 1633.3447265625, 1631.7181243896484, 1631.550537109375, 1633.0804901123047, 1632.9032897949219, 1631.5462951660156, 1631.7349395751953, 1632.4664916992188, 1632.6021270751953, 1631.9716033935547, 1631.3776092529297, 1631.92578125, 1632.1532745361328, 1631.4646301269531], "upper": [1624.25390625, 1617.05615234375, 1611.9393310546875, 1598.2794189453125, 1600.186767578125, 1609.441162109375, 1610.2867431640625, 1609.7618408203125, 1611.714599609375, 1613.8690185546875, 1614.33203125, 1616.46630859375, 1607.9249267578125, 1609.513916015625, 1611.3707275390625, 1613.080322265625, 1625.6446533203125, 1627.142333984375, 1639.47314453125, 1639.4591064453125, 1640.6273193359375, 1641.7181396484375, 1642.742431640625, 1644.8880615234375, 1645.8544921875, 1644.431884765625, 1643.317138671875, 1642.34765625, 1643.177734375, 1641.924072265625, 1639.939453125, 1640.786865234375, 1639.8946533203125, 1638.00341796875, 1639.8116455078125, 1636.600341796875, 1637.363037109375, 1636.0067138671875, 1627.8377685546875, 1622.9720458984375, 1624.4798583984375, 1622.4991455078125, 1622.949951171875, 1627.104248046875, 1626.087646484375, 1626.97509765625, 1625.0343017578125, 1638.2791748046875, 1639.135009765625, 1639.94677734375, 1641.5775146484375, 1653.40576171875, 1654.2840576171875, 1652.2501220703125, 1653.0784912109375, 1653.9886474609375, 1644.1593017578125, 1640.3917236328125, 1641.3406982421875, 1642.255615234375, 1639.9901123046875, 1626.5133056640625, 1624.9925537109375, 1614.638427734375, 1613.6224365234375, 1612.5023193359375, 1608.25146484375, 1620.03271484375, 1622.284423828125, 1623.1993408203125, 1624.0386962890625, 1624.96923828125, 1625.7823486328125, 1626.62646484375, 1616.7108154296875, 1614.630615234375, 1615.4002685546875, 1616.157958984375, 1627.851318359375, 1628.586181640625, 1629.3045654296875, 1630.041015625, 1630.712158203125, 1632.140380859375, 1631.02783203125, 1633.318603515625, 1634.0650634765625, 1633.3466796875, 1632.19384765625, 1633.5545654296875, 1633.6083984375, 1632.9180908203125, 1632.780517578125, 1633.0030517578125, 1633.0338134765625, 1632.885009765625, 1632.028076171875, 1632.394775390625, 1632.406005859375, 1632.2288818359375], "lower": [1624.242919921875, 1617.0465087890625, 1611.9251708984375, 1598.267333984375, 1600.1741943359375, 1609.4249267578125, 1610.26806640625, 1609.74169921875, 1611.6806640625, 1613.851806640625, 1614.3128662109375, 1616.4427490234375, 1607.8310546875, 1609.4984130859375, 1611.345703125, 1613.056884765625, 1625.6214599609375, 1627.0977783203125, 1639.4044189453125, 1639.3956298828125, 1640.5660400390625, 1641.64990234375, 1642.692138671875, 1644.838134765625, 1645.803955078125, 1642.3651123046875, 1643.209716796875, 1642.3048095703125, 1643.078125, 1641.8990478515625, 1639.917724609375, 1640.7353515625, 1639.8533935546875, 1637.9676513671875, 1639.793701171875, 1636.5657958984375, 1637.347412109375, 1635.992431640625, 1627.800537109375, 1622.94921875, 1624.46142578125, 1622.0054931640625, 1622.9229736328125, 1627.09130859375, 1626.0518798828125, 1626.94970703125, 1625.002197265625, 1636.7840576171875, 1638.37841796875, 1639.907470703125, 1640.8009033203125, 1653.3858642578125, 1651.3924560546875, 1652.2205810546875, 1653.057373046875, 1653.962158203125, 1644.113037109375, 1640.3583984375, 1641.27490234375, 1641.6014404296875, 1639.8876953125, 1626.340087890625, 1624.7193603515625, 1612.6612548828125, 1612.09912109375, 1611.9954833984375, 1606.921875, 1617.68359375, 1622.0079345703125, 1622.8807373046875, 1623.722412109375, 1624.62255859375, 1625.416748046875, 1615.59326171875, 1616.3154296875, 1614.24267578125, 1615.0704345703125, 1615.801025390625, 1627.5279541015625, 1628.241455078125, 1628.9998779296875, 1629.6868896484375, 1630.3345947265625, 1628.5908203125, 1629.748779296875, 1631.4796142578125, 1632.7198486328125, 1630.6729736328125, 1631.0057373046875, 1631.605224609375, 1632.3214111328125, 1630.85302734375, 1630.7808837890625, 1631.600830078125, 1631.6629638671875, 1630.853759765625, 1630.3939208984375, 1630.9000244140625, 1631.921630859375, 1630.74462890625]}