{"mean": [966.9164428710938, 965.78466796875, 963.989143371582, 962.2062683105469, 960.7598114013672, 959.7719268798828, 959.3722381591797, 959.3234710693359, 959.4951934814453, 959.8627700805664, 960.2974395751953, 960.688835144043, 961.1663970947266, 961.5412445068359, 961.9351348876953, 962.3113784790039, 962.6639404296875, 962.946044921875, 963.2035827636719, 963.4394378662109, 963.6001358032227, 963.751708984375, 963.8398590087891, 963.9592666625977, 964.0292816162109, 964.058479309082, 964.0684356689453, 964.1448745727539, 964.1803970336914, 964.2144393920898, 964.2564010620117, 964.2969589233398, 964.3562316894531, 964.3510513305664, 964.4163513183594, 964.438591003418, 964.5029373168945, 964.5141067504883, 964.5648727416992, 964.6116485595703, 964.6788940429688, 964.7736206054688, 964.8762054443359, 964.9769897460938, 965.1223907470703, 965.3053970336914, 965.4880905151367, 965.7038116455078, 965.9312210083008, 966.0973815917969, 966.3355941772461, 966.4812088012695, 966.6423110961914, 966.8066177368164, 966.8653564453125, 967.0043258666992, 967.09814453125, 967.2144393920898, 967.3138961791992, 967.4317321777344, 967.5070953369141, 967.5796127319336, 967.625602722168, 967.6314315795898, 967.7054138183594, 967.8227920532227, 968.0667724609375, 968.655647277832, 968.8448333740234, 968.9991226196289, 969.1073684692383, 969.2268600463867, 969.3003997802734, 969.4052658081055, 969.5017242431641, 969.6314468383789, 969.7375717163086, 969.8520812988281, 969.9366073608398, 970.0494918823242, 970.1631622314453, 970.2740631103516, 970.3992614746094, 970.5611953735352, 970.6954727172852, 970.7260589599609, 970.8244476318359, 970.8987731933594, 970.906379699707, 970.7974853515625, 970.7823486328125, 970.8403625488281, 970.811653137207, 970.7424926757812, 970.7120971679688, 970.7284622192383, 970.7380676269531, 970.6844177246094, 970.650520324707, 970.668830871582], "upper": [966.9185791015625, 965.7864379882812, 963.9992065429688, 962.211669921875, 960.762451171875, 959.7779541015625, 959.3797607421875, 959.3292236328125, 959.5023803710938, 959.8666381835938, 960.2999267578125, 960.6923828125, 961.1743774414062, 961.548583984375, 961.9510498046875, 962.3214721679688, 962.6756591796875, 962.9566650390625, 963.2267456054688, 963.4559936523438, 963.6188354492188, 963.7667846679688, 963.850341796875, 963.9716796875, 964.03857421875, 964.0704956054688, 964.0802612304688, 964.1581420898438, 964.1910400390625, 964.2269287109375, 964.2669677734375, 964.3167114257812, 964.3685913085938, 964.3663940429688, 964.4299926757812, 964.455810546875, 964.5177001953125, 964.5347290039062, 964.5723266601562, 964.6239624023438, 964.6876831054688, 964.7805786132812, 964.8889770507812, 964.9869995117188, 965.1279296875, 965.314697265625, 965.4947509765625, 965.7119140625, 965.9443969726562, 966.1033935546875, 966.3450317382812, 966.4881591796875, 966.6559448242188, 966.8128051757812, 966.873291015625, 967.0115966796875, 967.1009521484375, 967.2222900390625, 967.3235473632812, 967.4453735351562, 967.519287109375, 967.5870361328125, 967.636962890625, 967.6471557617188, 967.7250366210938, 967.8426513671875, 968.0896606445312, 968.7275390625, 968.8629150390625, 969.0306396484375, 969.1167602539062, 969.2581787109375, 969.3447875976562, 969.435546875, 969.5364379882812, 969.6566162109375, 969.7630004882812, 969.8837890625, 969.9547729492188, 970.0809936523438, 970.1716918945312, 970.2940063476562, 970.4227905273438, 970.5753784179688, 970.7275390625, 970.8216552734375, 970.8428344726562, 970.9426879882812, 970.9542236328125, 970.8880615234375, 970.8165893554688, 970.8827514648438, 970.885009765625, 970.8489990234375, 970.7825927734375, 970.7886962890625, 970.8033447265625, 970.7640991210938, 970.6614990234375, 970.7212524414062], "lower": [966.9141845703125, 965.781005859375, 963.9837646484375, 962.2020263671875, 960.757568359375, 959.7678833007812, 959.3646240234375, 959.3148193359375, 959.487548828125, 959.8585205078125, 960.2946166992188, 960.6824340820312, 961.1619873046875, 961.5337524414062, 961.92041015625, 962.3067016601562, 962.6557006835938, 962.9312133789062, 963.17578125, 963.4075927734375, 963.5620727539062, 963.7171630859375, 963.8228759765625, 963.9390258789062, 964.0126953125, 964.0358276367188, 964.0570068359375, 964.1307373046875, 964.1689453125, 964.2024536132812, 964.2445068359375, 964.2747802734375, 964.3402709960938, 964.3275146484375, 964.3993530273438, 964.4215087890625, 964.4949951171875, 964.4985961914062, 964.5595703125, 964.6036376953125, 964.6692504882812, 964.768798828125, 964.869873046875, 964.971923828125, 965.1123046875, 965.2933349609375, 965.4745483398438, 965.6975708007812, 965.9127197265625, 966.08935546875, 966.321044921875, 966.4601440429688, 966.6285400390625, 966.8001098632812, 966.85498046875, 966.9843139648438, 967.09326171875, 967.2099609375, 967.303955078125, 967.4139404296875, 967.4957885742188, 967.555908203125, 967.599609375, 967.617919921875, 967.6741943359375, 967.7923583984375, 968.0459594726562, 968.6031494140625, 968.827392578125, 968.9779052734375, 969.0892944335938, 969.2062377929688, 969.2908935546875, 969.378662109375, 969.4927978515625, 969.6070556640625, 969.7190551757812, 969.8268432617188, 969.9222412109375, 970.0211181640625, 970.15771484375, 970.2589721679688, 970.3787841796875, 970.5413208007812, 970.6788940429688, 970.693359375, 970.8126831054688, 970.8045043945312, 970.8493041992188, 970.75537109375, 970.748779296875, 970.7691650390625, 970.7252197265625, 970.7037963867188, 970.684814453125, 970.6753540039062, 970.7091674804688, 970.65087890625, 970.64306640625, 970.6317749023438]}