{"mean": [1013.2150497436523, 1011.9428787231445, 1010.0064086914062, 1008.3053207397461, 1007.0133666992188, 1006.1648406982422, 1005.7960205078125, 1005.7398300170898, 1005.8861312866211, 1006.2040100097656, 1006.599609375, 1006.9637222290039, 1007.4497375488281, 1007.837272644043, 1008.2434158325195, 1008.6347427368164, 1008.9891052246094, 1009.2726974487305, 1009.5016403198242, 1009.6835327148438, 1009.8039321899414, 1009.9258041381836, 1009.983268737793, 1010.0555725097656, 1010.0990905761719, 1010.0913543701172, 1010.0533065795898, 1010.0529479980469, 1010.0355911254883, 1010.0315628051758, 1010.0181198120117, 1009.9858245849609, 1010.0038604736328, 1009.9608917236328, 1009.9720230102539, 1009.955192565918, 1009.9589157104492, 1009.8997802734375, 1009.9212417602539, 1009.9309768676758, 1009.9577255249023, 1010.0460891723633, 1010.1079711914062, 1010.1454391479492, 1010.2349395751953, 1010.3755416870117, 1010.5170440673828, 1010.67431640625, 1010.837532043457, 1010.9626159667969, 1011.1394958496094, 1011.2392654418945, 1011.3526916503906, 1011.4567031860352, 1011.4740524291992, 1011.5466003417969, 1011.5695190429688, 1011.6099548339844, 1011.6498947143555, 1011.7085342407227, 1011.7226333618164, 1011.7637710571289, 1011.7528839111328, 1011.7227478027344, 1011.7865295410156, 1011.713005065918, 1011.641487121582, 1011.8484344482422, 1012.0469207763672, 1012.132080078125, 1012.1683731079102, 1012.2427597045898, 1012.2608795166016, 1012.3047256469727, 1012.3405075073242, 1012.4114990234375, 1012.4522323608398, 1012.5053253173828, 1012.5451583862305, 1012.6094818115234, 1012.6665649414062, 1012.7210311889648, 1012.7798690795898, 1012.7414855957031, 1012.806999206543, 1012.9180908203125, 1012.9602203369141, 1012.8957214355469, 1012.8881225585938, 1012.931022644043, 1012.9039840698242, 1012.8387145996094, 1012.8312301635742, 1012.8380661010742, 1012.827507019043, 1012.797607421875, 1012.7625045776367, 1012.765022277832, 1012.7609939575195, 1012.721305847168], "upper": [1013.2169189453125, 1011.9448852539062, 1010.017333984375, 1008.310302734375, 1007.01611328125, 1006.1712036132812, 1005.8025512695312, 1005.746826171875, 1005.8914794921875, 1006.2078857421875, 1006.60400390625, 1006.9683837890625, 1007.4564208984375, 1007.845458984375, 1008.2562866210938, 1008.6470336914062, 1008.9972534179688, 1009.2860107421875, 1009.5226440429688, 1009.7007446289062, 1009.820068359375, 1009.9373168945312, 1009.9922485351562, 1010.06591796875, 1010.107177734375, 1010.105224609375, 1010.0660400390625, 1010.0689086914062, 1010.0448608398438, 1010.0423583984375, 1010.0274047851562, 1010.0057983398438, 1010.018310546875, 1009.9736938476562, 1009.987060546875, 1009.97509765625, 1009.9810791015625, 1009.9205932617188, 1009.930908203125, 1009.9398803710938, 1009.9658813476562, 1010.0538940429688, 1010.1209716796875, 1010.1590576171875, 1010.2427978515625, 1010.389892578125, 1010.523193359375, 1010.6843872070312, 1010.8505859375, 1010.9705810546875, 1011.149658203125, 1011.2476806640625, 1011.3617553710938, 1011.4658203125, 1011.485107421875, 1011.5540161132812, 1011.5790405273438, 1011.6156616210938, 1011.669921875, 1011.7236328125, 1011.7340698242188, 1011.7724609375, 1011.7708740234375, 1011.733642578125, 1011.7998046875, 1011.7381591796875, 1011.6599731445312, 1011.934326171875, 1012.061767578125, 1012.1582641601562, 1012.19677734375, 1012.2771606445312, 1012.3134765625, 1012.3428955078125, 1012.3811645507812, 1012.4431762695312, 1012.48876953125, 1012.5460205078125, 1012.5724487304688, 1012.64697265625, 1012.6943969726562, 1012.75390625, 1012.8220825195312, 1012.8803100585938, 1012.82080078125, 1012.9443359375, 1013.020751953125, 1012.9494018554688, 1012.9129028320312, 1012.9525756835938, 1012.9649658203125, 1012.890625, 1012.8560791015625, 1012.853759765625, 1012.8580932617188, 1012.8384399414062, 1012.7941284179688, 1012.7842407226562, 1012.7852783203125, 1012.7692260742188], "lower": [1013.2128295898438, 1011.93994140625, 1010.0007934570312, 1008.3001708984375, 1007.0106201171875, 1006.1603393554688, 1005.7903442382812, 1005.7330322265625, 1005.8804931640625, 1006.2000732421875, 1006.5966796875, 1006.9561767578125, 1007.4453735351562, 1007.83056640625, 1008.2314453125, 1008.6288452148438, 1008.9796142578125, 1009.255126953125, 1009.4729614257812, 1009.6544799804688, 1009.76904296875, 1009.8986206054688, 1009.96337890625, 1010.036865234375, 1010.0848999023438, 1010.0657958984375, 1010.0416259765625, 1010.037841796875, 1010.025146484375, 1010.0217895507812, 1010.0104370117188, 1009.9627075195312, 1009.9837646484375, 1009.938720703125, 1009.9517822265625, 1009.938232421875, 1009.943115234375, 1009.8834228515625, 1009.9149169921875, 1009.9244384765625, 1009.949951171875, 1010.041748046875, 1010.0985107421875, 1010.1292114257812, 1010.21875, 1010.3607177734375, 1010.5003051757812, 1010.6600952148438, 1010.8131713867188, 1010.950927734375, 1011.1282958984375, 1011.2210083007812, 1011.3438720703125, 1011.4520263671875, 1011.4596557617188, 1011.5250854492188, 1011.5565795898438, 1011.603271484375, 1011.6358032226562, 1011.6953125, 1011.7094116210938, 1011.7437744140625, 1011.724609375, 1011.7066650390625, 1011.744384765625, 1011.6841430664062, 1011.6207885742188, 1011.8095703125, 1012.0277099609375, 1012.1060180664062, 1012.146484375, 1012.221435546875, 1012.2440185546875, 1012.279296875, 1012.3247680664062, 1012.3822021484375, 1012.4281005859375, 1012.4737548828125, 1012.5252685546875, 1012.578369140625, 1012.6461791992188, 1012.6995239257812, 1012.7584228515625, 1012.6812744140625, 1012.7674560546875, 1012.8777465820312, 1012.9306030273438, 1012.8433837890625, 1012.8533935546875, 1012.8809814453125, 1012.8721923828125, 1012.7957763671875, 1012.8026123046875, 1012.8070678710938, 1012.802734375, 1012.7560424804688, 1012.72607421875, 1012.7489013671875, 1012.7373046875, 1012.6964721679688]}