{"mean": [5058.338134765625, 5037.277038574219, 5019.9744873046875, 5007.475402832031, 4998.749328613281, 4992.458557128906, 4987.4952392578125, 4983.239440917969, 4979.384826660156, 4975.951477050781, 4972.695739746094, 4969.890319824219, 4967.4027099609375, 4964.929382324219, 4962.728332519531, 4960.676208496094, 4958.486328125, 4956.354431152344, 4954.2342529296875, 4952.1756591796875, 4950.199523925781, 4948.099914550781, 4946.0443115234375, 4944.0001220703125, 4941.9249267578125, 4939.867492675781, 4937.754150390625, 4935.786560058594, 4933.8902587890625, 4932.114929199219, 4930.202209472656, 4928.506530761719, 4926.9637451171875, 4925.360168457031, 4923.7918701171875, 4922.1424560546875, 4920.662292480469, 4919.219909667969, 4917.793273925781, 4916.374572753906, 4915.05078125, 4913.7464599609375, 4912.539245605469, 4911.2933349609375, 4910.205810546875, 4909.1146240234375, 4908.112243652344, 4907.157470703125, 4906.274108886719, 4905.3486328125, 4904.5404052734375, 4903.6611328125, 4902.760437011719, 4901.897521972656, 4900.935791015625, 4900.105712890625, 4899.1297607421875, 4898.1561279296875, 4897.141357421875, 4896.1260986328125, 4895.0743408203125, 4893.922302246094, 4892.527038574219, 4890.942199707031, 4889.149597167969, 4886.8907470703125, 4884.151123046875, 4880.369934082031, 4878.843078613281, 4878.126037597656, 4877.350158691406, 4876.624328613281, 4875.931335449219, 4875.310974121094, 4874.578186035156, 4873.942932128906, 4873.391784667969, 4872.750549316406, 4872.225280761719, 4871.66943359375, 4871.0712890625, 4870.602355957031, 4870.011169433594, 4870.000915527344, 4869.522888183594, 4868.696716308594, 4868.232727050781, 4868.6258544921875, 4868.651794433594, 4868.2213134765625, 4868.233825683594, 4868.530212402344, 4868.4429931640625, 4868.1611328125, 4868.0206298828125, 4868.19287109375, 4868.362548828125, 4868.013244628906, 4867.865783691406, 4868.0321044921875], "upper": [5058.353515625, 5037.287109375, 5019.99853515625, 5007.52685546875, 4998.78125, 4992.49560546875, 4987.53515625, 4983.2744140625, 4979.4443359375, 4975.98583984375, 4972.7236328125, 4969.93359375, 4967.42138671875, 4964.96875, 4962.7578125, 4960.77197265625, 4958.5283203125, 4956.38134765625, 4954.2861328125, 4952.2099609375, 4950.24169921875, 4948.15283203125, 4946.09375, 4944.05908203125, 4941.9794921875, 4939.8896484375, 4937.82080078125, 4935.8408203125, 4933.9365234375, 4932.166015625, 4930.24072265625, 4928.5751953125, 4927.00146484375, 4925.42041015625, 4923.84130859375, 4922.1787109375, 4920.712890625, 4919.2685546875, 4917.826171875, 4916.3896484375, 4915.095703125, 4913.8076171875, 4912.6044921875, 4911.34521484375, 4910.2490234375, 4909.14990234375, 4908.18212890625, 4907.22265625, 4906.32177734375, 4905.408203125, 4904.56494140625, 4903.703125, 4902.810546875, 4901.94140625, 4901.009765625, 4900.166015625, 4899.1796875, 4898.20263671875, 4897.24365234375, 4896.18896484375, 4895.1181640625, 4894.0390625, 4892.599609375, 4891.10400390625, 4889.259765625, 4887.0048828125, 4884.251953125, 4880.7587890625, 4878.91552734375, 4878.1650390625, 4877.4580078125, 4876.6943359375, 4876.01513671875, 4875.4404296875, 4874.6435546875, 4874.04931640625, 4873.49658203125, 4872.826171875, 4872.29150390625, 4871.751953125, 4871.14453125, 4870.70263671875, 4870.11376953125, 4870.2001953125, 4869.7587890625, 4869.04296875, 4868.37109375, 4868.95361328125, 4868.8388671875, 4868.75, 4868.4560546875, 4868.7216796875, 4868.77783203125, 4868.53125, 4868.3017578125, 4868.50927734375, 4868.7578125, 4868.39453125, 4867.958984375, 4868.35986328125], "lower": [5058.3212890625, 5037.2509765625, 5019.953125, 5007.427734375, 4998.7236328125, 4992.40380859375, 4987.44677734375, 4983.2119140625, 4979.3251953125, 4975.91259765625, 4972.65673828125, 4969.83203125, 4967.3623046875, 4964.90625, 4962.67822265625, 4960.63134765625, 4958.451171875, 4956.32275390625, 4954.14306640625, 4952.1318359375, 4950.16552734375, 4948.00830078125, 4945.953125, 4943.9189453125, 4941.8916015625, 4939.810546875, 4937.67236328125, 4935.751953125, 4933.8603515625, 4932.06982421875, 4930.1513671875, 4928.4658203125, 4926.88525390625, 4925.25439453125, 4923.7275390625, 4922.09228515625, 4920.625, 4919.18017578125, 4917.73388671875, 4916.3515625, 4915.01416015625, 4913.67138671875, 4912.45947265625, 4911.23095703125, 4910.15283203125, 4909.0537109375, 4908.05322265625, 4907.1201171875, 4906.1982421875, 4905.2861328125, 4904.5048828125, 4903.61083984375, 4902.72216796875, 4901.82080078125, 4900.84765625, 4900.0654296875, 4899.0859375, 4898.09814453125, 4896.99658203125, 4896.04443359375, 4895.02587890625, 4893.7060546875, 4892.4033203125, 4890.66943359375, 4888.97216796875, 4886.685546875, 4884.02197265625, 4879.91796875, 4878.75537109375, 4878.0712890625, 4877.22900390625, 4876.54150390625, 4875.828125, 4875.1435546875, 4874.51806640625, 4873.8759765625, 4873.314453125, 4872.65087890625, 4872.11328125, 4871.61767578125, 4870.974609375, 4870.50146484375, 4869.93115234375, 4869.64599609375, 4869.40771484375, 4868.50927734375, 4868.115234375, 4868.09521484375, 4868.41650390625, 4867.9580078125, 4868.03662109375, 4868.15234375, 4867.99560546875, 4867.89697265625, 4867.87158203125, 4867.9033203125, 4868.126953125, 4867.75830078125, 4867.79248046875, 4867.794921875]}