{"mean": [3462.1565755208335, 3089.2969563802085, 2705.3109537760415, 2537.5157063802085, 2540.2040201822915, 2549.3743489583335, 2540.8458658854165, 2501.02197265625, 2465.4659016927085, 2487.9012044270835, 2527.3359375, 2526.197265625, 2489.5132649739585, 2434.8594563802085, 2398.68701171875, 2394.0275065104165, 2388.1847330729165, 2371.840087890625, 2359.0064290364585, 2359.4777018229165, 2377.0266927083335, 2385.2474772135415, 2368.62255859375, 2335.0069173177085, 2314.245361328125, 2296.2808430989585, 2292.1564127604165, 2289.537353515625, 2287.5779622395835, 2280.2787272135415, 2276.8526204427085, 2276.039306640625, 2276.4730631510415, 2278.9305013020835, 2277.0904134114585, 2277.0192057291665, 2265.1163736979165, 2249.8292643229165, 2235.07421875, 2229.3876953125, 2225.2941080729165, 2217.2819010416665, 2217.2351888020835, 2223.7664388020835, 2227.1517740885415, 2222.4507649739585, 2206.5082194010415, 2201.5264485677085, 2193.9149576822915, 2188.6182454427085, 2185.6358235677085, 2187.7501627604165, 2192.6536458333335, 2197.236572265625, 2197.1492513020835, 2193.5170084635415, 2190.2937825520835, 2187.253173828125, 2189.0088704427085, 2192.2952473958335, 2194.322998046875, 2197.1673177083335, 2197.5487467447915, 2195.1900227864585, 2190.1592610677085, 2185.4263509114585, 2181.9408365885415, 2179.6212565104165, 2179.047119140625, 2181.259765625, 2182.405517578125, 2180.1710611979165, 2176.104736328125, 2173.273193359375, 2171.9906412760415, 2172.559814453125, 2174.9283040364585, 2175.4899088541665, 2182.9825032552085, 2179.2462565104165, 2173.5172526041665, 2160.0962727864585, 2164.8953450520835, 2157.881591796875, 2159.5169270833335, 2161.7974446614585, 2156.0797526041665, 2149.818603515625, 2152.5521647135415, 2157.1337890625, 2162.049560546875, 2143.1651204427085, 2138.653076171875, 2145.0306803385415, 2144.61328125, 2149.4063313802085, 2144.4169921875, 2150.653076171875, 2162.7886555989585, 2167.3290201822915], "upper": [4314.60791015625, 3492.083740234375, 2865.84716796875, 2844.744384765625, 2825.40673828125, 2804.7421875, 2782.65185546875, 2763.91455078125, 2744.763671875, 2737.912841796875, 2727.881103515625, 2709.76416015625, 2695.75146484375, 2681.826416015625, 2665.08349609375, 2645.4697265625, 2628.189453125, 2603.2197265625, 2576.861083984375, 2560.1142578125, 2552.3603515625, 2538.686767578125, 2512.781982421875, 2487.59033203125, 2475.75732421875, 2468.586669921875, 2456.63623046875, 2457.50390625, 2451.938232421875, 2434.733642578125, 2428.5654296875, 2422.778076171875, 2417.31640625, 2412.53076171875, 2405.251220703125, 2397.90478515625, 2387.903076171875, 2374.621337890625, 2359.9033203125, 2347.18798828125, 2336.163330078125, 2324.2216796875, 2317.226318359375, 2310.593017578125, 2301.204833984375, 2289.9208984375, 2276.9775390625, 2279.606689453125, 2262.19189453125, 2246.798583984375, 2238.67236328125, 2236.7802734375, 2233.76123046875, 2245.51708984375, 2245.991943359375, 2236.06201171875, 2238.619140625, 2241.633056640625, 2247.959716796875, 2254.81005859375, 2256.635009765625, 2254.531005859375, 2248.127685546875, 2240.59521484375, 2234.291748046875, 2231.20654296875, 2227.192626953125, 2223.864990234375, 2221.9267578125, 2221.189208984375, 2221.13134765625, 2222.206298828125, 2223.45654296875, 2224.46142578125, 2223.70849609375, 2222.61572265625, 2220.017578125, 2216.67529296875, 2230.088623046875, 2229.044677734375, 2222.04541015625, 2189.52197265625, 2201.60009765625, 2188.689453125, 2206.82080078125, 2230.6845703125, 2221.156005859375, 2195.812744140625, 2198.292724609375, 2227.28857421875, 2264.139404296875, 2220.878662109375, 2200.25830078125, 2200.61279296875, 2217.571533203125, 2230.38916015625, 2211.52587890625, 2200.802734375, 2256.8779296875, 2266.628173828125], "lower": [2893.364501953125, 2876.393798828125, 2531.623046875, 2122.80712890625, 2184.12890625, 2257.347900390625, 2261.818359375, 2158.26318359375, 2083.033447265625, 2179.99658203125, 2337.46142578125, 2383.02099609375, 2297.151123046875, 2159.75537109375, 2088.95263671875, 2121.733642578125, 2148.7021484375, 2134.474853515625, 2113.143310546875, 2105.7470703125, 2149.311279296875, 2216.87451171875, 2237.6826171875, 2192.873779296875, 2156.931884765625, 2125.983642578125, 2123.2275390625, 2124.33447265625, 2124.471923828125, 2124.48974609375, 2124.501220703125, 2122.911376953125, 2121.749267578125, 2126.6435546875, 2133.412353515625, 2133.6904296875, 2127.710693359375, 2122.189208984375, 2121.311279296875, 2121.4951171875, 2120.812744140625, 2118.535400390625, 2116.346435546875, 2116.18896484375, 2118.442626953125, 2118.148193359375, 2114.68505859375, 2112.009521484375, 2110.8427734375, 2110.38623046875, 2109.472412109375, 2109.517822265625, 2111.06201171875, 2112.674072265625, 2111.302001953125, 2109.5634765625, 2108.796875, 2103.68994140625, 2103.29443359375, 2104.05810546875, 2105.953857421875, 2106.95458984375, 2105.0556640625, 2104.97021484375, 2105.20947265625, 2105.628173828125, 2105.568603515625, 2105.46044921875, 2105.8583984375, 2105.999755859375, 2105.3291015625, 2105.317138671875, 2105.434814453125, 2105.267578125, 2105.078125, 2105.33642578125, 2105.728759765625, 2105.327392578125, 2104.869140625, 2103.5283203125, 2103.442626953125, 2103.335205078125, 2103.248779296875, 2103.149169921875, 2103.074462890625, 2103.150634765625, 2103.35595703125, 2103.7451171875, 2104.19921875, 2104.820556640625, 2105.39404296875, 2102.47607421875, 2106.982177734375, 2107.785400390625, 2107.942626953125, 2108.688232421875, 2108.8955078125, 2109.201416015625, 2109.585205078125, 2109.875244140625]}