{"mean": [997.1377156575521, 999.2337646484375, 1001.1592610677084, 1001.9888712565104, 1002.3091634114584, 1002.4090779622396, 1002.4583740234375, 1002.4249064127604, 1002.3575642903646, 1002.2819010416666, 1002.3114013671875, 1002.2488199869791, 1002.1238810221354, 1001.9517008463541, 1002.0526123046875, 1002.0251871744791, 1002.1206868489584, 1002.1055704752604, 1002.1977742513021, 1002.3907063802084, 1002.5937906901041, 1002.7353515625, 1002.800537109375, 1002.9084676106771, 1002.9944254557291, 1003.0780639648438, 1003.1810709635416, 1003.2439168294271, 1003.3182576497396, 1003.3508504231771, 1003.3537190755209, 1003.3853556315104, 1003.4243977864584, 1003.45458984375, 1003.4560343424479, 1003.4554850260416, 1003.4443562825521, 1003.4429931640625, 1003.4202270507812, 1003.4044392903646, 1003.3634236653646, 1003.2904052734375, 1003.1988118489584, 1003.0821533203125, 1002.9236653645834, 1002.7349039713541, 1002.4896443684896, 1002.1837972005209, 1001.7950846354166, 1001.3003336588541, 1000.6834309895834, 1000.0202840169271, 1000.0342814127604, 1000.0774536132812, 1000.0934855143229, 1000.1182454427084, 1000.1563924153646, 1000.1966756184896, 1000.2269897460938, 1000.2500406901041, 1000.2613932291666, 1000.2606404622396, 1000.2632446289062, 1000.2720743815104, 1000.2655029296875, 1000.2791544596354, 1000.3073323567709, 1000.3198445638021, 1000.3377685546875, 1000.3558756510416, 1000.3705240885416, 1000.3633219401041, 1000.3896484375, 1000.3902180989584, 1000.3886108398438, 1000.3778076171875, 1000.3917439778646, 1000.3907470703125, 1000.3981526692709, 1000.3978068033854, 1000.4010213216146, 1000.3991902669271, 1000.4087117513021, 1000.4052327473959, 1000.4166870117188, 1000.4166870117188, 1000.4191487630209, 1000.4247639973959, 1000.4303995768229, 1000.4324544270834, 1000.4298706054688, 1000.4133504231771, 1000.4183349609375, 1000.4250081380209, 1000.4200439453125, 1000.4237263997396, 1000.428955078125, 1000.4334513346354, 1000.4343058268229, 1000.4376627604166], "upper": [1009.6178588867188, 1009.8314208984375, 1009.9780883789062, 1010.0554809570312, 1010.1204223632812, 1010.2184448242188, 1010.1865234375, 1010.2201538085938, 1010.2050170898438, 1010.1183471679688, 1010.0537109375, 1009.9444580078125, 1009.816650390625, 1009.6808471679688, 1009.4493408203125, 1009.2698364257812, 1009.0604248046875, 1008.6178588867188, 1008.3848876953125, 1008.2081298828125, 1008.0645751953125, 1007.9415283203125, 1007.7847900390625, 1007.6595458984375, 1007.5767822265625, 1007.5465087890625, 1007.5618286132812, 1007.58203125, 1007.6113891601562, 1007.6281127929688, 1007.6838989257812, 1007.702880859375, 1007.7120971679688, 1007.7275390625, 1007.7266235351562, 1007.7706298828125, 1007.7938842773438, 1007.8234252929688, 1007.8295288085938, 1007.8137817382812, 1007.8135375976562, 1007.8078002929688, 1007.8106689453125, 1007.80224609375, 1007.7786865234375, 1007.7621459960938, 1007.734619140625, 1007.7672119140625, 1007.7679443359375, 1007.7793579101562, 1007.80322265625, 1007.7948608398438, 1007.819091796875, 1007.8421630859375, 1007.8342895507812, 1007.84228515625, 1007.8675537109375, 1007.8524169921875, 1007.852294921875, 1007.8557739257812, 1007.8594970703125, 1007.8532104492188, 1007.8407592773438, 1007.830078125, 1007.8184204101562, 1007.8121337890625, 1007.8103637695312, 1007.7898559570312, 1007.7870483398438, 1007.8059692382812, 1007.7821044921875, 1007.7551879882812, 1007.7716674804688, 1007.7579345703125, 1007.7742309570312, 1007.7505493164062, 1007.7696533203125, 1007.7584228515625, 1007.7396240234375, 1007.7223510742188, 1007.7294921875, 1007.723388671875, 1007.7321166992188, 1007.7269897460938, 1007.7260131835938, 1007.7254638671875, 1007.7279052734375, 1007.7322387695312, 1007.735595703125, 1007.738037109375, 1007.7396240234375, 1007.7123413085938, 1007.719970703125, 1007.730224609375, 1007.7084350585938, 1007.7074584960938, 1007.7063598632812, 1007.7037353515625, 1007.7015380859375, 1007.7009887695312], "lower": [976.8513793945312, 982.8963012695312, 988.5235595703125, 991.0669555664062, 992.1392822265625, 992.6942749023438, 993.3121337890625, 993.6925048828125, 994.1197509765625, 994.7813110351562, 995.8529663085938, 996.978759765625, 997.98193359375, 997.0581665039062, 996.3896484375, 996.385986328125, 996.3633422851562, 996.3081665039062, 996.2830810546875, 996.281982421875, 996.2901611328125, 996.3296508789062, 996.3953857421875, 996.4315795898438, 996.5070190429688, 996.592041015625, 996.7028198242188, 996.775634765625, 996.8772583007812, 996.9246215820312, 996.9550170898438, 996.9931030273438, 997.0090942382812, 997.0346069335938, 997.0488891601562, 997.069091796875, 997.068359375, 997.1017456054688, 997.1324462890625, 997.1522827148438, 997.177490234375, 997.1776733398438, 997.1890258789062, 997.21044921875, 997.2130126953125, 997.2398071289062, 997.23583984375, 997.24951171875, 997.259521484375, 997.2545166015625, 996.982666015625, 994.9625854492188, 994.96826171875, 995.01416015625, 995.0596923828125, 995.0919189453125, 995.1411743164062, 995.2403564453125, 995.2978515625, 995.32373046875, 995.3078002929688, 995.2734985351562, 995.2498779296875, 995.2467651367188, 995.2319946289062, 995.253173828125, 995.302734375, 995.3464965820312, 995.392578125, 995.392822265625, 995.421875, 995.4027709960938, 995.4085083007812, 995.4103393554688, 995.3873291015625, 995.380126953125, 995.4058837890625, 995.4086303710938, 995.424560546875, 995.4257202148438, 995.4334106445312, 995.432861328125, 995.45263671875, 995.4472045898438, 995.47705078125, 995.4837646484375, 995.4913940429688, 995.5034790039062, 995.5286254882812, 995.53564453125, 995.5393676757812, 995.5220947265625, 995.5296020507812, 995.533935546875, 995.5308837890625, 995.5421142578125, 995.5437622070312, 995.5523071289062, 995.5575561523438, 995.5665893554688]}