{"mean": [4021.8560384114585, 3973.270263671875, 3949.3761393229165, 3931.4215494791665, 3907.9288736979165, 3883.4280598958335, 3862.8351236979165, 3838.3286946614585, 3811.0043131510415, 3784.5796712239585, 3757.97900390625, 3738.3792317708335, 3719.1033528645835, 3699.3680826822915, 3679.6302083333335, 3652.8572591145835, 3638.4475911458335, 3627.559814453125, 3620.7431640625, 3619.1570638020835, 3620.8539225260415, 3622.724365234375, 3624.1255696614585, 3626.3365885416665, 3628.6484375, 3630.9986979166665, 3633.3124186197915, 3635.737060546875, 3638.431640625, 3641.0281575520835, 3643.5384114583335, 3645.9860026041665, 3648.3526204427085, 3650.7525227864585, 3653.0989583333335, 3655.034912109375, 3657.007568359375, 3658.7959798177085, 3660.4651692708335, 3661.819580078125, 3662.7936197916665, 3663.3841959635415, 3663.3468424479165, 3662.6004231770835, 3661.1839192708335, 3659.130126953125, 3656.5144856770835, 3652.5192057291665, 3647.32373046875, 3641.261962890625, 3634.50146484375, 3627.7498372395835, 3627.4676106770835, 3627.6180826822915, 3627.8065592447915, 3627.9972330729165, 3628.2591959635415, 3628.6070963541665, 3628.9576009114585, 3629.3018391927085, 3629.5791829427085, 3629.7708333333335, 3629.8091634114585, 3629.7565104166665, 3629.5723470052085, 3629.170166015625, 3628.6543782552085, 3628.044677734375, 3627.3806966145835, 3626.708740234375, 3625.958984375, 3625.3541666666665, 3624.7801106770835, 3624.2784016927085, 3623.814453125, 3623.422119140625, 3623.1272786458335, 3622.949951171875, 3622.8329264322915, 3622.8341471354165, 3622.8954264322915, 3622.9305013020835, 3623.0030924479165, 3623.0340983072915, 3623.11376953125, 3623.19921875, 3623.2146809895835, 3623.2549641927085, 3623.2950032552085, 3623.3147786458335, 3623.3109537760415, 3623.2825520833335, 3623.22705078125, 3623.2054850260415, 3623.1494140625, 3623.0406901041665, 3622.9280598958335, 3622.8203938802085, 3622.719970703125, 3622.5777994791665], "upper": [4876.59375, 4724.451171875, 4645.634765625, 4582.11181640625, 4502.86328125, 4425.2529296875, 4359.189453125, 4282.8447265625, 4199.4345703125, 4121.5625, 4042.851806640625, 3983.72998046875, 3923.3154296875, 3867.28466796875, 3812.23681640625, 3732.04296875, 3691.060791015625, 3672.4189453125, 3672.765869140625, 3672.76708984375, 3672.59228515625, 3672.220947265625, 3671.575927734375, 3679.96337890625, 3689.407958984375, 3697.994140625, 3705.719970703125, 3713.513671875, 3721.85302734375, 3729.73193359375, 3737.05322265625, 3743.93505859375, 3750.548095703125, 3756.96875, 3762.998046875, 3767.921630859375, 3772.534423828125, 3776.602294921875, 3780.19970703125, 3782.80322265625, 3784.04345703125, 3784.21044921875, 3782.80419921875, 3779.72021484375, 3774.671875, 3767.625732421875, 3758.904541015625, 3746.2998046875, 3730.34521484375, 3711.7734375, 3691.265625, 3671.094970703125, 3670.563720703125, 3671.35498046875, 3672.586669921875, 3674.02734375, 3675.9287109375, 3678.13037109375, 3680.427734375, 3682.4208984375, 3684.05078125, 3685.427734375, 3686.471923828125, 3687.075439453125, 3687.25, 3686.8935546875, 3686.235107421875, 3685.1142578125, 3683.919921875, 3682.8037109375, 3681.5, 3680.38232421875, 3679.23486328125, 3678.242431640625, 3677.388916015625, 3676.721435546875, 3676.2724609375, 3676.10400390625, 3676.154296875, 3676.43994140625, 3676.86572265625, 3677.23681640625, 3677.720703125, 3678.072265625, 3678.53759765625, 3678.930419921875, 3679.215576171875, 3679.484375, 3679.708984375, 3679.796875, 3679.724853515625, 3679.5322265625, 3679.32177734375, 3679.078125, 3678.791259765625, 3678.45849609375, 3678.156005859375, 3677.83544921875, 3677.579345703125, 3677.30224609375], "lower": [3569.918212890625, 3569.19287109375, 3568.67529296875, 3568.30712890625, 3568.4287109375, 3568.64697265625, 3568.244140625, 3567.322509765625, 3566.58740234375, 3565.48876953125, 3565.314453125, 3565.76611328125, 3565.2685546875, 3563.276611328125, 3559.37841796875, 3556.33447265625, 3552.6162109375, 3549.3974609375, 3544.089111328125, 3538.41650390625, 3535.239990234375, 3532.425048828125, 3529.8154296875, 3528.2861328125, 3526.7138671875, 3526.30517578125, 3526.54833984375, 3527.553955078125, 3528.987548828125, 3530.78369140625, 3532.99365234375, 3535.27490234375, 3537.3310546875, 3539.31103515625, 3541.05322265625, 3542.62939453125, 3544.22509765625, 3545.68310546875, 3547.08544921875, 3548.32666015625, 3549.60791015625, 3550.775634765625, 3551.57861328125, 3551.95068359375, 3552.2841796875, 3552.63623046875, 3553.11572265625, 3553.48779296875, 3553.80908203125, 3554.413818359375, 3554.8857421875, 3555.399169921875, 3555.79833984375, 3556.2099609375, 3556.40771484375, 3556.43310546875, 3556.3740234375, 3556.09228515625, 3555.783935546875, 3555.3974609375, 3554.83447265625, 3554.26123046875, 3553.59765625, 3552.843994140625, 3552.146240234375, 3551.304931640625, 3550.416015625, 3549.70556640625, 3548.82177734375, 3547.885986328125, 3546.9208984375, 3546.14013671875, 3545.3681640625, 3544.625244140625, 3544.06640625, 3543.525390625, 3543.009765625, 3542.554931640625, 3542.170654296875, 3541.80029296875, 3541.464599609375, 3541.21826171875, 3540.97705078125, 3540.721435546875, 3540.516845703125, 3540.3193359375, 3540.190185546875, 3540.117431640625, 3540.0107421875, 3539.99658203125, 3540.02978515625, 3540.10595703125, 3540.162841796875, 3540.35009765625, 3540.448974609375, 3540.51513671875, 3540.464599609375, 3540.4091796875, 3540.29345703125, 3540.14697265625]}