{"mean": [4746.659830729167, 4778.17822265625, 4802.716796875, 4819.148763020833, 4829.72021484375, 4835.38330078125, 4841.845377604167, 4846.214192708333, 4848.779947916667, 4852.898600260417, 4858.199055989583, 4864.951009114583, 4870.348307291667, 4874.017415364583, 4874.940266927083, 4871.569661458333, 4871.17919921875, 4870.587239583333, 4870.746256510417, 4871.981282552083, 4873.6630859375, 4875.0361328125, 4876.175944010417, 4877.364908854167, 4879.101399739583, 4880.544596354167, 4881.981608072917, 4883.591471354167, 4885.321940104167, 4886.934244791667, 4888.506184895833, 4890.0146484375, 4891.49853515625, 4893.10205078125, 4894.639322916667, 4895.926106770833, 4897.380533854167, 4898.841634114583, 4900.269205729167, 4901.280924479167, 4902.46142578125, 4903.524251302083, 4904.242350260417, 4904.67041015625, 4904.875813802083, 4904.946451822917, 4904.821126302083, 4904.351236979167, 4903.519205729167, 4902.5625, 4901.66552734375, 4901.27392578125, 4901.296223958333, 4901.626790364583, 4902.152669270833, 4902.756998697917, 4903.421712239583, 4904.10791015625, 4904.71142578125, 4905.193684895833, 4905.604817708333, 4905.8896484375, 4906.053385416667, 4906.078287760417, 4906.033040364583, 4905.888020833333, 4905.65478515625, 4905.319661458333, 4904.927083333333, 4904.505696614583, 4904.033365885417, 4903.57861328125, 4903.134114583333, 4902.7255859375, 4902.370768229167, 4902.075358072917, 4901.877278645833, 4901.75, 4901.715494791667, 4901.77685546875, 4901.9033203125, 4902.018391927083, 4902.154622395833, 4902.275065104167, 4902.416341145833, 4902.547688802083, 4902.650553385417, 4902.751302083333, 4902.821451822917, 4902.8671875, 4902.874674479167, 4902.852213541667, 4902.80419921875, 4902.772298177083, 4902.709147135417, 4902.619140625, 4902.522135416667, 4902.432779947917, 4902.34765625, 4902.25146484375], "upper": [4840.54541015625, 4846.67578125, 4853.00830078125, 4860.30224609375, 4867.16748046875, 4871.7509765625, 4877.54248046875, 4883.55224609375, 4889.29833984375, 4894.59228515625, 4900.16015625, 4906.166015625, 4913.89111328125, 4921.34033203125, 4927.22900390625, 4930.09228515625, 4931.1806640625, 4931.6455078125, 4931.87744140625, 4931.86865234375, 4931.78466796875, 4931.51708984375, 4931.203125, 4930.76171875, 4930.28125, 4929.78857421875, 4929.2294921875, 4928.46826171875, 4927.560546875, 4926.3896484375, 4925.24169921875, 4924.103515625, 4923.1181640625, 4922.43212890625, 4921.95947265625, 4921.6357421875, 4921.4951171875, 4921.60595703125, 4924.57080078125, 4926.19775390625, 4928.2275390625, 4929.8662109375, 4930.96533203125, 4931.63232421875, 4931.66552734375, 4931.240234375, 4930.439453125, 4928.60986328125, 4925.8798828125, 4925.09375, 4924.96533203125, 4924.72509765625, 4924.392578125, 4924.05615234375, 4923.62646484375, 4924.6689453125, 4927.22998046875, 4929.91064453125, 4932.3544921875, 4934.32373046875, 4935.95654296875, 4937.13916015625, 4937.9755859375, 4938.40771484375, 4938.53857421875, 4938.3701171875, 4937.9677734375, 4937.2607421875, 4936.384765625, 4935.462890625, 4934.40234375, 4933.326171875, 4932.314453125, 4931.37451171875, 4930.5537109375, 4929.94287109375, 4929.556640625, 4929.41162109375, 4929.54736328125, 4929.88916015625, 4930.40283203125, 4930.8974609375, 4931.4111328125, 4931.89990234375, 4932.38525390625, 4932.83837890625, 4933.21142578125, 4933.55029296875, 4933.78369140625, 4933.92138671875, 4933.916015625, 4933.8251953125, 4933.67041015625, 4933.49609375, 4933.2685546875, 4932.9716796875, 4932.7236328125, 4932.47265625, 4932.2578125, 4932.05224609375], "lower": [4569.5908203125, 4656.275390625, 4721.81396484375, 4762.0078125, 4785.0615234375, 4795.55859375, 4807.568359375, 4813.17529296875, 4813.62939453125, 4819.3291015625, 4827.94970703125, 4840.20849609375, 4846.99462890625, 4849.654296875, 4847.78173828125, 4834.4130859375, 4832.03271484375, 4831.0751953125, 4832.7529296875, 4838.634765625, 4843.19580078125, 4841.1376953125, 4839.66748046875, 4838.28564453125, 4837.99560546875, 4838.3994140625, 4839.10888671875, 4840.1376953125, 4841.3125, 4842.75341796875, 4844.22412109375, 4845.77880859375, 4847.17724609375, 4848.4951171875, 4849.76416015625, 4850.99609375, 4852.2138671875, 4853.390625, 4854.54931640625, 4855.66015625, 4856.7578125, 4857.86962890625, 4858.4775390625, 4858.65478515625, 4858.80908203125, 4859.03759765625, 4859.1630859375, 4859.384765625, 4859.53564453125, 4859.74658203125, 4859.95654296875, 4860.0869140625, 4860.287109375, 4860.39892578125, 4860.4736328125, 4860.4599609375, 4860.392578125, 4860.24462890625, 4860.07958984375, 4859.87255859375, 4859.65576171875, 4859.42041015625, 4859.15673828125, 4858.837890625, 4858.5390625, 4858.240234375, 4857.91064453125, 4857.56298828125, 4857.1796875, 4856.7939453125, 4856.41162109375, 4856.05419921875, 4855.72314453125, 4855.41650390625, 4855.17138671875, 4854.90283203125, 4854.69677734375, 4854.48486328125, 4854.27392578125, 4854.123046875, 4853.98779296875, 4853.8779296875, 4853.79248046875, 4853.662109375, 4853.58203125, 4853.486328125, 4853.42724609375, 4853.39453125, 4853.3544921875, 4853.34716796875, 4853.359375, 4853.376953125, 4853.388671875, 4853.47705078125, 4853.52099609375, 4853.56005859375, 4853.533203125, 4853.50634765625, 4853.45654296875, 4853.38671875]}