{"mean": [8363.171549479166, 8347.851888020834, 8336.657877604166, 8327.967447916666, 8320.560221354166, 8314.06640625, 8307.470703125, 8301.213216145834, 8295.115885416666, 8289.246744791666, 8283.763671875, 8278.2529296875, 8272.910481770834, 8268.4619140625, 8266.127278645834, 8263.689778645834, 8262.217447916666, 8261.337565104166, 8260.9736328125, 8261.194986979166, 8261.945638020834, 8262.46484375, 8262.875325520834, 8263.375651041666, 8263.673177083334, 8264.146809895834, 8264.477213541666, 8264.5341796875, 8264.676106770834, 8264.696940104166, 8264.6064453125, 8264.62890625, 8264.7060546875, 8264.820963541666, 8264.886393229166, 8265.085611979166, 8265.113606770834, 8265.0947265625, 8264.992513020834, 8265.177083333334, 8264.938151041666, 8264.531901041666, 8264.146809895834, 8263.6474609375, 8262.938802083334, 8262.076171875, 8260.930989583334, 8259.546875, 8257.716145833334, 8255.594075520834, 8253.111328125, 8251.040364583334, 8251.069010416666, 8251.1904296875, 8251.302083333334, 8251.408854166666, 8251.583984375, 8251.791666666666, 8251.962565104166, 8252.095377604166, 8252.198567708334, 8252.245442708334, 8252.2578125, 8252.237630208334, 8252.178385416666, 8252.1044921875, 8252.001302083334, 8251.855143229166, 8251.7001953125, 8251.534505208334, 8251.390625, 8251.192057291666, 8251.076497395834, 8250.918619791666, 8250.833333333334, 8250.6962890625, 8250.653645833334, 8250.6015625, 8250.584635416666, 8250.572591145834, 8250.568033854166, 8250.565755208334, 8250.599283854166, 8250.615234375, 8250.64453125, 8250.685872395834, 8250.716796875, 8250.736328125, 8250.760091145834, 8250.779622395834, 8250.782877604166, 8250.738932291666, 8250.757486979166, 8250.759765625, 8250.729166666666, 8250.71484375, 8250.6865234375, 8250.681640625, 8250.639973958334, 8250.625325520834], "upper": [8548.361328125, 8501.18359375, 8466.302734375, 8439.9482421875, 8417.673828125, 8398.34375, 8379.5908203125, 8362.234375, 8346.626953125, 8332.25390625, 8320.0673828125, 8309.2197265625, 8299.7060546875, 8292.740234375, 8287.8505859375, 8281.587890625, 8278.388671875, 8276.6630859375, 8276.78515625, 8278.3818359375, 8280.5283203125, 8282.484375, 8284.1044921875, 8285.9306640625, 8287.388671875, 8289.3154296875, 8290.7314453125, 8291.3408203125, 8292.015625, 8292.5068359375, 8292.6474609375, 8293.06640625, 8293.6884765625, 8294.3525390625, 8294.947265625, 8295.82421875, 8296.2412109375, 8296.3876953125, 8296.361328125, 8297.314453125, 8296.884765625, 8296.04296875, 8294.9580078125, 8293.265625, 8291.0615234375, 8288.271484375, 8284.7646484375, 8280.2939453125, 8274.7451171875, 8268.1796875, 8260.5107421875, 8254.0859375, 8253.970703125, 8254.0810546875, 8254.3212890625, 8254.5009765625, 8254.958984375, 8255.5087890625, 8256.0341796875, 8256.4775390625, 8256.8515625, 8257.154296875, 8257.3828125, 8257.5166015625, 8257.5322265625, 8257.482421875, 8257.3505859375, 8257.138671875, 8256.8828125, 8256.5830078125, 8256.34765625, 8256.0126953125, 8255.7490234375, 8255.5234375, 8255.3408203125, 8255.1220703125, 8255.107421875, 8255.0478515625, 8255.0576171875, 8255.09375, 8255.1806640625, 8255.2470703125, 8255.396484375, 8255.4609375, 8255.560546875, 8255.66796875, 8255.740234375, 8255.791015625, 8255.875, 8255.8994140625, 8255.90625, 8255.8369140625, 8255.8095703125, 8255.7373046875, 8255.64453125, 8255.5927734375, 8255.4931640625, 8255.4423828125, 8255.3466796875, 8255.306640625], "lower": [8265.732421875, 8265.4775390625, 8265.3681640625, 8264.79296875, 8264.2392578125, 8263.8515625, 8263.2421875, 8262.7265625, 8262.095703125, 8261.2822265625, 8260.390625, 8259.4013671875, 8258.2421875, 8255.552734375, 8253.794921875, 8254.0537109375, 8254.0283203125, 8253.0146484375, 8251.7451171875, 8250.802734375, 8250.962890625, 8250.6318359375, 8250.3212890625, 8250.1708984375, 8249.703125, 8249.27734375, 8248.8818359375, 8248.51953125, 8248.2841796875, 8247.91796875, 8247.650390625, 8247.32421875, 8247.1103515625, 8246.8125, 8246.4658203125, 8246.212890625, 8245.931640625, 8245.66796875, 8245.35546875, 8244.9384765625, 8244.611328125, 8244.25390625, 8244.201171875, 8244.3564453125, 8244.4375, 8244.607421875, 8244.6943359375, 8244.9921875, 8245.0595703125, 8245.2666015625, 8245.5185546875, 8245.71484375, 8246.01953125, 8246.2080078125, 8246.3505859375, 8246.5322265625, 8246.6103515625, 8246.681640625, 8246.6875, 8246.640625, 8246.5654296875, 8246.40625, 8246.19140625, 8245.984375, 8245.8193359375, 8245.626953125, 8245.4462890625, 8245.2275390625, 8245.0166015625, 8244.7958984375, 8244.5419921875, 8244.2783203125, 8244.1171875, 8243.9306640625, 8243.8212890625, 8243.6650390625, 8243.556640625, 8243.435546875, 8243.3154296875, 8243.232421875, 8243.1484375, 8243.1083984375, 8243.0517578125, 8243.03125, 8242.9990234375, 8243.013671875, 8243.033203125, 8243.0439453125, 8243.0498046875, 8243.0986328125, 8243.1201171875, 8243.064453125, 8243.1416015625, 8243.2119140625, 8243.20703125, 8243.2158203125, 8243.2041015625, 8243.2021484375, 8243.1806640625, 8243.16015625]}