{"mean": [7396.703125, 7379.00732421875, 7366.097330729167, 7356.847330729167, 7349.361490885417, 7342.78564453125, 7336.044108072917, 7329.806640625, 7323.819498697917, 7318.19189453125, 7312.930989583333, 7307.6826171875, 7302.598795572917, 7298.47314453125, 7296.200520833333, 7293.831705729167, 7292.261881510417, 7291.415201822917, 7290.967122395833, 7291.024088541667, 7291.62744140625, 7292.049967447917, 7292.453450520833, 7292.90478515625, 7293.161946614583, 7293.597330729167, 7293.8681640625, 7293.899739583333, 7294.011555989583, 7294.0390625, 7293.974934895833, 7293.997233072917, 7294.06787109375, 7294.18017578125, 7294.277180989583, 7294.512858072917, 7294.577311197917, 7294.585774739583, 7294.540201822917, 7294.76513671875, 7294.58740234375, 7294.267252604167, 7293.987141927083, 7293.60791015625, 7293.061197916667, 7292.373372395833, 7291.44921875, 7290.333658854167, 7288.83935546875, 7287.150390625, 7285.235188802083, 7283.760416666667, 7283.791341145833, 7283.887369791667, 7284.004720052083, 7284.103678385417, 7284.25927734375, 7284.44189453125, 7284.598307291667, 7284.716796875, 7284.813151041667, 7284.860677083333, 7284.871907552083, 7284.839192708333, 7284.783365885417, 7284.689778645833, 7284.553873697917, 7284.3857421875, 7284.204752604167, 7284.0087890625, 7283.837890625, 7283.634765625, 7283.478678385417, 7283.30859375, 7283.21240234375, 7283.078287760417, 7283.015625, 7282.9609375, 7282.93212890625, 7282.9228515625, 7282.916666666667, 7282.915852864583, 7282.9443359375, 7282.964680989583, 7282.988606770833, 7283.03271484375, 7283.063151041667, 7283.08154296875, 7283.099446614583, 7283.119791666667, 7283.12646484375, 7283.10009765625, 7283.114420572917, 7283.110026041667, 7283.084147135417, 7283.06494140625, 7283.028645833333, 7283.018391927083, 7282.97314453125, 7282.955729166667], "upper": [7600.630859375, 7546.3125, 7506.18115234375, 7477.81689453125, 7454.8857421875, 7434.83349609375, 7414.9853515625, 7397.0224609375, 7380.966796875, 7366.3095703125, 7353.69580078125, 7342.259765625, 7332.08154296875, 7324.41943359375, 7318.798828125, 7312.52197265625, 7308.80810546875, 7306.69775390625, 7306.369140625, 7307.38623046875, 7309.02685546875, 7310.68017578125, 7312.2294921875, 7313.86279296875, 7315.232421875, 7317.1318359375, 7318.51611328125, 7319.166015625, 7319.8974609375, 7320.4921875, 7320.8291015625, 7321.33154296875, 7321.982421875, 7322.70654296875, 7323.42529296875, 7324.470703125, 7325.02001953125, 7325.30810546875, 7325.46630859375, 7326.533203125, 7326.28955078125, 7325.68115234375, 7324.8984375, 7323.55126953125, 7321.7763671875, 7319.48876953125, 7316.57958984375, 7312.92431640625, 7308.365234375, 7303.0693359375, 7297.10498046875, 7292.4736328125, 7292.36328125, 7292.44921875, 7292.681640625, 7292.86962890625, 7293.328125, 7293.8232421875, 7294.337890625, 7294.78857421875, 7295.20458984375, 7295.5517578125, 7295.8193359375, 7295.95703125, 7295.9912109375, 7295.91796875, 7295.73388671875, 7295.47119140625, 7295.16357421875, 7294.84765625, 7294.56640625, 7294.232421875, 7293.94140625, 7293.703125, 7293.52490234375, 7293.30322265625, 7293.25341796875, 7293.19091796875, 7293.18310546875, 7293.2265625, 7293.314453125, 7293.384765625, 7293.52783203125, 7293.60595703125, 7293.6904296875, 7293.79638671875, 7293.86279296875, 7293.90625, 7293.96923828125, 7293.9892578125, 7293.9912109375, 7293.93798828125, 7293.90087890625, 7293.82373046875, 7293.72900390625, 7293.66064453125, 7293.548828125, 7293.48583984375, 7293.380859375, 7293.33642578125], "lower": [7287.3896484375, 7286.95654296875, 7286.74072265625, 7286.138671875, 7285.5693359375, 7285.134765625, 7284.58447265625, 7284.06787109375, 7283.4765625, 7282.7646484375, 7281.94580078125, 7281.07177734375, 7280.0546875, 7279.03857421875, 7278.8935546875, 7277.75244140625, 7276.52978515625, 7275.93994140625, 7274.83984375, 7273.9833984375, 7274.21630859375, 7273.939453125, 7273.751953125, 7273.6904296875, 7273.27783203125, 7272.85693359375, 7272.42822265625, 7272.03564453125, 7271.75830078125, 7271.37109375, 7271.03466796875, 7270.67822265625, 7270.45263671875, 7270.12939453125, 7269.78369140625, 7269.49609375, 7269.1904296875, 7268.908203125, 7268.60107421875, 7268.20556640625, 7267.88720703125, 7267.54443359375, 7267.501953125, 7267.68603515625, 7267.81884765625, 7268.02978515625, 7268.1708984375, 7268.46826171875, 7268.56396484375, 7268.796875, 7269.0576171875, 7269.29296875, 7269.61083984375, 7269.80908203125, 7269.98583984375, 7270.171875, 7270.23779296875, 7270.33447265625, 7270.34814453125, 7270.2958984375, 7270.2099609375, 7270.046875, 7269.8349609375, 7269.62353515625, 7269.458984375, 7269.25830078125, 7269.06494140625, 7268.84765625, 7268.6181640625, 7268.36181640625, 7268.115234375, 7267.85986328125, 7267.66796875, 7267.47509765625, 7267.3349609375, 7267.19140625, 7267.05517578125, 7266.9384765625, 7266.83056640625, 7266.76220703125, 7266.66943359375, 7266.6328125, 7266.56689453125, 7266.54833984375, 7266.5185546875, 7266.53515625, 7266.5556640625, 7266.56640625, 7266.56787109375, 7266.6171875, 7266.640625, 7266.61669921875, 7266.68994140625, 7266.75439453125, 7266.77490234375, 7266.7861328125, 7266.77587890625, 7266.77587890625, 7266.75634765625, 7266.734375]}