{"mean": [3067.7210286458335, 2428.023234049479, 1598.2922770182292, 1632.5190836588542, 1642.82080078125, 1605.4248453776042, 1591.7012939453125, 1552.1324869791667, 1537.560546875, 1539.8345540364583, 1558.0411783854167, 1569.64599609375, 1588.8394368489583, 1591.8814697265625, 1594.3126220703125, 1596.1919352213542, 1597.3957926432292, 1598.1637369791667, 1598.248046875, 1597.0194905598958, 1594.9781494140625, 1591.1249593098958, 1586.7756754557292, 1581.3489990234375, 1574.3523356119792, 1566.341552734375, 1556.3150227864583, 1545.6500651041667, 1532.3307698567708, 1519.6831461588542, 1508.1838785807292, 1500.9805094401042, 1494.2622477213542, 1487.6754557291667, 1485.349853515625, 1485.2654215494792, 1484.8642171223958, 1484.1392415364583, 1482.3457438151042, 1479.0887858072917, 1472.1620686848958, 1462.9307047526042, 1454.465087890625, 1453.8964436848958, 1464.7844645182292, 1474.8898111979167, 1453.3445231119792, 1440.8236083984375, 1441.1136474609375, 1448.8762613932292, 1442.7224527994792, 1438.6334635416667, 1436.0078938802083, 1433.761474609375, 1431.1832682291667, 1429.4258219401042, 1426.3002115885417, 1424.4079996744792, 1426.6573893229167, 1429.5572916666667, 1432.0620930989583, 1437.8262125651042, 1441.7441813151042, 1438.143798828125, 1424.0277506510417, 1421.9124348958333, 1432.0545247395833, 1425.5413004557292, 1422.8531494140625, 1420.1058756510417, 1417.974365234375, 1414.0093994140625, 1408.4192708333333, 1404.0655110677083, 1404.2727457682292, 1406.2352294921875, 1410.2041015625, 1412.9066569010417, 1414.6341552734375, 1415.3600667317708, 1415.2671712239583, 1414.5010986328125, 1413.4403889973958, 1412.1342366536458, 1410.4204915364583, 1409.5863444010417, 1409.94921875, 1411.286865234375, 1413.400390625, 1415.4631754557292, 1416.7779947916667, 1416.8223470052083, 1416.3065999348958, 1415.1317952473958, 1413.4969889322917, 1411.593505859375, 1410.5704752604167, 1409.958251953125, 1409.4560546875, 1409.8079833984375], "upper": [5692.81103515625, 3808.383056640625, 1787.6966552734375, 1769.3651123046875, 1751.9937744140625, 1740.187255859375, 1724.9580078125, 1624.9609375, 1546.01513671875, 1592.18798828125, 1626.04150390625, 1627.7706298828125, 1631.650146484375, 1636.0439453125, 1640.10546875, 1644.0650634765625, 1646.5380859375, 1648.5489501953125, 1649.095703125, 1646.5496826171875, 1642.078857421875, 1632.5806884765625, 1622.8974609375, 1616.6146240234375, 1612.4388427734375, 1606.5213623046875, 1598.6727294921875, 1590.3323974609375, 1579.5712890625, 1567.072998046875, 1550.961669921875, 1537.56640625, 1523.7415771484375, 1507.760986328125, 1496.021240234375, 1501.07373046875, 1509.140869140625, 1517.72021484375, 1522.3612060546875, 1521.137451171875, 1506.82568359375, 1493.1451416015625, 1498.30224609375, 1503.0242919921875, 1507.1387939453125, 1547.1788330078125, 1508.1904296875, 1507.177001953125, 1504.98828125, 1528.2408447265625, 1522.93212890625, 1521.4356689453125, 1521.814208984375, 1522.7960205078125, 1523.9189453125, 1524.60400390625, 1525.2794189453125, 1525.8934326171875, 1526.2086181640625, 1526.4453125, 1526.436279296875, 1526.2891845703125, 1525.9964599609375, 1525.6871337890625, 1525.2847900390625, 1524.853759765625, 1524.3690185546875, 1523.8773193359375, 1523.3206787109375, 1522.791748046875, 1522.1519775390625, 1521.4346923828125, 1520.7471923828125, 1520.0242919921875, 1519.4658203125, 1519.138916015625, 1518.8240966796875, 1518.760009765625, 1518.73193359375, 1518.5269775390625, 1518.46826171875, 1518.5859375, 1518.9461669921875, 1519.859130859375, 1520.716064453125, 1521.746337890625, 1522.8349609375, 1523.9151611328125, 1524.904052734375, 1525.7119140625, 1526.4168701171875, 1525.1593017578125, 1523.6068115234375, 1521.63818359375, 1519.5789794921875, 1517.6685791015625, 1516.288330078125, 1514.141357421875, 1510.859619140625, 1509.1396484375], "lower": [1708.1551513671875, 1675.353515625, 1342.0657958984375, 1461.4483642578125, 1507.0689697265625, 1518.5430908203125, 1523.8446044921875, 1504.09033203125, 1530.3466796875, 1494.2967529296875, 1512.94384765625, 1536.8258056640625, 1538.300537109375, 1539.4791259765625, 1539.802001953125, 1538.82568359375, 1537.4627685546875, 1535.52392578125, 1533.17333984375, 1530.2171630859375, 1527.0233154296875, 1523.7564697265625, 1519.3914794921875, 1515.866943359375, 1513.040283203125, 1510.3209228515625, 1506.73046875, 1502.5546875, 1497.85693359375, 1493.5068359375, 1484.253173828125, 1480.518798828125, 1478.422119140625, 1475.552001953125, 1470.0880126953125, 1464.5242919921875, 1457.98681640625, 1449.375732421875, 1440.179931640625, 1430.939208984375, 1421.2744140625, 1409.296875, 1397.8267822265625, 1389.2100830078125, 1380.727294921875, 1369.7171630859375, 1354.4781494140625, 1336.92578125, 1325.8323974609375, 1316.506591796875, 1310.5096435546875, 1306.72314453125, 1306.15478515625, 1308.0299072265625, 1310.3780517578125, 1315.1451416015625, 1318.171875, 1318.2388916015625, 1318.1834716796875, 1318.19970703125, 1318.114990234375, 1318.1820068359375, 1318.3668212890625, 1318.5067138671875, 1318.3182373046875, 1318.3729248046875, 1318.3046875, 1318.1585693359375, 1317.944091796875, 1318.03369140625, 1317.863037109375, 1317.658447265625, 1317.5111083984375, 1317.4132080078125, 1317.274169921875, 1317.181884765625, 1317.0277099609375, 1316.972412109375, 1316.9462890625, 1317.015625, 1317.01611328125, 1317.0162353515625, 1317.14990234375, 1317.2451171875, 1317.3541259765625, 1317.4803466796875, 1317.6064453125, 1317.7799072265625, 1317.8868408203125, 1318.0594482421875, 1318.1845703125, 1318.2816162109375, 1318.363037109375, 1318.362060546875, 1318.4281005859375, 1318.3858642578125, 1318.31640625, 1318.2052001953125, 1318.0355224609375, 1317.8643798828125]}