{"mean": [34745.257161458336, 28419.760416666668, 16750.839192708332, 16930.986002604168, 16901.746419270832, 15815.688151041666, 14957.015950520834, 13620.206380208334, 12433.385091145834, 11887.453450520834, 11435.612955729166, 11364.9599609375, 11459.485026041666, 11469.166015625, 11473.1044921875, 11470.7080078125, 11465.780598958334, 11457.7939453125, 11445.0419921875, 11425.632486979166, 11401.569661458334, 11372.014322916666, 11336.15625, 11292.463216145834, 11238.654622395834, 11175.4892578125, 11108.547526041666, 11034.429361979166, 10953.826822916666, 10885.769205729166, 10836.431315104166, 10829.7626953125, 10762.990234375, 10654.3056640625, 10585.979166666666, 10543.520833333334, 10518.186848958334, 10471.9580078125, 10398.628580729166, 10302.7763671875, 10175.635416666666, 10013.194661458334, 9841.114420572916, 9709.969889322916, 9652.110677083334, 9676.225911458334, 9446.721354166666, 9476.387858072916, 9424.6181640625, 9334.289225260416, 9333.501790364584, 9327.953125, 9305.184244791666, 9251.873372395834, 9191.19970703125, 9137.8759765625, 9090.71728515625, 9042.12451171875, 8981.698567708334, 8948.44091796875, 8922.195149739584, 8892.080891927084, 8865.302571614584, 8753.75439453125, 8598.97802734375, 8549.422688802084, 8538.495279947916, 8469.016276041666, 8445.490071614584, 8439.52392578125, 8438.515299479166, 8383.764973958334, 8338.638997395834, 8415.634440104166, 8410.281575520834, 8364.76611328125, 8335.689615885416, 8343.456380208334, 8357.505859375, 8360.451009114584, 8351.939127604166, 8334.7587890625, 8312.03173828125, 8295.852864583334, 8294.83154296875, 8300.671549479166, 8297.70654296875, 8282.235677083334, 8265.892740885416, 8258.8310546875, 8258.24951171875, 8254.670247395834, 8242.552408854166, 8224.238932291666, 8208.230631510416, 8197.656575520834, 8186.320475260417, 8174.280924479167, 8169.619954427083, 8171.3271484375], "upper": [59430.421875, 41595.3203125, 22238.71875, 22139.513671875, 22007.515625, 21629.03515625, 20813.685546875, 18468.384765625, 15784.3466796875, 13854.099609375, 12418.7373046875, 12417.587890625, 12418.5263671875, 12416.626953125, 12412.1552734375, 12406.267578125, 12399.0087890625, 12389.8193359375, 12371.2041015625, 12343.361328125, 12343.06640625, 12343.302734375, 12342.13671875, 12329.4873046875, 12300.9326171875, 12261.7880859375, 12212.33203125, 12153.2890625, 12082.57421875, 12012.0146484375, 11935.2841796875, 11868.58984375, 11821.0947265625, 11787.9345703125, 11761.142578125, 11783.0234375, 11843.228515625, 11854.98046875, 11800.4345703125, 11721.4287109375, 11669.04296875, 11639.4306640625, 11618.5458984375, 11603.357421875, 11585.22265625, 11562.0341796875, 11531.4453125, 11492.2392578125, 11443.927734375, 11386.1005859375, 11318.1123046875, 11239.142578125, 11152.3134765625, 11050.775390625, 10939.0458984375, 10828.419921875, 10713.333984375, 10566.0810546875, 10386.9580078125, 10291.4833984375, 10220.447265625, 10139.1923828125, 10069.486328125, 9747.9208984375, 9313.341796875, 9299.517578125, 9284.640625, 9268.958984375, 9251.9306640625, 9233.80078125, 9215.1796875, 9196.0791015625, 9176.6416015625, 9157.6083984375, 9139.359375, 9121.6064453125, 9101.7763671875, 9083.3525390625, 9066.6513671875, 9051.2431640625, 9037.0078125, 9023.349609375, 9010.6845703125, 8999.0771484375, 8988.341796875, 8980.25390625, 8977.36328125, 8972.69921875, 8968.65625, 8964.4609375, 8956.830078125, 8950.29296875, 8941.5634765625, 8927.83984375, 8910.5361328125, 8884.1240234375, 8852.7216796875, 8838.88671875, 8862.509765625, 8894.30078125], "lower": [22318.3046875, 21312.166015625, 7299.763671875, 8476.5654296875, 9102.7978515625, 9286.8515625, 9381.841796875, 9450.138671875, 9505.9384765625, 9553.0537109375, 9589.2919921875, 9618.96484375, 9644.1162109375, 9664.4873046875, 9673.3701171875, 9665.775390625, 9655.89453125, 9639.880859375, 9620.138671875, 9593.0087890625, 9562.7109375, 9528.203125, 9487.685546875, 9444.0283203125, 9398.8486328125, 9350.1650390625, 9301.798828125, 9251.71875, 9197.6142578125, 9139.77734375, 9083.1875, 9022.4638671875, 8958.509765625, 8889.318359375, 8818.595703125, 8744.1796875, 8659.947265625, 8566.6552734375, 8462.3583984375, 8348.552734375, 8231.6455078125, 8112.314453125, 7986.15771484375, 7865.16845703125, 7744.5244140625, 7613.0791015625, 7505.359375, 7429.00732421875, 7394.154296875, 7399.18408203125, 7452.66845703125, 7490.626953125, 7478.8974609375, 7391.099609375, 7297.21142578125, 7235.2587890625, 7200.03857421875, 7197.52490234375, 7195.0947265625, 7193.60302734375, 7191.28466796875, 7189.86083984375, 7188.78564453125, 7187.02978515625, 7184.63427734375, 7182.99462890625, 7181.11279296875, 7179.423828125, 7177.59423828125, 7175.77587890625, 7174.03515625, 7172.3857421875, 7170.4765625, 7168.8212890625, 7166.810546875, 7165.01025390625, 7163.04541015625, 7160.939453125, 7159.2080078125, 7157.18115234375, 7155.298828125, 7153.6240234375, 7151.44970703125, 7149.541015625, 7147.69580078125, 7145.509765625, 7143.56298828125, 7141.3291015625, 7139.28076171875, 7137.0771484375, 7135.24072265625, 7133.6123046875, 7131.408203125, 7129.6220703125, 7127.84814453125, 7125.560546875, 7123.86376953125, 7121.62890625, 7119.90576171875, 7118.095703125]}