{"mean": [9648.314778645834, 9651.992513020834, 9661.978515625, 9673.413411458334, 9686.37890625, 9701.5634765625, 9716.606770833334, 9731.909830729166, 9748.256184895834, 9768.6640625, 9784.993489583334, 9800.955078125, 9815.378255208334, 9829.21484375, 9843.617513020834, 9856.059895833334, 9865.825846354166, 9876.1328125, 9886.5224609375, 9889.289388020834, 9884.551106770834, 9877.563151041666, 9875.8125, 9873.292317708334, 9873.15234375, 9874.923828125, 9873.611653645834, 9870.602864583334, 9867.583984375, 9863.535807291666, 9859.303385416666, 9854.590169270834, 9850.0791015625, 9845.974609375, 9841.909830729166, 9838.222330729166, 9834.677408854166, 9831.325846354166, 9827.925455729166, 9824.910807291666, 9821.863932291666, 9818.8271484375, 9815.646809895834, 9812.471028645834, 9808.967122395834, 9805.251627604166, 9801.187174479166, 9796.865559895834, 9793.390950520834, 9789.902669270834, 9786.354817708334, 9781.560872395834, 9775.6396484375, 9768.4873046875, 9759.800455729166, 9750.394205729166, 9741.765299479166, 9733.816080729166, 9725.519856770834, 9716.667317708334, 9706.638020833334, 9694.225911458334, 9684.072265625, 9679.7509765625, 9675.921549479166, 9671.223958333334, 9666.9130859375, 9662.112630208334, 9655.271158854166, 9646.4169921875, 9636.12109375, 9635.586263020834, 9635.31640625, 9635.271809895834, 9635.244140625, 9635.213541666666, 9634.783528645834, 9634.370442708334, 9634.0673828125, 9633.566080729166, 9633.175455729166, 9632.805989583334, 9632.543619791666, 9632.609049479166, 9632.503255208334, 9632.201822916666, 9631.959635416666, 9631.687174479166, 9631.388997395834, 9631.246419270834, 9631.081705729166, 9630.850911458334, 9630.722981770834, 9630.510416666666, 9630.502604166666, 9630.2890625, 9630.1640625, 9630.0703125, 9630.000651041666, 9629.8759765625], "upper": [9881.9296875, 9855.494140625, 9845.76171875, 9835.5595703125, 9823.9462890625, 9812.83984375, 9797.8818359375, 9823.2060546875, 9862.44921875, 9899.8134765625, 9933.8837890625, 9963.6875, 9985.2724609375, 10002.974609375, 10008.421875, 10001.787109375, 9992.359375, 9986.6982421875, 10017.08203125, 10030.94921875, 10031.1396484375, 10016.6845703125, 10015.158203125, 10013.3466796875, 10008.638671875, 10014.1103515625, 10014.8603515625, 10010.2265625, 10006.1474609375, 10001.0390625, 9995.634765625, 9988.958984375, 9982.7626953125, 9976.775390625, 9970.23828125, 9964.2919921875, 9958.0380859375, 9952.0576171875, 9946.021484375, 9940.27734375, 9934.265625, 9928.2451171875, 9922.453125, 9916.474609375, 9910.037109375, 9903.0400390625, 9895.21875, 9888.130859375, 9881.4921875, 9873.7021484375, 9869.1640625, 9865.1455078125, 9859.158203125, 9850.9873046875, 9839.353515625, 9826.7216796875, 9816.9033203125, 9808.9345703125, 9800.609375, 9792.2265625, 9784.1435546875, 9775.447265625, 9765.8515625, 9755.5771484375, 9745.607421875, 9734.3818359375, 9723.736328125, 9710.732421875, 9691.744140625, 9666.1142578125, 9656.3759765625, 9655.5458984375, 9654.2705078125, 9653.76953125, 9653.5029296875, 9653.6767578125, 9653.146484375, 9652.390625, 9651.2900390625, 9649.689453125, 9648.734375, 9647.896484375, 9647.3154296875, 9646.974609375, 9646.3779296875, 9645.646484375, 9645.033203125, 9644.56640625, 9644.13671875, 9643.7939453125, 9643.380859375, 9642.779296875, 9642.20703125, 9641.3984375, 9641.212890625, 9640.8232421875, 9640.6904296875, 9640.638671875, 9640.544921875, 9640.3251953125], "lower": [9518.91796875, 9522.169921875, 9526.482421875, 9533.513671875, 9542.85546875, 9555.7333984375, 9571.0869140625, 9590.9345703125, 9614.51171875, 9641.94140625, 9674.587890625, 9714.3203125, 9701.0517578125, 9672.376953125, 9661.095703125, 9659.8134765625, 9657.666015625, 9655.0078125, 9652.935546875, 9651.0517578125, 9649.4658203125, 9647.87109375, 9646.4775390625, 9645.2578125, 9644.111328125, 9643.1748046875, 9641.79296875, 9640.22265625, 9639.185546875, 9638.3935546875, 9637.443359375, 9636.3388671875, 9635.0966796875, 9634.2109375, 9633.4423828125, 9632.70703125, 9632.259765625, 9631.6025390625, 9630.51953125, 9629.71484375, 9629.1171875, 9628.548828125, 9628.0458984375, 9627.7919921875, 9626.9970703125, 9626.4765625, 9626.064453125, 9625.849609375, 9625.4619140625, 9625.099609375, 9624.6044921875, 9623.94140625, 9623.50390625, 9622.732421875, 9622.3388671875, 9621.591796875, 9621.017578125, 9620.5712890625, 9619.958984375, 9619.70703125, 9619.125, 9618.7314453125, 9618.2607421875, 9617.7607421875, 9617.45703125, 9617.341796875, 9616.97265625, 9616.67578125, 9616.056640625, 9615.9560546875, 9616.044921875, 9615.8505859375, 9615.8779296875, 9615.9892578125, 9615.970703125, 9616.005859375, 9615.8779296875, 9615.9296875, 9616.1982421875, 9615.908203125, 9615.919921875, 9615.998046875, 9616.017578125, 9616.271484375, 9616.357421875, 9616.27734375, 9616.2509765625, 9616.2578125, 9616.181640625, 9616.283203125, 9616.181640625, 9616.189453125, 9616.4609375, 9616.3828125, 9616.4716796875, 9616.39453125, 9616.2880859375, 9616.330078125, 9616.396484375, 9616.3671875]}