{"mean": [959.0394083658854, 967.6240030924479, 976.3043416341146, 977.7730509440104, 977.6190999348959, 976.6356811523438, 974.0068766276041, 969.1908365885416, 961.0645548502604, 954.982666015625, 952.1988932291666, 951.9288736979166, 952.6741943359375, 954.3423665364584, 955.0713907877604, 952.4590250651041, 947.0965372721354, 941.7897338867188, 935.2898559570312, 922.3477783203125, 903.9838256835938, 900.2280680338541, 906.8978474934896, 904.491455078125, 902.7163899739584, 906.89599609375, 915.4068806966146, 922.795654296875, 927.2914632161459, 929.1567789713541, 931.1291910807291, 933.1577351888021, 934.8005574544271, 935.8704223632812, 935.7350056966146, 934.6679890950521, 933.0848388671875, 932.0252685546875, 932.6919555664062, 932.9518229166666, 931.8929036458334, 929.3455607096354, 925.3797810872396, 921.8789265950521, 919.4516398111979, 915.4608154296875, 909.8899129231771, 902.6709391276041, 895.3792724609375, 890.9093424479166, 887.7011515299479, 885.4222615559896, 884.2400919596354, 883.9405314127604, 884.3501383463541, 885.829345703125, 887.9257609049479, 890.3309733072916, 891.8938395182291, 892.2107543945312, 891.2758585611979, 888.9316609700521, 885.0114949544271, 880.2146199544271, 874.315185546875, 867.7762247721354, 861.1168416341146, 855.6715291341146, 851.8720296223959, 849.3343709309896, 846.7509358723959, 846.2840779622396, 846.4614461263021, 847.7537841796875, 849.6834309895834, 851.4455973307291, 853.6962076822916, 855.4977213541666, 856.2177124023438, 855.423583984375, 853.3099772135416, 850.8043823242188, 848.0924275716146, 845.7822469075521, 844.6952514648438, 845.0744425455729, 846.826416015625, 849.2544352213541, 851.8028564453125, 853.37060546875, 853.7852172851562, 853.0917765299479, 851.5259399414062, 849.4354044596354, 847.8480834960938, 847.0403849283854, 846.8693033854166, 847.5655924479166, 848.7719523111979, 849.8592936197916], "upper": [991.7723388671875, 990.476318359375, 989.2469482421875, 987.8350830078125, 989.9872436523438, 992.5888671875, 996.6686401367188, 1001.5296630859375, 1006.0684204101562, 1010.6080322265625, 1014.4526977539062, 1016.9464721679688, 1016.318359375, 1013.7461547851562, 1005.6951293945312, 998.6895141601562, 989.4743041992188, 987.521484375, 979.3712768554688, 973.7033081054688, 947.0208740234375, 933.6763305664062, 943.041259765625, 939.4650268554688, 926.7625732421875, 936.544677734375, 950.7810668945312, 962.5926513671875, 970.7034301757812, 975.2615966796875, 977.9503173828125, 979.4634399414062, 979.946533203125, 980.020751953125, 979.9171142578125, 979.5355224609375, 978.9907836914062, 978.1997680664062, 977.2167358398438, 976.0271606445312, 974.3811645507812, 972.1242065429688, 968.6229858398438, 964.4161376953125, 959.0550537109375, 951.8599853515625, 942.5447387695312, 931.6058959960938, 920.458251953125, 912.59375, 908.554443359375, 905.252197265625, 902.802978515625, 901.4131469726562, 903.616943359375, 908.3135986328125, 914.556884765625, 920.9177856445312, 925.4727783203125, 927.3901977539062, 926.9754638671875, 924.4174194335938, 919.1346435546875, 911.6483764648438, 902.116943359375, 892.620361328125, 884.2041625976562, 877.4152221679688, 871.720458984375, 865.7547607421875, 856.9403076171875, 851.1829833984375, 851.2332153320312, 851.9049072265625, 859.4987182617188, 864.0011596679688, 865.9495239257812, 865.468017578125, 862.7816162109375, 857.8818969726562, 857.3817138671875, 855.456298828125, 851.8086547851562, 850.888427734375, 850.8794555664062, 850.7901611328125, 850.7262573242188, 850.6512451171875, 853.8715209960938, 855.983154296875, 856.6931762695312, 855.8501586914062, 853.7615966796875, 850.6444091796875, 850.185546875, 850.1644897460938, 850.106689453125, 850.06396484375, 850.6721801757812, 851.7447509765625], "lower": [898.9946899414062, 927.0724487304688, 954.1253662109375, 958.1416015625, 956.971435546875, 953.1430053710938, 942.7826538085938, 924.603759765625, 896.0392456054688, 872.65625, 859.3085327148438, 852.7335205078125, 850.3533935546875, 852.6171875, 858.9849243164062, 863.1806030273438, 862.5030517578125, 857.6251831054688, 850.11279296875, 843.2448120117188, 840.27880859375, 841.014404296875, 845.7030639648438, 851.3045654296875, 856.502685546875, 858.775390625, 857.5112915039062, 853.4196166992188, 847.2354736328125, 842.3743286132812, 842.5667724609375, 845.934326171875, 849.8466796875, 852.9197998046875, 853.0116577148438, 850.619873046875, 847.1827392578125, 845.7206420898438, 850.077392578125, 853.89697265625, 854.967041015625, 852.7242431640625, 848.293212890625, 847.2095336914062, 852.53662109375, 855.4029541015625, 855.5413818359375, 852.6871948242188, 848.224609375, 848.4085083007812, 848.6853637695312, 848.8490600585938, 849.1395874023438, 849.26220703125, 849.4657592773438, 849.6671142578125, 849.8075561523438, 849.9883422851562, 850.1197509765625, 850.2659301757812, 850.375244140625, 850.496826171875, 850.6212768554688, 850.6486206054688, 850.7297973632812, 850.8533325195312, 848.24951171875, 838.62841796875, 832.90478515625, 831.1973876953125, 832.1679077148438, 836.5017700195312, 843.4932861328125, 840.0985107421875, 838.2908325195312, 839.0963745117188, 843.9090576171875, 849.800048828125, 851.1807250976562, 851.1065673828125, 851.058837890625, 845.9434204101562, 841.495361328125, 839.3675537109375, 839.7056884765625, 842.186279296875, 843.531494140625, 846.9283447265625, 850.5786743164062, 850.4947509765625, 850.418212890625, 850.3570556640625, 850.3245239257812, 847.4036254882812, 845.6079711914062, 845.4570922851562, 844.1183471679688, 844.2130737304688, 845.59912109375, 847.8192749023438]}