{"mean": [8718.276041666666, 8711.765625, 8712.6611328125, 8722.4296875, 8735.275390625, 8750.639973958334, 8767.554036458334, 8786.892252604166, 8810.523111979166, 8836.2939453125, 8855.066080729166, 8871.0615234375, 8884.44140625, 8895.95703125, 8909.091145833334, 8924.039713541666, 8938.191731770834, 8952.765950520834, 8968.283528645834, 8983.2021484375, 8998.16015625, 8995.657552083334, 8986.657552083334, 8986.950520833334, 8988.4365234375, 8984.710611979166, 8974.196940104166, 8963.776041666666, 8956.241536458334, 8949.9853515625, 8943.475911458334, 8936.716796875, 8930.476236979166, 8925.250651041666, 8921.283854166666, 8918.607096354166, 8916.572265625, 8914.193684895834, 8910.025065104166, 8906.6630859375, 8904.578776041666, 8904.034830729166, 8904.7822265625, 8905.067057291666, 8903.941080729166, 8904.0458984375, 8905.511393229166, 8908.427083333334, 8912.16015625, 8913.3193359375, 8913.020833333334, 8910.42578125, 8905.464192708334, 8898.252278645834, 8888.7158203125, 8877.401692708334, 8866.422526041666, 8855.859700520834, 8845.879231770834, 8836.492513020834, 8827.2294921875, 8816.826822916666, 8810.2314453125, 8810.457356770834, 8812.400065104166, 8814.4013671875, 8816.729166666666, 8817.318033854166, 8813.885416666666, 8807.532877604166, 8799.932291666666, 8800.030598958334, 8799.563151041666, 8798.19921875, 8796.199869791666, 8794.26171875, 8791.490559895834, 8789.317708333334, 8788.342447916666, 8788.7431640625, 8790.500651041666, 8792.694661458334, 8795.160807291666, 8797.557942708334, 8798.5126953125, 8797.800455729166, 8795.822591145834, 8793.1162109375, 8790.255208333334, 8788.525065104166, 8787.936848958334, 8788.41796875, 8789.865234375, 8791.758463541666, 8793.348307291666, 8793.933919270834, 8793.967447916666, 8793.1865234375, 8791.924479166666, 8790.710286458334], "upper": [9000.9482421875, 8943.197265625, 8906.7939453125, 8893.26953125, 8883.400390625, 8875.0498046875, 8869.404296875, 8870.3203125, 8883.98046875, 8916.248046875, 8946.109375, 8973.3173828125, 8995.265625, 9015.2724609375, 9027.783203125, 9031.3349609375, 9025.6533203125, 9031.4521484375, 9062.4384765625, 9076.2919921875, 9103.68359375, 9114.08984375, 9092.8681640625, 9095.806640625, 9104.9189453125, 9109.5966796875, 9096.21484375, 9076.6611328125, 9061.2158203125, 9049.685546875, 9040.69140625, 9032.669921875, 9025.7958984375, 9019.6279296875, 9013.3447265625, 9007.6552734375, 9002.041015625, 8996.9140625, 8992.0966796875, 8988.05078125, 8984.5361328125, 8981.6611328125, 8979.8544921875, 8978.9765625, 8979.5908203125, 8979.83203125, 8979.599609375, 8980.396484375, 8979.908203125, 8976.923828125, 8980.0400390625, 8979.81640625, 8974.9814453125, 8965.5908203125, 8950.9599609375, 8932.87890625, 8916.5712890625, 8902.0244140625, 8889.3330078125, 8878.912109375, 8871.0595703125, 8864.748046875, 8859.974609375, 8856.646484375, 8855.3798828125, 8853.369140625, 8850.779296875, 8844.14453125, 8835.4931640625, 8836.244140625, 8834.560546875, 8829.80859375, 8821.521484375, 8812.5, 8808.6640625, 8807.5244140625, 8801.9892578125, 8796.8369140625, 8798.6220703125, 8802.291015625, 8807.841796875, 8812.6953125, 8816.54296875, 8818.37890625, 8817.435546875, 8814.0703125, 8809.5185546875, 8805.02734375, 8800.85546875, 8798.3525390625, 8797.224609375, 8797.4755859375, 8799.0224609375, 8801.3955078125, 8804.14453125, 8806.0263671875, 8807.1865234375, 8807.0439453125, 8805.60546875, 8803.1708984375], "lower": [8562.517578125, 8566.7373046875, 8571.9814453125, 8579.9814453125, 8590.9111328125, 8605.0205078125, 8621.0205078125, 8640.724609375, 8663.619140625, 8689.3876953125, 8719.8701171875, 8756.0810546875, 8796.021484375, 8830.5361328125, 8812.6298828125, 8806.787109375, 8805.359375, 8807.9150390625, 8813.4892578125, 8818.5126953125, 8819.9638671875, 8817.595703125, 8811.5078125, 8804.5439453125, 8798.126953125, 8794.8173828125, 8794.7919921875, 8797.38671875, 8802.5927734375, 8806.61328125, 8805.462890625, 8801.04296875, 8795.8857421875, 8791.9384765625, 8791.0751953125, 8792.744140625, 8795.71875, 8796.513671875, 8791.107421875, 8786.484375, 8784.796875, 8786.509765625, 8790.431640625, 8791.2509765625, 8785.1689453125, 8781.7412109375, 8781.205078125, 8783.9072265625, 8787.9580078125, 8787.4248046875, 8786.669921875, 8785.8232421875, 8785.107421875, 8784.2138671875, 8783.6318359375, 8782.6748046875, 8781.9521484375, 8781.349609375, 8780.58984375, 8780.19921875, 8779.5224609375, 8779.009765625, 8778.4072265625, 8777.876953125, 8777.4931640625, 8777.2705078125, 8776.859375, 8776.4892578125, 8775.8359375, 8775.677734375, 8775.6845703125, 8775.4501953125, 8775.419921875, 8775.5126953125, 8775.490234375, 8775.5458984375, 8775.4208984375, 8775.4853515625, 8775.802734375, 8775.578125, 8775.63671875, 8775.7568359375, 8775.8232421875, 8776.1611328125, 8776.2568359375, 8776.265625, 8776.3125, 8776.380859375, 8776.376953125, 8776.5595703125, 8776.541015625, 8776.609375, 8776.9150390625, 8776.9013671875, 8777.0576171875, 8777.001953125, 8776.9541015625, 8777.048828125, 8777.12890625, 8777.1298828125]}