{"mean": [49981.067708333336, 47753.053385416664, 47365.475260416664, 47622.52734375, 47517.71484375, 47414.768229166664, 47234.75390625, 46921.893229166664, 46804.239583333336, 46412.255208333336, 46035.0625, 45895.778645833336, 46163.216145833336, 46620.016927083336, 46834.579427083336, 46523.415364583336, 46170.510416666664, 45717.03125, 45773.666666666664, 45573.84375, 45526.0625, 45392.48828125, 45245.174479166664, 45088.299479166664, 45107.9375, 44996.130208333336, 44906.31640625, 45015.065104166664, 45189.920572916664, 45312.518229166664, 45422.989583333336, 45512.002604166664, 45524.256510416664, 45475.858072916664, 45467.74609375, 45413.213541666664, 45301.096354166664, 45281.805989583336, 45267.498697916664, 45200.682291666664, 45224.563802083336, 45338.252604166664, 45482.458333333336, 45689.453125, 45810.282552083336, 45938.614583333336, 46005.21484375, 45928.088541666664, 45894.626302083336, 45905.915364583336, 45918.165364583336, 45936.665364583336, 45950.055989583336, 46011.73046875, 46030.692708333336, 45948.104166666664, 45776.919270833336, 45676.959635416664, 45667.475260416664, 45626.212239583336, 45580.345052083336, 45613.552083333336, 45576.4296875, 45441.087239583336, 45385.397135416664, 45368.201822916664, 45371.696614583336, 45482.811197916664, 45595.8515625, 45627.690104166664, 45512.127604166664, 45502.358072916664, 45502.334635416664, 45614.334635416664, 45605.177083333336, 45518.67578125, 45345.368489583336, 45315.41796875, 45393.627604166664, 45439.0, 45407.001302083336, 45294.83203125, 45264.748697916664, 45333.0, 45474.60546875, 45516.122395833336, 45465.872395833336, 45494.0703125, 45600.735677083336, 45655.62109375, 45554.455729166664, 45493.91015625, 45501.895833333336, 45511.348958333336, 45413.6015625, 45332.61328125, 45322.013020833336, 45354.0078125, 45315.28125, 45357.662760416664], "upper": [52353.9921875, 51725.26953125, 51212.2109375, 50770.57421875, 50433.1640625, 50204.44140625, 49958.6328125, 49669.921875, 49277.96875, 48812.9140625, 48213.68359375, 47949.34765625, 48236.19140625, 48474.4296875, 48622.15625, 48624.14453125, 48546.90625, 48322.90625, 48116.97265625, 47809.4140625, 47612.95703125, 47510.5390625, 47443.65234375, 47337.84765625, 47215.87890625, 47117.5078125, 46998.33203125, 46829.66796875, 47266.328125, 47539.19921875, 47722.109375, 47816.45703125, 47824.0703125, 47760.5078125, 47612.8828125, 47450.8984375, 47188.59375, 47432.50390625, 47579.63671875, 47693.953125, 47821.890625, 47895.8828125, 47926.16015625, 47916.65234375, 47882.8046875, 47875.6328125, 47908.6953125, 47969.0078125, 48041.09375, 48089.0, 48117.3515625, 48130.23046875, 48124.91796875, 48128.31640625, 48135.640625, 48137.69140625, 48118.5390625, 48105.1875, 48074.99609375, 48029.3828125, 47974.50390625, 47915.01953125, 47846.3984375, 47817.9296875, 47840.1875, 47866.66796875, 47883.2578125, 47901.390625, 47919.98046875, 47956.2734375, 47986.375, 48007.2109375, 48004.046875, 47984.77734375, 47978.0546875, 47986.03125, 47989.3359375, 47984.8984375, 47942.63671875, 47874.8515625, 47843.5546875, 47814.3515625, 47802.12109375, 47816.58203125, 47838.09375, 47814.39453125, 47769.1328125, 47709.1484375, 47665.66796875, 47633.8984375, 47594.453125, 47554.5390625, 47524.8515625, 47510.63671875, 47520.328125, 47516.25, 47513.046875, 47526.3671875, 47552.48046875, 47576.9609375], "lower": [46476.484375, 44080.9140625, 43355.61328125, 44830.2421875, 45182.5, 45240.82421875, 45213.29296875, 44200.1875, 43960.359375, 42977.828125, 42220.234375, 41832.44140625, 42121.36328125, 43369.25390625, 44025.3359375, 43303.1953125, 42559.78125, 41579.625, 41924.38671875, 41627.9296875, 41710.23828125, 41536.4140625, 41376.58984375, 41266.56640625, 41729.796875, 41856.59765625, 42057.53125, 42797.35546875, 43108.5234375, 43399.23828125, 43711.328125, 44028.9609375, 44184.6953125, 44131.6796875, 43970.28125, 44037.921875, 44242.65234375, 44052.546875, 43743.33203125, 43453.3359375, 43360.375, 43584.60546875, 43929.86328125, 44501.4921875, 44669.875, 44849.25390625, 44914.890625, 44715.671875, 44645.4140625, 44616.33984375, 44628.51171875, 44554.82421875, 44590.37890625, 44831.6171875, 44895.7265625, 44809.9453125, 44477.734375, 44263.11328125, 44256.203125, 44214.046875, 44156.4375, 44363.44921875, 44394.99609375, 44111.06640625, 44024.7890625, 44009.0, 43976.34765625, 44181.31640625, 44373.22265625, 44340.875, 43912.828125, 43850.5859375, 43880.96875, 44296.97265625, 44350.05078125, 44162.96484375, 43707.1796875, 43657.70703125, 43916.88671875, 44076.4375, 43998.1328125, 43721.5390625, 43595.58203125, 43716.87109375, 43982.84375, 43954.0859375, 43662.828125, 43694.0, 43995.09375, 44178.8203125, 43938.1640625, 43848.70703125, 43974.21875, 44141.23828125, 43974.046875, 43852.1328125, 43936.84375, 44046.8828125, 43877.859375, 43928.6171875]}