{"mean": [50566.916666666664, 49270.026041666664, 49012.936197916664, 49079.99609375, 49144.942708333336, 49094.90625, 49018.2578125, 48841.6015625, 48686.6171875, 48516.282552083336, 48359.438802083336, 48304.145833333336, 48358.985677083336, 48454.139322916664, 48455.873697916664, 48384.721354166664, 48267.700520833336, 48116.653645833336, 48014.220052083336, 48016.221354166664, 48011.498697916664, 47956.59765625, 47864.899739583336, 47768.350260416664, 47748.80078125, 47710.360677083336, 47662.052083333336, 47653.748697916664, 47633.05078125, 47629.649739583336, 47627.51171875, 47624.625, 47601.973958333336, 47571.125, 47550.447916666664, 47573.37890625, 47611.610677083336, 47620.555989583336, 47598.34375, 47592.024739583336, 47584.690104166664, 47585.576822916664, 47578.205729166664, 47569.28515625, 47561.911458333336, 47544.938802083336, 47535.921875, 47537.845052083336, 47539.62890625, 47539.321614583336, 47534.430989583336, 47523.955729166664, 47514.419270833336, 47525.7890625, 47535.740885416664, 47531.638020833336, 47505.38671875, 47505.760416666664, 47514.078125, 47515.067708333336, 47507.888020833336, 47513.515625, 47520.588541666664, 47505.208333333336, 47509.458333333336, 47511.66796875, 47502.346354166664, 47506.73046875, 47518.6875, 47513.739583333336, 47507.44140625, 47520.059895833336, 47505.459635416664, 47514.26171875, 47519.440104166664, 47506.39453125, 47501.8828125, 47510.169270833336, 47496.6328125, 47509.453125, 47508.319010416664, 47495.161458333336, 47497.37890625, 47488.897135416664, 47494.052083333336, 47484.813802083336, 47482.30078125, 47481.450520833336, 47474.891927083336, 47479.578125, 47467.252604166664, 47468.178385416664, 47463.826822916664, 47466.2890625, 47460.759114583336, 47459.328125, 47459.923177083336, 47467.955729166664, 47460.459635416664, 47460.416666666664], "upper": [55182.3203125, 52029.9296875, 51652.90625, 52141.59375, 52515.609375, 52514.5, 52261.09375, 51927.171875, 51589.3125, 51223.12890625, 50871.7265625, 50627.109375, 50725.046875, 50982.02734375, 50996.44140625, 50827.4765625, 50534.41015625, 50157.8671875, 49879.44921875, 49902.5703125, 49869.5546875, 49695.9296875, 49438.0625, 49178.8515625, 49155.0546875, 49070.84765625, 48949.80859375, 48922.03125, 48910.5078125, 48909.30859375, 48910.796875, 48931.58203125, 48909.79296875, 48848.15234375, 48752.65625, 48733.3984375, 48736.8125, 48744.25, 48726.58203125, 48751.5859375, 48750.8046875, 48792.70703125, 48834.31640625, 48866.49609375, 48866.4921875, 48817.73828125, 48787.14453125, 48801.7578125, 48815.890625, 48818.484375, 48811.0625, 48782.125, 48761.0859375, 48805.34375, 48834.23828125, 48821.98828125, 48745.27734375, 48753.93359375, 48776.36328125, 48775.40234375, 48753.55859375, 48766.1015625, 48785.73046875, 48747.4296875, 48768.23828125, 48774.28515625, 48752.6796875, 48777.125, 48821.484375, 48813.06640625, 48800.04296875, 48842.2265625, 48805.109375, 48837.69140625, 48860.1015625, 48827.76171875, 48815.15234375, 48837.05078125, 48799.90625, 48846.9296875, 48842.72265625, 48806.44921875, 48823.6484375, 48806.1328125, 48834.2578125, 48816.0859375, 48814.484375, 48815.37890625, 48801.734375, 48823.1015625, 48792.234375, 48797.03515625, 48784.5078125, 48793.9140625, 48772.72265625, 48766.765625, 48757.46875, 48785.62109375, 48765.0234375, 48771.45703125], "lower": [47973.3515625, 47609.53515625, 47479.55078125, 47369.75390625, 47304.7421875, 47234.5546875, 47339.40625, 47216.24609375, 47195.23828125, 47147.4296875, 47028.25390625, 47091.05078125, 47142.78515625, 47164.140625, 47140.67578125, 47095.36328125, 47043.28125, 46990.29296875, 46972.546875, 46973.87109375, 47011.39453125, 47023.12890625, 47004.21484375, 46971.66015625, 46931.8828125, 46888.34765625, 46856.2109375, 46829.28515625, 46808.58203125, 46799.984375, 46777.890625, 46740.46875, 46698.03515625, 46679.8359375, 46724.203125, 46807.921875, 46910.25, 46941.97265625, 46901.44921875, 46866.25, 46850.359375, 46813.7890625, 46753.20703125, 46698.5234375, 46678.84375, 46676.3125, 46682.00390625, 46676.90234375, 46670.625, 46667.33984375, 46661.26171875, 46659.49609375, 46652.734375, 46641.3515625, 46643.109375, 46645.4296875, 46649.79296875, 46645.78125, 46648.23828125, 46653.12109375, 46654.38671875, 46659.59765625, 46659.52734375, 46650.8046875, 46644.73046875, 46646.1953125, 46641.85546875, 46632.3984375, 46626.21875, 46622.55078125, 46620.41015625, 46618.30859375, 46613.88671875, 46609.0, 46604.8359375, 46601.97265625, 46604.26953125, 46609.14453125, 46610.0859375, 46608.22265625, 46609.6171875, 46605.53515625, 46593.10546875, 46585.34375, 46575.953125, 46566.48828125, 46561.8203125, 46557.3828125, 46554.19921875, 46550.234375, 46547.09765625, 46546.7109375, 46546.71875, 46545.95703125, 46546.4453125, 46553.21875, 46559.6640625, 46556.18359375, 46554.68359375, 46548.4375]}