{"mean": [43069.489583333336, 42199.76953125, 42022.934895833336, 42072.0625, 42111.600260416664, 42079.350260416664, 42041.522135416664, 41898.526041666664, 41777.572916666664, 41640.72265625, 41529.584635416664, 41490.635416666664, 41502.638020833336, 41557.709635416664, 41547.68359375, 41496.088541666664, 41420.744791666664, 41317.380208333336, 41255.072916666664, 41259.458333333336, 41257.700520833336, 41215.428385416664, 41143.27734375, 41067.703125, 41049.528645833336, 41024.361979166664, 40993.447916666664, 40990.63671875, 40971.147135416664, 40965.557291666664, 40961.934895833336, 40962.66796875, 40952.720052083336, 40940.6875, 40938.634114583336, 40973.908854166664, 41022.416666666664, 41032.006510416664, 41016.006510416664, 41003.30078125, 40988.02734375, 40976.092447916664, 40954.18359375, 40928.51953125, 40904.373697916664, 40875.8828125, 40854.151041666664, 40840.49609375, 40829.30078125, 40823.928385416664, 40820.873697916664, 40817.8984375, 40817.059895833336, 40834.48046875, 40851.962239583336, 40857.28515625, 40843.07421875, 40848.33984375, 40856.623697916664, 40862.40234375, 40864.44140625, 40876.311197916664, 40888.553385416664, 40877.1171875, 40881.704427083336, 40883.4921875, 40875.592447916664, 40876.373697916664, 40882.197916666664, 40873.759114583336, 40865.4921875, 40873.145833333336, 40864.618489583336, 40875.942708333336, 40882.65625, 40875.5859375, 40873.541666666664, 40881.533854166664, 40876.216145833336, 40887.223958333336, 40887.115885416664, 40876.251302083336, 40869.575520833336, 40857.645833333336, 40855.912760416664, 40840.875, 40829.8046875, 40825.513020833336, 40819.59375, 40823.279947916664, 40812.9375, 40815.670572916664, 40815.84765625, 40822.940104166664, 40823.147135416664, 40829.524739583336, 40836.110677083336, 40845.141927083336, 40839.26953125, 40842.026041666664], "upper": [46943.23046875, 45021.73046875, 44826.68359375, 45199.1875, 45418.21484375, 45396.66015625, 45217.12890625, 44970.359375, 44712.6640625, 44429.3984375, 44163.44140625, 43952.10546875, 43947.2578125, 44085.13671875, 44063.80078125, 43941.421875, 43751.20703125, 43505.015625, 43342.953125, 43373.73828125, 43340.21484375, 43187.33203125, 42961.5546875, 42731.171875, 42667.0390625, 42573.9453125, 42454.39453125, 42392.69921875, 42357.82421875, 42327.49609375, 42301.19140625, 42298.46484375, 42262.796875, 42196.35546875, 42106.2734375, 42076.8671875, 42064.26953125, 42057.15234375, 42045.171875, 42053.7109375, 42050.3671875, 42079.12890625, 42106.38671875, 42129.33203125, 42124.68359375, 42080.67578125, 42044.875, 42044.796875, 42043.69140625, 42040.71875, 42035.1796875, 42019.734375, 42009.296875, 42050.9140625, 42076.98828125, 42065.65234375, 41999.98046875, 42003.35546875, 42014.80078125, 42015.36328125, 42005.97265625, 42020.19921875, 42040.3046875, 42003.24609375, 42017.6875, 42020.96875, 42008.1640625, 42033.2734375, 42073.1875, 42067.24609375, 42054.6484375, 42084.21484375, 42062.4765625, 42095.18359375, 42113.2734375, 42089.33203125, 42070.3671875, 42082.96875, 42062.75390625, 42101.2265625, 42096.5625, 42059.7890625, 42067.62109375, 42060.7734375, 42091.77734375, 42077.7265625, 42069.73046875, 42071.6875, 42065.2265625, 42084.109375, 42053.84765625, 42054.81640625, 42043.8984375, 42051.15625, 42030.4609375, 42024.8984375, 42016.61328125, 42039.27734375, 42020.19140625, 42031.4140625], "lower": [41118.6015625, 40726.890625, 40595.0625, 40506.6015625, 40439.81640625, 40400.03125, 40349.32421875, 40310.890625, 40255.31640625, 40176.0234375, 40134.9765625, 40236.14453125, 40277.9921875, 40272.453125, 40278.0234375, 40266.1796875, 40226.8125, 40168.3671875, 40140.86328125, 40127.5078125, 40158.703125, 40176.70703125, 40174.6328125, 40166.32421875, 40161.8671875, 40159.47265625, 40170.609375, 40190.7890625, 40212.73046875, 40241.4921875, 40258.47265625, 40265.3359375, 40273.98046875, 40307.30859375, 40317.3984375, 40330.05078125, 40345.0390625, 40322.43359375, 40305.41796875, 40288.04296875, 40273.6953125, 40264.48828125, 40257.08984375, 40251.1875, 40248.79296875, 40247.30078125, 40241.95703125, 40233.83984375, 40217.9453125, 40208.59765625, 40208.62890625, 40216.62109375, 40216.140625, 40217.16015625, 40216.2890625, 40214.56640625, 40211.7265625, 40211.53125, 40215.3515625, 40219.44140625, 40223.62109375, 40228.44140625, 40235.4296875, 40239.52734375, 40238.06640625, 40236.1328125, 40233.375, 40230.24609375, 40226.88671875, 40221.79296875, 40217.0, 40213.68359375, 40212.36328125, 40212.80078125, 40211.1328125, 40206.8984375, 40203.3046875, 40201.09765625, 40200.1015625, 40199.32421875, 40201.2734375, 40205.8984375, 40209.51953125, 40208.21484375, 40203.4453125, 40204.4140625, 40207.2109375, 40192.11328125, 40180.8046875, 40175.2421875, 40174.8984375, 40180.3984375, 40190.28515625, 40204.5, 40215.34765625, 40211.78125, 40216.2734375, 40214.7109375, 40212.1796875, 40210.26171875]}