{"mean": [49981.963541666664, 47725.248697916664, 47212.21875, 46390.639322916664, 46157.791666666664, 46453.7109375, 47140.06640625, 47840.442708333336, 47699.778645833336, 46735.559895833336, 45543.973958333336, 44898.779947916664, 44955.384114583336, 44709.98828125, 44704.713541666664, 45070.661458333336, 45321.05859375, 45105.18359375, 44791.321614583336, 44774.696614583336, 44585.813802083336, 44283.372395833336, 44003.178385416664, 43650.34765625, 43530.759114583336, 43062.89453125, 42956.884114583336, 42760.415364583336, 42781.825520833336, 42397.67578125, 42121.6953125, 41960.747395833336, 42027.908854166664, 41819.083333333336, 41810.649739583336, 41661.305989583336, 41621.2734375, 41638.610677083336, 41775.489583333336, 41701.236979166664, 41331.854166666664, 41426.69921875, 41351.69140625, 41371.466145833336, 41363.154947916664, 41265.360677083336, 41220.958333333336, 41114.868489583336, 41266.416666666664, 41102.0625, 41202.393229166664, 41063.154947916664, 41247.2578125, 41114.216145833336, 41149.419270833336, 40972.96875, 41114.244791666664, 40947.572916666664, 41021.614583333336, 40900.837239583336, 40975.381510416664, 40883.899739583336, 40952.787760416664, 40905.01171875, 40837.38671875, 40897.326822916664, 40798.903645833336, 40823.830729166664, 40769.52734375, 40775.377604166664, 40748.736979166664, 40782.951822916664, 40708.263020833336, 40715.036458333336, 40645.1484375, 40613.9921875, 40551.885416666664, 40589.96484375, 40554.229166666664, 40348.427083333336, 40586.8046875, 40444.983072916664, 40597.459635416664, 40574.265625, 40473.891927083336, 40544.401041666664, 40536.778645833336, 40518.798177083336, 40559.524739583336, 40536.67578125, 40563.096354166664, 40550.174479166664, 40564.4375, 40563.236979166664, 40544.513020833336, 40575.658854166664, 40571.725260416664, 40502.067708333336, 40580.97265625, 40530.94921875], "upper": [52355.53125, 51706.87109375, 51242.38671875, 50754.08203125, 50348.171875, 50108.8046875, 49824.390625, 49518.0078125, 49170.5859375, 48692.3984375, 48099.73828125, 47337.6796875, 46910.62890625, 46276.5703125, 45448.8828125, 45776.7734375, 46021.48828125, 46156.20703125, 46248.77734375, 46178.49609375, 45829.04296875, 45123.28515625, 44691.40625, 43841.61328125, 43952.54296875, 43895.72265625, 43703.15625, 43539.67578125, 43365.2578125, 43079.12109375, 42831.40625, 42619.94140625, 42360.96484375, 42216.09765625, 42339.88671875, 42507.97265625, 42547.15625, 42511.53125, 42282.5625, 42063.82421875, 41867.01171875, 41662.51171875, 41708.54296875, 41744.265625, 41739.26953125, 41657.3046875, 41542.33203125, 41489.08984375, 41535.5, 41461.8515625, 41468.828125, 41453.31640625, 41530.05078125, 41384.80078125, 41357.7109375, 41319.421875, 41299.91015625, 41195.3515625, 41147.9296875, 41085.9140625, 41108.296875, 40996.359375, 41082.35546875, 41008.26953125, 40987.71484375, 41139.07421875, 40991.69140625, 41082.32421875, 41073.87109375, 41082.6015625, 41079.78125, 41328.7265625, 41167.7421875, 41209.578125, 41256.0078125, 41142.66015625, 41129.12109375, 41174.5703125, 40970.4296875, 40969.9609375, 40907.46484375, 40954.17578125, 40877.76171875, 40921.6953125, 40865.34765625, 40978.40625, 40873.171875, 40941.0859375, 40849.80859375, 41055.8046875, 40922.6484375, 41026.3203125, 40909.4765625, 41043.6953125, 40900.3515625, 41041.15234375, 41037.85546875, 40849.89453125, 41079.34375, 40900.3984375], "lower": [46473.046875, 44074.3984375, 43816.26171875, 42892.5546875, 41908.1796875, 42869.97265625, 45667.53515625, 45174.76171875, 45175.29296875, 45207.53125, 43403.1796875, 42356.71875, 43156.4296875, 43219.52734375, 44260.4296875, 44079.12890625, 44020.5, 43980.41796875, 43790.828125, 43528.7890625, 43353.1484375, 43275.24609375, 43138.23828125, 43330.09375, 42714.17578125, 42625.41796875, 42326.22265625, 41654.7265625, 41850.91796875, 41097.9140625, 40723.19921875, 40722.9140625, 41370.63671875, 41051.671875, 41108.9140625, 40918.7421875, 41043.99609375, 41109.46875, 40776.15625, 41023.875, 40792.8046875, 41008.50390625, 40851.2265625, 40861.8515625, 40856.56640625, 40712.17578125, 40806.37890625, 40703.83203125, 40806.60546875, 40710.46484375, 40808.45703125, 40719.3046875, 40794.2109375, 40718.40625, 40781.3515625, 40658.75390625, 40781.1875, 40533.7109375, 40782.74609375, 40652.19921875, 40773.8046875, 40673.60546875, 40821.71484375, 40784.0, 40623.77734375, 40673.375, 40542.58984375, 40543.05078125, 40401.80859375, 40427.04296875, 40375.71875, 40270.671875, 40258.76171875, 40305.71484375, 40100.328125, 40110.10546875, 39948.68359375, 40050.9921875, 40094.49609375, 39477.46875, 40260.734375, 39761.36328125, 40311.64453125, 40185.11328125, 39952.47265625, 40058.65234375, 40128.45703125, 39978.3515625, 40250.6328125, 39959.96875, 40173.42578125, 40068.0, 40229.93359375, 40101.84765625, 40217.60546875, 40179.546875, 40166.671875, 40168.0546875, 40166.5, 40193.671875]}