{"mean": [43067.977864583336, 42207.010416666664, 41967.108072916664, 42009.536458333336, 42076.375, 41975.447916666664, 42219.459635416664, 42411.645833333336, 42281.114583333336, 42093.365885416664, 41632.002604166664, 41692.229166666664, 41655.158854166664, 41822.903645833336, 42032.282552083336, 42346.729166666664, 42491.09765625, 42501.895833333336, 42449.6640625, 42361.6640625, 42301.28515625, 42239.665364583336, 42199.147135416664, 42432.8671875, 42203.049479166664, 42178.255208333336, 42121.759114583336, 42092.9765625, 42069.829427083336, 42000.436197916664, 41940.506510416664, 41970.252604166664, 42019.1953125, 42069.579427083336, 42142.37109375, 42252.4453125, 42388.446614583336, 42509.98828125, 42515.821614583336, 42534.752604166664, 42561.459635416664, 42593.397135416664, 42649.0703125, 42639.322916666664, 42607.169270833336, 42635.03515625, 42695.015625, 42684.669270833336, 42655.091145833336, 42705.348958333336, 42791.075520833336, 42781.033854166664, 42739.438802083336, 42773.216145833336, 42868.09765625, 42862.274739583336, 42843.884114583336, 42894.00390625, 42988.56640625, 42993.080729166664, 42962.266927083336, 42980.020833333336, 43028.037760416664, 43017.125, 42969.705729166664, 42953.473958333336, 42970.552083333336, 42988.3359375, 42975.610677083336, 42954.748697916664, 42960.279947916664, 42949.00390625, 42975.79296875, 43017.165364583336, 43035.071614583336, 43052.548177083336, 43081.666666666664, 43115.479166666664, 43136.697916666664, 43297.010416666664, 43241.25390625, 43414.7109375, 43239.548177083336, 43248.118489583336, 43271.447916666664, 43257.611979166664, 43233.690104166664, 43234.3671875, 43217.583333333336, 43230.055989583336, 43225.489583333336, 43223.734375, 43256.395833333336, 43265.796875, 43224.751302083336, 43201.994791666664, 43230.837239583336, 43208.811197916664, 43167.643229166664, 43167.868489583336], "upper": [46941.41796875, 45013.703125, 44582.37109375, 44630.5234375, 44532.05859375, 44259.54296875, 45150.375, 45970.87109375, 45923.30859375, 45509.70703125, 44212.98046875, 44395.41015625, 44220.5859375, 44641.5859375, 44948.35546875, 45339.75390625, 45486.91015625, 45558.7109375, 45551.63671875, 45474.9765625, 45319.1796875, 45103.1640625, 44848.5078125, 44647.71484375, 44443.31640625, 44270.765625, 44030.75, 43840.98046875, 43688.26171875, 43470.5, 43454.8984375, 43560.12890625, 43631.69921875, 43595.55078125, 43523.2109375, 43512.00390625, 43536.84375, 43520.67578125, 43437.57421875, 43397.19921875, 43394.80078125, 43401.7734375, 43360.80078125, 43303.7578125, 43279.71484375, 43281.98046875, 43277.96875, 43244.32421875, 43230.23828125, 43241.6953125, 43289.59765625, 43269.90625, 43267.38671875, 43286.9609375, 43476.015625, 43437.6015625, 43361.16015625, 43429.7421875, 43528.93359375, 43556.921875, 43560.3203125, 43600.3203125, 43652.6640625, 43653.2421875, 43610.671875, 43586.875, 43594.34765625, 43601.68359375, 43564.65625, 43511.6796875, 43495.328125, 43496.9921875, 43532.4296875, 43570.1796875, 43536.03515625, 43554.05078125, 43633.71875, 43688.98828125, 43644.04296875, 44035.83984375, 43808.5078125, 44291.61328125, 43700.0234375, 43662.12109375, 43727.83203125, 43719.55078125, 43622.26171875, 43619.203125, 43666.0703125, 43587.375, 43550.36328125, 43544.546875, 43572.86328125, 43665.2734375, 43596.98046875, 43576.16796875, 43674.8515625, 43624.1796875, 43528.734375, 43541.2890625], "lower": [41115.66796875, 40751.375, 40634.15625, 40550.3125, 40462.10546875, 40421.15625, 40390.7890625, 40350.84375, 40305.140625, 40253.28125, 40205.15234375, 40223.734375, 40289.09375, 40324.359375, 40543.84375, 40719.20703125, 40922.6328125, 40923.2578125, 40712.45703125, 40496.515625, 40449.3046875, 40448.0, 40551.46484375, 40780.1484375, 40901.828125, 40936.52734375, 40913.29296875, 40903.69140625, 40901.375, 40862.01171875, 40680.984375, 40661.87109375, 40680.08203125, 40750.28515625, 40887.98046875, 41040.55859375, 41220.5703125, 41416.5390625, 41599.9296875, 41799.1171875, 42002.90625, 42159.875, 42066.0859375, 41997.40625, 41943.95703125, 41903.265625, 41874.140625, 41847.796875, 41832.60546875, 41822.7421875, 41814.34765625, 41806.13671875, 41801.671875, 41801.4765625, 41809.609375, 41828.49609375, 41855.53125, 41888.8125, 41925.34375, 41960.5390625, 41994.36328125, 42026.84375, 42058.34375, 42087.45703125, 42116.5, 42149.125, 42183.20703125, 42217.69140625, 42252.69140625, 42284.9296875, 42315.765625, 42350.50390625, 42388.90234375, 42433.30859375, 42478.9140625, 42523.23828125, 42555.734375, 42574.62109375, 42591.68359375, 42627.51171875, 42676.07421875, 42713.9609375, 42729.4296875, 42732.67578125, 42748.37890625, 42767.28515625, 42774.6875, 42765.8203125, 42734.4609375, 42698.59375, 42672.046875, 42658.1015625, 42640.8125, 42615.3203125, 42583.66015625, 42545.41015625, 42516.95703125, 42505.30078125, 42501.625, 42491.4453125]}