{"mean": [6919.9375, 6444.31787109375, 6336.054361979167, 6365.90234375, 6408.25927734375, 6355.422688802083, 6283.355631510417, 6211.941731770833, 6122.632161458333, 6052.30322265625, 6011.705240885417, 6054.58251953125, 6032.89013671875, 5975.263834635417, 5849.52001953125, 5791.169108072917, 5812.758463541667, 5784.035970052083, 5781.78759765625, 5781.253580729167, 5768.03271484375, 5731.49560546875, 5692.255208333333, 5650.971354166667, 5607.676432291667, 5608.327473958333, 5573.7861328125, 5545.659830729167, 5533.344401041667, 5528.537923177083, 5539.99267578125, 5532.0341796875, 5522.3125, 5532.707845052083, 5482.927083333333, 5411.530110677083, 5357.821451822917, 5310.94921875, 5309.084309895833, 5358.5009765625, 5387.682942708333, 5364.520833333333, 5332.345377604167, 5322.458658854167, 5392.060709635417, 5382.373372395833, 5369.7158203125, 5382.5498046875, 5385.5234375, 5320.971354166667, 5329.759440104167, 5342.169108072917, 5349.036458333333, 5373.320475260417, 5378.269205729167, 5360.960286458333, 5327.125162760417, 5307.371744791667, 5307.976725260417, 5316.05712890625, 5341.0625, 5367.56298828125, 5371.295084635417, 5348.133463541667, 5315.461100260417, 5293.3388671875, 5291.66064453125, 5306.954264322917, 5328.006022135417, 5340.574381510417, 5338.498697916667, 5326.921223958333, 5313.312174479167, 5324.64697265625, 5300.173990885417, 5310.910319010417, 5333.420735677083, 5348.63818359375, 5352.618001302083, 5333.131184895833, 5310.125325520833, 5301.02880859375, 5306.333984375, 5312.810546875, 5315.464680989583, 5305.86474609375, 5291.631184895833, 5281.833658854167, 5260.797037760417, 5259.32470703125, 5285.137858072917, 5279.30029296875, 5284.455078125, 5287.946614583333, 5294.6982421875, 5259.162272135417, 5234.028645833333, 5267.100911458333, 5275.317708333333, 5286.04541015625], "upper": [7303.2060546875, 7166.76025390625, 7058.3896484375, 6962.65771484375, 6887.89306640625, 6837.23681640625, 6781.1669921875, 6728.0341796875, 6656.8193359375, 6560.2822265625, 6449.35986328125, 6358.767578125, 6254.3359375, 6127.451171875, 6080.857421875, 6035.7158203125, 6053.564453125, 6039.15283203125, 6030.279296875, 6015.90087890625, 5986.8203125, 5936.08447265625, 5887.0322265625, 5834.37255859375, 5838.78515625, 5823.33740234375, 5787.587890625, 5751.75048828125, 5743.58447265625, 5737.57421875, 5735.52587890625, 5736.13671875, 5736.98486328125, 5706.66064453125, 5615.05078125, 5459.5625, 5408.94287109375, 5323.90087890625, 5336.4541015625, 5414.068359375, 5462.0576171875, 5522.8701171875, 5390.9912109375, 5408.294921875, 5455.56298828125, 5414.26171875, 5407.98193359375, 5435.43310546875, 5484.044921875, 5368.99462890625, 5402.01025390625, 5398.06884765625, 5387.5625, 5438.43896484375, 5447.42236328125, 5419.216796875, 5364.3974609375, 5319.57373046875, 5310.0380859375, 5323.14697265625, 5367.38330078125, 5418.22705078125, 5426.48583984375, 5388.77490234375, 5338.728515625, 5316.89794921875, 5317.7783203125, 5349.3232421875, 5389.6025390625, 5411.2255859375, 5394.48486328125, 5359.9326171875, 5341.09912109375, 5382.80029296875, 5349.13671875, 5366.564453125, 5379.08154296875, 5379.88525390625, 5386.31982421875, 5354.8310546875, 5343.021484375, 5343.30224609375, 5351.58056640625, 5362.4248046875, 5382.72607421875, 5366.01708984375, 5357.68115234375, 5348.0634765625, 5345.84375, 5349.7392578125, 5374.3916015625, 5387.91455078125, 5382.25146484375, 5398.24755859375, 5387.43603515625, 5351.9306640625, 5320.22607421875, 5334.57177734375, 5356.3154296875, 5370.833984375], "lower": [6304.94873046875, 5816.5146484375, 5697.494140625, 5966.98828125, 6089.82421875, 6077.46728515625, 5980.984375, 5823.14306640625, 5632.01123046875, 5582.3994140625, 5570.38525390625, 5752.76171875, 5816.80908203125, 5805.9208984375, 5518.17578125, 5451.28564453125, 5547.146484375, 5511.1279296875, 5518.0654296875, 5549.677734375, 5555.490234375, 5535.0439453125, 5494.81201171875, 5453.71826171875, 5350.55810546875, 5391.56396484375, 5332.8837890625, 5298.740234375, 5305.24267578125, 5315.7080078125, 5365.3251953125, 5351.30322265625, 5357.88623046875, 5333.212890625, 5304.68212890625, 5315.5126953125, 5324.21337890625, 5294.12255859375, 5281.65576171875, 5319.103515625, 5317.7802734375, 5270.2333984375, 5291.92333984375, 5245.81884765625, 5309.0498046875, 5320.71875, 5336.41015625, 5316.68212890625, 5295.07080078125, 5287.24951171875, 5286.90673828125, 5299.56396484375, 5284.494140625, 5280.31396484375, 5254.71533203125, 5249.98486328125, 5266.85107421875, 5290.29443359375, 5305.06396484375, 5312.39794921875, 5311.41455078125, 5307.9248046875, 5306.201171875, 5295.4248046875, 5271.45361328125, 5251.36181640625, 5244.98046875, 5247.27197265625, 5246.740234375, 5244.6025390625, 5251.296875, 5261.48291015625, 5258.4033203125, 5252.62109375, 5265.111328125, 5282.81591796875, 5302.591796875, 5297.564453125, 5304.32275390625, 5292.78125, 5279.35205078125, 5262.38623046875, 5251.8388671875, 5220.43017578125, 5194.802734375, 5189.6552734375, 5190.47509765625, 5185.568359375, 5142.27685546875, 5112.47412109375, 5111.75830078125, 5079.4794921875, 5110.97021484375, 5107.19580078125, 5145.2626953125, 5098.93994140625, 5072.85595703125, 5155.5791015625, 5160.44580078125, 5194.79931640625]}