{
    "particle_has_naninf": false,
    "point_distance_sr": 13955.98828125,
    "point_distance_rs": 2626.34521484375,
    "chamfer_loss_pcd": 16582.333984375,
    "particle_distance_sr": 5645.2490234375,
    "particle_distance_rs": 7850.33935546875,
    "chamfer_loss_particle": 13495.587890625,
    "final_height_map": null,
    "height_map_loss_pcd": 4469.5146484375,
    "emd_point_distance_loss": 2882.1162109375,
    "emd_particle_distance_loss": 18141.5234375,
    "total_loss": 0.0
}