{"mean": [997.08447265625, 998.7563273111979, 997.9978841145834, 996.318115234375, 994.095947265625, 992.9991658528646, 992.637939453125, 992.3219604492188, 991.87646484375, 990.7560831705729, 989.2584025065104, 986.6980997721354, 984.2180582682291, 980.7046101888021, 976.6995239257812, 976.2805786132812, 975.9325154622396, 975.7436116536459, 975.7251993815104, 975.7669474283854, 975.9408976236979, 975.7681070963541, 975.3613688151041, 974.7853800455729, 974.2501220703125, 973.6520182291666, 973.2191975911459, 972.78857421875, 972.4396158854166, 972.0066324869791, 971.46484375, 970.8713175455729, 970.2557373046875, 969.6061808268229, 968.8922729492188, 967.9832153320312, 967.0283610026041, 966.0547892252604, 964.3710327148438, 961.9503377278646, 957.6932576497396, 953.1193440755209, 952.3543904622396, 951.4706013997396, 950.7844848632812, 950.270751953125, 949.7635091145834, 949.1843465169271, 948.6673583984375, 948.4147338867188, 948.18505859375, 948.2398681640625, 948.3218790690104, 948.4584554036459, 948.5597127278646, 948.6242065429688, 948.60400390625, 948.5849812825521, 948.5762125651041, 948.5908813476562, 948.6257731119791, 948.6602172851562, 948.7101643880209, 948.7056274414062, 948.7262980143229, 948.681640625, 948.6402180989584, 948.5681966145834, 948.4330037434896, 948.3735555013021, 948.2808227539062, 948.2121175130209, 948.1541137695312, 948.1158243815104, 948.0611572265625, 948.0493570963541, 948.041259765625, 948.0336303710938, 948.0381469726562, 948.0767822265625, 948.0899861653646, 948.1121419270834, 948.1442057291666, 948.1218058268229, 948.1423136393229, 948.1331990559896, 948.1393839518229, 948.1341349283854, 948.1319376627604, 948.1452229817709, 948.1666259765625, 948.1713256835938, 948.1747233072916, 948.1917521158854, 948.1874186197916, 948.1929321289062, 948.1849161783854, 948.1633911132812, 948.1394246419271, 948.1360066731771], "upper": [1009.6026000976562, 1009.33349609375, 1009.0753784179688, 1008.75634765625, 1008.542724609375, 1008.1771850585938, 1007.7383422851562, 1007.3430786132812, 1006.907470703125, 1006.7395629882812, 1006.4015502929688, 1005.9639892578125, 1005.5549926757812, 1005.066162109375, 1004.7839965820312, 1004.56103515625, 1004.3465576171875, 1004.2102661132812, 1004.152587890625, 1004.1314086914062, 1004.0152587890625, 1003.766357421875, 1003.4000854492188, 1003.039794921875, 1002.6555786132812, 1002.2398071289062, 1001.8499755859375, 1001.3561401367188, 1000.8973999023438, 1000.364501953125, 999.6859130859375, 998.6152954101562, 997.62158203125, 996.3717041015625, 995.0150146484375, 993.567138671875, 992.05322265625, 990.1614379882812, 986.1152954101562, 979.6185913085938, 967.3760986328125, 955.2492065429688, 954.7493286132812, 954.219482421875, 953.67626953125, 953.0821533203125, 952.2373046875, 951.1797485351562, 950.1939086914062, 949.2022094726562, 948.2718505859375, 948.3846435546875, 948.6199951171875, 948.8670654296875, 949.0467529296875, 949.1947631835938, 949.3237915039062, 949.4088745117188, 949.452880859375, 949.4568481445312, 949.4533081054688, 949.372802734375, 949.3168334960938, 949.2083740234375, 949.1304321289062, 949.0157470703125, 948.9288330078125, 948.7867431640625, 948.5089721679688, 948.3948364257812, 948.331298828125, 948.28369140625, 948.235107421875, 948.1682739257812, 948.1566772460938, 948.1007690429688, 948.0750122070312, 948.06494140625, 948.1021728515625, 948.15576171875, 948.1819458007812, 948.2399291992188, 948.2776489257812, 948.2672729492188, 948.255615234375, 948.20751953125, 948.167236328125, 948.1653442382812, 948.1595458984375, 948.2005615234375, 948.250732421875, 948.2697143554688, 948.2738647460938, 948.2798461914062, 948.2549438476562, 948.2515258789062, 948.2385864257812, 948.2003784179688, 948.16015625, 948.156982421875], "lower": [976.711181640625, 982.7970581054688, 981.70703125, 977.861328125, 972.0899658203125, 969.8778076171875, 969.9671630859375, 970.8563842773438, 971.887451171875, 970.819091796875, 968.4805297851562, 964.2197875976562, 959.8823852539062, 955.5424194335938, 955.0447998046875, 955.1513061523438, 955.7462158203125, 956.3942260742188, 957.265625, 958.1661987304688, 959.3936767578125, 959.7500610351562, 959.5529174804688, 958.97216796875, 958.345458984375, 957.5335693359375, 957.1712646484375, 956.9600219726562, 957.0565185546875, 956.9281005859375, 956.8486328125, 956.6679077148438, 956.3101196289062, 955.7960815429688, 954.9260864257812, 953.6436157226562, 952.51318359375, 951.8656005859375, 951.1864624023438, 950.626708984375, 950.1529541015625, 949.5277099609375, 948.92236328125, 948.2888793945312, 947.917236328125, 947.9124145507812, 947.916259765625, 947.943115234375, 947.8983764648438, 947.9722290039062, 948.1090087890625, 948.0546875, 947.900146484375, 947.9640502929688, 947.9273071289062, 947.9729614257812, 947.9354858398438, 947.9158935546875, 947.97509765625, 948.13916015625, 948.1071166992188, 948.0613403320312, 947.9593505859375, 947.9695434570312, 948.0108642578125, 948.0968017578125, 948.1502685546875, 948.207763671875, 948.2827758789062, 948.333251953125, 948.2305908203125, 948.1494750976562, 948.0791015625, 948.06884765625, 947.9644165039062, 947.9857788085938, 947.9803466796875, 947.9774780273438, 947.9488525390625, 947.9759521484375, 947.974365234375, 947.9996337890625, 948.0765380859375, 948.0224609375, 948.0792236328125, 948.0885009765625, 948.111328125, 948.0927734375, 948.1051025390625, 948.0693359375, 948.0835571289062, 948.0770263671875, 948.0733032226562, 948.0918579101562, 948.0983276367188, 948.089599609375, 948.1148071289062, 948.0989990234375, 948.0989379882812, 948.095458984375]}