{"mean": [5325.498962402344, 5199.50048828125, 5002.737121582031, 4857.362243652344, 4834.460693359375, 4824.4002685546875, 4827.9625244140625, 4823.898681640625, 4818.3411865234375, 4814.91259765625, 4811.9273681640625, 4807.497985839844, 4803.392883300781, 4799.981750488281, 4796.966003417969, 4795.15771484375, 4793.71630859375, 4793.438293457031, 4793.629638671875, 4792.966857910156, 4788.5458984375, 4782.034729003906, 4775.600280761719, 4769.714782714844, 4764.9432373046875, 4760.939025878906, 4757.3880615234375, 4754.570007324219, 4752.362121582031, 4751.0703125, 4750.533264160156, 4750.400329589844, 4750.7750244140625, 4751.671813964844, 4752.800109863281, 4754.048278808594, 4755.0355224609375, 4755.994934082031, 4757.064453125, 4758.279235839844, 4759.257873535156, 4760.1456298828125, 4761.146057128906, 4762.08056640625, 4762.7191162109375, 4763.36083984375, 4763.891357421875, 4764.337097167969, 4764.664123535156, 4764.929626464844, 4765.185241699219, 4765.3759765625, 4765.6165771484375, 4765.765563964844, 4765.9217529296875, 4765.984313964844, 4766.143005371094, 4766.297668457031, 4766.552307128906, 4766.7603759765625, 4766.975891113281, 4767.182312011719, 4767.412170410156, 4767.622863769531, 4767.8680419921875, 4768.087890625, 4768.225280761719, 4768.3863525390625, 4768.5225830078125, 4768.64404296875, 4768.7987060546875, 4768.9432373046875, 4769.066467285156, 4769.216247558594, 4769.336608886719, 4769.453796386719, 4769.551574707031, 4769.6888427734375, 4769.8140869140625, 4769.8978271484375, 4769.999328613281, 4770.0723876953125, 4770.1536865234375, 4770.2239990234375, 4770.305725097656, 4770.362365722656, 4770.439636230469, 4770.4990234375, 4770.540771484375, 4770.591064453125, 4770.633239746094, 4770.644714355469, 4770.667053222656, 4770.695373535156, 4770.732604980469, 4770.760681152344, 4770.777404785156, 4770.7694091796875, 4770.7679443359375, 4770.784973144531], "upper": [5325.50439453125, 5199.513671875, 5002.744140625, 4857.3681640625, 4834.46240234375, 4824.4150390625, 4828.013671875, 4823.9560546875, 4818.38134765625, 4814.927734375, 4811.947265625, 4807.5, 4803.40087890625, 4799.98583984375, 4796.9697265625, 4795.16259765625, 4793.72119140625, 4793.4443359375, 4793.6328125, 4793.0126953125, 4788.6142578125, 4782.10693359375, 4775.64990234375, 4769.77001953125, 4764.97265625, 4760.9775390625, 4757.4111328125, 4754.599609375, 4752.39208984375, 4751.07666015625, 4750.54345703125, 4750.4052734375, 4750.78369140625, 4751.68017578125, 4752.826171875, 4754.0634765625, 4755.04736328125, 4756.017578125, 4757.08740234375, 4758.31494140625, 4759.33154296875, 4760.19873046875, 4761.19482421875, 4762.146484375, 4762.7763671875, 4763.43017578125, 4763.9599609375, 4764.39453125, 4764.71484375, 4764.96630859375, 4765.251953125, 4765.39111328125, 4765.64306640625, 4765.7783203125, 4765.943359375, 4766.0263671875, 4766.18505859375, 4766.35400390625, 4766.6171875, 4766.84130859375, 4767.0576171875, 4767.2783203125, 4767.552734375, 4767.763671875, 4768.01025390625, 4768.224609375, 4768.3525390625, 4768.53369140625, 4768.66259765625, 4768.7958984375, 4768.93310546875, 4769.08447265625, 4769.228515625, 4769.36669921875, 4769.4912109375, 4769.6044921875, 4769.6982421875, 4769.84912109375, 4769.9619140625, 4770.03662109375, 4770.13134765625, 4770.208984375, 4770.27783203125, 4770.35693359375, 4770.455078125, 4770.5009765625, 4770.60546875, 4770.65380859375, 4770.6748046875, 4770.720703125, 4770.7587890625, 4770.7548828125, 4770.79248046875, 4770.8046875, 4770.84130859375, 4770.86865234375, 4770.85107421875, 4770.8505859375, 4770.82666015625, 4770.84228515625], "lower": [5325.494140625, 5199.49072265625, 5002.732421875, 4857.3583984375, 4834.45751953125, 4824.39306640625, 4827.92333984375, 4823.86669921875, 4818.31396484375, 4814.89892578125, 4811.91845703125, 4807.4951171875, 4803.37744140625, 4799.9755859375, 4796.95947265625, 4795.1533203125, 4793.7119140625, 4793.42724609375, 4793.625, 4792.95166015625, 4788.50146484375, 4781.9931640625, 4775.5732421875, 4769.6943359375, 4764.92626953125, 4760.92431640625, 4757.375, 4754.55419921875, 4752.3447265625, 4751.0615234375, 4750.52685546875, 4750.3935546875, 4750.751953125, 4751.654296875, 4752.77490234375, 4754.0234375, 4755.0224609375, 4755.9736328125, 4757.0439453125, 4758.23681640625, 4759.15966796875, 4760.07763671875, 4761.078125, 4762.01953125, 4762.666015625, 4763.31005859375, 4763.84326171875, 4764.31103515625, 4764.63525390625, 4764.91455078125, 4765.1259765625, 4765.36962890625, 4765.58984375, 4765.7509765625, 4765.900390625, 4765.9404296875, 4766.1015625, 4766.22216796875, 4766.46142578125, 4766.65625, 4766.880859375, 4767.06591796875, 4767.255859375, 4767.462890625, 4767.70751953125, 4767.93017578125, 4768.09130859375, 4768.2275390625, 4768.3740234375, 4768.4892578125, 4768.6484375, 4768.787109375, 4768.88671875, 4769.04638671875, 4769.1728515625, 4769.2861328125, 4769.39111328125, 4769.521484375, 4769.64990234375, 4769.74072265625, 4769.85986328125, 4769.9296875, 4770.025390625, 4770.09130859375, 4770.154296875, 4770.2109375, 4770.27490234375, 4770.34228515625, 4770.400390625, 4770.46728515625, 4770.50390625, 4770.53662109375, 4770.54052734375, 4770.576171875, 4770.619140625, 4770.65478515625, 4770.69970703125, 4770.6962890625, 4770.70263671875, 4770.71923828125]}