{"mean": [2154.299346923828, 2050.1140747070312, 1856.458969116211, 1807.4709777832031, 1874.7010345458984, 1903.2993469238281, 1891.5105438232422, 1905.8150787353516, 1922.7196044921875, 1936.1870880126953, 1953.6933898925781, 1972.5919799804688, 1990.4547119140625, 2003.8641815185547, 2011.653564453125, 2014.9872436523438, 2012.2635650634766, 2007.2038269042969, 2000.1432342529297, 1996.5374908447266, 2004.8128967285156, 2027.124267578125, 2050.880401611328, 2074.0965270996094, 2096.249053955078, 2119.03662109375, 2139.4459533691406, 2157.647247314453, 2174.776885986328, 2190.4119873046875, 2204.057891845703, 2215.7607421875, 2226.2645874023438, 2235.6932983398438, 2244.385986328125, 2252.4103088378906, 2260.2909240722656, 2268.3432006835938, 2276.1280517578125, 2283.611328125, 2290.81201171875, 2297.603057861328, 2303.8568725585938, 2309.9844970703125, 2315.920654296875, 2321.6024780273438, 2327.1410217285156, 2332.3905029296875, 2337.4089965820312, 2342.194061279297, 2346.728271484375, 2350.0601806640625, 2352.658416748047, 2355.089813232422, 2357.2743530273438, 2359.4728393554688, 2361.45703125, 2363.2950134277344, 2365.0252075195312, 2366.681396484375, 2368.241180419922, 2369.7826538085938, 2371.323699951172, 2372.805145263672, 2374.2500915527344, 2375.6699829101562, 2377.003143310547, 2378.334686279297, 2379.7372436523438, 2381.1544189453125, 2382.6573486328125, 2384.1376037597656, 2385.5806274414062, 2387.0215454101562, 2388.3941345214844, 2389.7625122070312, 2391.115234375, 2392.4496459960938, 2393.7698364257812, 2395.0693969726562, 2396.3611450195312, 2397.6527404785156, 2398.89794921875, 2400.1416625976562, 2401.367706298828, 2402.5440979003906, 2403.734588623047, 2404.8795471191406, 2406.016387939453, 2407.1589965820312, 2408.2637634277344, 2409.3531799316406, 2410.4013671875, 2411.4808654785156, 2412.5202026367188, 2413.547119140625, 2414.5635681152344, 2415.5364990234375, 2416.5027465820312, 2417.4702758789062], "upper": [2154.312255859375, 2050.138916015625, 1856.48291015625, 1807.4814453125, 1874.7069091796875, 1903.32080078125, 1891.62548828125, 1905.923583984375, 1922.832275390625, 1936.264404296875, 1953.73974609375, 1972.6441650390625, 1990.4888916015625, 2003.87158203125, 2011.6605224609375, 2014.9991455078125, 2012.283447265625, 2007.24072265625, 2000.1702880859375, 1996.5753173828125, 2004.932373046875, 2027.2664794921875, 2051.005615234375, 2074.18701171875, 2096.340087890625, 2119.135009765625, 2139.5068359375, 2157.746337890625, 2174.90185546875, 2190.5615234375, 2204.202880859375, 2215.892822265625, 2226.399658203125, 2235.82421875, 2244.519287109375, 2252.554443359375, 2260.471923828125, 2268.49658203125, 2276.280517578125, 2283.775390625, 2291.080078125, 2297.825927734375, 2304.09375, 2310.202392578125, 2316.12841796875, 2321.813720703125, 2327.363037109375, 2332.670654296875, 2337.596435546875, 2342.383056640625, 2346.940185546875, 2350.229736328125, 2352.84228515625, 2355.295654296875, 2357.486572265625, 2359.6767578125, 2361.735107421875, 2363.472900390625, 2365.2353515625, 2366.892822265625, 2368.46875, 2370.05078125, 2371.64697265625, 2373.158447265625, 2374.6103515625, 2376.064208984375, 2377.43115234375, 2378.81103515625, 2380.244140625, 2381.6884765625, 2383.23291015625, 2384.73486328125, 2386.205810546875, 2387.642578125, 2389.02001953125, 2390.402099609375, 2391.763916015625, 2393.131103515625, 2394.440673828125, 2395.724365234375, 2397.020263671875, 2398.300048828125, 2399.54345703125, 2400.807373046875, 2402.019287109375, 2403.19775390625, 2404.3837890625, 2405.5, 2406.6435546875, 2407.75732421875, 2408.852294921875, 2409.937255859375, 2410.97412109375, 2412.03125, 2413.044189453125, 2414.0517578125, 2415.01611328125, 2415.982421875, 2416.900634765625, 2417.870849609375], "lower": [2154.278076171875, 2050.101806640625, 1856.4361572265625, 1807.457275390625, 1874.6915283203125, 1903.2711181640625, 1891.360595703125, 1905.6488037109375, 1922.550537109375, 1936.08544921875, 1953.625, 1972.5159912109375, 1990.4090576171875, 2003.857177734375, 2011.6474609375, 2014.9815673828125, 2012.2493896484375, 2007.1639404296875, 2000.11181640625, 1996.484619140625, 2004.6280517578125, 2026.9002685546875, 2050.677001953125, 2073.9189453125, 2096.07421875, 2118.854736328125, 2139.347412109375, 2157.541015625, 2174.67822265625, 2190.298828125, 2203.947265625, 2215.636474609375, 2226.1279296875, 2235.572509765625, 2244.2470703125, 2252.273681640625, 2260.12841796875, 2268.189208984375, 2275.96630859375, 2283.428955078125, 2290.548095703125, 2297.38134765625, 2303.635986328125, 2309.788330078125, 2315.736083984375, 2321.41455078125, 2326.935546875, 2332.121826171875, 2337.240478515625, 2342.031982421875, 2346.54150390625, 2349.900146484375, 2352.486083984375, 2354.906982421875, 2357.06689453125, 2359.27294921875, 2361.17236328125, 2363.091552734375, 2364.769287109375, 2366.41748046875, 2367.961669921875, 2369.465576171875, 2370.9443359375, 2372.389892578125, 2373.8447265625, 2375.208740234375, 2376.533935546875, 2377.822998046875, 2379.2041015625, 2380.58447265625, 2382.041748046875, 2383.498779296875, 2384.9150390625, 2386.37451171875, 2387.73193359375, 2389.0751953125, 2390.44091796875, 2391.752197265625, 2393.074462890625, 2394.383056640625, 2395.677490234375, 2396.98974609375, 2398.228759765625, 2399.445556640625, 2400.683837890625, 2401.857421875, 2403.062255859375, 2404.236572265625, 2405.350830078125, 2406.528564453125, 2407.610595703125, 2408.729736328125, 2409.790283203125, 2410.87255859375, 2411.95068359375, 2412.994873046875, 2414.03857421875, 2415.02197265625, 2416.025146484375, 2416.98876953125]}