{"mean": [4700.653991699219, 4484.145202636719, 4148.03955078125, 4094.4952392578125, 4219.0645751953125, 4285.5191650390625, 4260.702880859375, 4281.167297363281, 4305.677001953125, 4322.432922363281, 4355.84521484375, 4392.158386230469, 4426.920471191406, 4455.08740234375, 4474.338195800781, 4486.3612060546875, 4486.639343261719, 4481.03369140625, 4471.6943359375, 4469.133728027344, 4491.028991699219, 4539.432067871094, 4589.896301269531, 4638.421813964844, 4684.556335449219, 4730.6292724609375, 4772.475646972656, 4809.729797363281, 4844.231628417969, 4875.271911621094, 4901.906433105469, 4924.50048828125, 4944.454284667969, 4962.146057128906, 4978.298034667969, 4993.320983886719, 5008.1512451171875, 5022.906677246094, 5037.002014160156, 5050.413146972656, 5063.2645263671875, 5075.666809082031, 5087.362243652344, 5098.897888183594, 5110.092041015625, 5121.001403808594, 5131.719177246094, 5142.100341796875, 5152.133361816406, 5161.792236328125, 5171.058654785156, 5177.840515136719, 5183.2052001953125, 5188.230895996094, 5192.818908691406, 5197.369323730469, 5201.51806640625, 5205.388000488281, 5209.0694580078125, 5212.573547363281, 5215.847595214844, 5219.03466796875, 5222.1219482421875, 5225.0721435546875, 5227.917541503906, 5230.652160644531, 5233.234619140625, 5235.763977050781, 5238.390319824219, 5241.018493652344, 5243.7784423828125, 5246.472595214844, 5249.098083496094, 5251.740051269531, 5254.245910644531, 5256.746643066406, 5259.231628417969, 5261.683898925781, 5264.107604980469, 5266.5137939453125, 5268.9273681640625, 5271.3385009765625, 5273.68701171875, 5276.0357666015625, 5278.367858886719, 5280.640075683594, 5282.963928222656, 5285.2001953125, 5287.430908203125, 5289.693420410156, 5291.8916015625, 5294.068664550781, 5296.177429199219, 5298.330017089844, 5300.428039550781, 5302.515869140625, 5304.579040527344, 5306.5562744140625, 5308.543212890625, 5310.5302734375], "upper": [4700.6767578125, 4484.1923828125, 4148.08251953125, 4094.511474609375, 4219.08154296875, 4285.5537109375, 4260.9208984375, 4281.36376953125, 4305.88525390625, 4322.578125, 4355.93701171875, 4392.26171875, 4426.98974609375, 4455.11572265625, 4474.349609375, 4486.38134765625, 4486.6640625, 4481.09765625, 4471.73681640625, 4469.2236328125, 4491.283203125, 4539.724609375, 4590.1474609375, 4638.60888671875, 4684.744140625, 4730.828125, 4772.59912109375, 4809.9248046875, 4844.482421875, 4875.5732421875, 4902.1904296875, 4924.76171875, 4944.724609375, 4962.40625, 4978.55859375, 4993.62109375, 5008.5048828125, 5023.212890625, 5037.29833984375, 5050.71484375, 5063.78369140625, 5076.134765625, 5087.86328125, 5099.3564453125, 5110.54296875, 5121.478515625, 5132.21337890625, 5142.734375, 5152.578125, 5162.2431640625, 5171.5322265625, 5178.2646484375, 5183.6796875, 5188.7900390625, 5193.4072265625, 5197.9658203125, 5202.22900390625, 5205.9853515625, 5209.751953125, 5213.27783203125, 5216.55078125, 5219.7958984375, 5222.931640625, 5225.9111328125, 5228.751953125, 5231.521484375, 5234.140625, 5236.728515625, 5239.369140625, 5242.0283203125, 5244.84521484375, 5247.54296875, 5250.2158203125, 5252.828125, 5255.318359375, 5257.85546875, 5260.3408203125, 5262.85302734375, 5265.2353515625, 5267.615234375, 5270.0302734375, 5272.4111328125, 5274.76318359375, 5277.12158203125, 5279.421875, 5281.701171875, 5284.00390625, 5286.1708984375, 5288.4189453125, 5290.62353515625, 5292.7978515625, 5294.95703125, 5297.0419921875, 5299.17578125, 5301.23876953125, 5303.306640625, 5305.2783203125, 5307.26513671875, 5309.19140625, 5311.18994140625], "lower": [4700.61474609375, 4484.12158203125, 4148.00048828125, 4094.471923828125, 4219.03955078125, 4285.46337890625, 4260.41552734375, 4280.85107421875, 4305.357421875, 4322.2431640625, 4355.70654296875, 4392.017578125, 4426.82666015625, 4455.0732421875, 4474.31982421875, 4486.349609375, 4486.61865234375, 4480.96142578125, 4471.64892578125, 4468.9990234375, 4490.6357421875, 4538.9658203125, 4589.4873046875, 4638.05322265625, 4684.201171875, 4730.27783203125, 4772.275390625, 4809.52294921875, 4844.037109375, 4875.04296875, 4901.67724609375, 4924.2509765625, 4944.17919921875, 4961.89453125, 4978.02587890625, 4993.033203125, 5007.822265625, 5022.5888671875, 5036.67724609375, 5050.0673828125, 5062.7421875, 5075.19384765625, 5086.890625, 5098.47900390625, 5109.68798828125, 5120.57275390625, 5131.26513671875, 5141.51171875, 5151.71875, 5161.396484375, 5170.6279296875, 5177.4287109375, 5182.75390625, 5187.6953125, 5192.2353515625, 5196.78515625, 5200.79931640625, 5204.7529296875, 5208.36328125, 5211.83984375, 5215.12255859375, 5218.2724609375, 5221.2861328125, 5224.20947265625, 5227.07666015625, 5229.7451171875, 5232.33349609375, 5234.8203125, 5237.4443359375, 5240.02294921875, 5242.7216796875, 5245.3974609375, 5247.99560546875, 5250.63671875, 5253.130859375, 5255.5966796875, 5258.0693359375, 5260.474609375, 5262.923828125, 5265.3134765625, 5267.7197265625, 5270.1845703125, 5272.517578125, 5274.833984375, 5277.19482421875, 5279.4521484375, 5281.81787109375, 5284.1259765625, 5286.310546875, 5288.6435546875, 5290.8154296875, 5293.05419921875, 5295.1884765625, 5297.341796875, 5299.494140625, 5301.603515625, 5303.716796875, 5305.7021484375, 5307.72705078125, 5309.712890625]}