{"mean": [6292.418273925781, 6162.4085693359375, 5949.508728027344, 5796.4705810546875, 5780.737060546875, 5768.22216796875, 5770.548889160156, 5765.4208984375, 5759.652160644531, 5756.0426025390625, 5754.543212890625, 5751.283447265625, 5748.5821533203125, 5746.5379638671875, 5744.699157714844, 5744.01171875, 5743.1729736328125, 5743.2080078125, 5743.4400634765625, 5743.109924316406, 5739.5751953125, 5734.157958984375, 5728.751281738281, 5723.6378173828125, 5719.287353515625, 5715.28271484375, 5711.583190917969, 5708.444641113281, 5705.706970214844, 5703.920471191406, 5702.977844238281, 5702.520751953125, 5702.551330566406, 5703.2410888671875, 5704.150085449219, 5705.3089599609375, 5706.166931152344, 5706.927917480469, 5707.867004394531, 5709.011779785156, 5710.0357666015625, 5711.048278808594, 5712.275634765625, 5713.458679199219, 5714.313537597656, 5715.287170410156, 5716.194396972656, 5717.071228027344, 5717.840637207031, 5718.598693847656, 5719.376159667969, 5720.003845214844, 5720.661193847656, 5721.202575683594, 5721.6917724609375, 5722.092956542969, 5722.5850830078125, 5723.0377197265625, 5723.581359863281, 5724.051818847656, 5724.510498046875, 5724.9403076171875, 5725.375061035156, 5725.7503662109375, 5726.159423828125, 5726.520935058594, 5726.7738037109375, 5727.039855957031, 5727.252136230469, 5727.4415283203125, 5727.663635253906, 5727.854064941406, 5728.0081787109375, 5728.20654296875, 5728.359375, 5728.5064697265625, 5728.6292724609375, 5728.81591796875, 5728.993469238281, 5729.12158203125, 5729.280029296875, 5729.4072265625, 5729.5615234375, 5729.695068359375, 5729.8531494140625, 5730.001403808594, 5730.1915283203125, 5730.35791015625, 5730.499694824219, 5730.667724609375, 5730.83154296875, 5730.954650878906, 5731.10009765625, 5731.240417480469, 5731.3890380859375, 5731.5394287109375, 5731.678527832031, 5731.768310546875, 5731.871887207031, 5731.999084472656], "upper": [6292.42431640625, 6162.4248046875, 5949.51611328125, 5796.47900390625, 5780.740234375, 5768.23388671875, 5770.5849609375, 5765.474609375, 5759.68359375, 5756.0498046875, 5754.560546875, 5751.29248046875, 5748.5927734375, 5746.54443359375, 5744.70361328125, 5744.017578125, 5743.18115234375, 5743.21875, 5743.44287109375, 5743.15576171875, 5739.6357421875, 5734.22509765625, 5728.80078125, 5723.68701171875, 5719.314453125, 5715.33203125, 5711.61572265625, 5708.49267578125, 5705.7490234375, 5703.939453125, 5702.99072265625, 5702.5439453125, 5702.5576171875, 5703.26904296875, 5704.17138671875, 5705.34423828125, 5706.1875, 5706.95458984375, 5707.89404296875, 5709.04443359375, 5710.06396484375, 5711.0673828125, 5712.32470703125, 5713.482421875, 5714.359375, 5715.322265625, 5716.2421875, 5717.11962890625, 5717.8857421875, 5718.65576171875, 5719.4013671875, 5720.07080078125, 5720.7314453125, 5721.314453125, 5721.7998046875, 5722.26220703125, 5722.69482421875, 5723.2548828125, 5723.8056640625, 5724.306640625, 5724.7470703125, 5725.203125, 5725.6767578125, 5726.03564453125, 5726.4326171875, 5726.7763671875, 5727.00048828125, 5727.279296875, 5727.462890625, 5727.662109375, 5727.8564453125, 5728.03955078125, 5728.212890625, 5728.38818359375, 5728.53662109375, 5728.6787109375, 5728.79345703125, 5728.9970703125, 5729.154296875, 5729.271484375, 5729.41796875, 5729.55078125, 5729.68798828125, 5729.83203125, 5730.001953125, 5730.14111328125, 5730.35400390625, 5730.505859375, 5730.61279296875, 5730.76611328125, 5730.9345703125, 5731.037109375, 5731.1943359375, 5731.32080078125, 5731.4775390625, 5731.63671875, 5731.7314453125, 5731.8359375, 5731.92138671875, 5732.05517578125], "lower": [6292.4130859375, 6162.396484375, 5949.5029296875, 5796.46533203125, 5780.73486328125, 5768.21630859375, 5770.5166015625, 5765.38916015625, 5759.6318359375, 5756.03125, 5754.533203125, 5751.2744140625, 5748.56640625, 5746.529296875, 5744.6923828125, 5744.00341796875, 5743.16357421875, 5743.1962890625, 5743.435546875, 5743.09765625, 5739.53662109375, 5734.12841796875, 5728.72802734375, 5723.62109375, 5719.271484375, 5715.26416015625, 5711.56640625, 5708.423828125, 5705.6884765625, 5703.89453125, 5702.96337890625, 5702.5, 5702.53955078125, 5703.22314453125, 5704.130859375, 5705.2783203125, 5706.1357421875, 5706.90478515625, 5707.833984375, 5708.97509765625, 5709.99951171875, 5711.0283203125, 5712.232421875, 5713.44140625, 5714.2724609375, 5715.25439453125, 5716.14794921875, 5717.01611328125, 5717.79833984375, 5718.5439453125, 5719.36279296875, 5719.935546875, 5720.5791015625, 5721.09033203125, 5721.5732421875, 5721.92041015625, 5722.46630859375, 5722.82421875, 5723.35107421875, 5723.8037109375, 5724.28173828125, 5724.693359375, 5725.08984375, 5725.4794921875, 5725.9052734375, 5726.2724609375, 5726.56591796875, 5726.80615234375, 5727.02783203125, 5727.23974609375, 5727.4580078125, 5727.6435546875, 5727.80224609375, 5728.00537109375, 5728.1591796875, 5728.298828125, 5728.45703125, 5728.5927734375, 5728.8017578125, 5728.94189453125, 5729.1025390625, 5729.23828125, 5729.41455078125, 5729.5458984375, 5729.68603515625, 5729.83837890625, 5730.01416015625, 5730.19384765625, 5730.34912109375, 5730.54638671875, 5730.701171875, 5730.8515625, 5730.9775390625, 5731.12646484375, 5731.27783203125, 5731.4306640625, 5731.60888671875, 5731.7001953125, 5731.806640625, 5731.9248046875]}