{
    "particle_has_naninf": false,
    "point_distance_sr": 8978.10546875,
    "point_distance_rs": 2292.149169921875,
    "chamfer_loss_pcd": 11270.2548828125,
    "particle_distance_sr": 3905.41064453125,
    "particle_distance_rs": 5844.4560546875,
    "chamfer_loss_particle": 9749.8671875,
    "final_height_map": null,
    "height_map_loss_pcd": 4300.21875,
    "emd_point_distance_loss": 2540.099609375,
    "emd_particle_distance_loss": 11712.7314453125,
    "total_loss": 0.0
}