{"mean": [1849.3849690755208, 1822.5816243489583, 1809.323974609375, 1800.1705322265625, 1787.9193115234375, 1774.4396158854167, 1762.1153564453125, 1747.4036051432292, 1732.7054443359375, 1720.1444498697917, 1709.0139973958333, 1698.9298502604167, 1691.6678873697917, 1686.3759765625, 1680.5738525390625, 1676.5252685546875, 1669.3862711588542, 1663.1702473958333, 1657.8277587890625, 1653.13623046875, 1649.0442301432292, 1645.3860270182292, 1641.9075927734375, 1638.3996175130208, 1634.8318277994792, 1631.2659505208333, 1628.8839111328125, 1627.8665364583333, 1627.0257161458333, 1625.7935384114583, 1624.9292399088542, 1624.654296875, 1622.10205078125, 1621.8876546223958, 1621.568115234375, 1621.6065266927083, 1621.2265625, 1621.0668131510417, 1621.2196044921875, 1623.0242106119792, 1624.411865234375, 1627.0052490234375, 1629.104736328125, 1631.2102864583333, 1634.3219807942708, 1636.4034016927083, 1638.2561848958333, 1644.1693929036458, 1646.3277180989583, 1648.3930257161458, 1650.0146484375, 1650.2621256510417, 1651.2545572916667, 1652.927001953125, 1656.0884195963542, 1660.2431640625, 1661.4305419921875, 1662.5194905598958, 1663.6074625651042, 1664.6704915364583, 1665.6077880859375, 1666.4156901041667, 1667.1830240885417, 1667.8363444010417, 1668.5676676432292, 1669.0743408203125, 1669.5998128255208, 1670.0163981119792, 1670.2019449869792, 1670.5391031901042, 1670.8614908854167, 1671.1432291666667, 1671.4969075520833, 1671.51708984375, 1671.6459554036458, 1671.8225504557292, 1672.0227864583333, 1672.1327718098958, 1672.1973063151042, 1672.248291015625, 1672.1814371744792, 1672.2084147135417, 1672.1405029296875, 1672.2532552083333, 1672.1540934244792, 1672.1219889322917, 1672.0924072265625, 1671.9466552734375, 1671.97705078125, 1671.9037272135417, 1671.8336995442708, 1671.7404378255208, 1671.5566813151042, 1671.4727376302083, 1671.5474446614583, 1671.4383138020833, 1671.3343098958333, 1671.1991780598958, 1671.100830078125, 1671.0714518229167], "upper": [2281.740966796875, 2209.25341796875, 2174.315185546875, 2145.332763671875, 2105.54150390625, 2066.689208984375, 2034.81787109375, 1997.7364501953125, 1960.1341552734375, 1927.4793701171875, 1898.4207763671875, 1871.6075439453125, 1853.2440185546875, 1841.1263427734375, 1827.7012939453125, 1820.1253662109375, 1803.121826171875, 1789.481689453125, 1778.600341796875, 1769.927001953125, 1763.22216796875, 1757.5770263671875, 1751.82373046875, 1745.8992919921875, 1739.4837646484375, 1732.6663818359375, 1729.6903076171875, 1730.7711181640625, 1731.9268798828125, 1731.37255859375, 1731.40234375, 1732.59765625, 1727.2435302734375, 1728.24462890625, 1728.5576171875, 1729.35595703125, 1730.3775634765625, 1731.0712890625, 1732.6190185546875, 1738.764404296875, 1743.2008056640625, 1750.6722412109375, 1756.7432861328125, 1763.6810302734375, 1773.1224365234375, 1779.23095703125, 1784.2525634765625, 1801.4150390625, 1807.276611328125, 1812.7835693359375, 1817.4212646484375, 1818.145751953125, 1821.0140380859375, 1826.0113525390625, 1835.4425048828125, 1847.8721923828125, 1851.414306640625, 1854.707275390625, 1857.986083984375, 1861.2073974609375, 1864.0694580078125, 1866.51904296875, 1868.8712158203125, 1870.7974853515625, 1872.8682861328125, 1874.4873046875, 1876.1978759765625, 1877.5899658203125, 1878.230224609375, 1879.255615234375, 1880.289306640625, 1881.1270751953125, 1882.298828125, 1882.374267578125, 1882.773681640625, 1883.330322265625, 1883.85693359375, 1883.964111328125, 1884.065673828125, 1884.27490234375, 1884.2120361328125, 1884.3968505859375, 1884.267578125, 1884.602783203125, 1884.351318359375, 1884.224609375, 1884.143310546875, 1883.708740234375, 1883.779052734375, 1883.5107421875, 1883.2017822265625, 1882.9102783203125, 1882.430419921875, 1882.1322021484375, 1882.3370361328125, 1882.00634765625, 1881.7010498046875, 1881.3668212890625, 1881.060791015625, 1880.91455078125], "lower": [1615.4217529296875, 1610.5238037109375, 1607.6824951171875, 1605.9698486328125, 1605.23193359375, 1603.8436279296875, 1602.1497802734375, 1599.9254150390625, 1597.85302734375, 1596.214599609375, 1594.8372802734375, 1593.4072265625, 1591.82373046875, 1589.83251953125, 1587.6578369140625, 1585.3367919921875, 1583.2919921875, 1581.0433349609375, 1578.846923828125, 1576.455078125, 1574.0067138671875, 1571.9139404296875, 1570.2264404296875, 1568.9210205078125, 1567.799072265625, 1567.0228271484375, 1566.084228515625, 1565.1876220703125, 1564.71240234375, 1564.54931640625, 1564.376953125, 1564.44140625, 1564.4610595703125, 1564.5625, 1564.699462890625, 1564.797607421875, 1565.037109375, 1565.263916015625, 1565.3916015625, 1564.62646484375, 1562.7615966796875, 1562.666259765625, 1562.9608154296875, 1563.1689453125, 1563.625244140625, 1563.9033203125, 1564.4033203125, 1564.865478515625, 1565.37451171875, 1565.9361572265625, 1566.0648193359375, 1566.1156005859375, 1566.1187744140625, 1566.1123046875, 1566.1396484375, 1566.1436767578125, 1566.137451171875, 1566.1256103515625, 1566.1180419921875, 1566.11572265625, 1566.085205078125, 1566.07470703125, 1566.0948486328125, 1566.2064208984375, 1566.2843017578125, 1566.2039794921875, 1566.1141357421875, 1566.05810546875, 1566.0517578125, 1566.0777587890625, 1566.0889892578125, 1566.08935546875, 1566.0704345703125, 1566.0535888671875, 1566.0726318359375, 1566.051025390625, 1566.093017578125, 1566.209716796875, 1566.2513427734375, 1566.220703125, 1566.114501953125, 1566.07568359375, 1566.0513916015625, 1566.074951171875, 1566.0518798828125, 1566.06787109375, 1566.066650390625, 1566.065185546875, 1566.0504150390625, 1566.060546875, 1566.079345703125, 1566.1043701171875, 1566.112548828125, 1566.1085205078125, 1566.1005859375, 1566.0887451171875, 1566.1116943359375, 1566.1092529296875, 1566.106201171875, 1566.102783203125]}