{"mean": [997.0838826497396, 998.8073933919271, 1000.3506266276041, 1000.8791300455729, 1001.2012329101562, 1001.4751383463541, 1001.8164265950521, 1002.0446370442709, 1002.2302042643229, 1002.3423665364584, 1002.4218139648438, 1002.3621622721354, 1002.2395426432291, 1002.0058390299479, 1001.2692667643229, 1000.0177815755209, 999.8932088216146, 999.9982503255209, 1000.0563557942709, 1000.0865681966146, 1000.0687662760416, 999.9880574544271, 999.8961385091146, 999.7813110351562, 999.6489664713541, 999.5581461588541, 999.4227498372396, 999.2838745117188, 999.1088053385416, 998.8949788411459, 998.6807657877604, 998.5011596679688, 998.2981567382812, 998.0791829427084, 997.9013875325521, 997.6745808919271, 997.4852294921875, 997.2049763997396, 996.89697265625, 996.4900512695312, 996.0020751953125, 995.5333455403646, 995.0316772460938, 994.5171915690104, 994.0223795572916, 993.4953816731771, 993.0116984049479, 992.693603515625, 992.276611328125, 991.8113199869791, 991.3579508463541, 990.9311116536459, 990.4875691731771, 990.0682779947916, 989.7042439778646, 989.5167439778646, 989.4351399739584, 989.3723754882812, 989.3195190429688, 989.2659098307291, 989.2125854492188, 989.1462809244791, 989.0883382161459, 989.0564575195312, 989.03173828125, 988.9688517252604, 988.9145100911459, 988.8823649088541, 988.8467814127604, 988.8055826822916, 988.7766316731771, 988.7580362955729, 988.7316080729166, 988.7139689127604, 988.7018432617188, 988.6899007161459, 988.6739095052084, 988.6741129557291, 988.6767578125, 988.6705729166666, 988.6451212565104, 988.6306966145834, 988.6276245117188, 988.6392415364584, 988.6360066731771, 988.6455078125, 988.6484171549479, 988.6581013997396, 988.67138671875, 988.6783650716146, 988.6985473632812, 988.7054850260416, 988.7078450520834, 988.7199503580729, 988.7387491861979, 988.7501220703125, 988.7514241536459, 988.7529907226562, 988.7704060872396, 988.7846883138021], "upper": [1009.6016845703125, 1009.4878540039062, 1009.2971801757812, 1009.1149291992188, 1009.1453247070312, 1009.2509765625, 1009.38134765625, 1009.4349365234375, 1009.51220703125, 1009.5963134765625, 1009.6591796875, 1009.701171875, 1009.6592407226562, 1009.5767822265625, 1009.4931030273438, 1009.30712890625, 1009.2154541015625, 1009.0525512695312, 1008.942138671875, 1008.7523193359375, 1008.5964965820312, 1008.3929443359375, 1008.220947265625, 1008.0029296875, 1007.8488159179688, 1007.7132568359375, 1007.5810546875, 1007.5225830078125, 1007.5220947265625, 1007.4825439453125, 1007.4783935546875, 1007.437744140625, 1007.4075317382812, 1007.39111328125, 1007.4354248046875, 1007.37744140625, 1007.4886474609375, 1007.4830932617188, 1007.514404296875, 1007.5086669921875, 1007.50390625, 1007.5078735351562, 1007.4901733398438, 1007.5145874023438, 1007.483154296875, 1007.4569091796875, 1007.4383544921875, 1007.4168090820312, 1007.3934936523438, 1007.375, 1007.3545532226562, 1007.36865234375, 1007.3629150390625, 1007.3713989257812, 1007.3673095703125, 1007.35546875, 1007.36669921875, 1007.3673706054688, 1007.3609619140625, 1007.3682861328125, 1007.3666381835938, 1007.3704223632812, 1007.36474609375, 1007.3960571289062, 1007.4237060546875, 1007.4046630859375, 1007.366455078125, 1007.367919921875, 1007.3616333007812, 1007.3501586914062, 1007.3577270507812, 1007.3637084960938, 1007.3695678710938, 1007.36865234375, 1007.3663940429688, 1007.370361328125, 1007.3712768554688, 1007.4034423828125, 1007.4232177734375, 1007.421142578125, 1007.4037475585938, 1007.3758544921875, 1007.3716430664062, 1007.3722534179688, 1007.3753051757812, 1007.3733520507812, 1007.3695678710938, 1007.3695678710938, 1007.3678588867188, 1007.3687744140625, 1007.4041137695312, 1007.395263671875, 1007.3675537109375, 1007.3964233398438, 1007.4022827148438, 1007.4039306640625, 1007.3934326171875, 1007.3682250976562, 1007.369873046875, 1007.3944091796875], "lower": [976.7107543945312, 982.7947387695312, 988.4396362304688, 990.9877319335938, 992.0166015625, 992.5376586914062, 993.0604858398438, 993.2522583007812, 993.211181640625, 992.9398193359375, 992.654296875, 991.984130859375, 991.3372802734375, 990.426513671875, 988.0794677734375, 984.3222045898438, 983.7943115234375, 984.1409912109375, 984.3294067382812, 984.46630859375, 984.446044921875, 984.34228515625, 984.19482421875, 984.0050048828125, 983.75, 983.6159057617188, 983.3319702148438, 982.9688720703125, 982.4672241210938, 981.8930053710938, 981.2518920898438, 980.725341796875, 980.1109619140625, 979.4691772460938, 978.8999633789062, 978.2744750976562, 977.5718994140625, 976.7315673828125, 975.7819213867188, 974.5902099609375, 973.041015625, 971.6001586914062, 970.116455078125, 968.5776977539062, 967.17724609375, 965.681640625, 964.2265014648438, 963.305908203125, 962.078125, 960.7201538085938, 959.3818359375, 958.0822143554688, 956.77001953125, 955.4972534179688, 954.4223022460938, 953.8684692382812, 953.6129150390625, 953.4219360351562, 953.271240234375, 953.1040649414062, 952.9351806640625, 952.7340087890625, 952.5795288085938, 952.4371337890625, 952.3265991210938, 952.1669311523438, 952.0390014648438, 951.9481201171875, 951.8192749023438, 951.7197875976562, 951.61474609375, 951.5484619140625, 951.4696655273438, 951.413330078125, 951.3795776367188, 951.3322143554688, 951.2860107421875, 951.21875, 951.1865844726562, 951.1768798828125, 951.1642456054688, 951.1488647460938, 951.1444091796875, 951.1765747070312, 951.1661987304688, 951.1936645507812, 951.207275390625, 951.23583984375, 951.280517578125, 951.3025512695312, 951.3231811523438, 951.3519897460938, 951.3900756835938, 951.4000244140625, 951.4487915039062, 951.47265625, 951.4893798828125, 951.5238037109375, 951.5719604492188, 951.5877685546875]}