{"mean": [4021.5726725260415, 3965.0196940104165, 3934.3850911458335, 3912.7992350260415, 3887.6730143229165, 3860.3829752604165, 3835.6525065104165, 3806.9866536458335, 3778.2650553385415, 3753.83349609375, 3732.3600260416665, 3712.598388671875, 3697.8900553385415, 3686.6114908854165, 3673.6878255208335, 3663.5394694010415, 3649.2769368489585, 3637.4766438802085, 3627.2383626302085, 3618.1726888020835, 3610.162109375, 3602.9440104166665, 3596.072021484375, 3589.1324055989585, 3582.0709635416665, 3575.040283203125, 3570.3702799479165, 3568.228515625, 3566.41943359375, 3563.7821451822915, 3561.8126627604165, 3561.0409342447915, 3556.1871744791665, 3555.55224609375, 3554.8789876302085, 3554.6739095052085, 3554.082275390625, 3553.4215494791665, 3553.2852376302085, 3556.388916015625, 3558.5482584635415, 3562.791015625, 3566.14990234375, 3569.962890625, 3575.56494140625, 3579.1842447916665, 3582.3518880208335, 3593.509765625, 3597.3759765625, 3601.047607421875, 3603.7978515625, 3603.91259765625, 3605.3811848958335, 3608.2384440104165, 3613.8524576822915, 3621.4855143229165, 3623.6009928385415, 3625.5555013020835, 3627.5001627604165, 3629.36328125, 3631.02734375, 3632.45556640625, 3633.7820638020835, 3634.9447428385415, 3636.1949869791665, 3637.0464680989585, 3637.994384765625, 3638.7041829427085, 3639.015380859375, 3639.5823567708335, 3640.1436360677085, 3640.6053059895835, 3641.274169921875, 3641.2509765625, 3641.4449055989585, 3641.7394205729165, 3642.0960286458335, 3642.2771809895835, 3642.375244140625, 3642.4803059895835, 3642.3600260416665, 3642.426513671875, 3642.2943522135415, 3642.5185546875, 3642.33740234375, 3642.2853190104165, 3642.228515625, 3641.9609375, 3642.0144856770835, 3641.885986328125, 3641.7444661458335, 3641.5812174479165, 3641.2508951822915, 3641.0927734375, 3641.2609049479165, 3641.0594889322915, 3640.8575846354165, 3640.6189778645835, 3640.4568684895835, 3640.3959147135415], "upper": [4875.681640625, 4723.5341796875, 4643.3369140625, 4577.7216796875, 4497.3154296875, 4418.61328125, 4353.8662109375, 4280.7578125, 4206.2705078125, 4141.73193359375, 4084.8916015625, 4031.66748046875, 3993.5869140625, 3966.57421875, 3935.26806640625, 3913.36962890625, 3879.061279296875, 3853.047607421875, 3832.155517578125, 3815.3818359375, 3802.01025390625, 3790.57470703125, 3779.080810546875, 3767.034912109375, 3754.17236328125, 3740.6826171875, 3734.64013671875, 3736.42041015625, 3738.1904296875, 3736.301025390625, 3735.55712890625, 3737.251220703125, 3726.7939453125, 3727.8994140625, 3727.764404296875, 3728.466552734375, 3729.4189453125, 3729.79736328125, 3731.747802734375, 3742.611083984375, 3749.41455078125, 3761.975341796875, 3771.707763671875, 3783.34228515625, 3800.10791015625, 3810.4228515625, 3818.645263671875, 3850.864501953125, 3861.171142578125, 3870.77783203125, 3878.5244140625, 3878.610107421875, 3882.708984375, 3891.19091796875, 3907.921875, 3930.73779296875, 3937.052734375, 3942.9521484375, 3948.85546875, 3954.59521484375, 3959.74658203125, 3964.14306640625, 3968.24267578125, 3971.6669921875, 3975.33984375, 3978.151611328125, 3981.23046875, 3983.6484375, 3984.773193359375, 3986.613037109375, 3988.417236328125, 3989.89453125, 3992.100830078125, 3992.167724609375, 3992.875244140625, 3993.842041015625, 3994.7822265625, 3994.97802734375, 3995.127197265625, 3995.53076171875, 3995.408203125, 3995.7578125, 3995.486572265625, 3996.149658203125, 3995.6630859375, 3995.447265625, 3995.309326171875, 3994.5068359375, 3994.640869140625, 3994.166259765625, 3993.60400390625, 3993.08203125, 3992.224853515625, 3991.67236328125, 3992.1396484375, 3991.5419921875, 3990.93798828125, 3990.33544921875, 3989.812744140625, 3989.545654296875], "lower": [3569.90869140625, 3559.41845703125, 3552.62109375, 3548.3076171875, 3546.21337890625, 3543.20263671875, 3539.846435546875, 3535.730224609375, 3531.82373046875, 3528.8828125, 3526.2978515625, 3523.662109375, 3520.624267578125, 3516.79833984375, 3512.458984375, 3507.893798828125, 3503.77197265625, 3499.375, 3495.0458984375, 3490.19873046875, 3485.322265625, 3481.06298828125, 3477.5947265625, 3474.8583984375, 3472.54833984375, 3470.830078125, 3468.94873046875, 3466.94970703125, 3465.7802734375, 3465.2744140625, 3464.81103515625, 3464.59228515625, 3464.35546875, 3464.234375, 3464.2080078125, 3464.1640625, 3464.289794921875, 3464.535400390625, 3463.6259765625, 3461.6572265625, 3459.38232421875, 3459.1708984375, 3459.6240234375, 3460.04296875, 3460.6630859375, 3461.40966796875, 3462.433349609375, 3463.352783203125, 3464.34228515625, 3465.435546875, 3465.71484375, 3465.874755859375, 3465.970703125, 3465.9775390625, 3466.027099609375, 3466.02734375, 3466.013916015625, 3465.99560546875, 3465.94970703125, 3465.865478515625, 3465.755859375, 3465.70703125, 3465.7158203125, 3465.92333984375, 3466.03857421875, 3465.9013671875, 3465.76708984375, 3465.6728515625, 3465.67529296875, 3465.7294921875, 3465.75537109375, 3465.7607421875, 3465.732421875, 3465.697509765625, 3465.69921875, 3465.665771484375, 3465.7314453125, 3465.92431640625, 3465.96630859375, 3465.92333984375, 3465.75390625, 3465.70263671875, 3465.6650390625, 3465.697265625, 3465.66796875, 3465.68701171875, 3465.68310546875, 3465.68701171875, 3465.66845703125, 3465.677734375, 3465.701171875, 3465.732421875, 3465.76025390625, 3465.7392578125, 3465.723388671875, 3465.712890625, 3465.74462890625, 3465.757080078125, 3465.750732421875, 3465.7314453125]}