{"mean": [2172.1876627604165, 2142.4381510416665, 2125.061075846354, 2112.628621419271, 2099.753621419271, 2085.9432779947915, 2073.537068684896, 2059.5830078125, 2045.5595703125, 2033.68896484375, 2023.3460286458333, 2013.6685384114583, 2006.22216796875, 2000.2355143229167, 1993.1139322916667, 1987.0142415364583, 1979.8905843098958, 1974.3064371744792, 1969.4106038411458, 1965.0364583333333, 1961.1180013020833, 1957.5580240885417, 1954.1644694010417, 1950.7327473958333, 1947.2391357421875, 1943.7743733723958, 1941.4864095052083, 1940.3619791666667, 1939.3937581380208, 1937.9886067708333, 1936.8834228515625, 1936.3866780598958, 1934.0850423177083, 1933.6647135416667, 1933.3108723958333, 1933.0673014322917, 1932.8557942708333, 1932.3547770182292, 1932.0656331380208, 1933.36474609375, 1934.1363932291667, 1935.7857666015625, 1937.0452067057292, 1938.752685546875, 1941.2428385416667, 1942.7808024088542, 1944.095703125, 1949.3404134114583, 1951.0482177734375, 1952.654541015625, 1953.783203125, 1953.6504720052083, 1954.1265869140625, 1955.3114420572917, 1957.7641194661458, 1961.2423909505208, 1962.17041015625, 1963.0360107421875, 1963.8926188151042, 1964.6928304036458, 1965.4195149739583, 1966.0399169921875, 1966.5989990234375, 1967.1083170572917, 1967.6273600260417, 1967.9720865885417, 1968.3945719401042, 1968.687744140625, 1968.8134765625, 1969.0432535807292, 1969.2821451822917, 1969.462158203125, 1969.7771809895833, 1969.73388671875, 1969.7989908854167, 1969.9169108072917, 1970.0732828776042, 1970.1444091796875, 1970.1779378255208, 1970.2320149739583, 1970.1785481770833, 1970.2180989583333, 1970.1538492838542, 1970.2652994791667, 1970.1832682291667, 1970.163330078125, 1970.1360677083333, 1970.0143229166667, 1970.0374348958333, 1969.9822591145833, 1969.9108072916667, 1969.8408203125, 1969.6942952473958, 1969.6201578776042, 1969.7135009765625, 1969.6211751302083, 1969.5233154296875, 1969.4198404947917, 1969.3560791015625, 1969.3245035807292], "upper": [2593.940673828125, 2514.28076171875, 2469.021728515625, 2432.388671875, 2391.773681640625, 2351.923828125, 2319.048095703125, 2283.021240234375, 2246.13623046875, 2214.25244140625, 2186.470703125, 2160.059814453125, 2140.3427734375, 2125.44775390625, 2107.566650390625, 2093.244384765625, 2075.939453125, 2063.56591796875, 2053.55517578125, 2045.454833984375, 2038.7882080078125, 2032.997802734375, 2027.257080078125, 2021.1356201171875, 2014.6885986328125, 2008.0162353515625, 2004.949951171875, 2005.6492919921875, 2006.2635498046875, 2004.928466796875, 2004.1546630859375, 2004.653564453125, 1999.55029296875, 1999.6549072265625, 1999.206787109375, 1999.110595703125, 1999.04150390625, 1998.7261962890625, 1999.1287841796875, 2003.8466796875, 2006.213623046875, 2011.3031005859375, 2014.9644775390625, 2019.661376953125, 2026.9853515625, 2031.1917724609375, 2034.3927001953125, 2049.449462890625, 2053.89453125, 2057.994140625, 2061.10302734375, 2060.46435546875, 2061.695068359375, 2065.179443359375, 2072.4794921875, 2082.86572265625, 2085.638427734375, 2088.244873046875, 2090.869384765625, 2093.387939453125, 2095.677001953125, 2097.6240234375, 2099.37158203125, 2100.869384765625, 2102.4716796875, 2103.664306640625, 2105.03271484375, 2106.058349609375, 2106.54296875, 2107.357421875, 2108.1279296875, 2108.767578125, 2109.802001953125, 2109.79345703125, 2110.1015625, 2110.51171875, 2110.92529296875, 2111.013916015625, 2111.0615234375, 2111.255859375, 2111.1962890625, 2111.36083984375, 2111.218994140625, 2111.546875, 2111.311767578125, 2111.22265625, 2111.166015625, 2110.798095703125, 2110.86181640625, 2110.655517578125, 2110.40234375, 2110.171875, 2109.79443359375, 2109.540283203125, 2109.802734375, 2109.53564453125, 2109.237060546875, 2108.96875, 2108.751953125, 2108.631103515625], "lower": [1954.48681640625, 1948.894775390625, 1944.9384765625, 1942.3377685546875, 1940.9814453125, 1939.359130859375, 1937.6966552734375, 1935.8048095703125, 1933.970703125, 1932.668212890625, 1931.4605712890625, 1930.2550048828125, 1928.800537109375, 1926.9659423828125, 1924.801025390625, 1922.5570068359375, 1920.4798583984375, 1918.331787109375, 1916.1990966796875, 1913.74365234375, 1911.315673828125, 1909.149169921875, 1907.3682861328125, 1905.9373779296875, 1904.749267578125, 1903.807373046875, 1902.8643798828125, 1901.761962890625, 1901.06787109375, 1900.7249755859375, 1900.43408203125, 1900.15087890625, 1899.8944091796875, 1899.6719970703125, 1899.5086669921875, 1899.3663330078125, 1899.252685546875, 1899.066650390625, 1897.977783203125, 1897.03076171875, 1896.620849609375, 1896.504638671875, 1896.663330078125, 1896.8741455078125, 1897.0377197265625, 1897.5062255859375, 1898.030029296875, 1898.4873046875, 1898.9676513671875, 1899.4993896484375, 1899.650146484375, 1899.7591552734375, 1899.851806640625, 1899.8653564453125, 1899.887451171875, 1899.8837890625, 1899.87646484375, 1899.869873046875, 1899.83154296875, 1899.749755859375, 1899.6705322265625, 1899.6324462890625, 1899.620849609375, 1899.716796875, 1899.754150390625, 1899.697265625, 1899.65283203125, 1899.61474609375, 1899.62353515625, 1899.6517333984375, 1899.666259765625, 1899.67138671875, 1899.661865234375, 1899.6439208984375, 1899.6265869140625, 1899.61474609375, 1899.6385498046875, 1899.70458984375, 1899.7149658203125, 1899.7027587890625, 1899.6392822265625, 1899.6270751953125, 1899.6136474609375, 1899.615234375, 1899.60888671875, 1899.619140625, 1899.61572265625, 1899.6219482421875, 1899.6180419921875, 1899.6170654296875, 1899.6219482421875, 1899.6280517578125, 1899.640625, 1899.630859375, 1899.622802734375, 1899.6241455078125, 1899.6329345703125, 1899.6429443359375, 1899.64453125, 1899.628662109375]}