{"mean": [2702.7391357421875, 2177.1685791015625, 1496.3059488932292, 1526.1841634114583, 1533.857666015625, 1506.2591959635417, 1497.8494466145833, 1465.8686116536458, 1458.8574625651042, 1463.6990966796875, 1478.8824055989583, 1489.3232828776042, 1504.5460205078125, 1507.0023193359375, 1508.8428955078125, 1510.1991780598958, 1511.2197265625, 1511.9658203125, 1512.1470540364583, 1511.1676839192708, 1509.687255859375, 1507.0735677083333, 1502.8765869140625, 1497.7489827473958, 1492.2799072265625, 1485.6922200520833, 1477.6404215494792, 1468.7181396484375, 1458.1096598307292, 1447.5267740885417, 1437.35302734375, 1429.2851155598958, 1424.3301595052083, 1422.623291015625, 1421.7845458984375, 1422.4102376302083, 1422.4503173828125, 1420.3740641276042, 1419.0437418619792, 1417.55810546875, 1411.7080485026042, 1403.4708251953125, 1395.813232421875, 1394.6691080729167, 1403.7775472005208, 1412.2677408854167, 1394.2718098958333, 1384.1221110026042, 1384.5693359375, 1389.6164143880208, 1384.4702962239583, 1380.7269287109375, 1378.4703776041667, 1376.9787190755208, 1375.4156901041667, 1374.5796712239583, 1371.865966796875, 1369.6885986328125, 1371.2847900390625, 1372.9512532552083, 1375.135498046875, 1379.6018473307292, 1382.5465901692708, 1379.2942708333333, 1367.8373616536458, 1366.8303629557292, 1374.8133138020833, 1369.8382568359375, 1368.0920003255208, 1365.6109619140625, 1363.7332763671875, 1359.58544921875, 1354.43798828125, 1349.5292154947917, 1349.9889322916667, 1352.5260823567708, 1356.3173421223958, 1358.6391194661458, 1360.2852783203125, 1361.073974609375, 1360.9639892578125, 1360.1298828125, 1359.0497639973958, 1357.8053385416667, 1356.1879069010417, 1355.2650553385417, 1355.4346516927083, 1356.5912272135417, 1358.2783203125, 1359.9021809895833, 1360.7864583333333, 1360.7683512369792, 1360.2596028645833, 1359.1940511067708, 1357.62841796875, 1355.7022705078125, 1354.2289632161458, 1353.4827473958333, 1352.8567301432292, 1352.7666015625], "upper": [4903.86669921875, 3331.662109375, 1654.5826416015625, 1635.5833740234375, 1618.742431640625, 1608.1959228515625, 1592.1243896484375, 1512.4566650390625, 1459.52783203125, 1507.161376953125, 1532.365478515625, 1535.670654296875, 1539.05322265625, 1542.8341064453125, 1546.1605224609375, 1548.9866943359375, 1551.34326171875, 1553.4266357421875, 1554.0760498046875, 1551.84521484375, 1548.7232666015625, 1542.8282470703125, 1534.642822265625, 1525.0738525390625, 1521.0272216796875, 1516.1412353515625, 1509.6304931640625, 1502.4190673828125, 1493.296142578125, 1481.676025390625, 1468.958251953125, 1455.9937744140625, 1445.6763916015625, 1436.9735107421875, 1427.7486572265625, 1434.9755859375, 1441.3897705078125, 1445.130615234375, 1449.322021484375, 1450.0780029296875, 1437.639404296875, 1426.8438720703125, 1431.5384521484375, 1434.7923583984375, 1437.181884765625, 1472.5753173828125, 1439.3975830078125, 1439.0184326171875, 1437.1717529296875, 1457.9215087890625, 1455.1800537109375, 1455.0765380859375, 1455.968994140625, 1457.0260009765625, 1457.9093017578125, 1457.967529296875, 1458.267822265625, 1458.643798828125, 1459.0145263671875, 1459.2867431640625, 1459.361083984375, 1459.259033203125, 1458.9891357421875, 1458.7000732421875, 1458.286865234375, 1457.8082275390625, 1457.3489990234375, 1456.938232421875, 1456.4786376953125, 1456.0546875, 1455.5469970703125, 1454.964599609375, 1454.4232177734375, 1453.804931640625, 1453.282958984375, 1452.895263671875, 1452.7647705078125, 1452.5784912109375, 1452.5908203125, 1452.5010986328125, 1452.40869140625, 1452.191162109375, 1452.032470703125, 1452.1783447265625, 1452.593017578125, 1453.230224609375, 1453.7578125, 1454.240966796875, 1454.6898193359375, 1454.989501953125, 1455.15380859375, 1454.10009765625, 1452.6656494140625, 1450.8077392578125, 1448.86279296875, 1446.6470947265625, 1443.8961181640625, 1441.421142578125, 1437.956298828125, 1435.4755859375], "lower": [1538.244384765625, 1531.989013671875, 1302.533935546875, 1403.365478515625, 1440.640380859375, 1449.2176513671875, 1447.9239501953125, 1428.726806640625, 1458.13330078125, 1422.9127197265625, 1441.6610107421875, 1463.8831787109375, 1465.0740966796875, 1465.988037109375, 1466.271240234375, 1465.5975341796875, 1464.6343994140625, 1463.1195068359375, 1461.409912109375, 1459.2171630859375, 1456.55712890625, 1453.3958740234375, 1448.2564697265625, 1443.9180908203125, 1442.34521484375, 1439.32470703125, 1436.516845703125, 1433.528564453125, 1430.6689453125, 1427.7938232421875, 1418.4306640625, 1410.44775390625, 1409.0013427734375, 1415.142578125, 1412.6611328125, 1410.1217041015625, 1406.893798828125, 1400.2958984375, 1392.38916015625, 1384.60791015625, 1375.36474609375, 1365.1978759765625, 1353.738525390625, 1345.551025390625, 1337.3035888671875, 1325.76708984375, 1312.017333984375, 1297.3531494140625, 1286.6162109375, 1276.382568359375, 1268.1339111328125, 1262.6356201171875, 1261.511962890625, 1264.6109619140625, 1269.1412353515625, 1276.290771484375, 1280.86572265625, 1280.951171875, 1280.792724609375, 1280.7884521484375, 1280.6729736328125, 1280.742431640625, 1280.9735107421875, 1281.1373291015625, 1280.8970947265625, 1280.9393310546875, 1280.837646484375, 1280.61376953125, 1280.3460693359375, 1280.1075439453125, 1279.8192138671875, 1279.5751953125, 1279.3468017578125, 1279.1683349609375, 1279.015380859375, 1278.863525390625, 1278.6805419921875, 1278.583740234375, 1278.524658203125, 1278.61328125, 1278.5855712890625, 1278.66845703125, 1278.804443359375, 1278.9146728515625, 1279.0794677734375, 1279.253662109375, 1279.4405517578125, 1279.644287109375, 1279.81689453125, 1280.0118408203125, 1280.1788330078125, 1280.302490234375, 1280.4017333984375, 1280.438720703125, 1280.5196533203125, 1280.45654296875, 1280.3922119140625, 1280.29736328125, 1280.1494140625, 1279.9781494140625]}