{"mean": [15604.349934895834, 14669.069010416666, 14084.151692708334, 14105.685546875, 14156.77734375, 14328.758138020834, 14503.646158854166, 14726.943684895834, 15067.919270833334, 15276.869791666666, 15499.963541666666, 15597.749348958334, 15650.034830729166, 15660.010091145834, 15668.75, 15677.0625, 15684.422200520834, 15691.3798828125, 15696.908528645834, 15700.009765625, 15702.098307291666, 15701.861979166666, 15700.487630208334, 15696.638020833334, 15688.473307291666, 15675.838216145834, 15658.667317708334, 15635.128255208334, 15603.458984375, 15572.0087890625, 15534.9423828125, 15488.8525390625, 15485.040690104166, 15519.752604166666, 15539.2353515625, 15548.583658854166, 15552.908203125, 15566.328776041666, 15593.095703125, 15624.234375, 15654.1826171875, 15690.389322916666, 15722.564778645834, 15771.904296875, 15879.827799479166, 15971.074869791666, 15887.710286458334, 15774.134765625, 15800.256184895834, 15943.397135416666, 15910.299153645834, 15886.896484375, 15883.512044270834, 15897.80859375, 15917.182291666666, 15939.947265625, 15952.41015625, 15967.0888671875, 16010.65234375, 16053.307291666666, 16094.493489583334, 16144.4921875, 16200.9404296875, 16230.334309895834, 16203.287760416666, 16216.301106770834, 16334.741536458334, 16306.6591796875, 16307.154622395834, 16285.356119791666, 16268.986653645834, 16259.0166015625, 16261.249674479166, 16266.1669921875, 16269.092122395834, 16272.220052083334, 16276.6337890625, 16282.564778645834, 16290.378255208334, 16299.2021484375, 16308.138020833334, 16317.301106770834, 16326.772135416666, 16337.236002604166, 16348.736002604166, 16359.71484375, 16370.8642578125, 16379.961263020834, 16388.2333984375, 16396.5869140625, 16404.673828125, 16410.575520833332, 16416.2294921875, 16420.01171875, 16423.01953125, 16426.950846354168, 16431.398111979168, 16435.666015625, 16440.127604166668, 16445.210286458332], "upper": [21238.755859375, 18236.34765625, 16371.1396484375, 16331.244140625, 16302.1796875, 16291.412109375, 16285.7451171875, 16282.041015625, 16279.64453125, 16278.0322265625, 16277.04296875, 16276.1943359375, 16275.7294921875, 16275.3251953125, 16275.3330078125, 16276.0654296875, 16276.94140625, 16277.83984375, 16278.9091796875, 16279.84375, 16281.09765625, 16282.21484375, 16282.6455078125, 16283.6044921875, 16284.849609375, 16286.654296875, 16287.0625, 16286.439453125, 16284.822265625, 16284.271484375, 16284.384765625, 16283.9423828125, 16283.3671875, 16282.326171875, 16280.5615234375, 16277.2587890625, 16273.609375, 16270.6083984375, 16264.677734375, 16254.115234375, 16240.474609375, 16222.2138671875, 16204.04296875, 16188.2080078125, 16267.3154296875, 16552.21484375, 16337.66796875, 16043.37109375, 16167.044921875, 16646.357421875, 16602.7109375, 16560.150390625, 16533.17578125, 16512.5546875, 16498.5546875, 16491.279296875, 16487.076171875, 16485.822265625, 16487.080078125, 16490.30859375, 16495.208984375, 16501.51953125, 16508.927734375, 16517.626953125, 16527.408203125, 16538.052734375, 16549.330078125, 16561.337890625, 16573.931640625, 16587.4921875, 16601.66796875, 16616.443359375, 16631.990234375, 16647.94140625, 16664.251953125, 16681.017578125, 16698.546875, 16716.474609375, 16735.236328125, 16754.73828125, 16774.22265625, 16793.591796875, 16812.486328125, 16831.19921875, 16849.666015625, 16867.837890625, 16887.3046875, 16901.677734375, 16914.44140625, 16925.392578125, 16931.59375, 16930.4609375, 16928.39453125, 16925.63671875, 16922.796875, 16921.45703125, 16921.173828125, 16922.171875, 16924.412109375, 16926.880859375], "lower": [12704.19921875, 12846.087890625, 12909.697265625, 12910.5556640625, 12940.818359375, 13026.7802734375, 13122.953125, 13378.2451171875, 13864.28515625, 14278.591796875, 14857.1357421875, 15136.5341796875, 15277.30078125, 15291.6220703125, 15303.2646484375, 15315.33203125, 15326.1318359375, 15335.9521484375, 15345.0810546875, 15353.3408203125, 15360.64453125, 15367.1865234375, 15373.3447265625, 15375.849609375, 15373.193359375, 15365.5380859375, 15336.65234375, 15287.9052734375, 15223.482421875, 15161.3173828125, 15089.3857421875, 14999.2041015625, 15037.001953125, 15087.2978515625, 15035.1767578125, 14981.6728515625, 14932.0048828125, 14917.185546875, 14947.677734375, 15000.3046875, 15051.1552734375, 15096.90625, 15137.7841796875, 15173.50390625, 15204.8310546875, 15231.8134765625, 15253.5517578125, 15270.3369140625, 15283.09765625, 15290.0576171875, 15298.458984375, 15304.28125, 15310.6728515625, 15317.8564453125, 15327.3330078125, 15336.1484375, 15327.9423828125, 15370.486328125, 15497.771484375, 15621.47265625, 15738.59375, 15880.6748046875, 16040.3154296875, 16055.98046875, 16025.54296875, 16052.0888671875, 16059.578125, 16060.7705078125, 16061.3525390625, 16061.91796875, 16062.5771484375, 16062.9658203125, 16063.4521484375, 16064.1845703125, 16064.7666015625, 16065.9775390625, 16064.353515625, 16062.7373046875, 16066.1064453125, 16071.2734375, 16073.15234375, 16075.171875, 16077.18359375, 16079.4306640625, 16081.830078125, 16084.099609375, 16086.9091796875, 16089.26953125, 16091.9013671875, 16094.2998046875, 16096.654296875, 16099.1708984375, 16101.2294921875, 16103.15625, 16104.9716796875, 16106.0771484375, 16107.3564453125, 16108.125, 16109.154296875, 16110.1103515625]}