{"mean": [50551.259114583336, 49411.272135416664, 49209.760416666664, 49299.5234375, 49193.157552083336, 49097.41015625, 48901.59765625, 48539.044270833336, 48354.826822916664, 48436.360677083336, 48316.305989583336, 48089.765625, 47866.389322916664, 47790.309895833336, 47907.569010416664, 47940.803385416664, 47772.654947916664, 47642.505208333336, 47521.053385416664, 47492.33203125, 47503.484375, 47473.489583333336, 47353.643229166664, 47228.859375, 47134.71484375, 47103.45703125, 47028.721354166664, 46936.022135416664, 46911.279947916664, 46901.950520833336, 46844.938802083336, 46839.940104166664, 46802.29296875, 46787.127604166664, 46913.39453125, 47104.520833333336, 47337.76953125, 47502.220052083336, 47530.430989583336, 47472.783854166664, 47458.520833333336, 47509.473958333336, 47540.87109375, 47550.721354166664, 47528.82421875, 47506.720052083336, 47515.609375, 47583.65234375, 47581.608072916664, 47473.796875, 47370.75390625, 47334.880208333336, 47320.180989583336, 47294.138020833336, 47274.06640625, 47225.173177083336, 47139.705729166664, 47060.486979166664, 47028.709635416664, 47020.14453125, 47014.180989583336, 47004.369791666664, 47020.166666666664, 47054.802083333336, 47086.783854166664, 47092.352864583336, 47079.046875, 47061.643229166664, 47050.364583333336, 47061.069010416664, 47086.294270833336, 47118.140625, 47147.865885416664, 47176.5703125, 47204.548177083336, 47243.64453125, 47274.95703125, 47290.880208333336, 47296.444010416664, 47316.772135416664, 47336.485677083336, 47352.576822916664, 47346.5625, 47329.518229166664, 47331.760416666664, 47334.174479166664, 47345.678385416664, 47362.352864583336, 47363.01171875, 47339.975260416664, 47340.372395833336, 47351.108072916664, 47364.932291666664, 47366.920572916664, 47363.615885416664, 47376.303385416664, 47394.063802083336, 47395.11328125, 47375.510416666664, 47373.759114583336], "upper": [54686.67578125, 51665.25, 51708.79296875, 52559.5546875, 52807.37109375, 52493.5859375, 51958.171875, 51050.46875, 50747.453125, 51344.1796875, 51482.8203125, 51258.7734375, 50727.14453125, 50227.796875, 50176.7421875, 50432.60546875, 50395.23046875, 50140.984375, 49591.3125, 49290.90625, 49260.45703125, 49259.7421875, 49119.12109375, 48832.28125, 48569.51953125, 48475.72265625, 48257.06640625, 47983.41796875, 47889.15625, 47802.296875, 47650.13671875, 47654.91015625, 47562.578125, 47468.0234375, 47585.6953125, 47640.34765625, 47659.01953125, 47723.8203125, 47894.0703125, 47889.609375, 47815.5859375, 47800.09765625, 47818.109375, 47848.4765625, 47882.6640625, 47930.4453125, 47999.9140625, 48181.3203125, 48191.984375, 48060.03125, 47912.00390625, 47916.41796875, 47922.1171875, 47918.3828125, 47954.45703125, 47962.5078125, 47910.94921875, 47827.6328125, 47769.859375, 47721.6015625, 47680.5546875, 47651.04296875, 47633.0859375, 47620.9375, 47613.34375, 47593.0859375, 47573.2734375, 47557.72265625, 47542.3125, 47536.77734375, 47534.28125, 47539.19921875, 47545.3125, 47552.70703125, 47560.5703125, 47568.21484375, 47577.9453125, 47584.609375, 47592.86328125, 47612.1328125, 47652.921875, 47705.7109375, 47727.17578125, 47731.515625, 47723.46875, 47709.40234375, 47700.24609375, 47787.29296875, 47870.14453125, 47879.359375, 47942.015625, 48034.2265625, 48133.47265625, 48194.140625, 48255.9140625, 48328.80078125, 48408.35546875, 48460.49609375, 48465.375, 48509.78515625], "lower": [48257.421875, 48234.359375, 47918.80078125, 47575.1875, 47184.0390625, 47341.64453125, 47318.05078125, 47176.1171875, 47010.06640625, 46822.46875, 46597.75390625, 46442.3515625, 46339.203125, 46518.73046875, 46496.7265625, 46466.59375, 46459.23828125, 46291.1015625, 46252.484375, 46267.953125, 46270.94140625, 46245.59765625, 46216.80859375, 46228.2578125, 46246.75390625, 46248.57421875, 46225.62890625, 46199.3359375, 46203.23828125, 46248.02734375, 46206.796875, 46152.4375, 46081.984375, 46039.88671875, 46126.953125, 46406.2890625, 46860.671875, 47094.35546875, 47006.7109375, 46841.80078125, 46869.8203125, 47029.44140625, 47125.55078125, 47128.2578125, 47040.94921875, 46888.26171875, 46846.57421875, 46857.24609375, 46821.6015625, 46735.578125, 46640.109375, 46601.6484375, 46618.4375, 46592.83203125, 46529.49609375, 46419.2578125, 46250.92578125, 46113.0859375, 46053.56640625, 46057.03515625, 46063.96875, 46051.92578125, 46108.1015625, 46213.08203125, 46311.66796875, 46352.43359375, 46336.046875, 46303.8828125, 46290.15234375, 46331.09375, 46412.8828125, 46509.140625, 46602.09375, 46688.53125, 46772.39453125, 46875.6328125, 46943.68359375, 46967.00390625, 46988.6171875, 47002.828125, 46997.08203125, 46965.92578125, 46895.73046875, 46831.140625, 46776.70703125, 46723.16015625, 46660.75, 46589.33984375, 46511.40234375, 46440.67578125, 46389.1484375, 46347.62890625, 46321.62109375, 46301.8671875, 46292.7109375, 46303.546875, 46321.671875, 46332.23828125, 46327.03125, 46319.63671875]}