{"mean": [2469.4161783854165, 2248.58154296875, 2202.3301595052085, 2218.3382161458335, 2234.8688151041665, 2222.4532063802085, 2202.9995930989585, 2179.330810546875, 2155.4622395833335, 2135.527099609375, 2135.22900390625, 2144.27880859375, 2143.7569986979165, 2135.3914388020835, 2110.7376302083335, 2081.0731608072915, 2065.3216145833335, 2061.6549479166665, 2062.750447591146, 2060.5629069010415, 2052.8082275390625, 2040.1007486979167, 2024.2730712890625, 2015.1961263020833, 2007.2909749348958, 2003.72412109375, 2000.525390625, 1992.3874104817708, 1979.7475992838542, 1963.7070719401042, 1954.1013997395833, 1955.6122233072917, 1970.6324869791667, 1991.0439453125, 1999.1685384114583, 1991.4015299479167, 1978.3525797526042, 1976.27001953125, 1979.6470133463542, 1977.5118001302083, 1982.4236246744792, 1989.9906819661458, 1984.8558756510417, 1973.9888509114583, 1964.9341227213542, 1966.1974283854167, 1968.386962890625, 1966.1495768229167, 1965.2305908203125, 1968.8826904296875, 1968.5602620442708, 1965.2140299479167, 1959.0615641276042, 1957.0735270182292, 1956.897705078125, 1956.7873942057292, 1956.8331705729167, 1958.364501953125, 1959.2078857421875, 1958.5010172526042, 1957.1828206380208, 1956.392822265625, 1955.383056640625, 1954.3372802734375, 1953.6859130859375, 1953.6682535807292, 1952.8670247395833, 1951.2134195963542, 1949.3642171223958, 1949.3978271484375, 1950.4702962239583, 1954.0223795572917, 1955.7295735677083, 1961.3885904947917, 1954.9112955729167, 1953.7047119140625, 1952.0052490234375, 1950.3376871744792, 1950.8499348958333, 1950.8678792317708, 1951.6900227864583, 1951.1464436848958, 1949.573486328125, 1945.8172607421875, 1943.2788492838542, 1941.3705647786458, 1939.2421468098958, 1937.090576171875, 1904.8464762369792, 1933.025390625, 1931.3951009114583, 1928.4254964192708, 1931.2203369140625, 1937.3546956380208, 1944.4268798828125, 1941.4043782552083, 1943.2942301432292, 1945.4607747395833, 1947.0373128255208, 1950.1597086588542], "upper": [2856.064453125, 2356.724365234375, 2330.8095703125, 2312.340087890625, 2293.955810546875, 2275.8837890625, 2261.202392578125, 2245.820068359375, 2224.0048828125, 2201.53955078125, 2170.229248046875, 2197.034912109375, 2226.941162109375, 2206.1904296875, 2151.01708984375, 2100.125732421875, 2068.89892578125, 2071.32080078125, 2090.77685546875, 2099.40625, 2094.716064453125, 2075.71240234375, 2046.5361328125, 2022.0936279296875, 2011.7696533203125, 2018.059326171875, 2028.5172119140625, 2026.0985107421875, 2009.6629638671875, 1984.4703369140625, 1974.6884765625, 1983.608642578125, 2033.4639892578125, 2102.475341796875, 2123.550537109375, 2078.44091796875, 2022.0860595703125, 2029.2802734375, 2068.356689453125, 2057.3955078125, 2039.9737548828125, 2084.39306640625, 2089.020751953125, 2060.782470703125, 2036.115478515625, 2038.3582763671875, 2037.888427734375, 2031.0257568359375, 2025.0341796875, 2031.8507080078125, 2032.7415771484375, 2029.3433837890625, 2025.3873291015625, 2024.4239501953125, 2024.648681640625, 2025.4801025390625, 2028.1455078125, 2032.2425537109375, 2032.4461669921875, 2031.1112060546875, 2027.7342529296875, 2026.5369873046875, 2026.259033203125, 2026.5556640625, 2029.038330078125, 2030.6551513671875, 2029.7235107421875, 2027.2633056640625, 2024.5201416015625, 2023.6181640625, 2023.373046875, 2024.9442138671875, 2025.5201416015625, 2025.1446533203125, 2023.9791259765625, 2022.599365234375, 2021.640625, 2021.334228515625, 2021.6202392578125, 2022.2060546875, 2022.5147705078125, 2022.337158203125, 2021.7139892578125, 2021.094970703125, 2020.809326171875, 2020.9132080078125, 2021.28173828125, 2021.6922607421875, 2021.751953125, 2021.5323486328125, 2021.965087890625, 2022.8115234375, 2024.6494140625, 2025.43310546875, 2026.345458984375, 2027.3001708984375, 2028.2220458984375, 2027.206787109375, 2025.86572265625, 2024.6341552734375], "lower": [2151.0546875, 2151.01025390625, 2125.279296875, 2125.927490234375, 2134.80712890625, 2116.580810546875, 2114.962890625, 2110.538330078125, 2107.2890625, 2102.181640625, 2094.144287109375, 2090.09814453125, 2086.179443359375, 2078.795654296875, 2070.637939453125, 2061.72021484375, 2060.529052734375, 2056.557861328125, 2047.8067626953125, 2040.947021484375, 2029.776123046875, 2017.2645263671875, 2006.3642578125, 2009.880859375, 2001.548095703125, 1991.42724609375, 1979.8428955078125, 1966.8287353515625, 1952.712646484375, 1936.357666015625, 1923.8095703125, 1921.560302734375, 1913.708984375, 1909.08251953125, 1916.4925537109375, 1932.95849609375, 1947.7984619140625, 1938.2708740234375, 1908.7464599609375, 1915.2677001953125, 1952.9776611328125, 1941.4375, 1928.9208984375, 1929.600341796875, 1928.870361328125, 1929.9508056640625, 1930.9443359375, 1931.9229736328125, 1932.3380126953125, 1933.0809326171875, 1930.0518798828125, 1928.5789794921875, 1924.9735107421875, 1922.45068359375, 1919.494384765625, 1916.27294921875, 1913.852294921875, 1914.5712890625, 1914.5518798828125, 1910.8331298828125, 1907.151123046875, 1905.0196533203125, 1903.84423828125, 1904.412109375, 1905.7000732421875, 1907.036376953125, 1907.494873046875, 1906.30859375, 1904.4547119140625, 1903.718505859375, 1903.807373046875, 1904.567138671875, 1905.4381103515625, 1925.0343017578125, 1910.9593505859375, 1911.857666015625, 1907.4715576171875, 1905.021240234375, 1904.7864990234375, 1905.865234375, 1909.5543212890625, 1910.9415283203125, 1909.0416259765625, 1906.1614990234375, 1904.408447265625, 1897.5860595703125, 1888.5772705078125, 1880.9461669921875, 1781.4622802734375, 1866.8828125, 1864.5679931640625, 1854.465576171875, 1859.48974609375, 1875.7005615234375, 1895.605712890625, 1886.02734375, 1890.5438232421875, 1897.1220703125, 1902.2833251953125, 1912.716552734375]}