{"mean": [9167.198567708334, 8520.095052083334, 8893.810709635416, 8899.93505859375, 8589.117024739584, 8288.3447265625, 8439.270670572916, 8552.453125, 8386.42822265625, 8326.185872395834, 8237.136881510416, 8392.289713541666, 8589.542317708334, 8617.040852864584, 8521.697102864584, 8339.606119791666, 8179.908203125, 8142.937825520833, 8162.931315104167, 8180.29931640625, 8132.115885416667, 8073.781087239583, 7892.54736328125, 7919.818359375, 7892.516276041667, 7949.149739583333, 7840.271158854167, 7746.85791015625, 7714.399088541667, 7666.949381510417, 7606.423665364583, 7545.00927734375, 7375.4169921875, 7280.419270833333, 7239.578938802083, 7120.528483072917, 6981.2822265625, 7034.641764322917, 7093.727213541667, 7076.603841145833, 7096.114583333333, 7184.50634765625, 7244.332356770833, 7271.571126302083, 7291.76220703125, 7311.756022135417, 7312.870442708333, 7295.08935546875, 7301.427083333333, 7293.05029296875, 7263.865071614583, 7206.851236979167, 7141.58935546875, 7112.2216796875, 7147.745768229167, 7189.325520833333, 7189.107259114583, 7170.75634765625, 7132.973470052083, 7096.115559895833, 7096.984375, 7121.939290364583, 7156.616536458333, 7196.526692708333, 7240.438802083333, 7275.999674479167, 7297.171549479167, 7304.112955729167, 7297.78515625, 7279.386881510417, 7251.183919270833, 7216.770670572917, 7195.243326822917, 7188.2236328125, 7205.7939453125, 7233.504557291667, 7232.21533203125, 7203.85693359375, 7164.562337239583, 7136.619954427083, 7125.42041015625, 7136.72265625, 7161.164388020833, 7182.3505859375, 7174.913899739583, 7163.584147135417, 7154.3525390625, 7151.178385416667, 7145.085123697917, 7134.090494791667, 7122.624837239583, 7132.108723958333, 7149.722330729167, 7161.1708984375, 7162.782389322917, 7157.3056640625, 7137.017252604167, 7121.27685546875, 7124.618977864583, 7131.424153645833], "upper": [10188.830078125, 9954.69921875, 9882.4140625, 9830.0888671875, 9826.529296875, 9767.2236328125, 9671.017578125, 9609.9873046875, 9569.8056640625, 9532.04296875, 9502.6396484375, 9475.7939453125, 9446.2373046875, 9408.8662109375, 9379.3349609375, 9369.1396484375, 9370.7548828125, 9382.236328125, 9399.5947265625, 9397.984375, 9378.166015625, 9343.7412109375, 9297.4814453125, 9254.8583984375, 9212.48828125, 9173.8837890625, 9126.3427734375, 9067.0869140625, 8994.6396484375, 8936.7275390625, 8882.5029296875, 8759.2158203125, 8261.349609375, 7944.357421875, 7767.927734375, 7519.76611328125, 7544.00830078125, 7560.05810546875, 7567.6845703125, 7576.00244140625, 7605.90576171875, 7648.78125, 7686.10009765625, 7713.1318359375, 7729.0498046875, 7735.03271484375, 7724.16796875, 7676.12646484375, 7703.31591796875, 7740.60693359375, 7692.263671875, 7557.037109375, 7578.0703125, 7589.7861328125, 7593.37744140625, 7594.40576171875, 7599.44189453125, 7612.6669921875, 7617.6591796875, 7628.64599609375, 7634.08544921875, 7638.45263671875, 7646.0458984375, 7650.42724609375, 7654.47119140625, 7658.921875, 7651.45703125, 7640.18310546875, 7624.015625, 7598.0810546875, 7576.5615234375, 7558.255859375, 7550.39306640625, 7551.46923828125, 7554.04638671875, 7555.0673828125, 7552.0478515625, 7554.7705078125, 7563.7744140625, 7577.28662109375, 7591.9541015625, 7606.513671875, 7623.79052734375, 7639.6123046875, 7646.32275390625, 7639.0205078125, 7629.71337890625, 7622.744140625, 7614.10791015625, 7599.89599609375, 7589.68115234375, 7587.453125, 7584.517578125, 7582.80322265625, 7583.20751953125, 7585.61474609375, 7587.8701171875, 7591.5634765625, 7596.05859375, 7604.470703125], "lower": [8552.9814453125, 6473.4814453125, 7596.02880859375, 7722.44287109375, 6934.53466796875, 6221.994140625, 6870.16357421875, 7328.435546875, 6885.54052734375, 6734.671875, 6478.72900390625, 6950.671875, 7563.794921875, 7694.69482421875, 7469.63623046875, 6975.8349609375, 6544.8671875, 6483.275390625, 6586.7900390625, 6719.46826171875, 6706.310546875, 6694.55224609375, 6329.56201171875, 6566.70263671875, 6634.1982421875, 6944.64306640625, 6756.82861328125, 6596.36962890625, 6615.330078125, 6580.109375, 6488.74560546875, 6443.4541015625, 6425.44384765625, 6434.3857421875, 6461.1298828125, 6496.7900390625, 6531.49951171875, 6581.2294921875, 6613.24462890625, 6604.62841796875, 6544.63916015625, 6514.98681640625, 6532.08984375, 6547.96240234375, 6544.9755859375, 6558.875, 6575.4189453125, 6579.43359375, 6562.69775390625, 6552.0048828125, 6540.693359375, 6521.6689453125, 6510.60546875, 6541.55322265625, 6571.12939453125, 6582.5986328125, 6555.0283203125, 6562.248046875, 6601.91650390625, 6629.77783203125, 6654.12841796875, 6690.7685546875, 6734.02197265625, 6783.93212890625, 6831.47900390625, 6865.509765625, 6893.216796875, 6908.96240234375, 6920.7939453125, 6921.3349609375, 6915.12255859375, 6903.53466796875, 6896.02197265625, 6891.3359375, 6875.55029296875, 6846.10400390625, 6785.95703125, 6712.4052734375, 6658.72021484375, 6636.6767578125, 6641.45849609375, 6677.7314453125, 6711.74658203125, 6695.6845703125, 6627.39501953125, 6605.794921875, 6631.921875, 6697.91162109375, 6740.8046875, 6729.17822265625, 6687.572265625, 6669.09765625, 6680.68603515625, 6703.00146484375, 6739.64599609375, 6774.67333984375, 6768.54150390625, 6728.32080078125, 6692.2099609375, 6675.412109375]}