{"mean": [2545.4137369791665, 2323.1317545572915, 2457.9689127604165, 2477.424072265625, 2370.2728678385415, 2276.642618815104, 2331.0853678385415, 2347.1976725260415, 2313.4043782552085, 2260.3063151041665, 2256.8357747395835, 2340.7845865885415, 2400.567138671875, 2412.4087727864585, 2389.1197102864585, 2338.6399739583335, 2267.3560384114585, 2232.6057942708335, 2229.323771158854, 2242.7571614583335, 2235.88134765625, 2212.384480794271, 2185.572021484375, 2188.522908528646, 2202.2115478515625, 2219.4017740885415, 2195.407511393229, 2165.4775390625, 2159.6426595052085, 2155.641357421875, 2148.2870279947915, 2141.060994466146, 2121.913045247396, 2080.0609130859375, 2070.905069986979, 2078.9140625, 2090.4506022135415, 2101.8765462239585, 2102.210489908854, 2089.849853515625, 2068.8021240234375, 2052.081787109375, 2041.5489908854167, 2039.3388264973958, 2044.6630045572917, 2056.630411783854, 2071.3121337890625, 2087.0183919270835, 2096.6790771484375, 2098.9340006510415, 2096.8208821614585, 2089.5941162109375, 2081.423828125, 2076.20556640625, 2070.279825846354, 2064.864013671875, 2061.065470377604, 2064.1435546875, 2071.8663330078125, 2078.3976236979165, 2082.0245361328125, 2083.9286295572915, 2084.5936279296875, 2085.5984700520835, 2085.8335774739585, 2085.685262044271, 2086.504191080729, 2089.1907552083335, 2093.3612467447915, 2096.027303059896, 2096.5315755208335, 2094.8037109375, 2093.1798502604165, 2092.8523763020835, 2090.9903971354165, 2086.5215657552085, 2079.3897298177085, 2074.5587565104165, 2071.9820556640625, 2071.6110026041665, 2074.1539306640625, 2077.979248046875, 2080.9114583333335, 2077.3018391927085, 2069.87353515625, 2065.8422037760415, 2067.297119140625, 2073.0028076171875, 2078.6436360677085, 2078.445027669271, 2076.1160481770835, 2073.770751953125, 2073.9937744140625, 2075.5188802083335, 2078.699422200521, 2082.020955403646, 2080.469685872396, 2074.929484049479, 2069.490234375, 2067.609375], "upper": [2633.007568359375, 2548.20751953125, 2555.417724609375, 2589.170654296875, 2613.994873046875, 2607.971435546875, 2581.881591796875, 2554.854736328125, 2531.18994140625, 2515.0498046875, 2506.7373046875, 2502.10888671875, 2499.16455078125, 2499.509765625, 2502.21875, 2506.208251953125, 2506.255126953125, 2501.458251953125, 2491.44873046875, 2482.649169921875, 2475.454345703125, 2467.986328125, 2459.31103515625, 2451.2197265625, 2442.796875, 2433.387939453125, 2421.9013671875, 2408.889892578125, 2392.7197265625, 2376.117431640625, 2358.384521484375, 2333.191162109375, 2270.54931640625, 2249.0771484375, 2252.692626953125, 2254.50341796875, 2253.58251953125, 2249.642333984375, 2241.60205078125, 2228.7177734375, 2213.9765625, 2203.825927734375, 2198.4482421875, 2197.274169921875, 2201.111328125, 2209.98681640625, 2221.2236328125, 2231.40234375, 2236.4140625, 2232.543212890625, 2226.500732421875, 2216.6064453125, 2205.78125, 2206.244384765625, 2214.0859375, 2222.20947265625, 2228.80908203125, 2232.452880859375, 2231.861083984375, 2227.01513671875, 2221.687255859375, 2216.0322265625, 2212.342041015625, 2209.863525390625, 2208.822021484375, 2207.571044921875, 2207.611328125, 2212.263671875, 2219.292724609375, 2222.650146484375, 2220.141357421875, 2212.03857421875, 2207.50830078125, 2208.592041015625, 2213.22802734375, 2217.587646484375, 2217.98779296875, 2216.52978515625, 2213.162353515625, 2208.69921875, 2208.0712890625, 2211.431396484375, 2216.470947265625, 2219.732421875, 2220.24755859375, 2218.206787109375, 2211.796630859375, 2208.3955078125, 2207.76025390625, 2209.36181640625, 2213.65576171875, 2217.24755859375, 2218.890380859375, 2219.17431640625, 2218.04638671875, 2214.810791015625, 2209.938720703125, 2207.727783203125, 2208.133544921875, 2211.74755859375], "lower": [2384.962890625, 1899.686767578125, 2276.83349609375, 2315.1787109375, 2009.09423828125, 1781.6087646484375, 2001.20166015625, 2088.87158203125, 2009.512451171875, 1853.982666015625, 1839.21240234375, 2086.215087890625, 2264.78271484375, 2305.255615234375, 2246.177001953125, 2110.0751953125, 1917.005859375, 1839.5234375, 1863.1666259765625, 1932.983154296875, 1939.26708984375, 1893.1729736328125, 1838.552978515625, 1870.5721435546875, 1933.1666259765625, 2007.20654296875, 1957.3463134765625, 1885.062744140625, 1881.348876953125, 1876.621337890625, 1860.396240234375, 1854.4073486328125, 1852.0443115234375, 1852.7313232421875, 1855.1390380859375, 1859.19384765625, 1862.465087890625, 1867.619873046875, 1870.3734130859375, 1867.311767578125, 1855.3419189453125, 1847.744873046875, 1842.795166015625, 1842.0557861328125, 1843.076416015625, 1848.4217529296875, 1850.4871826171875, 1850.1513671875, 1845.6353759765625, 1840.828857421875, 1838.442626953125, 1838.1932373046875, 1841.5146484375, 1851.196044921875, 1858.0411376953125, 1863.31689453125, 1860.1832275390625, 1863.36376953125, 1871.0426025390625, 1877.95751953125, 1883.6492919921875, 1891.3447265625, 1899.3372802734375, 1909.37060546875, 1917.65283203125, 1923.0726318359375, 1927.3297119140625, 1929.739990234375, 1931.776123046875, 1932.1920166015625, 1931.325927734375, 1931.06689453125, 1931.89404296875, 1933.659912109375, 1932.8828125, 1925.956298828125, 1910.12890625, 1893.835205078125, 1880.3175048828125, 1876.207275390625, 1880.3194580078125, 1889.21142578125, 1898.568115234375, 1894.57763671875, 1879.514892578125, 1871.883544921875, 1880.36376953125, 1895.3197021484375, 1907.76416015625, 1903.9725341796875, 1893.460205078125, 1887.054443359375, 1890.4764404296875, 1898.2822265625, 1908.8919677734375, 1921.0274658203125, 1920.1661376953125, 1908.2625732421875, 1898.490234375, 1894.50537109375]}