{"mean": [4837.948913574219, 4939.7120361328125, 4991.5291748046875, 4981.992980957031, 4984.494934082031, 4988.146484375, 5002.815185546875, 5010.699768066406, 5001.245178222656, 4981.6710205078125, 4979.6480712890625, 4975.348388671875, 4970.0455322265625, 4964.053466796875, 4958.09130859375, 4952.439880371094, 4947.642761230469, 4944.31689453125, 4941.7843017578125, 4939.92724609375, 4938.947509765625, 4939.108154296875, 4940.153381347656, 4942.232482910156, 4944.9422607421875, 4947.05029296875, 4947.447448730469, 4946.4403076171875, 4945.028381347656, 4943.9493408203125, 4943.242858886719, 4943.070861816406, 4943.485107421875, 4944.399719238281, 4945.701843261719, 4947.240905761719, 4948.7357177734375, 4949.968444824219, 4950.8665771484375, 4951.198913574219, 4950.933837890625, 4950.376037597656, 4949.549621582031, 4948.791442871094, 4948.236267089844, 4947.943542480469, 4947.957763671875, 4948.395935058594, 4948.963623046875, 4949.774597167969, 4950.4637451171875, 4950.999694824219, 4951.3792724609375, 4951.531188964844, 4951.4073486328125, 4951.300964355469, 4951.233703613281, 4951.277038574219, 4951.436218261719, 4951.741027832031, 4952.1533203125, 4952.512145996094, 4952.707214355469, 4952.696228027344, 4952.549621582031, 4952.322998046875, 4952.0994873046875, 4951.936279296875, 4951.824401855469, 4951.760437011719, 4951.67529296875, 4951.497619628906, 4951.1939697265625, 4950.756042480469, 4950.213073730469, 4949.6239013671875, 4949.045166015625, 4948.502685546875, 4948.0234375, 4947.6270751953125, 4947.274841308594, 4946.948059082031, 4946.583251953125, 4946.1239013671875, 4945.62255859375, 4945.0548095703125, 4944.486511230469, 4943.910827636719, 4943.370788574219, 4942.87353515625, 4942.439147949219, 4941.991760253906, 4941.546630859375, 4941.113525390625, 4940.6676025390625, 4940.269592285156, 4939.998840332031, 4939.8240966796875, 4939.7178955078125, 4939.6988525390625], "upper": [4837.9580078125, 4939.724609375, 4991.53857421875, 4982.015625, 4984.53955078125, 4988.21630859375, 5002.8837890625, 5010.8037109375, 5001.412109375, 4981.890625, 4979.86962890625, 4975.50048828125, 4970.17578125, 4964.1376953125, 4958.1650390625, 4952.49658203125, 4947.7177734375, 4944.42431640625, 4941.9052734375, 4940.0166015625, 4939.0478515625, 4939.1484375, 4940.24169921875, 4942.33935546875, 4944.98388671875, 4947.18212890625, 4947.69091796875, 4946.71728515625, 4945.2216796875, 4944.08251953125, 4943.44677734375, 4943.29931640625, 4943.7861328125, 4944.7392578125, 4946.11328125, 4947.67626953125, 4949.177734375, 4950.50341796875, 4951.34716796875, 4951.794921875, 4951.6875, 4951.0556640625, 4950.4248046875, 4949.70361328125, 4949.162109375, 4948.8544921875, 4948.92578125, 4949.2900390625, 4949.9013671875, 4950.71337890625, 4951.5458984375, 4952.30029296875, 4952.78662109375, 4952.87646484375, 4952.88330078125, 4952.728515625, 4952.568359375, 4952.5234375, 4952.615234375, 4952.90283203125, 4953.40625, 4953.78662109375, 4953.99658203125, 4953.9765625, 4953.77880859375, 4953.4296875, 4952.92529296875, 4952.4912109375, 4952.2021484375, 4952.08984375, 4952.0556640625, 4951.966796875, 4951.67626953125, 4951.23388671875, 4950.67138671875, 4949.99609375, 4949.3955078125, 4948.81591796875, 4948.3388671875, 4947.9580078125, 4947.5859375, 4947.25830078125, 4946.85888671875, 4946.4287109375, 4945.95166015625, 4945.4453125, 4944.958984375, 4944.47412109375, 4943.97705078125, 4943.5712890625, 4943.07421875, 4942.58544921875, 4942.00927734375, 4941.580078125, 4941.19482421875, 4940.70947265625, 4940.33154296875, 4940.11572265625, 4939.978515625, 4940.115234375], "lower": [4837.93896484375, 4939.69091796875, 4991.517578125, 4981.96728515625, 4984.4638671875, 4988.08056640625, 5002.7470703125, 5010.57177734375, 5001.09375, 4981.51806640625, 4979.50732421875, 4975.22998046875, 4969.91064453125, 4963.95166015625, 4958.00732421875, 4952.37158203125, 4947.5673828125, 4944.208984375, 4941.6552734375, 4939.7783203125, 4938.748046875, 4939.00439453125, 4940.0927734375, 4942.1650390625, 4944.8857421875, 4946.84912109375, 4947.1259765625, 4946.0810546875, 4944.76953125, 4943.759765625, 4943.130859375, 4942.98486328125, 4943.34423828125, 4944.18701171875, 4945.4599609375, 4946.98681640625, 4948.53759765625, 4949.689453125, 4950.4384765625, 4950.720703125, 4950.6220703125, 4950.16650390625, 4949.29931640625, 4948.46044921875, 4947.7705078125, 4947.404296875, 4947.38818359375, 4947.76123046875, 4948.42138671875, 4949.091796875, 4949.78515625, 4950.2314453125, 4950.544921875, 4950.6982421875, 4950.5869140625, 4950.48095703125, 4950.458984375, 4950.51806640625, 4950.69189453125, 4950.96923828125, 4951.36376953125, 4951.72265625, 4951.9013671875, 4951.91015625, 4951.7626953125, 4951.5888671875, 4951.42138671875, 4951.2900390625, 4951.17919921875, 4951.154296875, 4951.07666015625, 4950.99169921875, 4950.7666015625, 4950.3349609375, 4949.89453125, 4949.45654296875, 4948.8486328125, 4948.21044921875, 4947.63720703125, 4947.19287109375, 4946.82275390625, 4946.45703125, 4946.06689453125, 4945.59033203125, 4945.01025390625, 4944.390625, 4943.79541015625, 4943.19384765625, 4942.4951171875, 4941.80908203125, 4941.30224609375, 4940.845703125, 4940.5771484375, 4940.462890625, 4940.44189453125, 4940.1064453125, 4939.83203125, 4939.62353515625, 4939.34912109375, 4939.150390625]}