{"mean": [986.7741470336914, 992.1097717285156, 997.5271835327148, 993.8961181640625, 993.3027114868164, 992.0192489624023, 992.3551712036133, 992.304069519043, 991.4173889160156, 990.4468841552734, 990.909423828125, 991.3327178955078, 991.7099609375, 991.9053115844727, 992.0594177246094, 992.1677703857422, 992.2663955688477, 992.4694595336914, 992.6453399658203, 992.7662887573242, 992.9290542602539, 993.3280792236328, 993.7954788208008, 994.3444671630859, 994.8667907714844, 995.2510452270508, 995.3558654785156, 995.2941360473633, 995.1090087890625, 994.9022979736328, 994.7763595581055, 994.7278747558594, 994.7541275024414, 994.8746948242188, 995.0551605224609, 995.2476348876953, 995.4387054443359, 995.6112060546875, 995.7170257568359, 995.7357788085938, 995.6474838256836, 995.5169830322266, 995.3709335327148, 995.2327041625977, 995.085319519043, 995.0001602172852, 994.955680847168, 994.9675140380859, 995.0168380737305, 995.1182098388672, 995.1839752197266, 995.2129974365234, 995.209831237793, 995.1497421264648, 995.0371856689453, 994.9178619384766, 994.8129730224609, 994.7400131225586, 994.6995391845703, 994.6973724365234, 994.7097854614258, 994.7102355957031, 994.6778411865234, 994.6276397705078, 994.5572357177734, 994.4844589233398, 994.4300079345703, 994.4013900756836, 994.3941116333008, 994.41748046875, 994.4388427734375, 994.4551391601562, 994.4641189575195, 994.4593734741211, 994.4387588500977, 994.4052505493164, 994.3739471435547, 994.3415298461914, 994.3263473510742, 994.3189468383789, 994.3167037963867, 994.3115310668945, 994.3107986450195, 994.2983016967773, 994.2748641967773, 994.2500610351562, 994.2270050048828, 994.2167205810547, 994.1947937011719, 994.1911163330078, 994.2005081176758, 994.201171875, 994.2061614990234, 994.2029724121094, 994.2030334472656, 994.1868438720703, 994.1772689819336, 994.1698532104492, 994.1651229858398, 994.1741027832031], "upper": [986.775390625, 992.11181640625, 997.5311889648438, 993.8980712890625, 993.3046264648438, 992.0226440429688, 992.3658447265625, 992.3145751953125, 991.4293823242188, 990.4570922851562, 990.9151611328125, 991.3364868164062, 991.7147216796875, 991.9094848632812, 992.063232421875, 992.1754760742188, 992.2689208984375, 992.4778442382812, 992.6558227539062, 992.7740478515625, 992.935302734375, 993.3380737304688, 993.8109741210938, 994.3779296875, 994.8859252929688, 995.2644653320312, 995.385009765625, 995.3275756835938, 995.1455078125, 994.9297485351562, 994.78515625, 994.7462768554688, 994.7715454101562, 994.913818359375, 995.1085815429688, 995.3013305664062, 995.4732666015625, 995.6347045898438, 995.7362060546875, 995.7652587890625, 995.66650390625, 995.5502319335938, 995.3825073242188, 995.2503662109375, 995.1199340820312, 995.0379638671875, 994.9901123046875, 994.9910888671875, 995.03564453125, 995.162109375, 995.212646484375, 995.2536010742188, 995.2459716796875, 995.18994140625, 995.0900268554688, 994.9482421875, 994.837890625, 994.758056640625, 994.7123413085938, 994.7167358398438, 994.7321166992188, 994.7216796875, 994.699951171875, 994.6563110351562, 994.5950317382812, 994.519775390625, 994.4581298828125, 994.4174194335938, 994.4224243164062, 994.4406127929688, 994.4680786132812, 994.4896240234375, 994.506591796875, 994.5165405273438, 994.494140625, 994.4359741210938, 994.3973999023438, 994.3575439453125, 994.3516235351562, 994.3475341796875, 994.3330688476562, 994.3372192382812, 994.3316040039062, 994.3207397460938, 994.289306640625, 994.2882080078125, 994.2705688476562, 994.234619140625, 994.2203369140625, 994.2011108398438, 994.2288818359375, 994.2335815429688, 994.241943359375, 994.223388671875, 994.2360229492188, 994.2409057617188, 994.2265625, 994.1943359375, 994.177734375, 994.2200317382812], "lower": [986.7726440429688, 992.1070556640625, 997.5255126953125, 993.8931274414062, 993.3004150390625, 992.0154418945312, 992.3439331054688, 992.2993774414062, 991.4058837890625, 990.4404296875, 990.905029296875, 991.3265991210938, 991.7057495117188, 991.9024047851562, 992.0542602539062, 992.1610107421875, 992.262451171875, 992.4620361328125, 992.6314697265625, 992.7554321289062, 992.9254760742188, 993.3211669921875, 993.7852783203125, 994.315673828125, 994.8577880859375, 995.2263793945312, 995.3114624023438, 995.251953125, 995.0648803710938, 994.8720703125, 994.7545776367188, 994.7109985351562, 994.7430419921875, 994.8430786132812, 995.0218505859375, 995.2152709960938, 995.4110107421875, 995.572509765625, 995.6882934570312, 995.6776123046875, 995.6116333007812, 995.5049438476562, 995.356201171875, 995.2106323242188, 995.048583984375, 994.960693359375, 994.931640625, 994.9525146484375, 994.9998168945312, 995.0918579101562, 995.150146484375, 995.1822509765625, 995.18408203125, 995.1210327148438, 995.004150390625, 994.9010620117188, 994.7854614257812, 994.7239990234375, 994.6828002929688, 994.6690673828125, 994.6920166015625, 994.698486328125, 994.6619873046875, 994.6063232421875, 994.5355224609375, 994.4662475585938, 994.3977661132812, 994.3746337890625, 994.3648681640625, 994.376708984375, 994.3883666992188, 994.4074096679688, 994.4255981445312, 994.4199829101562, 994.40625, 994.3759765625, 994.352294921875, 994.3202514648438, 994.3106689453125, 994.2890014648438, 994.3079833984375, 994.2904052734375, 994.2949829101562, 994.2838134765625, 994.2614135742188, 994.2300415039062, 994.20703125, 994.1826782226562, 994.1647338867188, 994.1765747070312, 994.1778564453125, 994.1683959960938, 994.1827392578125, 994.175537109375, 994.1495361328125, 994.1210327148438, 994.1331176757812, 994.142822265625, 994.1263427734375, 994.1466064453125]}