{"mean": [2390.2694702148438, 2333.839141845703, 2250.8504028320312, 2103.5904846191406, 1974.3676147460938, 1877.4998626708984, 1816.818618774414, 1777.5718994140625, 1745.6273498535156, 1715.6920928955078, 1702.727066040039, 1690.508529663086, 1679.287109375, 1669.4189453125, 1661.4906158447266, 1655.1936340332031, 1650.5103302001953, 1647.2001953125, 1645.1528930664062, 1643.8495483398438, 1643.3483276367188, 1642.4335327148438, 1641.9048614501953, 1642.722640991211, 1644.5326690673828, 1646.5226593017578, 1647.039779663086, 1646.4769439697266, 1646.0191345214844, 1646.0090026855469, 1646.1123962402344, 1646.4283294677734, 1646.7154693603516, 1646.9492950439453, 1647.052490234375, 1647.4374389648438, 1647.6605682373047, 1648.139663696289, 1648.393814086914, 1648.4236755371094, 1648.157241821289, 1647.6133575439453, 1647.1402130126953, 1646.6566925048828, 1646.1073760986328, 1645.6614227294922, 1645.2440795898438, 1644.9998168945312, 1644.776123046875, 1644.6861114501953, 1644.5675201416016, 1644.4696960449219, 1644.2246398925781, 1643.8309173583984, 1643.3856201171875, 1642.884048461914, 1642.490951538086, 1642.2105865478516, 1641.9671783447266, 1641.7864685058594, 1641.7787170410156, 1641.7429809570312, 1641.6961212158203, 1641.5442657470703, 1641.376235961914, 1641.2055053710938, 1641.101058959961, 1641.0826568603516, 1641.1332397460938, 1641.2379150390625, 1641.3679809570312, 1641.4989318847656, 1641.6107025146484, 1641.6372833251953, 1641.6432495117188, 1641.6557312011719, 1641.6500396728516, 1641.6695556640625, 1641.6884002685547, 1641.7566528320312, 1641.8323364257812, 1641.9051361083984, 1641.9606018066406, 1641.9765930175781, 1642.0272216796875, 1642.0316772460938, 1642.0894165039062, 1642.1286926269531, 1642.204574584961, 1642.3134765625, 1642.42138671875, 1642.5182342529297, 1642.6512451171875, 1642.7612762451172, 1642.810073852539, 1642.865463256836, 1642.9246978759766, 1642.961929321289, 1642.992919921875, 1642.9962615966797], "upper": [2390.280517578125, 2333.851318359375, 2250.879638671875, 2103.677978515625, 1974.4422607421875, 1877.5733642578125, 1816.87841796875, 1777.6873779296875, 1745.8004150390625, 1715.887939453125, 1702.9671630859375, 1690.667724609375, 1679.3848876953125, 1669.4986572265625, 1661.562744140625, 1655.2275390625, 1650.5224609375, 1647.23193359375, 1645.1904296875, 1643.8946533203125, 1643.395751953125, 1642.474609375, 1641.9486083984375, 1642.8245849609375, 1644.6151123046875, 1646.623779296875, 1647.203125, 1646.596435546875, 1646.1029052734375, 1646.101806640625, 1646.1669921875, 1646.4989013671875, 1646.76953125, 1647.015869140625, 1647.1468505859375, 1647.5008544921875, 1647.7935791015625, 1648.195068359375, 1648.4486083984375, 1648.529296875, 1648.2515869140625, 1647.682861328125, 1647.3082275390625, 1646.765625, 1646.2779541015625, 1645.7816162109375, 1645.4251708984375, 1645.22216796875, 1645.0111083984375, 1644.885009765625, 1644.753662109375, 1644.59228515625, 1644.3846435546875, 1643.90869140625, 1643.4908447265625, 1642.9608154296875, 1642.627197265625, 1642.38525390625, 1642.14697265625, 1642.06103515625, 1641.922607421875, 1641.955322265625, 1641.798828125, 1641.620361328125, 1641.472900390625, 1641.3055419921875, 1641.1649169921875, 1641.165771484375, 1641.24267578125, 1641.37109375, 1641.4490966796875, 1641.6077880859375, 1641.7171630859375, 1641.7581787109375, 1641.81103515625, 1641.71923828125, 1641.7274169921875, 1641.733154296875, 1641.7926025390625, 1641.8248291015625, 1641.8851318359375, 1642.0169677734375, 1642.068115234375, 1642.0955810546875, 1642.2117919921875, 1642.2557373046875, 1642.301513671875, 1642.26904296875, 1642.321044921875, 1642.442138671875, 1642.5355224609375, 1642.6463623046875, 1642.735107421875, 1642.899658203125, 1642.9530029296875, 1643.03759765625, 1642.9970703125, 1643.0382080078125, 1643.0582275390625, 1643.082763671875], "lower": [2390.257080078125, 2333.815673828125, 2250.8271484375, 2103.54638671875, 1974.3294677734375, 1877.4647216796875, 1816.7666015625, 1777.47412109375, 1745.497802734375, 1715.571044921875, 1702.603271484375, 1690.4232177734375, 1679.2030029296875, 1669.3638916015625, 1661.458740234375, 1655.172119140625, 1650.486083984375, 1647.1763916015625, 1645.128662109375, 1643.82177734375, 1643.3201904296875, 1642.38232421875, 1641.8785400390625, 1642.668212890625, 1644.455810546875, 1646.3394775390625, 1646.7952880859375, 1646.2672119140625, 1645.8843994140625, 1645.78759765625, 1646.022705078125, 1646.2952880859375, 1646.55029296875, 1646.7392578125, 1646.91845703125, 1647.2320556640625, 1647.6090087890625, 1647.999755859375, 1648.310791015625, 1648.2586669921875, 1648.0179443359375, 1647.552490234375, 1646.978515625, 1646.4710693359375, 1645.7926025390625, 1645.248046875, 1644.8197021484375, 1644.550537109375, 1644.3673095703125, 1644.3126220703125, 1644.2950439453125, 1644.1802978515625, 1643.9559326171875, 1643.6986083984375, 1643.1749267578125, 1642.6846923828125, 1642.2449951171875, 1641.8353271484375, 1641.5777587890625, 1641.454833984375, 1641.46728515625, 1641.5286865234375, 1641.531982421875, 1641.439453125, 1641.3060302734375, 1641.082275390625, 1641.0538330078125, 1640.9532470703125, 1640.9544677734375, 1641.085693359375, 1641.24072265625, 1641.39404296875, 1641.547119140625, 1641.5853271484375, 1641.58349609375, 1641.5638427734375, 1641.5628662109375, 1641.585205078125, 1641.6220703125, 1641.70166015625, 1641.7747802734375, 1641.835693359375, 1641.920654296875, 1641.8983154296875, 1641.957763671875, 1641.913330078125, 1641.9986572265625, 1642.033447265625, 1642.09326171875, 1642.2642822265625, 1642.3150634765625, 1642.400390625, 1642.449951171875, 1642.6474609375, 1642.699951171875, 1642.64306640625, 1642.7962646484375, 1642.8978271484375, 1642.9298095703125, 1642.84521484375]}