{"mean": [955.8226165771484, 960.9472351074219, 966.5692443847656, 962.0996627807617, 961.038948059082, 959.1038436889648, 959.0157089233398, 958.6985473632812, 957.8166427612305, 956.8270492553711, 957.2686386108398, 957.7172622680664, 958.1353759765625, 958.3934173583984, 958.6149291992188, 958.8236999511719, 959.0351333618164, 959.3166809082031, 959.5842056274414, 959.7837753295898, 960.0018539428711, 960.4319229125977, 960.941291809082, 961.5287780761719, 962.0703048706055, 962.4682312011719, 962.5972747802734, 962.5506896972656, 962.3853759765625, 962.1892929077148, 962.063835144043, 962.0279083251953, 962.0556335449219, 962.162353515625, 962.3348693847656, 962.508674621582, 962.6929702758789, 962.8631286621094, 962.9666290283203, 962.9799575805664, 962.8810424804688, 962.7317123413086, 962.5718841552734, 962.4296340942383, 962.2721786499023, 962.1755752563477, 962.1174850463867, 962.1171646118164, 962.1458892822266, 962.2267608642578, 962.2725372314453, 962.2817993164062, 962.2577972412109, 962.1809997558594, 962.0568161010742, 961.9155883789062, 961.7904205322266, 961.7107391357422, 961.6581420898438, 961.6426086425781, 961.6389236450195, 961.6284255981445, 961.5840835571289, 961.5235290527344, 961.4471664428711, 961.3738479614258, 961.3204879760742, 961.2944564819336, 961.2905883789062, 961.3187637329102, 961.3454132080078, 961.3685836791992, 961.3838577270508, 961.3886795043945, 961.381217956543, 961.3608322143555, 961.3416366577148, 961.3207015991211, 961.3169937133789, 961.3193283081055, 961.3285675048828, 961.332633972168, 961.3415756225586, 961.3392181396484, 961.3285751342773, 961.3174591064453, 961.3104400634766, 961.3135833740234, 961.3095092773438, 961.3219604492188, 961.3483581542969, 961.3647003173828, 961.385124206543, 961.3955230712891, 961.4077835083008, 961.4012908935547, 961.4009170532227, 961.4014358520508, 961.3997268676758, 961.4097137451172], "upper": [955.8239135742188, 960.9500122070312, 966.5709228515625, 962.10107421875, 961.04150390625, 959.1070556640625, 959.02392578125, 958.7078247070312, 957.827880859375, 956.8327026367188, 957.2735595703125, 957.7196044921875, 958.1392211914062, 958.3995361328125, 958.6181030273438, 958.8324584960938, 959.0380859375, 959.3248291015625, 959.5929565429688, 959.7894287109375, 960.0097045898438, 960.4478759765625, 960.960205078125, 961.5626220703125, 962.0936279296875, 962.4815673828125, 962.6256713867188, 962.5833740234375, 962.4209594726562, 962.215576171875, 962.0757446289062, 962.0450439453125, 962.0726928710938, 962.201171875, 962.3861083984375, 962.5634765625, 962.7260131835938, 962.8883666992188, 962.9873657226562, 963.0142822265625, 962.91015625, 962.7467041015625, 962.59228515625, 962.45068359375, 962.3135986328125, 962.2178955078125, 962.1541137695312, 962.1478271484375, 962.1633911132812, 962.2713012695312, 962.3031616210938, 962.3262939453125, 962.2962036132812, 962.2106323242188, 962.091552734375, 961.93115234375, 961.8187866210938, 961.7296142578125, 961.6861572265625, 961.6786499023438, 961.674072265625, 961.6551513671875, 961.6072998046875, 961.5486450195312, 961.4722900390625, 961.4077758789062, 961.3350219726562, 961.3148803710938, 961.3216552734375, 961.3361206054688, 961.3705444335938, 961.3949584960938, 961.4290771484375, 961.4488525390625, 961.4445190429688, 961.4033203125, 961.3729248046875, 961.3372192382812, 961.3423461914062, 961.3485107421875, 961.3400268554688, 961.3576049804688, 961.3611450195312, 961.3720092773438, 961.3735961914062, 961.3884887695312, 961.3851318359375, 961.3587036132812, 961.3492431640625, 961.3511352539062, 961.3641967773438, 961.3992309570312, 961.4215698242188, 961.4293823242188, 961.4576416015625, 961.4677124023438, 961.4547119140625, 961.4248657226562, 961.41650390625, 961.4542236328125], "lower": [955.8212280273438, 960.9446411132812, 966.56787109375, 962.0975341796875, 961.0362548828125, 959.098876953125, 959.0067138671875, 958.691162109375, 957.8087158203125, 956.8223266601562, 957.2603149414062, 957.7140502929688, 958.131103515625, 958.3865966796875, 958.6121215820312, 958.817138671875, 959.0325317382812, 959.3109741210938, 959.5723876953125, 959.7772827148438, 959.9986572265625, 960.4214477539062, 960.9292602539062, 961.5003051757812, 962.0584106445312, 962.4408569335938, 962.5548095703125, 962.5030517578125, 962.343994140625, 962.1589965820312, 962.0361328125, 962.0032958984375, 962.0350341796875, 962.1324462890625, 962.302490234375, 962.4781494140625, 962.6439208984375, 962.7976684570312, 962.9243774414062, 962.9210205078125, 962.8436889648438, 962.71923828125, 962.5496215820312, 962.4093017578125, 962.24072265625, 962.1395263671875, 962.0955200195312, 962.0772705078125, 962.11376953125, 962.1885986328125, 962.2491455078125, 962.256591796875, 962.2367553710938, 962.1735229492188, 962.0372924804688, 961.8976440429688, 961.7625122070312, 961.6865844726562, 961.60595703125, 961.5679321289062, 961.5784301757812, 961.5853271484375, 961.5579223632812, 961.4931640625, 961.4266357421875, 961.353515625, 961.2916259765625, 961.2643432617188, 961.2506713867188, 961.2774047851562, 961.3082275390625, 961.3289794921875, 961.353759765625, 961.3539428710938, 961.3499755859375, 961.3204345703125, 961.3162231445312, 961.293701171875, 961.3011474609375, 961.2974853515625, 961.3184204101562, 961.31005859375, 961.3213500976562, 961.3165283203125, 961.3099365234375, 961.2905883789062, 961.2788696289062, 961.2838134765625, 961.2741088867188, 961.3067626953125, 961.333984375, 961.3335571289062, 961.3435668945312, 961.3562622070312, 961.3406982421875, 961.3240966796875, 961.3442993164062, 961.38134765625, 961.360107421875, 961.3754272460938]}