{"mean": [5196.132975260417, 5162.263834635417, 5140.31591796875, 5116.985026041667, 5092.159342447917, 5057.337565104167, 5022.081868489583, 4983.963216145833, 4936.522623697917, 4885.813151041667, 4828.901692708333, 4764.732421875, 4702.82568359375, 4644.656901041667, 4589.032552083333, 4548.476236979167, 4520.590494791667, 4506.879720052083, 4509.262369791667, 4507.3349609375, 4495.402180989583, 4476.240234375, 4452.379557291667, 4429.774088541667, 4408.015299479167, 4372.68701171875, 4333.011555989583, 4303.134765625, 4299.063557942708, 4290.3515625, 4274.543131510417, 4254.2265625, 4244.750162760417, 4259.301432291667, 4251.35400390625, 4220.8115234375, 4182.396158854167, 4146.121012369792, 4099.284016927083, 4055.654541015625, 4046.5517578125, 4054.5355631510415, 4065.181640625, 4074.881103515625, 4089.3955078125, 4087.79931640625, 4092.4464518229165, 4083.7857259114585, 4070.634033203125, 4063.6748046875, 4057.053955078125, 4051.2832845052085, 4040.4500325520835, 4031.3720703125, 4028.2740071614585, 4032.3030598958335, 4034.1148274739585, 4033.7910970052085, 4032.3247884114585, 4031.2222493489585, 4029.7649739583335, 4028.0751139322915, 4027.4424641927085, 4028.0604654947915, 4033.411376953125, 4034.0120442708335, 4030.440673828125, 4041.6206868489585, 4053.20947265625, 4056.8121744791665, 4055.121826171875, 4050.7462565104165, 4045.126953125, 4036.5779622395835, 4030.6026204427085, 4029.5367838541665, 4029.107421875, 4028.10888671875, 4028.4566243489585, 4027.8402506510415, 4026.71923828125, 4026.0406087239585, 4027.6892903645835, 4028.3084309895835, 4027.95166015625, 4029.4083658854165, 4030.4578450520835, 4028.5264485677085, 4027.1568196614585, 4028.2277018229165, 4033.1797688802085, 4034.8798014322915, 4031.0582682291665, 4026.1324055989585, 4027.1940104166665, 4025.9456380208335, 4028.1256510416665, 4032.260009765625, 4034.3349609375, 4031.8505045572915], "upper": [5469.1259765625, 5445.6220703125, 5418.923828125, 5389.5283203125, 5356.47509765625, 5319.48046875, 5276.44873046875, 5224.880859375, 5160.81494140625, 5084.7666015625, 4988.77587890625, 4869.564453125, 4805.4853515625, 4753.810546875, 4705.236328125, 4671.4794921875, 4650.541015625, 4615.76025390625, 4615.15380859375, 4607.318359375, 4600.458984375, 4593.060546875, 4580.58203125, 4559.751953125, 4529.6396484375, 4505.95166015625, 4495.11181640625, 4474.77978515625, 4437.04638671875, 4404.29248046875, 4396.919921875, 4361.76123046875, 4305.99072265625, 4321.8544921875, 4339.8193359375, 4325.2119140625, 4279.74072265625, 4212.34912109375, 4130.66845703125, 4064.982666015625, 4079.10400390625, 4104.80419921875, 4102.14892578125, 4112.93798828125, 4189.99072265625, 4176.0751953125, 4130.77099609375, 4130.248046875, 4115.0927734375, 4119.8486328125, 4111.5546875, 4089.647216796875, 4053.40283203125, 4038.32861328125, 4030.73974609375, 4047.517578125, 4054.817626953125, 4054.30517578125, 4048.53564453125, 4044.154296875, 4037.28955078125, 4032.1318359375, 4034.5380859375, 4033.6552734375, 4045.06396484375, 4040.358642578125, 4038.93115234375, 4051.513916015625, 4067.76806640625, 4072.658203125, 4068.1123046875, 4057.7978515625, 4052.46533203125, 4044.4912109375, 4036.160888671875, 4032.06591796875, 4035.76025390625, 4033.43994140625, 4030.4853515625, 4032.144775390625, 4029.45068359375, 4028.068603515625, 4033.857421875, 4035.8759765625, 4035.81982421875, 4034.3349609375, 4032.36083984375, 4032.78466796875, 4033.76904296875, 4033.09033203125, 4036.2333984375, 4037.78076171875, 4037.023681640625, 4035.147216796875, 4031.88720703125, 4028.11474609375, 4039.320068359375, 4046.08544921875, 4044.263916015625, 4036.943359375], "lower": [4764.33837890625, 4725.69189453125, 4720.966796875, 4714.7685546875, 4707.5009765625, 4675.4541015625, 4654.69921875, 4641.32421875, 4615.0517578125, 4593.0146484375, 4577.33935546875, 4563.1689453125, 4552.1103515625, 4539.279296875, 4518.3330078125, 4481.33154296875, 4430.7578125, 4391.2763671875, 4377.36669921875, 4379.52490234375, 4349.923828125, 4293.6298828125, 4230.10546875, 4189.18359375, 4170.56640625, 4133.6474609375, 4077.490234375, 4051.34912109375, 4074.100341796875, 4083.59033203125, 4127.9462890625, 4146.751953125, 4153.77978515625, 4209.33251953125, 4205.13427734375, 4145.91064453125, 4088.04345703125, 4082.037841796875, 4073.4833984375, 4047.41015625, 4027.5732421875, 4018.145263671875, 4022.2978515625, 4026.1376953125, 4024.68798828125, 4023.17578125, 4027.40869140625, 4034.050537109375, 4034.881103515625, 4027.55126953125, 4019.22412109375, 4018.373779296875, 4022.81005859375, 4027.8115234375, 4024.478271484375, 4021.423828125, 4019.23828125, 4019.0986328125, 4022.001708984375, 4024.080810546875, 4024.2333984375, 4022.810791015625, 4021.3115234375, 4021.187255859375, 4022.9853515625, 4026.269775390625, 4025.1826171875, 4026.38330078125, 4030.98095703125, 4034.8232421875, 4037.28564453125, 4038.4462890625, 4036.1103515625, 4030.3056640625, 4024.048828125, 4024.984375, 4025.203369140625, 4023.689453125, 4025.678466796875, 4023.97705078125, 4022.992431640625, 4022.9345703125, 4023.892333984375, 4023.71630859375, 4023.87939453125, 4023.09619140625, 4027.50732421875, 4024.784423828125, 4023.835693359375, 4022.171875, 4031.333251953125, 4030.79296875, 4027.0283203125, 4021.48388671875, 4023.794921875, 4022.67724609375, 4021.36328125, 4023.427734375, 4027.9091796875, 4027.949462890625]}