{"mean": [1037.7047119140625, 1037.7232666015625, 1037.1422526041667, 1037.2820638020833, 1036.5860595703125, 1035.3380940755208, 1034.3826904296875, 1033.4548950195312, 1032.657002766927, 1031.9248860677083, 1031.14306640625, 1030.5040690104167, 1030.129170735677, 1030.2630615234375, 1031.5673421223958, 1032.9613037109375, 1034.047607421875, 1034.7528889973958, 1035.0932210286458, 1035.6762288411458, 1035.9357096354167, 1036.0456136067708, 1036.294677734375, 1036.9665120442708, 1037.8714599609375, 1038.7187906901042, 1039.1652425130208, 1039.8324381510417, 1040.7105712890625, 1041.6265055338542, 1042.1218668619792, 1042.5170491536458, 1042.2508544921875, 1042.8409016927083, 1043.5945638020833, 1044.169189453125, 1044.1713460286458, 1044.1580403645833, 1044.1688639322917, 1044.9386393229167, 1045.8130289713542, 1048.1761881510417, 1050.7847493489583, 1051.8960367838542, 1053.2939046223958, 1053.5825602213542, 1053.4694417317708, 1053.155517578125, 1052.5691731770833, 1051.9521891276042, 1051.1582438151042, 1050.4071044921875, 1049.9090169270833, 1049.8211669921875, 1049.5201822916667, 1049.22119140625, 1049.08544921875, 1048.9766031901042, 1048.9435221354167, 1048.9550374348958, 1048.9669189453125, 1049.0547688802083, 1049.2773030598958, 1049.58056640625, 1050.0791422526042, 1050.7259928385417, 1051.31005859375, 1051.6332194010417, 1051.9970296223958, 1052.168212890625, 1052.07275390625, 1052.0134684244792, 1051.7661539713542, 1051.2624104817708, 1050.61865234375, 1050.1675618489583, 1049.8018798828125, 1049.329833984375, 1049.0199381510417, 1048.956298828125, 1049.0345052083333, 1049.1771240234375, 1049.2513834635417, 1049.325927734375, 1049.3702799479167, 1049.2840576171875, 1049.1727294921875, 1049.12158203125, 1049.0441487630208, 1048.9212646484375, 1048.8254801432292, 1048.7698974609375, 1048.7377115885417, 1048.6693929036458, 1048.5169677734375, 1048.40283203125, 1048.2975667317708, 1048.222900390625, 1048.194580078125, 1048.1601969401042], "upper": [1062.43701171875, 1060.4638671875, 1058.5047607421875, 1056.3485107421875, 1054.01904296875, 1051.5445556640625, 1048.98388671875, 1046.351318359375, 1043.637939453125, 1040.9215087890625, 1038.316650390625, 1036.25390625, 1035.15966796875, 1035.2181396484375, 1037.66455078125, 1039.55859375, 1041.329833984375, 1042.690673828125, 1043.44482421875, 1043.470703125, 1043.0059814453125, 1042.736572265625, 1042.823974609375, 1043.84912109375, 1045.6405029296875, 1047.4111328125, 1049.1519775390625, 1050.4158935546875, 1049.463623046875, 1048.3040771484375, 1052.1087646484375, 1056.313720703125, 1056.864990234375, 1057.483154296875, 1056.9942626953125, 1055.982177734375, 1053.341064453125, 1051.7310791015625, 1050.2855224609375, 1048.8494873046875, 1050.5860595703125, 1054.9537353515625, 1059.505859375, 1062.392822265625, 1066.342529296875, 1065.52099609375, 1063.20361328125, 1061.168701171875, 1058.9654541015625, 1055.89501953125, 1054.163818359375, 1052.272705078125, 1050.65478515625, 1050.0833740234375, 1050.7601318359375, 1051.0001220703125, 1051.3277587890625, 1051.53125, 1051.7532958984375, 1051.8326416015625, 1051.4925537109375, 1050.8521728515625, 1050.3287353515625, 1051.108642578125, 1052.02587890625, 1053.124755859375, 1053.9896240234375, 1054.234375, 1054.516845703125, 1054.613037109375, 1054.355224609375, 1054.1444091796875, 1053.5411376953125, 1052.6925048828125, 1051.6348876953125, 1050.963134765625, 1050.38134765625, 1049.7783203125, 1049.4866943359375, 1049.5687255859375, 1049.8333740234375, 1050.0333251953125, 1050.04638671875, 1050.0169677734375, 1049.9302978515625, 1049.7275390625, 1049.364501953125, 1049.5162353515625, 1049.68994140625, 1049.524658203125, 1049.2254638671875, 1049.2747802734375, 1049.3724365234375, 1049.3515625, 1049.0711669921875, 1048.81787109375, 1048.5623779296875, 1048.61181640625, 1048.6866455078125, 1048.744873046875], "lower": [1010.669921875, 1015.3326416015625, 1018.5533447265625, 1022.9722900390625, 1025.9263916015625, 1026.616943359375, 1024.7020263671875, 1023.3313598632812, 1022.2330932617188, 1021.752197265625, 1021.3826904296875, 1021.068115234375, 1020.6719360351562, 1020.8851318359375, 1022.3740234375, 1025.24951171875, 1028.0888671875, 1030.530517578125, 1030.3846435546875, 1030.861328125, 1031.0421142578125, 1030.8704833984375, 1031.218505859375, 1032.5458984375, 1033.6109619140625, 1032.80517578125, 1031.0521240234375, 1029.6895751953125, 1029.4139404296875, 1030.29345703125, 1030.8646240234375, 1030.8663330078125, 1030.4903564453125, 1030.3658447265625, 1031.2884521484375, 1032.7469482421875, 1034.3448486328125, 1035.2578125, 1035.983642578125, 1038.201904296875, 1040.54833984375, 1044.736572265625, 1044.3804931640625, 1044.0078125, 1043.531982421875, 1043.17626953125, 1043.1134033203125, 1043.5015869140625, 1044.160888671875, 1044.8922119140625, 1045.7445068359375, 1047.04052734375, 1048.4967041015625, 1049.51953125, 1048.820556640625, 1048.0369873046875, 1047.292236328125, 1046.7496337890625, 1046.486083984375, 1046.4473876953125, 1046.56640625, 1046.8565673828125, 1047.2894287109375, 1047.847412109375, 1048.5169677734375, 1049.3140869140625, 1049.9326171875, 1050.3028564453125, 1050.6688232421875, 1050.7530517578125, 1050.581787109375, 1050.3955078125, 1050.198974609375, 1050.024658203125, 1049.8787841796875, 1049.7459716796875, 1049.3846435546875, 1048.712890625, 1048.0916748046875, 1047.7542724609375, 1047.630126953125, 1047.7379150390625, 1048.030029296875, 1048.5267333984375, 1048.989013671875, 1048.962890625, 1048.8214111328125, 1048.848876953125, 1048.6082763671875, 1048.200439453125, 1048.0843505859375, 1048.01513671875, 1047.9949951171875, 1048.0020751953125, 1047.926025390625, 1047.848876953125, 1047.8067626953125, 1047.828857421875, 1047.7047119140625, 1047.5233154296875]}