{
    "particle_has_naninf": false,
    "point_distance_sr": 8070.25927734375,
    "point_distance_rs": 2690.955810546875,
    "chamfer_loss_pcd": 10761.21484375,
    "particle_distance_sr": 4675.9033203125,
    "particle_distance_rs": 6912.80224609375,
    "chamfer_loss_particle": 11588.705078125,
    "final_height_map": null,
    "height_map_loss_pcd": 4616.666015625,
    "emd_point_distance_loss": 3168.044921875,
    "emd_particle_distance_loss": 17655.666015625,
    "total_loss": 0.0
}