{"mean": [2383.391845703125, 2383.2142740885415, 2390.2813313802085, 2397.3087565104165, 2408.7215169270835, 2424.7408040364585, 2440.1739908854165, 2449.2062174479165, 2455.815673828125, 2461.2984212239585, 2466.52001953125, 2470.7794596354165, 2476.30078125, 2482.1072591145835, 2487.1483561197915, 2486.3461100260415, 2487.3148600260415, 2494.9862467447915, 2502.1800944010415, 2505.8960774739585, 2507.8877766927085, 2508.8880208333335, 2509.3232421875, 2509.0634765625, 2508.9153645833335, 2509.5279134114585, 2510.5155436197915, 2511.8214518229165, 2513.81298828125, 2516.4552408854165, 2519.4646809895835, 2522.7913411458335, 2526.1708170572915, 2529.2618815104165, 2532.458251953125, 2535.8607584635415, 2539.096435546875, 2542.15380859375, 2545.08740234375, 2547.4092610677085, 2549.4851888020835, 2551.485595703125, 2553.5419108072915, 2554.7967122395835, 2555.876220703125, 2556.9261881510415, 2558.1820475260415, 2559.3563639322915, 2560.4964192708335, 2561.6455891927085, 2562.7140299479165, 2563.73291015625, 2564.6982421875, 2565.5484212239585, 2566.08935546875, 2566.354736328125, 2566.5078938802085, 2566.5589192708335, 2566.5072428385415, 2566.4085286458335, 2566.2694498697915, 2566.1736653645835, 2566.1817220052085, 2566.224609375, 2566.2938639322915, 2566.4108072916665, 2566.5602213541665, 2566.72802734375, 2566.8414713541665, 2566.9419759114585, 2567.06494140625, 2567.21044921875, 2567.3572591145835, 2567.4706217447915, 2567.5814615885415, 2567.7608235677085, 2567.9132486979165, 2568.049560546875, 2568.196044921875, 2568.3760579427085, 2568.5511881510415, 2568.7587076822915, 2568.9190266927085, 2569.0355631510415, 2569.120849609375, 2569.1875, 2569.28369140625, 2569.3045247395835, 2569.4192708333335, 2569.5557454427085, 2569.7281901041665, 2569.8973795572915, 2570.0924479166665, 2570.2455240885415, 2570.426025390625, 2570.5939127604165, 2570.754638671875, 2570.9307454427085, 2571.1124674479165, 2571.3072102864585], "upper": [2511.130859375, 2519.2265625, 2526.55078125, 2533.256103515625, 2539.1591796875, 2544.549072265625, 2549.34619140625, 2553.604248046875, 2557.453125, 2561.66064453125, 2565.02197265625, 2567.780029296875, 2570.13818359375, 2572.777099609375, 2575.699462890625, 2577.829833984375, 2579.3759765625, 2579.165771484375, 2578.495361328125, 2578.127685546875, 2577.42529296875, 2576.572265625, 2575.51513671875, 2574.0576171875, 2572.26318359375, 2570.968505859375, 2569.6298828125, 2568.688232421875, 2568.714599609375, 2569.23095703125, 2570.285400390625, 2571.846435546875, 2573.946533203125, 2575.49169921875, 2576.671142578125, 2577.779541015625, 2578.645751953125, 2579.289306640625, 2579.864990234375, 2580.44384765625, 2580.695068359375, 2581.0625, 2581.40625, 2581.499267578125, 2580.9052734375, 2581.603759765625, 2582.420166015625, 2583.185546875, 2583.8017578125, 2584.3583984375, 2584.802978515625, 2585.2080078125, 2585.588623046875, 2586.0087890625, 2586.3671875, 2586.459716796875, 2586.224853515625, 2585.866455078125, 2585.30419921875, 2584.736328125, 2584.151123046875, 2583.79541015625, 2583.621826171875, 2583.544189453125, 2583.52978515625, 2583.60400390625, 2583.825439453125, 2584.068115234375, 2584.18212890625, 2584.290771484375, 2584.36376953125, 2584.388916015625, 2584.405029296875, 2584.32958984375, 2584.281005859375, 2584.281982421875, 2584.322998046875, 2584.334228515625, 2584.4443359375, 2584.5947265625, 2584.74853515625, 2584.86669921875, 2585.002685546875, 2585.048828125, 2584.98828125, 2584.94287109375, 2584.941650390625, 2584.85693359375, 2584.825439453125, 2584.7998046875, 2584.759765625, 2584.753173828125, 2584.83642578125, 2584.86083984375, 2584.865234375, 2584.785400390625, 2584.702392578125, 2584.65234375, 2584.67041015625, 2584.70556640625], "lower": [2177.461181640625, 2154.999267578125, 2159.697265625, 2168.537841796875, 2194.376953125, 2235.402099609375, 2275.709716796875, 2297.328125, 2311.53466796875, 2321.911376953125, 2332.228271484375, 2340.302490234375, 2352.114501953125, 2364.09375, 2373.218994140625, 2365.80126953125, 2364.525634765625, 2384.705078125, 2403.706787109375, 2411.90185546875, 2415.2646484375, 2415.825439453125, 2415.056640625, 2412.642333984375, 2410.261474609375, 2409.44970703125, 2409.898193359375, 2411.7060546875, 2414.6826171875, 2419.21142578125, 2424.482421875, 2430.538818359375, 2437.03466796875, 2443.166259765625, 2450.470458984375, 2458.29150390625, 2465.986328125, 2473.578369140625, 2480.694091796875, 2485.969970703125, 2490.849365234375, 2495.312744140625, 2499.406982421875, 2502.81640625, 2505.844482421875, 2508.498291015625, 2511.253662109375, 2513.663818359375, 2515.771240234375, 2517.906494140625, 2519.86083984375, 2521.56591796875, 2523.20263671875, 2524.6953125, 2526.02001953125, 2527.15185546875, 2528.224609375, 2529.149658203125, 2529.974365234375, 2530.7392578125, 2531.316162109375, 2531.74560546875, 2532.2099609375, 2532.5791015625, 2532.910888671875, 2533.227294921875, 2533.47265625, 2533.724853515625, 2533.899169921875, 2534.018310546875, 2534.15283203125, 2534.318603515625, 2534.484619140625, 2534.64453125, 2534.808837890625, 2535.148681640625, 2535.31298828125, 2535.53125, 2535.75390625, 2536.000244140625, 2536.2578125, 2536.552734375, 2536.82421875, 2537.103759765625, 2537.4111328125, 2537.762939453125, 2538.199462890625, 2538.512939453125, 2538.921142578125, 2539.31005859375, 2539.7451171875, 2540.218505859375, 2540.79296875, 2541.272705078125, 2541.82421875, 2542.387451171875, 2542.93505859375, 2543.509521484375, 2544.0595703125, 2544.59912109375]}