{"mean": [1037.7379964192708, 1041.0153198242188, 1043.2215169270833, 1045.6879272460938, 1047.5616048177083, 1047.2899169921875, 1047.1764322916667, 1047.4033610026042, 1048.051249186198, 1048.5463460286458, 1048.9463907877605, 1049.6276448567708, 1050.5958251953125, 1051.6200764973958, 1053.4122517903645, 1055.7988891601562, 1058.1072184244792, 1059.9869384765625, 1061.9925537109375, 1063.625732421875, 1065.2356770833333, 1066.7001139322917, 1067.98046875, 1068.8905029296875, 1069.4582112630208, 1069.8149820963542, 1070.1588134765625, 1070.4086100260417, 1070.490478515625, 1070.490478515625, 1070.4015706380208, 1070.2503662109375, 1070.1424153645833, 1070.0577799479167, 1070.00927734375, 1069.947265625, 1069.9046630859375, 1069.8655598958333, 1069.8033040364583, 1069.8250325520833, 1069.8430582682292, 1069.8080240885417, 1069.7437337239583, 1069.8036295572917, 1069.7759195963542, 1069.7281901041667, 1069.7008870442708, 1069.6826985677083, 1069.6866861979167, 1069.6991780598958, 1069.7229410807292, 1069.7676595052083, 1069.8402506510417, 1069.9190673828125, 1069.9764811197917, 1070.0472412109375, 1070.1368815104167, 1070.2285563151042, 1070.350341796875, 1070.4350179036458, 1070.52099609375, 1070.6051839192708, 1070.6767985026042, 1070.7393391927083, 1070.7784423828125, 1070.8114420572917, 1070.8361409505208, 1070.8546142578125, 1070.8896077473958, 1070.9201253255208, 1070.944580078125, 1070.9834798177083, 1071.0262451171875, 1071.0766194661458, 1071.1295166015625, 1071.1728515625, 1071.2256266276042, 1071.2774658203125, 1071.3262939453125, 1071.3690999348958, 1071.4130045572917, 1071.4595133463542, 1071.4956461588542, 1071.5411783854167, 1071.5943603515625, 1071.6516927083333, 1071.7056070963542, 1071.7441813151042, 1071.7781168619792, 1071.8016357421875, 1071.8089192708333, 1071.8096516927083, 1071.8143717447917, 1071.8161214192708, 1071.8241780598958, 1071.8353271484375, 1071.8435465494792, 1071.8479817708333, 1071.8536783854167, 1071.8503011067708], "upper": [1062.4149169921875, 1063.757568359375, 1065.073486328125, 1066.28271484375, 1067.4432373046875, 1068.1392822265625, 1068.963623046875, 1069.61328125, 1070.3125, 1070.8741455078125, 1071.207275390625, 1071.572265625, 1071.975341796875, 1072.3486328125, 1072.7078857421875, 1073.0477294921875, 1073.5457763671875, 1074.0416259765625, 1074.4287109375, 1073.8519287109375, 1073.4163818359375, 1073.009765625, 1072.865478515625, 1072.8870849609375, 1072.65625, 1072.3695068359375, 1072.1893310546875, 1071.999267578125, 1071.7685546875, 1071.5382080078125, 1071.322509765625, 1071.11767578125, 1071.0806884765625, 1071.1407470703125, 1071.1923828125, 1071.176025390625, 1071.0167236328125, 1070.8837890625, 1070.74072265625, 1070.9683837890625, 1071.5616455078125, 1072.18408203125, 1072.752685546875, 1073.216064453125, 1073.5142822265625, 1073.7103271484375, 1073.87060546875, 1073.97802734375, 1074.06787109375, 1074.0933837890625, 1074.09521484375, 1074.0860595703125, 1074.0574951171875, 1074.0057373046875, 1073.9649658203125, 1073.947998046875, 1073.960693359375, 1073.9698486328125, 1074.0203857421875, 1074.0057373046875, 1074.0052490234375, 1074.1578369140625, 1074.296875, 1074.3577880859375, 1074.3953857421875, 1074.3955078125, 1074.3572998046875, 1074.3043212890625, 1074.2353515625, 1074.1529541015625, 1074.0296630859375, 1073.9228515625, 1073.8182373046875, 1073.7247314453125, 1073.6287841796875, 1073.5333251953125, 1073.529052734375, 1073.590087890625, 1073.6456298828125, 1073.67138671875, 1073.668212890625, 1073.6788330078125, 1073.664306640625, 1073.66796875, 1073.68310546875, 1073.7042236328125, 1073.7142333984375, 1073.7105712890625, 1073.694580078125, 1073.6871337890625, 1073.7135009765625, 1073.7169189453125, 1073.7117919921875, 1073.703125, 1073.6900634765625, 1073.66357421875, 1073.6417236328125, 1073.605224609375, 1073.5673828125, 1073.531494140625], "lower": [1010.970458984375, 1015.2424926757812, 1016.3135986328125, 1018.5682983398438, 1019.4530029296875, 1014.7884521484375, 1010.8873291015625, 1008.529541015625, 1007.7263793945312, 1007.095703125, 1006.8877563476562, 1007.814697265625, 1009.7166748046875, 1011.92431640625, 1016.5481567382812, 1023.0106811523438, 1029.038818359375, 1033.87890625, 1039.27880859375, 1044.5535888671875, 1049.6513671875, 1054.3270263671875, 1058.4130859375, 1061.438720703125, 1063.5924072265625, 1065.09619140625, 1066.2611083984375, 1067.2452392578125, 1068.017822265625, 1068.5545654296875, 1068.921142578125, 1069.18505859375, 1069.3724365234375, 1069.349609375, 1069.3507080078125, 1069.2119140625, 1069.0225830078125, 1068.716552734375, 1068.244384765625, 1067.869873046875, 1067.4716796875, 1067.0030517578125, 1066.483154296875, 1066.1441650390625, 1065.7783203125, 1065.407470703125, 1065.033935546875, 1064.68310546875, 1064.35302734375, 1064.0771484375, 1063.8406982421875, 1063.628662109375, 1063.483642578125, 1063.3966064453125, 1063.328125, 1063.258056640625, 1063.2462158203125, 1063.2845458984375, 1063.35400390625, 1063.4541015625, 1063.5601806640625, 1063.69775390625, 1063.869384765625, 1064.0526123046875, 1064.236328125, 1064.4459228515625, 1064.662841796875, 1064.86279296875, 1065.10205078125, 1065.319580078125, 1065.53759765625, 1065.75146484375, 1065.958251953125, 1066.1669921875, 1066.359619140625, 1066.52490234375, 1066.7000732421875, 1066.86279296875, 1066.9989013671875, 1067.1302490234375, 1067.2591552734375, 1067.377197265625, 1067.48388671875, 1067.5784912109375, 1067.6573486328125, 1067.7525634765625, 1067.849853515625, 1067.9200439453125, 1067.9912109375, 1068.0499267578125, 1068.1026611328125, 1068.1676025390625, 1068.222412109375, 1068.278564453125, 1068.324462890625, 1068.3853759765625, 1068.4351806640625, 1068.4718017578125, 1068.515380859375, 1068.540771484375]}