{"mean": [960.6150512695312, 961.7787882486979, 962.5245768229166, 963.5245971679688, 964.2129516601562, 963.0956827799479, 961.8159790039062, 960.7870076497396, 960.2587280273438, 959.7959391276041, 959.1375122070312, 958.6856892903646, 958.6447550455729, 959.0140991210938, 959.9872029622396, 961.5725504557291, 962.7644246419271, 963.4631551106771, 964.4684448242188, 965.4486694335938, 966.5133666992188, 967.5157470703125, 968.4036051432291, 968.9955851236979, 969.3509318033854, 969.5070597330729, 969.6547241210938, 969.7621866861979, 969.7340698242188, 969.6677856445312, 969.5537312825521, 969.3942057291666, 969.2870890299479, 969.1706949869791, 969.0737915039062, 968.9432576497396, 968.8413696289062, 968.74658203125, 968.6332397460938, 968.5878092447916, 968.528076171875, 968.4406534830729, 968.3256632486979, 968.29443359375, 968.2476603190104, 968.1919962565104, 968.1563924153646, 968.1272786458334, 968.1074829101562, 968.0952962239584, 968.0818277994791, 968.0910034179688, 968.1183064778646, 968.1380208333334, 968.1680908203125, 968.2104085286459, 968.2580769856771, 968.3057250976562, 968.3871459960938, 968.4477945963541, 968.4947509765625, 968.5530395507812, 968.5915934244791, 968.6228434244791, 968.6282552083334, 968.6390380859375, 968.6463826497396, 968.6477457682291, 968.6693115234375, 968.6850179036459, 968.6980590820312, 968.7210286458334, 968.7437337239584, 968.7627156575521, 968.7895711263021, 968.8104858398438, 968.8427530924479, 968.8765869140625, 968.9123128255209, 968.9385579427084, 968.9686482747396, 969.0002848307291, 969.020751953125, 969.0519409179688, 969.0856323242188, 969.1234537760416, 969.1564534505209, 969.1716512044271, 969.193115234375, 969.1975708007812, 969.1966959635416, 969.1916097005209, 969.1886189778646, 969.1852213541666, 969.1834920247396, 969.1784464518229, 969.1740519205729, 969.1691487630209, 969.1664021809896, 969.1597290039062], "upper": [967.8341064453125, 968.7434692382812, 969.5848388671875, 970.3190307617188, 971.0394287109375, 971.3578491210938, 971.7561645507812, 972.0360107421875, 972.3645629882812, 972.5726318359375, 972.5467529296875, 972.5260009765625, 972.5750732421875, 972.5746459960938, 972.5982666015625, 972.5839233398438, 972.6447143554688, 972.7333984375, 972.7332763671875, 972.184326171875, 971.7080688476562, 971.2630615234375, 971.1786499023438, 971.0645751953125, 970.8558349609375, 970.596435546875, 970.4217529296875, 970.2186889648438, 970.0245361328125, 970.2355346679688, 970.4443969726562, 970.5758056640625, 970.6744995117188, 970.6325073242188, 970.6088256835938, 970.4683227539062, 970.2705688476562, 970.0081787109375, 969.567138671875, 969.2415771484375, 968.918212890625, 968.624267578125, 968.9447631835938, 969.1876220703125, 969.394775390625, 969.5794067382812, 969.7186889648438, 969.818115234375, 969.91748046875, 969.96826171875, 970.0000610351562, 970.0345458984375, 970.0548095703125, 970.0388793945312, 970.02978515625, 970.0228271484375, 970.0196533203125, 970.0004272460938, 970.0164184570312, 969.9794311523438, 969.9566040039062, 970.04345703125, 970.1484985351562, 970.1866455078125, 970.2083129882812, 970.2132568359375, 970.1832885742188, 970.1427001953125, 970.0880737304688, 970.0150756835938, 969.9230346679688, 969.8449096679688, 969.7720947265625, 969.6744384765625, 969.57861328125, 969.5062255859375, 969.5167846679688, 969.57275390625, 969.6265869140625, 969.6460571289062, 969.6498413085938, 969.665771484375, 969.6510620117188, 969.65869140625, 969.66748046875, 969.6843872070312, 969.6875, 969.6845092773438, 969.672119140625, 969.66357421875, 969.6890258789062, 969.6922607421875, 969.6856689453125, 969.6780395507812, 969.670654296875, 969.640625, 969.62548828125, 969.601318359375, 969.5706176757812, 969.5436401367188], "lower": [950.5032958984375, 952.8240966796875, 955.4674072265625, 958.2525024414062, 960.6704711914062, 954.713623046875, 948.520263671875, 943.4558715820312, 940.152587890625, 937.5570678710938, 934.9610595703125, 933.214599609375, 932.7720336914062, 933.647705078125, 936.3839721679688, 940.972412109375, 944.3189697265625, 946.2816772460938, 949.2933349609375, 952.822509765625, 956.5297241210938, 960.0354614257812, 963.1436157226562, 965.4061279296875, 966.98828125, 967.9927978515625, 968.7474975585938, 969.3923950195312, 969.2750244140625, 968.9486694335938, 968.5961303710938, 968.1724853515625, 967.7802734375, 967.512939453125, 967.283203125, 967.1493530273438, 967.239501953125, 967.409912109375, 967.6336669921875, 967.9352416992188, 968.259765625, 968.1534423828125, 967.908935546875, 967.826171875, 967.5479736328125, 967.2297973632812, 966.9453735351562, 966.7047729492188, 966.4470825195312, 966.2219848632812, 966.0230712890625, 965.8574829101562, 965.7225952148438, 965.6261596679688, 965.560302734375, 965.4869384765625, 965.45458984375, 965.4602661132812, 965.497802734375, 965.5535278320312, 965.6088256835938, 965.6993408203125, 965.8021240234375, 965.9180908203125, 966.0252685546875, 966.1570434570312, 966.2898559570312, 966.407958984375, 966.5711059570312, 966.7151489257812, 966.8565673828125, 966.9938354492188, 967.1256103515625, 967.2553100585938, 967.38037109375, 967.464599609375, 967.572509765625, 967.66552734375, 967.7439575195312, 967.8192138671875, 967.891845703125, 967.9598999023438, 968.0144653320312, 968.06982421875, 968.10595703125, 968.15185546875, 968.213623046875, 968.2327880859375, 968.2667236328125, 968.2882690429688, 968.2999267578125, 968.3235473632812, 968.3433227539062, 968.3745727539062, 968.388427734375, 968.4124755859375, 968.4263305664062, 968.4266357421875, 968.4382934570312, 968.4449462890625]}