{"mean": [1665.5284830729167, 1685.9308675130208, 1692.2646484375, 1689.577880859375, 1688.618408203125, 1682.2251383463542, 1683.2709147135417, 1685.6088053385417, 1691.1806640625, 1700.6837158203125, 1702.5850016276042, 1702.7339680989583, 1695.7400716145833, 1697.35107421875, 1709.0325520833333, 1727.7140299479167, 1735.135009765625, 1752.3031819661458, 1760.4202880859375, 1760.1776123046875, 1771.3120930989583, 1774.5521240234375, 1782.4469807942708, 1791.2090657552083, 1790.314697265625, 1786.2902425130208, 1790.8940836588542, 1790.8219401041667, 1790.6999104817708, 1790.5445556640625, 1789.4656982421875, 1789.4413655598958, 1785.4291178385417, 1785.2005615234375, 1781.4795328776042, 1785.1193440755208, 1784.9180094401042, 1785.6020100911458, 1782.53271484375, 1786.2611083984375, 1786.0726725260417, 1785.0683186848958, 1778.1729329427083, 1777.0606282552083, 1776.9373372395833, 1776.889404296875, 1775.9787190755208, 1775.8694661458333, 1776.7440592447917, 1776.6540934244792, 1776.5993245442708, 1776.9495442708333, 1780.8403727213542, 1780.8172607421875, 1780.8261311848958, 1780.812255859375, 1780.7996419270833, 1781.1161702473958, 1781.1037190755208, 1781.083984375, 1781.0682779947917, 1781.0572509765625, 1780.0772705078125, 1780.0702311197917, 1780.052001953125, 1780.0362955729167, 1780.0225830078125, 1780.0120849609375, 1780.0074462890625, 1779.9951985677083, 1779.9826253255208, 1779.9804280598958, 1779.97509765625, 1779.9679361979167, 1779.96875, 1779.9632975260417, 1779.9661051432292, 1779.9656982421875, 1779.9788004557292, 1779.9847412109375, 1779.9879964192708, 1779.9955647786458, 1779.9964192708333, 1779.994873046875, 1779.9903157552083, 1779.9822998046875, 1779.9827880859375, 1779.9659423828125, 1779.95361328125, 1779.934326171875, 1779.9254150390625, 1779.9083251953125, 1779.8918863932292, 1779.8699951171875, 1779.8486735026042, 1779.8363037109375, 1779.811767578125, 1783.6648763020833, 1783.6476643880208, 1783.6341145833333], "upper": [1705.152587890625, 1732.6148681640625, 1732.73583984375, 1732.3656005859375, 1739.91455078125, 1740.5921630859375, 1764.19140625, 1764.9012451171875, 1765.4039306640625, 1777.0906982421875, 1797.23828125, 1797.25830078125, 1794.2398681640625, 1796.9669189453125, 1796.758544921875, 1796.4720458984375, 1796.1192626953125, 1796.1937255859375, 1795.7349853515625, 1796.2823486328125, 1795.802490234375, 1796.483154296875, 1796.0750732421875, 1796.58447265625, 1795.484619140625, 1795.0201416015625, 1806.9219970703125, 1807.353759765625, 1807.5662841796875, 1807.6143798828125, 1807.521728515625, 1807.9237060546875, 1796.3790283203125, 1796.2017822265625, 1797.0887451171875, 1796.8792724609375, 1796.677001953125, 1796.4443359375, 1799.1129150390625, 1798.890380859375, 1798.6241455078125, 1795.9481201171875, 1790.170166015625, 1790.1229248046875, 1790.2103271484375, 1790.29736328125, 1790.3753662109375, 1790.467529296875, 1790.5771484375, 1790.656982421875, 1790.7763671875, 1790.8970947265625, 1791.0093994140625, 1791.127197265625, 1791.211181640625, 1791.2135009765625, 1791.1689453125, 1791.0615234375, 1790.9901123046875, 1790.8790283203125, 1790.791748046875, 1790.7406005859375, 1790.78662109375, 1790.8092041015625, 1790.817138671875, 1790.809814453125, 1790.7843017578125, 1790.7508544921875, 1790.7225341796875, 1790.6763916015625, 1790.62158203125, 1790.5853271484375, 1790.543701171875, 1790.508056640625, 1790.4742431640625, 1790.470458984375, 1790.5008544921875, 1790.5296630859375, 1790.5821533203125, 1790.6146240234375, 1790.6385498046875, 1790.6666259765625, 1790.675537109375, 1790.6839599609375, 1790.684814453125, 1790.6766357421875, 1790.6656494140625, 1790.64892578125, 1790.651611328125, 1790.6636962890625, 1790.6705322265625, 1790.6666259765625, 1790.6611328125, 1790.6502685546875, 1790.640625, 1790.622802734375, 1790.6083984375, 1790.594482421875, 1790.57958984375, 1790.5697021484375], "lower": [1590.24951171875, 1607.9324951171875, 1626.9481201171875, 1608.0814208984375, 1605.0377197265625, 1585.8455810546875, 1566.0374755859375, 1560.4625244140625, 1565.8753662109375, 1586.32373046875, 1572.9031982421875, 1574.430419921875, 1557.509521484375, 1560.572998046875, 1588.08544921875, 1633.8087158203125, 1657.433349609375, 1709.8804931640625, 1735.7353515625, 1735.139404296875, 1746.4921875, 1756.2430419921875, 1769.313720703125, 1781.324462890625, 1780.636474609375, 1780.0855712890625, 1782.179443359375, 1781.7255859375, 1781.30810546875, 1780.9141845703125, 1780.40576171875, 1780.097412109375, 1779.796142578125, 1779.4815673828125, 1767.6484375, 1779.0250244140625, 1778.8861083984375, 1778.7811279296875, 1769.791748046875, 1769.526611328125, 1769.2763671875, 1768.9891357421875, 1768.7401123046875, 1768.56689453125, 1768.3358154296875, 1760.6644287109375, 1758.0279541015625, 1757.765380859375, 1760.42236328125, 1760.2210693359375, 1760.0584716796875, 1761.1090087890625, 1761.0074462890625, 1760.9356689453125, 1760.8829345703125, 1760.8076171875, 1760.7752685546875, 1761.7890625, 1761.760986328125, 1761.758056640625, 1761.7398681640625, 1761.7236328125, 1758.828857421875, 1758.834716796875, 1758.8316650390625, 1758.8541259765625, 1758.8724365234375, 1758.8861083984375, 1758.9063720703125, 1758.92431640625, 1758.93896484375, 1758.965576171875, 1758.9833984375, 1758.9962158203125, 1759.006103515625, 1758.9744873046875, 1758.9691162109375, 1758.955322265625, 1758.9423828125, 1758.91357421875, 1758.88671875, 1758.861328125, 1758.8226318359375, 1758.7786865234375, 1758.72705078125, 1758.68896484375, 1758.6697998046875, 1758.6146240234375, 1758.5784912109375, 1758.521484375, 1758.505859375, 1758.472412109375, 1758.4415283203125, 1758.398681640625, 1758.35498046875, 1758.3475341796875, 1758.3043212890625, 1769.889892578125, 1769.8524169921875, 1769.820556640625]}