{"mean": [5927.592447916667, 5906.555338541667, 5890.417643229167, 5877.998209635417, 5866.88720703125, 5853.014811197917, 5839.096354166667, 5827.627278645833, 5817.236165364583, 5807.081705729167, 5797.406412760417, 5789.05224609375, 5780.828450520833, 5773.636393229167, 5768.083658854167, 5765.58203125, 5761.732584635417, 5756.5078125, 5754.356770833333, 5753.968424479167, 5754.682779947917, 5756.327962239583, 5758.241536458333, 5759.715169270833, 5760.839029947917, 5761.482747395833, 5761.87451171875, 5761.80810546875, 5761.340657552083, 5760.698893229167, 5759.819010416667, 5758.869303385417, 5757.9658203125, 5756.996907552083, 5755.932291666667, 5754.797200520833, 5753.767740885417, 5752.632161458333, 5751.558756510417, 5750.70263671875, 5749.751139322917, 5748.755208333333, 5747.890625, 5747.14111328125, 5746.59423828125, 5745.98388671875, 5745.30810546875, 5744.605631510417, 5743.880045572917, 5743.20458984375, 5742.52783203125, 5741.873860677083, 5741.355143229167, 5740.820638020833, 5740.534342447917, 5740.459798177083, 5740.46337890625, 5740.575358072917, 5740.758626302083, 5740.95849609375, 5741.1611328125, 5741.352376302083, 5741.47607421875, 5741.556477864583, 5741.580240885417, 5741.612467447917, 5741.63134765625, 5741.620279947917, 5741.641276041667, 5741.66357421875, 5741.67236328125, 5741.66455078125, 5741.650716145833, 5741.630045572917, 5741.633463541667, 5741.609537760417, 5741.59033203125, 5741.583984375, 5741.533528645833, 5741.450358072917, 5741.380208333333, 5741.314127604167, 5741.245768229167, 5741.220540364583, 5741.191569010417, 5741.215657552083, 5741.236490885417, 5741.240397135417, 5741.2470703125, 5741.2099609375, 5741.163899739583, 5741.106119791667, 5741.0595703125, 5741.032389322917, 5741.015625, 5741.00244140625, 5740.9677734375, 5740.924967447917, 5740.878255208333, 5740.811360677083], "upper": [6244.63330078125, 6186.90234375, 6140.1357421875, 6103.05322265625, 6067.87109375, 6025.318359375, 5982.3564453125, 5947.2275390625, 5915.162109375, 5884.4833984375, 5856.90380859375, 5833.4462890625, 5810.82958984375, 5791.4453125, 5777.0927734375, 5772.47509765625, 5771.765625, 5770.54296875, 5769.08203125, 5767.41796875, 5765.76318359375, 5764.10302734375, 5766.83740234375, 5773.22607421875, 5778.32861328125, 5782.00244140625, 5784.58203125, 5786.44873046875, 5787.4912109375, 5787.82666015625, 5787.55029296875, 5786.95751953125, 5786.18505859375, 5784.9521484375, 5783.73193359375, 5782.158203125, 5780.4013671875, 5778.42236328125, 5776.263671875, 5774.50732421875, 5772.6591796875, 5770.861328125, 5769.1669921875, 5767.83447265625, 5766.6044921875, 5765.34716796875, 5764.0244140625, 5762.84814453125, 5761.69482421875, 5760.76171875, 5759.9130859375, 5759.17431640625, 5758.6103515625, 5758.05615234375, 5757.59375, 5757.20703125, 5756.85986328125, 5756.615234375, 5756.4482421875, 5756.35205078125, 5756.2666015625, 5756.21142578125, 5756.2109375, 5756.28564453125, 5756.32763671875, 5756.41845703125, 5756.5400390625, 5756.623046875, 5756.7783203125, 5756.96728515625, 5757.15380859375, 5757.32373046875, 5757.4755859375, 5757.62890625, 5757.8173828125, 5757.9208984375, 5758.0390625, 5758.14111328125, 5758.1865234375, 5758.2001953125, 5758.2470703125, 5758.28515625, 5758.26953125, 5758.24365234375, 5758.1982421875, 5758.16259765625, 5758.138671875, 5758.03271484375, 5757.95068359375, 5757.837890625, 5757.71923828125, 5757.5888671875, 5757.4736328125, 5757.37060546875, 5757.236328125, 5757.1318359375, 5756.9609375, 5756.79052734375, 5756.62255859375, 5756.43359375], "lower": [5757.9287109375, 5754.35009765625, 5754.337890625, 5755.76220703125, 5758.693359375, 5761.7919921875, 5764.921875, 5767.80126953125, 5766.02783203125, 5764.46337890625, 5762.05322265625, 5760.03271484375, 5757.94580078125, 5755.87841796875, 5753.9619140625, 5752.31298828125, 5750.93505859375, 5749.3115234375, 5745.48388671875, 5747.0595703125, 5746.52294921875, 5745.888671875, 5745.60107421875, 5745.33447265625, 5745.40283203125, 5745.59814453125, 5745.7822265625, 5745.38134765625, 5744.537109375, 5743.69775390625, 5742.666015625, 5741.666015625, 5740.70849609375, 5739.806640625, 5739.04833984375, 5738.37109375, 5738.03125, 5737.7451171875, 5737.4736328125, 5737.33740234375, 5737.125, 5736.8212890625, 5736.5283203125, 5736.10009765625, 5736.337890625, 5736.24560546875, 5735.7734375, 5735.3330078125, 5734.82275390625, 5734.4189453125, 5733.701171875, 5732.9931640625, 5732.43212890625, 5731.9931640625, 5731.7158203125, 5731.6630859375, 5731.7822265625, 5732.06298828125, 5732.45068359375, 5732.7978515625, 5733.23095703125, 5733.6142578125, 5733.81005859375, 5733.9296875, 5733.86083984375, 5733.8056640625, 5733.72021484375, 5733.59814453125, 5733.51220703125, 5733.47021484375, 5733.44384765625, 5733.416015625, 5733.35107421875, 5733.310546875, 5733.30810546875, 5733.2822265625, 5733.2626953125, 5733.26318359375, 5733.18505859375, 5733.05517578125, 5732.89013671875, 5732.7412109375, 5732.625, 5732.61962890625, 5732.64453125, 5732.7265625, 5732.71826171875, 5732.69140625, 5732.74169921875, 5732.779296875, 5732.83203125, 5732.859375, 5732.8310546875, 5732.79248046875, 5732.84765625, 5732.91357421875, 5732.96875, 5732.9599609375, 5732.93798828125, 5732.947265625]}