{"mean": [3174.9200032552085, 3184.013916015625, 3184.3465983072915, 3179.6900227864585, 3172.1735026041665, 3167.4186197916665, 3165.2017415364585, 3163.0160319010415, 3162.0140787760415, 3161.9972330729165, 3162.0428873697915, 3160.8701985677085, 3158.7352701822915, 3156.4265950520835, 3151.2068684895835, 3146.1484375, 3144.24560546875, 3142.75341796875, 3141.7247721354165, 3141.3360188802085, 3141.1615397135415, 3140.9309895833335, 3140.4026692708335, 3139.8036295572915, 3139.4828287760415, 3139.1122233072915, 3139.042724609375, 3138.888916015625, 3138.4937337239585, 3138.0057779947915, 3137.6004231770835, 3136.9254557291665, 3136.0458984375, 3135.03076171875, 3133.8800455729165, 3132.5577799479165, 3131.2880045572915, 3129.7062174479165, 3128.1453450520835, 3126.4036458333335, 3123.0401204427085, 3116.4443359375, 3114.793701171875, 3113.0064290364585, 3112.0513509114585, 3111.85400390625, 3112.1695963541665, 3112.7985026041665, 3113.2772623697915, 3113.260009765625, 3113.2792154947915, 3113.3021647135415, 3113.37353515625, 3113.4785970052085, 3113.4187825520835, 3113.34326171875, 3113.2237141927085, 3113.2400716145835, 3113.5653483072915, 3113.6427408854165, 3113.502685546875, 3112.860107421875, 3112.5169270833335, 3112.5691731770835, 3112.1468098958335, 3111.5148111979165, 3111.1371256510415, 3111.192626953125, 3111.5712890625, 3111.2978515625, 3111.0775553385415, 3111.6800944010415, 3112.4641927083335, 3112.9496256510415, 3113.4722493489585, 3114.2032877604165, 3114.5061848958335, 3114.556396484375, 3114.6294759114585, 3114.8810221354165, 3115.2896321614585, 3114.962158203125, 3114.741943359375, 3114.961181640625, 3114.9093424479165, 3114.3250325520835, 3113.77734375, 3113.5428059895835, 3113.7721354166665, 3113.53857421875, 3112.8938802083335, 3112.7112630208335, 3112.5550944010415, 3112.61962890625, 3112.365234375, 3112.0157877604165, 3111.8726399739585, 3111.9098307291665, 3111.50634765625, 3111.3754069010415], "upper": [3213.192138671875, 3211.912109375, 3211.48486328125, 3211.44384765625, 3212.01953125, 3212.6611328125, 3213.068603515625, 3212.991455078125, 3212.712890625, 3212.400634765625, 3212.039794921875, 3211.790771484375, 3211.524169921875, 3211.302734375, 3211.05224609375, 3210.87646484375, 3210.86083984375, 3210.75048828125, 3210.50537109375, 3210.1259765625, 3209.730224609375, 3209.170166015625, 3208.549560546875, 3207.50146484375, 3206.200927734375, 3204.6845703125, 3202.99169921875, 3201.219482421875, 3199.254150390625, 3197.390869140625, 3195.880126953125, 3194.24853515625, 3192.2490234375, 3190.1435546875, 3187.650390625, 3184.64404296875, 3181.6455078125, 3178.14453125, 3174.6259765625, 3170.54296875, 3161.553955078125, 3142.5732421875, 3138.397705078125, 3134.102294921875, 3134.16748046875, 3134.0927734375, 3134.37158203125, 3134.733154296875, 3135.146484375, 3135.43212890625, 3135.745361328125, 3135.77978515625, 3135.78857421875, 3135.65283203125, 3135.367919921875, 3135.19873046875, 3134.971923828125, 3134.723388671875, 3134.314453125, 3133.973388671875, 3133.582275390625, 3133.198486328125, 3132.7431640625, 3132.4482421875, 3132.094482421875, 3131.65478515625, 3131.2197265625, 3130.8779296875, 3130.73876953125, 3130.34033203125, 3130.261474609375, 3131.369384765625, 3132.826904296875, 3134.0673828125, 3135.327880859375, 3136.43701171875, 3137.638916015625, 3138.568359375, 3139.53271484375, 3140.239501953125, 3140.436279296875, 3140.24609375, 3139.652099609375, 3138.931640625, 3138.109375, 3137.218994140625, 3136.48583984375, 3135.88818359375, 3135.2275390625, 3134.55078125, 3134.070556640625, 3133.548095703125, 3133.014404296875, 3132.475830078125, 3131.8388671875, 3131.23876953125, 3130.896484375, 3130.9736328125, 3130.92626953125, 3131.140625], "lower": [3108.7265625, 3138.708984375, 3142.075927734375, 3130.952392578125, 3110.744873046875, 3098.80078125, 3094.88916015625, 3092.264892578125, 3093.251220703125, 3096.2998046875, 3099.6484375, 3100.24658203125, 3098.010986328125, 3093.921630859375, 3085.0244140625, 3076.848876953125, 3076.802734375, 3076.712646484375, 3076.551025390625, 3076.37744140625, 3076.16015625, 3075.926513671875, 3075.681640625, 3075.46240234375, 3075.21630859375, 3074.95361328125, 3074.740234375, 3074.45751953125, 3074.19970703125, 3073.910888671875, 3073.724365234375, 3073.488037109375, 3073.2548828125, 3073.0205078125, 3072.797607421875, 3072.61474609375, 3072.40185546875, 3072.2333984375, 3072.05712890625, 3071.88134765625, 3071.7490234375, 3071.64306640625, 3071.49609375, 3071.408203125, 3071.313720703125, 3071.31201171875, 3071.43359375, 3071.508544921875, 3071.715087890625, 3071.659912109375, 3071.4970703125, 3071.5400390625, 3071.7666015625, 3071.94970703125, 3072.051513671875, 3072.251953125, 3072.43896484375, 3073.11767578125, 3075.011474609375, 3076.03271484375, 3076.06201171875, 3075.2060546875, 3075.18359375, 3075.71875, 3074.9189453125, 3073.42529296875, 3072.71484375, 3073.13427734375, 3074.209716796875, 3073.5146484375, 3072.87451171875, 3073.41357421875, 3074.28564453125, 3073.962646484375, 3074.11669921875, 3075.302978515625, 3074.905029296875, 3073.9931640625, 3073.2392578125, 3073.2490234375, 3074.3544921875, 3073.565673828125, 3073.5986328125, 3075.0234375, 3075.75634765625, 3074.89306640625, 3073.91650390625, 3073.681640625, 3074.95703125, 3074.819580078125, 3073.427734375, 3073.44677734375, 3073.5595703125, 3074.39599609375, 3074.371826171875, 3073.9404296875, 3073.9169921875, 3074.001708984375, 3073.5732421875, 3073.632080078125]}