{"mean": [20883.186848958332, 20816.228515625, 20784.778645833332, 20773.867838541668, 20777.570963541668, 20790.220703125, 20780.759765625, 20759.28125, 20737.572916666668, 20740.658854166668, 20773.134765625, 20843.32421875, 20907.555989583332, 20912.483723958332, 20940.733072916668, 21012.61328125, 21056.469401041668, 21095.899739583332, 21132.375, 21172.552734375, 21187.83984375, 21191.06640625, 21170.251302083332, 21147.684895833332, 21117.73046875, 21085.847005208332, 21064.824869791668, 21048.169270833332, 21031.229166666668, 21020.197916666668, 21010.570963541668, 21010.494140625, 21014.531901041668, 21023.829427083332, 21038.451822916668, 21069.375, 21111.046223958332, 21147.806640625, 21182.684244791668, 21213.455729166668, 21236.4921875, 21251.094401041668, 21281.080078125, 21317.222005208332, 21334.80859375, 21324.7109375, 21294.916015625, 21272.106770833332, 21245.83203125, 21220.561197916668, 21198.507161458332, 21187.606770833332, 21181.250651041668, 21172.878255208332, 21171.002604166668, 21173.404947916668, 21178.505208333332, 21178.557942708332, 21176.313151041668, 21183.217447916668, 21189.111328125, 21195.70703125, 21197.770182291668, 21192.465494791668, 21194.256510416668, 21196.529296875, 21192.990234375, 21188.6328125, 21185.708984375, 21185.021484375, 21187.40625, 21170.291015625, 21144.697916666668, 21118.552734375, 21087.009114583332, 21058.65234375, 21034.778645833332, 21017.497395833332, 21007.0859375, 21001.907552083332, 20998.434244791668, 21003.79296875, 21007.546223958332, 21013.610677083332, 21026.048828125, 21044.613932291668, 21058.495442708332, 21068.294270833332, 21079.436848958332, 21092.929036458332, 21109.514973958332, 21123.991536458332, 21132.22265625, 21140.751953125, 21152.005859375, 21163.103515625, 21172.095703125, 21177.141927083332, 21180.604166666668, 21183.742838541668], "upper": [21876.1796875, 21771.921875, 21749.791015625, 21780.9140625, 21835.90234375, 21909.64453125, 21939.369140625, 21951.908203125, 21934.435546875, 21885.548828125, 21855.4765625, 21849.6640625, 21849.400390625, 21880.2421875, 21934.80078125, 21959.45703125, 21957.9375, 21957.435546875, 21955.955078125, 21955.07421875, 21954.931640625, 21954.47265625, 21955.388671875, 21955.861328125, 21956.396484375, 21956.64453125, 21958.0859375, 21959.30078125, 21960.841796875, 21961.548828125, 21963.673828125, 21964.083984375, 21965.267578125, 21966.1484375, 21967.37890625, 21969.1171875, 21969.59765625, 21970.88671875, 21971.498046875, 21972.06640625, 21973.419921875, 21973.353515625, 21973.771484375, 21974.126953125, 21974.35546875, 21977.49609375, 21984.755859375, 21989.55078125, 21994.091796875, 21994.580078125, 21992.28125, 21993.048828125, 22000.5859375, 22004.02734375, 22006.625, 22011.169921875, 22020.8125, 22013.85546875, 21996.9765625, 21992.328125, 21999.833984375, 22007.6328125, 22003.09765625, 21992.26171875, 22001.341796875, 22015.40625, 22012.9921875, 22005.921875, 21997.28125, 22004.373046875, 22013.376953125, 22016.603515625, 22006.765625, 22002.07421875, 22007.3359375, 21997.125, 21996.849609375, 22009.783203125, 22014.00390625, 22013.462890625, 22006.65234375, 22012.33984375, 22007.115234375, 21994.73046875, 21990.4296875, 22001.3828125, 22008.0625, 22005.095703125, 22002.59375, 22003.017578125, 22012.748046875, 22012.2890625, 22011.916015625, 22001.03515625, 22004.0078125, 22007.373046875, 22009.140625, 22008.66796875, 22012.2109375, 22011.265625], "lower": [20325.876953125, 20249.439453125, 20190.576171875, 20147.12890625, 20124.09765625, 20105.8046875, 20090.01953125, 20086.908203125, 20093.103515625, 20105.693359375, 20121.048828125, 20136.505859375, 20154.0546875, 20173.15234375, 20191.2265625, 20210.744140625, 20224.951171875, 20235.01953125, 20242.875, 20247.02734375, 20248.294921875, 20245.630859375, 20234.57421875, 20227.77734375, 20206.9375, 20177.62890625, 20145.658203125, 20114.81640625, 20098.99609375, 20102.30078125, 20105.80859375, 20117.208984375, 20137.451171875, 20169.841796875, 20212.07421875, 20300.75390625, 20423.841796875, 20525.541015625, 20619.68359375, 20704.05859375, 20756.4765625, 20791.001953125, 20872.400390625, 20978.5703125, 20991.638671875, 20980.607421875, 20932.16796875, 20877.908203125, 20814.921875, 20755.03515625, 20708.0703125, 20682.248046875, 20670.12890625, 20654.5, 20654.25, 20668.1875, 20684.56640625, 20699.859375, 20718.810546875, 20748.494140625, 20762.7734375, 20777.33203125, 20793.826171875, 20784.740234375, 20776.2421875, 20770.189453125, 20764.7890625, 20762.556640625, 20769.3984375, 20769.08984375, 20771.087890625, 20721.125, 20655.0703125, 20591.501953125, 20498.61328125, 20423.7578125, 20362.189453125, 20307.44921875, 20276.37109375, 20262.91796875, 20256.203125, 20262.65234375, 20271.873046875, 20296.24609375, 20332.990234375, 20377.357421875, 20419.185546875, 20460.53125, 20504.1015625, 20547.576171875, 20588.87890625, 20626.775390625, 20648.79296875, 20675.759765625, 20701.240234375, 20727.87109375, 20750.185546875, 20754.716796875, 20747.25, 20732.703125]}