{"mean": [25080.166666666668, 25047.138020833332, 25047.893880208332, 25059.977864583332, 25082.356119791668, 25101.969401041668, 25108.639973958332, 25111.865234375, 25110.602213541668, 25106.615234375, 25102.120442708332, 25100.619791666668, 25098.145182291668, 25096.487630208332, 25096.89453125, 25103.834635416668, 25106.760416666668, 25111.857421875, 25118.493489583332, 25125.126302083332, 25129.809244791668, 25131.982421875, 25131.388020833332, 25129.200520833332, 25127.353515625, 25125.735677083332, 25125.520182291668, 25126.45703125, 25128.083333333332, 25130.249348958332, 25133.874348958332, 25137.641276041668, 25141.282552083332, 25144.277994791668, 25147.158203125, 25151.03515625, 25155.514973958332, 25159.283203125, 25162.374348958332, 25164.572916666668, 25164.895182291668, 25152.621744791668, 25158.458333333332, 25166.174479166668, 25168.802734375, 25165.606770833332, 25158.955729166668, 25151.134114583332, 25143.673177083332, 25136.371744791668, 25130.203776041668, 25126.428385416668, 25123.875, 25122.389322916668, 25122.035807291668, 25122.615885416668, 25123.699869791668, 25124.690755208332, 25125.33203125, 25127.458333333332, 25129.946614583332, 25132.559244791668, 25132.210286458332, 25129.220703125, 25127.46484375, 25127.208984375, 25125.873046875, 25123.953125, 25122.550130208332, 25124.28515625, 25125.686848958332, 25119.391927083332, 25114.056640625, 25111.227864583332, 25107.6953125, 25102.408203125, 25098.64453125, 25096.900390625, 25096.015625, 25095.45703125, 25094.552734375, 25096.307291666668, 25097.759114583332, 25097.874348958332, 25098.759765625, 25101.349609375, 25102.843098958332, 25103.33203125, 25102.3203125, 25103.391927083332, 25106.455729166668, 25108.518229166668, 25110.833333333332, 25112.877604166668, 25115.708333333332, 25118.483072916668, 25120.001302083332, 25121.91015625, 25122.952473958332, 25123.712890625], "upper": [25528.53515625, 25408.52734375, 25389.49609375, 25401.4375, 25440.02734375, 25469.88671875, 25463.802734375, 25450.01953125, 25422.83203125, 25389.58203125, 25357.83203125, 25336.04296875, 25320.1015625, 25312.494140625, 25316.384765625, 25332.08984375, 25331.84765625, 25331.689453125, 25331.74609375, 25331.84765625, 25332.1796875, 25332.646484375, 25333.078125, 25333.60546875, 25334.2265625, 25335.0625, 25335.81640625, 25336.486328125, 25337.232421875, 25337.91015625, 25338.666015625, 25339.328125, 25340.099609375, 25340.69140625, 25341.298828125, 25341.908203125, 25342.484375, 25343.0078125, 25343.5078125, 25343.96484375, 25344.333984375, 25344.693359375, 25345.04296875, 25345.3359375, 25345.5546875, 25346.251953125, 25347.521484375, 25348.837890625, 25351.5625, 25351.66796875, 25350.373046875, 25350.703125, 25352.970703125, 25354.84765625, 25356.77734375, 25359.533203125, 25363.11328125, 25365.361328125, 25365.337890625, 25367.208984375, 25370.30859375, 25373.578125, 25371.669921875, 25363.515625, 25360.078125, 25361.755859375, 25360.986328125, 25357.48828125, 25353.5, 25356.86328125, 25361.5, 25362.0703125, 25361.1640625, 25365.84765625, 25368.52734375, 25364.33203125, 25361.890625, 25363.12890625, 25364.42578125, 25364.21484375, 25361.4296875, 25365.119140625, 25366.69140625, 25363.1328125, 25361.76953125, 25365.267578125, 25368.056640625, 25366.935546875, 25360.55078125, 25359.720703125, 25363.689453125, 25364.16015625, 25365.048828125, 25364.0625, 25365.314453125, 25366.447265625, 25364.0703125, 25362.330078125, 25363.15625, 25364.001953125], "lower": [24852.7109375, 24863.2109375, 24873.48046875, 24885.982421875, 24901.138671875, 24917.119140625, 24924.037109375, 24925.416015625, 24923.390625, 24919.84375, 24914.572265625, 24909.169921875, 24904.0859375, 24899.42578125, 24895.203125, 24891.96875, 24890.3671875, 24890.08984375, 24891.66796875, 24894.03125, 24897.923828125, 24902.0234375, 24907.90625, 24914.083984375, 24921.9140625, 24931.68359375, 24942.986328125, 24955.6796875, 24969.30859375, 24983.513671875, 24997.59765625, 25011.158203125, 25022.716796875, 25031.41796875, 25038.71484375, 25048.509765625, 25059.453125, 25066.76171875, 25069.609375, 25073.53515625, 25072.91796875, 25033.265625, 25048.921875, 25072.150390625, 25078.87890625, 25075.16015625, 25058.130859375, 25038.8671875, 25019.8359375, 25003.658203125, 24990.306640625, 24983.138671875, 24978.296875, 24975.59375, 24975.6328125, 24977.912109375, 24980.76953125, 24984.26953125, 24989.150390625, 24996.015625, 25002.349609375, 25008.7109375, 25011.6015625, 25011.365234375, 25008.8515625, 25006.119140625, 25003.4140625, 25002.14453125, 25003.587890625, 25005.91015625, 25006.7890625, 24989.4375, 24975.587890625, 24965.21484375, 24954.0390625, 24945.126953125, 24938.87109375, 24934.57421875, 24931.80078125, 24930.65625, 24930.306640625, 24930.630859375, 24931.54296875, 24933.791015625, 24936.673828125, 24940.17578125, 24944.4375, 24949.474609375, 24954.615234375, 24959.478515625, 24964.83984375, 24969.583984375, 24974.064453125, 24979.228515625, 24985.103515625, 24990.931640625, 24997.17578125, 24999.841796875, 24995.4921875, 24991.765625]}