{"mean": [9096.23828125, 9079.730794270834, 9068.363932291666, 9058.852864583334, 9051.5751953125, 9045.532877604166, 9040.382486979166, 9035.354166666666, 9030.199544270834, 9024.851236979166, 9019.843098958334, 9015.302734375, 9011.003580729166, 9007.003580729166, 9003.506184895834, 9000.393880208334, 8997.656901041666, 8995.76953125, 8994.55078125, 8993.629557291666, 8992.831380208334, 8992.422200520834, 8992.316080729166, 8992.2998046875, 8992.306640625, 8992.322916666666, 8992.412434895834, 8992.451171875, 8992.5380859375, 8992.545572916666, 8992.423828125, 8992.181966145834, 8991.685546875, 8992.045247395834, 8992.833333333334, 8993.752604166666, 8994.830078125, 8996.291341145834, 8998.115885416666, 9000.080729166666, 9002.399088541666, 9005.345052083334, 9009.703776041666, 9016.57421875, 9025.731770833334, 9036.170572916666, 9046.251953125, 9046.202473958334, 9046.1826171875, 9046.187825520834, 9046.200520833334, 9046.189127604166, 9046.185872395834, 9046.213541666666, 9046.264973958334, 9046.2353515625, 9046.234375, 9046.2802734375, 9046.238932291666, 9046.232096354166, 9046.251302083334, 9046.223958333334, 9046.2216796875, 9046.1748046875, 9046.323893229166, 9046.442708333334, 9046.581705729166, 9046.7099609375, 9046.842122395834, 9047.0048828125, 9047.127278645834, 9047.318684895834, 9047.447265625, 9047.581705729166, 9047.717122395834, 9047.8525390625, 9047.912760416666, 9048.029622395834, 9048.16796875, 9048.303059895834, 9048.436197916666, 9048.574544270834, 9048.69921875, 9048.812825520834, 9048.919596354166, 9049.034505208334, 9049.150390625, 9049.329752604166, 9049.475260416666, 9049.535807291666, 9049.6474609375, 9049.762369791666, 9049.91015625, 9050.0185546875, 9050.12890625, 9050.294921875, 9050.401692708334, 9050.51953125, 9050.574544270834, 9050.694661458334], "upper": [9275.498046875, 9230.5615234375, 9199.0341796875, 9172.0166015625, 9151.3916015625, 9134.291015625, 9119.888671875, 9105.6953125, 9090.78515625, 9075.5888671875, 9061.6044921875, 9049.001953125, 9037.369140625, 9026.6826171875, 9017.6875, 9009.5810546875, 9002.6259765625, 8999.3056640625, 8998.7646484375, 8998.2529296875, 8997.7421875, 8997.30078125, 8996.88671875, 8996.5, 8996.08984375, 8995.7177734375, 8995.921875, 8996.966796875, 8997.8916015625, 8998.48046875, 8998.6669921875, 8998.533203125, 8997.658203125, 8999.3798828125, 9002.3369140625, 9005.8125, 9009.7783203125, 9015.0126953125, 9021.1708984375, 9027.908203125, 9035.69140625, 9045.46484375, 9059.353515625, 9080.7412109375, 9109.154296875, 9141.119140625, 9171.783203125, 9172.052734375, 9172.341796875, 9172.6474609375, 9172.96875, 9173.294921875, 9173.64453125, 9173.9873046875, 9174.34765625, 9174.701171875, 9175.0654296875, 9175.4482421875, 9175.8232421875, 9176.203125, 9176.5947265625, 9177.0, 9177.390625, 9177.7841796875, 9178.185546875, 9178.578125, 9178.994140625, 9179.390625, 9179.7841796875, 9180.1875, 9180.6005859375, 9181.0087890625, 9181.4140625, 9181.8095703125, 9182.205078125, 9182.58203125, 9182.986328125, 9183.36328125, 9183.765625, 9184.1708984375, 9184.5771484375, 9184.9736328125, 9185.373046875, 9185.7587890625, 9186.1396484375, 9186.505859375, 9186.8857421875, 9187.2490234375, 9187.6171875, 9187.9619140625, 9188.302734375, 9188.6494140625, 9188.9990234375, 9189.34375, 9189.6611328125, 9190.0068359375, 9190.3408203125, 9190.6923828125, 9191.0234375, 9191.3642578125], "lower": [9002.3134765625, 9000.7548828125, 9000.3310546875, 9000.6513671875, 9001.359375, 9000.19921875, 8998.466796875, 8997.0966796875, 8996.244140625, 8995.3798828125, 8994.5185546875, 8993.81640625, 8993.0615234375, 8992.322265625, 8991.6171875, 8991.00390625, 8990.4375, 8989.916015625, 8989.48828125, 8988.9990234375, 8988.533203125, 8988.1337890625, 8987.62890625, 8987.1884765625, 8986.8076171875, 8986.3701171875, 8985.876953125, 8985.3486328125, 8985.0400390625, 8984.806640625, 8984.5810546875, 8984.35546875, 8984.1015625, 8983.8837890625, 8983.7431640625, 8983.478515625, 8983.203125, 8982.8154296875, 8982.654296875, 8982.2890625, 8982.0322265625, 8981.7275390625, 8981.48828125, 8981.2265625, 8980.771484375, 8980.5283203125, 8980.4853515625, 8980.41796875, 8980.4033203125, 8980.365234375, 8980.306640625, 8980.275390625, 8980.251953125, 8980.33984375, 8980.3212890625, 8980.240234375, 8980.2158203125, 8980.2001953125, 8980.15234375, 8980.28515625, 8980.23046875, 8980.201171875, 8980.1943359375, 8980.2001953125, 8980.1708984375, 8980.142578125, 8980.1240234375, 8980.107421875, 8980.0986328125, 8980.1142578125, 8980.0625, 8980.2294921875, 8980.216796875, 8980.2109375, 8980.201171875, 8980.23046875, 8980.0517578125, 8980.080078125, 8980.095703125, 8980.09765625, 8980.115234375, 8980.13671875, 8980.1435546875, 8980.130859375, 8980.0869140625, 8980.068359375, 8980.0537109375, 8980.2216796875, 8980.21875, 8980.048828125, 8980.0517578125, 8980.0625, 8980.0458984375, 8980.0498046875, 8980.0419921875, 8980.2158203125, 8980.208984375, 8980.2158203125, 8980.0478515625, 8980.0537109375]}