{"mean": [7519.368977864583, 7497.98193359375, 7483.313151041667, 7471.582356770833, 7461.053385416667, 7451.85595703125, 7443.415201822917, 7434.62158203125, 7424.841796875, 7414.747884114583, 7407.284993489583, 7402.45556640625, 7398.689615885417, 7396.142903645833, 7393.690592447917, 7390.933919270833, 7387.8154296875, 7384.89794921875, 7382.67138671875, 7380.809407552083, 7379.35302734375, 7378.423990885417, 7377.793782552083, 7377.223470052083, 7376.684244791667, 7376.085123697917, 7375.375325520833, 7374.601888020833, 7373.853515625, 7373.314778645833, 7372.6767578125, 7372.0615234375, 7371.420084635417, 7370.86767578125, 7370.221028645833, 7369.506184895833, 7368.999186197917, 7368.39501953125, 7367.792154947917, 7367.151204427083, 7366.239908854167, 7365.301920572917, 7364.076009114583, 7362.777506510417, 7361.32177734375, 7359.980143229167, 7359.104166666667, 7358.205729166667, 7357.20947265625, 7356.209798177083, 7355.267903645833, 7354.634765625, 7353.996419270833, 7353.236653645833, 7352.799967447917, 7352.451985677083, 7352.128092447917, 7351.8017578125, 7351.3740234375, 7350.9794921875, 7350.771809895833, 7350.659830729167, 7350.429361979167, 7350.16748046875, 7414.472981770833, 7349.722330729167, 7349.3818359375, 7348.971516927083, 7348.477864583333, 7348.046875, 7347.676106770833, 7347.093912760417, 7346.673665364583, 7346.247233072917, 7345.771809895833, 7345.143391927083, 7344.257161458333, 7343.394694010417, 7342.441080729167, 7342.362630208333, 7342.319661458333, 7342.267903645833, 7342.2470703125, 7342.1669921875, 7342.167154947917, 7342.148763020833, 7342.133951822917, 7342.13232421875, 7342.138671875, 7342.143391927083, 7342.168619791667, 7342.1787109375, 7342.19091796875, 7342.19189453125, 7342.238118489583, 7342.2822265625, 7342.300618489583, 7342.331868489583, 7342.392903645833, 7342.453287760417], "upper": [7721.80224609375, 7664.9521484375, 7627.4140625, 7598.37109375, 7573.36376953125, 7551.8857421875, 7532.712890625, 7512.3291015625, 7488.86376953125, 7463.88818359375, 7445.74951171875, 7433.89990234375, 7423.73876953125, 7415.203125, 7407.88427734375, 7401.32666015625, 7400.59326171875, 7399.9169921875, 7399.17236328125, 7398.41943359375, 7397.91845703125, 7397.26708984375, 7396.60791015625, 7395.97607421875, 7395.24072265625, 7394.31689453125, 7393.1376953125, 7391.875, 7390.72412109375, 7389.72705078125, 7388.580078125, 7387.35546875, 7386.05419921875, 7385.06591796875, 7383.9423828125, 7382.69091796875, 7381.81396484375, 7380.7734375, 7379.62255859375, 7378.0703125, 7375.72119140625, 7373.15673828125, 7369.5869140625, 7365.79833984375, 7365.4619140625, 7365.41455078125, 7365.33056640625, 7365.2724609375, 7365.16064453125, 7364.98486328125, 7364.908203125, 7364.8154296875, 7364.7490234375, 7364.63134765625, 7364.5849609375, 7364.5078125, 7364.41943359375, 7364.3779296875, 7364.35986328125, 7364.2607421875, 7364.2041015625, 7364.17529296875, 7364.13525390625, 7364.0810546875, 7528.33740234375, 7364.01611328125, 7363.916015625, 7363.916015625, 7363.88818359375, 7363.86865234375, 7363.90478515625, 7363.8759765625, 7363.93408203125, 7363.72412109375, 7363.67578125, 7363.625, 7363.3349609375, 7363.248046875, 7363.0546875, 7362.80419921875, 7362.64990234375, 7362.48291015625, 7362.3828125, 7362.1357421875, 7362.0869140625, 7362.0400390625, 7361.99658203125, 7361.99658203125, 7362.0078125, 7362.01806640625, 7362.109375, 7362.1279296875, 7362.15625, 7362.2138671875, 7362.3603515625, 7362.5048828125, 7362.57275390625, 7362.6796875, 7362.85888671875, 7363.0859375], "lower": [7413.3134765625, 7410.80224609375, 7407.439453125, 7403.931640625, 7399.73291015625, 7394.94580078125, 7389.9990234375, 7384.94482421875, 7380.05029296875, 7375.51220703125, 7371.88720703125, 7369.810546875, 7369.5185546875, 7370.90771484375, 7371.2841796875, 7370.5732421875, 7368.634765625, 7366.91650390625, 7365.50830078125, 7364.1318359375, 7362.5400390625, 7361.39794921875, 7360.62451171875, 7359.96875, 7359.51708984375, 7359.12939453125, 7358.8056640625, 7358.576171875, 7358.36279296875, 7358.2392578125, 7358.04248046875, 7357.9365234375, 7357.8232421875, 7357.6806640625, 7357.537109375, 7357.42041015625, 7357.33984375, 7357.19677734375, 7357.0908203125, 7357.01171875, 7356.95458984375, 7356.8515625, 7356.89013671875, 7356.92333984375, 7357.00390625, 7357.09228515625, 7354.7841796875, 7352.09619140625, 7349.25, 7346.6630859375, 7344.060546875, 7341.96435546875, 7339.98974609375, 7338.4189453125, 7337.0361328125, 7336.0263671875, 7335.44921875, 7334.91064453125, 7334.28955078125, 7333.9609375, 7333.4912109375, 7333.92578125, 7334.17333984375, 7334.44189453125, 7351.05078125, 7334.9482421875, 7335.05615234375, 7335.1328125, 7335.14013671875, 7335.21484375, 7335.2607421875, 7335.24072265625, 7335.296875, 7335.34326171875, 7335.38525390625, 7335.47216796875, 7333.92333984375, 7331.3994140625, 7328.6904296875, 7328.6826171875, 7328.6748046875, 7328.67919921875, 7328.68359375, 7328.68505859375, 7328.68701171875, 7328.68115234375, 7328.6796875, 7328.6728515625, 7328.67626953125, 7328.68310546875, 7328.66748046875, 7328.68701171875, 7328.6904296875, 7328.68505859375, 7328.6796875, 7328.6787109375, 7328.6884765625, 7328.6787109375, 7328.7060546875, 7328.6728515625]}