{"mean": [8533.832356770834, 8515.436197916666, 8503.103841145834, 8491.9580078125, 8481.649739583334, 8472.562825520834, 8464.047526041666, 8454.907877604166, 8444.58984375, 8434.238606770834, 8427.003580729166, 8422.130533854166, 8417.935546875, 8414.9228515625, 8412.17578125, 8409.420247395834, 8406.358072916666, 8403.615559895834, 8401.5361328125, 8399.880533854166, 8398.736002604166, 8398.045572916666, 8397.615559895834, 8397.28515625, 8396.9794921875, 8396.621744791666, 8396.124348958334, 8395.5751953125, 8395.013346354166, 8394.662109375, 8394.151041666666, 8393.625325520834, 8393.05859375, 8392.5849609375, 8392.009114583334, 8391.387044270834, 8390.90625, 8390.275390625, 8389.629557291666, 8388.8525390625, 8387.839518229166, 8386.759114583334, 8385.272135416666, 8383.691731770834, 8381.956380208334, 8380.430013020834, 8379.4013671875, 8378.331380208334, 8377.192708333334, 8376.068359375, 8375.1015625, 8374.2822265625, 8373.513346354166, 8372.455403645834, 8371.971028645834, 8371.579427083334, 8371.300455729166, 8370.981119791666, 8370.686197916666, 8370.378580729166, 8370.031901041666, 8369.9462890625, 8369.7568359375, 8369.524088541666, 8416.19140625, 8369.018229166666, 8368.641276041666, 8368.193033854166, 8367.650390625, 8367.125325520834, 8366.606119791666, 8366.001302083334, 8365.578776041666, 8365.278645833334, 8364.87890625, 8364.335286458334, 8363.61328125, 8362.791666666666, 8361.853841145834, 8361.816731770834, 8361.817057291666, 8361.8076171875, 8361.817708333334, 8361.76953125, 8361.790364583334, 8361.788736979166, 8361.780924479166, 8361.7822265625, 8361.784830729166, 8361.782877604166, 8361.793619791666, 8361.790690104166, 8361.79296875, 8361.77734375, 8361.799479166666, 8361.8212890625, 8361.802083333334, 8361.802734375, 8361.808919270834, 8361.782877604166], "upper": [8703.630859375, 8655.5390625, 8624.9951171875, 8597.7705078125, 8573.8916015625, 8553.16015625, 8534.4169921875, 8513.81640625, 8489.57421875, 8464.70703125, 8448.1513671875, 8438.35546875, 8437.5908203125, 8437.19140625, 8436.85546875, 8436.349609375, 8435.6162109375, 8435.0224609375, 8434.2607421875, 8433.54296875, 8433.1044921875, 8432.435546875, 8431.755859375, 8431.1552734375, 8430.3505859375, 8429.39453125, 8428.099609375, 8426.826171875, 8425.6044921875, 8424.5146484375, 8423.2578125, 8421.9462890625, 8420.4892578125, 8419.37109375, 8418.109375, 8416.7607421875, 8415.6533203125, 8414.2021484375, 8412.6337890625, 8410.4658203125, 8407.64453125, 8404.59765625, 8400.29296875, 8395.6640625, 8390.5419921875, 8385.95703125, 8382.876953125, 8379.716796875, 8379.2109375, 8379.0888671875, 8379.025390625, 8378.9814453125, 8378.935546875, 8378.6826171875, 8378.68359375, 8378.646484375, 8378.580078125, 8378.5380859375, 8378.650390625, 8378.4892578125, 8378.4892578125, 8378.5009765625, 8378.494140625, 8378.466796875, 8501.818359375, 8378.43359375, 8378.3369140625, 8378.3369140625, 8378.2861328125, 8378.23828125, 8378.2216796875, 8378.12890625, 8378.2109375, 8378.2275390625, 8378.2978515625, 8378.3310546875, 8378.3427734375, 8378.3828125, 8378.2802734375, 8378.1630859375, 8378.1337890625, 8378.08984375, 8378.0966796875, 8377.939453125, 8377.9794921875, 8377.98828125, 8377.96875, 8377.98046875, 8377.974609375, 8377.9619140625, 8378.0234375, 8377.990234375, 8377.9755859375, 8377.97265625, 8378.0458984375, 8378.1171875, 8378.07421875, 8378.08203125, 8378.0869140625, 8378.07421875], "lower": [8441.1435546875, 8438.7431640625, 8435.109375, 8431.3271484375, 8426.7353515625, 8421.4921875, 8415.8740234375, 8409.91796875, 8404.0927734375, 8398.59375, 8393.9833984375, 8390.85546875, 8389.2392578125, 8389.3291015625, 8388.611328125, 8387.435546875, 8385.3125, 8383.6953125, 8382.2197265625, 8380.8701171875, 8379.5146484375, 8378.40625, 8377.666015625, 8377.1708984375, 8377.0078125, 8376.9130859375, 8376.828125, 8376.822265625, 8376.7783203125, 8376.810546875, 8376.755859375, 8376.7783203125, 8376.7783203125, 8376.7197265625, 8376.6357421875, 8376.5654296875, 8376.5322265625, 8376.423828125, 8376.3310546875, 8376.2314453125, 8376.1484375, 8375.9912109375, 8375.9677734375, 8375.9208984375, 8375.935546875, 8375.9716796875, 8376.0, 8375.9619140625, 8375.833984375, 8373.7177734375, 8370.9833984375, 8368.7294921875, 8366.6884765625, 8365.0712890625, 8363.724609375, 8362.765625, 8362.2783203125, 8361.740234375, 8361.1435546875, 8360.853515625, 8360.4111328125, 8360.7958984375, 8361.0146484375, 8361.201171875, 8368.3173828125, 8361.7119140625, 8361.8447265625, 8361.94921875, 8361.9775390625, 8361.08203125, 8359.4970703125, 8357.7978515625, 8356.3896484375, 8355.43359375, 8354.126953125, 8352.376953125, 8350.16015625, 8347.642578125, 8344.8798828125, 8344.8642578125, 8344.861328125, 8344.873046875, 8344.8701171875, 8344.876953125, 8344.873046875, 8344.8681640625, 8344.8662109375, 8344.8564453125, 8344.8623046875, 8344.873046875, 8344.84375, 8344.8759765625, 8344.884765625, 8344.873046875, 8344.8681640625, 8344.87109375, 8344.875, 8344.8671875, 8344.90234375, 8344.8515625]}