{"mean": [7600.463073730469, 7503.7196044921875, 7495.03857421875, 7510.468933105469, 7533.100341796875, 7560.343933105469, 7559.3402099609375, 7537.880126953125, 7512.457214355469, 7493.09716796875, 7478.210876464844, 7472.800231933594, 7475.1170654296875, 7483.14599609375, 7494.7298583984375, 7506.3209228515625, 7513.163757324219, 7511.365661621094, 7503.392333984375, 7493.1209716796875, 7485.7099609375, 7482.305908203125, 7482.363830566406, 7485.28466796875, 7490.527770996094, 7497.043395996094, 7502.1243896484375, 7503.552917480469, 7500.723571777344, 7495.194030761719, 7490.752136230469, 7488.9051513671875, 7489.523132324219, 7492.2110595703125, 7495.953430175781, 7499.2205810546875, 7501.0029296875, 7500.587646484375, 7498.807922363281, 7496.5777587890625, 7494.975341796875, 7494.418640136719, 7494.739074707031, 7495.932556152344, 7497.8282470703125, 7499.8839111328125, 7501.1932373046875, 7501.7659912109375, 7501.5621337890625, 7501.29833984375, 7500.927062988281, 7500.104431152344, 7499.4945068359375, 7499.4990234375, 7499.895751953125, 7500.31640625, 7501.07177734375, 7501.8255615234375, 7502.377014160156, 7502.344482421875, 7501.808166503906, 7501.131530761719, 7500.741882324219, 7500.630554199219, 7500.6951904296875, 7500.650695800781, 7500.8111572265625, 7501.52294921875, 7502.5157470703125, 7503.701599121094, 7504.454345703125, 7504.559387207031, 7504.043151855469, 7503.277099609375, 7502.7530517578125, 7502.311706542969, 7502.232727050781, 7502.3311767578125, 7502.0770263671875, 7501.67724609375, 7501.355285644531, 7501.370300292969, 7501.646484375, 7501.826843261719, 7501.7125244140625, 7500.897888183594, 7500.1597900390625, 7499.793151855469, 7499.666198730469, 7499.621887207031, 7499.0042724609375, 7498.436096191406, 7498.289306640625, 7498.479187011719, 7498.67333984375, 7498.893249511719, 7499.010009765625, 7499.126037597656, 7499.5888671875, 7499.4124755859375], "upper": [7600.47900390625, 7503.728515625, 7495.16650390625, 7510.65283203125, 7533.35693359375, 7560.4658203125, 7560.0419921875, 7539.32470703125, 7514.29541015625, 7493.5634765625, 7479.74365234375, 7475.09814453125, 7477.736328125, 7485.8671875, 7495.80615234375, 7507.494140625, 7517.12060546875, 7514.52587890625, 7503.77783203125, 7495.45263671875, 7490.18017578125, 7487.37841796875, 7488.02734375, 7491.017578125, 7496.23779296875, 7501.9326171875, 7503.55712890625, 7507.78857421875, 7507.2890625, 7503.4677734375, 7496.84423828125, 7491.09619140625, 7494.1494140625, 7498.42236328125, 7501.671875, 7502.55810546875, 7503.62548828125, 7502.66748046875, 7503.47021484375, 7501.619140625, 7498.48583984375, 7496.35693359375, 7497.1611328125, 7499.6123046875, 7501.318359375, 7503.203125, 7503.65625, 7503.12841796875, 7504.03564453125, 7504.99755859375, 7504.55322265625, 7503.36181640625, 7503.373046875, 7502.8349609375, 7502.79833984375, 7503.083984375, 7502.998046875, 7505.9345703125, 7507.1708984375, 7505.79296875, 7504.95556640625, 7503.89208984375, 7503.42236328125, 7504.771484375, 7505.2666015625, 7504.224609375, 7503.78857421875, 7505.0615234375, 7505.52978515625, 7505.91796875, 7506.94482421875, 7506.4189453125, 7506.28173828125, 7505.48486328125, 7505.36376953125, 7505.34521484375, 7504.63232421875, 7505.169921875, 7506.00634765625, 7505.29248046875, 7505.1982421875, 7504.37890625, 7505.466796875, 7505.2236328125, 7505.404296875, 7505.7958984375, 7504.94970703125, 7503.37841796875, 7502.9990234375, 7504.14794921875, 7504.244140625, 7504.31591796875, 7504.93359375, 7503.9931640625, 7502.7685546875, 7502.7138671875, 7503.79052734375, 7504.7578125, 7505.53466796875, 7504.1005859375], "lower": [7600.4521484375, 7503.712890625, 7494.96875, 7510.2568359375, 7532.845703125, 7560.2548828125, 7559.04052734375, 7535.5009765625, 7510.1806640625, 7492.6630859375, 7477.189453125, 7471.47802734375, 7473.6875, 7481.93896484375, 7494.10986328125, 7504.6005859375, 7508.6923828125, 7508.00634765625, 7502.76318359375, 7491.23779296875, 7482.083984375, 7476.8681640625, 7475.1416015625, 7476.50439453125, 7480.6484375, 7487.56884765625, 7496.78125, 7499.388671875, 7495.3349609375, 7490.89599609375, 7489.2392578125, 7486.5986328125, 7485.48974609375, 7486.896484375, 7490.107421875, 7493.45458984375, 7498.2451171875, 7496.27587890625, 7493.53662109375, 7492.55859375, 7492.74267578125, 7492.61572265625, 7492.84228515625, 7492.2939453125, 7493.025390625, 7495.62451171875, 7497.5947265625, 7499.1591796875, 7499.6875, 7498.37939453125, 7497.392578125, 7495.86572265625, 7494.8564453125, 7495.4111328125, 7496.97607421875, 7497.490234375, 7496.806640625, 7496.9140625, 7497.6630859375, 7498.59326171875, 7498.55810546875, 7498.1435546875, 7496.28125, 7494.93408203125, 7494.1484375, 7494.501953125, 7495.4013671875, 7496.98583984375, 7499.1171875, 7501.400390625, 7502.82763671875, 7502.619140625, 7502.599609375, 7500.97900390625, 7500.31298828125, 7499.2216796875, 7498.48828125, 7497.921875, 7496.701171875, 7494.6162109375, 7493.61328125, 7494.15185546875, 7496.13525390625, 7497.6044921875, 7497.5400390625, 7495.43017578125, 7494.05859375, 7494.24169921875, 7496.29736328125, 7495.02294921875, 7493.30224609375, 7493.50048828125, 7493.71923828125, 7493.33935546875, 7493.87841796875, 7496.1953125, 7495.17041015625, 7493.95703125, 7494.05419921875, 7495.53515625]}