{"mean": [2744.2372436523438, 2689.184844970703, 2671.3768615722656, 2667.2227478027344, 2637.8838500976562, 2635.456268310547, 2627.6105041503906, 2596.036651611328, 2545.2440490722656, 2512.6060791015625, 2486.5847778320312, 2474.203094482422, 2472.886962890625, 2480.5586547851562, 2494.3358154296875, 2508.330780029297, 2515.5763244628906, 2511.5316772460938, 2498.0733032226562, 2480.233154296875, 2466.6922302246094, 2460.0903930664062, 2459.362060546875, 2463.207000732422, 2470.700897216797, 2479.9614868164062, 2487.0382690429688, 2488.401153564453, 2483.4456176757812, 2474.390655517578, 2467.6378479003906, 2465.819549560547, 2467.9281311035156, 2472.5761108398438, 2478.6959838867188, 2484.3404541015625, 2487.9107360839844, 2488.5486755371094, 2487.3326110839844, 2485.447479248047, 2484.3653259277344, 2484.600067138672, 2485.8789672851562, 2488.3484497070312, 2491.591278076172, 2495.0455627441406, 2497.4165649414062, 2498.7898864746094, 2499.2075805664062, 2499.4745178222656, 2499.540802001953, 2498.9876098632812, 2498.798797607422, 2499.3053588867188, 2500.209014892578, 2501.1887817382812, 2502.5278930664062, 2503.894500732422, 2505.0223083496094, 2505.317626953125, 2504.8863220214844, 2504.30126953125, 2504.144775390625, 2504.3057861328125, 2504.695068359375, 2504.9229431152344, 2505.4122924804688, 2506.6104125976562, 2508.0863342285156, 2509.9309997558594, 2511.142120361328, 2511.5386657714844, 2511.0958862304688, 2510.2674865722656, 2509.7109985351562, 2509.2619018554688, 2509.4412841796875, 2509.7689208984375, 2509.5753173828125, 2509.0877685546875, 2508.7724609375, 2508.97119140625, 2509.528350830078, 2510.0702514648438, 2510.1905822753906, 2509.3146057128906, 2508.376251220703, 2507.875030517578, 2507.7955627441406, 2507.929443359375, 2507.1748046875, 2506.568328857422, 2506.5175170898438, 2506.8387451171875, 2507.1985778808594, 2507.5780639648438, 2507.8878173828125, 2508.0599670410156, 2508.66455078125, 2508.1475524902344], "upper": [2744.256591796875, 2689.199462890625, 2671.458740234375, 2667.2861328125, 2637.986328125, 2635.620849609375, 2628.4013671875, 2597.8271484375, 2547.555419921875, 2513.225830078125, 2488.632080078125, 2477.192626953125, 2476.5439453125, 2484.51611328125, 2495.818115234375, 2509.852783203125, 2520.89794921875, 2515.9453125, 2498.622802734375, 2483.987060546875, 2473.805908203125, 2468.0029296875, 2468.0654296875, 2472.145263671875, 2479.58544921875, 2487.56396484375, 2489.228759765625, 2495.03857421875, 2493.44873046875, 2486.78759765625, 2476.22802734375, 2468.74658203125, 2474.277099609375, 2481.085205078125, 2486.4375, 2488.9033203125, 2491.521240234375, 2491.087646484375, 2493.51806640625, 2492.0322265625, 2488.926513671875, 2487.0224609375, 2489.26123046875, 2493.318359375, 2496.289306640625, 2499.300537109375, 2500.6923828125, 2500.51708984375, 2502.25, 2504.1640625, 2503.947509765625, 2503.3583984375, 2503.97314453125, 2503.721923828125, 2504.08203125, 2504.916748046875, 2505.10693359375, 2509.384521484375, 2511.3134765625, 2509.822265625, 2509.059326171875, 2507.9453125, 2507.78271484375, 2509.9599609375, 2510.89111328125, 2509.99609375, 2509.34716796875, 2511.207763671875, 2512.047607421875, 2512.55517578125, 2514.404052734375, 2513.8818359375, 2514.128173828125, 2513.341064453125, 2513.1845703125, 2513.335205078125, 2512.74755859375, 2513.23583984375, 2514.6171875, 2513.528076171875, 2514.2314453125, 2513.427978515625, 2514.772216796875, 2514.6474609375, 2513.39892578125, 2513.92822265625, 2513.261474609375, 2511.87158203125, 2510.954833984375, 2511.900390625, 2513.41015625, 2513.442626953125, 2513.82080078125, 2513.5068359375, 2512.63818359375, 2511.80908203125, 2513.252685546875, 2512.10009765625, 2513.80078125, 2513.951416015625], "lower": [2744.22021484375, 2689.170654296875, 2671.318603515625, 2667.138916015625, 2637.74267578125, 2635.35888671875, 2627.268798828125, 2593.165771484375, 2542.51416015625, 2512.051513671875, 2485.254638671875, 2472.376220703125, 2470.8896484375, 2478.84423828125, 2493.4443359375, 2506.059326171875, 2509.672119140625, 2506.850830078125, 2497.0673828125, 2477.23388671875, 2460.98779296875, 2451.4970703125, 2448.068115234375, 2449.630126953125, 2455.421142578125, 2465.234130859375, 2479.122802734375, 2482.04150390625, 2475.379150390625, 2467.88720703125, 2465.60400390625, 2462.494140625, 2462.242919921875, 2465.214111328125, 2470.78076171875, 2476.646484375, 2484.072265625, 2482.969482421875, 2480.5263671875, 2480.3251953125, 2481.419677734375, 2482.408203125, 2483.3125, 2483.521240234375, 2485.124267578125, 2489.46630859375, 2492.5634765625, 2495.203125, 2496.931396484375, 2495.75048828125, 2495.050537109375, 2493.455078125, 2492.705810546875, 2493.83544921875, 2496.3408203125, 2497.43603515625, 2496.809326171875, 2497.386474609375, 2498.865478515625, 2500.388427734375, 2500.578369140625, 2500.322021484375, 2498.483642578125, 2496.89208984375, 2496.313232421875, 2496.735595703125, 2498.4794921875, 2500.747314453125, 2503.646240234375, 2506.921142578125, 2509.08251953125, 2509.033935546875, 2508.5703125, 2506.978271484375, 2506.546142578125, 2505.49365234375, 2504.671142578125, 2504.085205078125, 2502.724365234375, 2500.138916015625, 2499.06201171875, 2500.118896484375, 2503.0244140625, 2505.30224609375, 2505.38525390625, 2502.90478515625, 2501.27294921875, 2501.721923828125, 2504.77685546875, 2502.394775390625, 2500.269775390625, 2500.889892578125, 2502.017822265625, 2501.13916015625, 2502.119384765625, 2501.94482421875, 2503.691162109375, 2502.27978515625, 2502.11865234375, 2503.325439453125]}