{"mean": [8556.286254882812, 8464.66552734375, 8457.572998046875, 8469.904541015625, 8486.786865234375, 8510.386840820312, 8506.940185546875, 8482.70361328125, 8453.773681640625, 8435.491333007812, 8422.182861328125, 8417.188720703125, 8418.882568359375, 8425.53955078125, 8435.517700195312, 8446.063842773438, 8452.505615234375, 8450.621459960938, 8442.84033203125, 8433.3173828125, 8426.712646484375, 8423.626953125, 8423.541015625, 8425.9267578125, 8430.421752929688, 8436.108154296875, 8440.613403320312, 8441.847534179688, 8439.101928710938, 8433.906372070312, 8429.861694335938, 8428.193359375, 8428.674194335938, 8431.071044921875, 8434.4365234375, 8437.412963867188, 8439.051635742188, 8438.677490234375, 8437.059326171875, 8435.01416015625, 8433.571411132812, 8433.085815429688, 8433.405883789062, 8434.51953125, 8436.262451171875, 8438.1611328125, 8439.381958007812, 8439.91748046875, 8439.748413085938, 8439.522094726562, 8439.185668945312, 8438.441650390625, 8437.9130859375, 8437.9326171875, 8438.298950195312, 8438.687255859375, 8439.397094726562, 8440.103881835938, 8440.618896484375, 8440.595458984375, 8440.108154296875, 8439.493041992188, 8439.160034179688, 8439.075317382812, 8439.142700195312, 8439.10400390625, 8439.25146484375, 8439.897827148438, 8440.807006835938, 8441.898071289062, 8442.596801757812, 8442.693359375, 8442.227783203125, 8441.526123046875, 8441.052124023438, 8440.6572265625, 8440.58642578125, 8440.677856445312, 8440.451782226562, 8440.090209960938, 8439.794921875, 8439.809448242188, 8440.058959960938, 8440.222045898438, 8440.122436523438, 8439.3701171875, 8438.69873046875, 8438.356323242188, 8438.232543945312, 8438.190185546875, 8437.626708984375, 8437.096801757812, 8436.9599609375, 8437.122802734375, 8437.304443359375, 8437.491943359375, 8437.593627929688, 8437.7001953125, 8438.124755859375, 8437.964477539062], "upper": [8556.306640625, 8464.6748046875, 8457.689453125, 8470.0615234375, 8487.0283203125, 8510.484375, 8507.6435546875, 8484.0859375, 8455.501953125, 8435.9013671875, 8423.4775390625, 8419.1357421875, 8421.0888671875, 8427.912109375, 8436.458984375, 8447.177734375, 8456.39453125, 8453.703125, 8443.216796875, 8435.3955078125, 8430.5791015625, 8428.0185546875, 8428.412109375, 8430.9052734375, 8435.466796875, 8440.5615234375, 8441.939453125, 8445.87109375, 8445.259765625, 8441.517578125, 8435.30078125, 8430.1337890625, 8432.8056640625, 8436.6953125, 8439.654296875, 8440.4814453125, 8441.517578125, 8440.61328125, 8441.4052734375, 8439.6279296875, 8436.7529296875, 8434.8486328125, 8435.6103515625, 8437.87109375, 8439.4521484375, 8441.2265625, 8441.6787109375, 8441.1884765625, 8442.056640625, 8442.9599609375, 8442.5498046875, 8441.435546875, 8441.4697265625, 8440.9951171875, 8440.9716796875, 8441.23828125, 8441.169921875, 8443.8828125, 8445.05078125, 8443.7646484375, 8443.0, 8442.015625, 8441.6181640625, 8442.841796875, 8443.3154296875, 8442.3515625, 8441.9619140625, 8443.14453125, 8443.56640625, 8443.9423828125, 8444.9033203125, 8444.41015625, 8444.2900390625, 8443.546875, 8443.4462890625, 8443.4248046875, 8442.7783203125, 8443.27734375, 8444.05078125, 8443.4072265625, 8443.3154296875, 8442.54296875, 8443.5458984375, 8443.32421875, 8443.59375, 8443.9658203125, 8443.1953125, 8441.7958984375, 8441.4775390625, 8442.53125, 8442.6376953125, 8442.71875, 8443.3154296875, 8442.474609375, 8441.3740234375, 8441.3388671875, 8442.3037109375, 8443.197265625, 8443.9228515625, 8442.62109375], "lower": [8556.2744140625, 8464.6552734375, 8457.51171875, 8469.7197265625, 8486.5517578125, 8510.30859375, 8506.6455078125, 8480.4072265625, 8451.630859375, 8435.107421875, 8421.322265625, 8416.0791015625, 8417.669921875, 8424.49609375, 8434.962890625, 8444.455078125, 8448.1591796875, 8447.375, 8442.2626953125, 8431.65234375, 8423.5654296875, 8418.9296875, 8417.2646484375, 8418.3583984375, 8421.7880859375, 8427.6435546875, 8435.6796875, 8437.9658203125, 8434.08984375, 8430.029296875, 8428.546875, 8426.1796875, 8425.111328125, 8426.3330078125, 8429.13671875, 8432.134765625, 8436.5029296875, 8434.68359375, 8432.240234375, 8431.361328125, 8431.5478515625, 8431.4599609375, 8431.677734375, 8431.212890625, 8431.896484375, 8434.244140625, 8436.0625, 8437.498046875, 8438.017578125, 8436.830078125, 8435.9384765625, 8434.576171875, 8433.6884765625, 8434.2001953125, 8435.6357421875, 8436.08984375, 8435.5, 8435.6142578125, 8436.2998046875, 8437.15625, 8437.1328125, 8436.771484375, 8435.09765625, 8433.9248046875, 8433.2421875, 8433.5361328125, 8434.369140625, 8435.796875, 8437.708984375, 8439.798828125, 8441.0908203125, 8440.9111328125, 8440.8896484375, 8439.4384765625, 8438.8232421875, 8437.84375, 8437.169921875, 8436.6748046875, 8435.546875, 8433.626953125, 8432.7333984375, 8433.2099609375, 8435.005859375, 8436.3359375, 8436.2802734375, 8434.3154296875, 8433.095703125, 8433.244140625, 8435.09375, 8433.953125, 8432.408203125, 8432.5732421875, 8432.7265625, 8432.3955078125, 8432.880859375, 8434.966796875, 8434.01953125, 8432.919921875, 8432.9912109375, 8434.3447265625]}