{"mean": [1786.7973175048828, 1784.1131286621094, 1782.3404998779297, 1784.4819946289062, 1760.751480102539, 1766.6892700195312, 1762.4067077636719, 1754.5448913574219, 1743.184555053711, 1725.0448150634766, 1722.7624206542969, 1721.8384246826172, 1719.3726501464844, 1724.452896118164, 1743.412353515625, 1742.9332885742188, 1747.4612426757812, 1746.6658172607422, 1753.0896606445312, 1729.5839233398438, 1728.3314666748047, 1726.7463989257812, 1726.4552612304688, 1726.6401062011719, 1730.2565612792969, 1734.1626892089844, 1736.342788696289, 1730.9638214111328, 1728.2533721923828, 1729.5989685058594, 1729.9335021972656, 1729.8440551757812, 1727.3129272460938, 1724.6409606933594, 1730.8646087646484, 1733.1474151611328, 1734.4128112792969, 1735.5334777832031, 1729.265625, 1727.4494171142578, 1721.2593841552734, 1720.7380065917969, 1720.8441314697266, 1724.2557678222656, 1730.5276641845703, 1733.4536437988281, 1735.5802001953125, 1737.5431365966797, 1740.3167419433594, 1736.8223571777344, 1737.3596954345703, 1736.6780242919922, 1736.3009033203125, 1734.868148803711, 1733.5123138427734, 1735.6249694824219, 1739.2233276367188, 1739.8250427246094, 1740.153793334961, 1738.3257141113281, 1739.7528991699219, 1737.5540008544922, 1735.767318725586, 1735.5367584228516, 1735.4945983886719, 1735.6068115234375, 1735.7110900878906, 1737.734375, 1740.124755859375, 1742.6474914550781, 1743.3056640625, 1743.3528900146484, 1742.9904327392578, 1742.2737579345703, 1738.696762084961, 1738.3130187988281, 1736.7457580566406, 1738.3814544677734, 1736.737319946289, 1736.5745697021484, 1737.7906799316406, 1736.235824584961, 1738.0081787109375, 1736.5595703125, 1738.2469329833984, 1734.7032623291016, 1732.5124969482422, 1733.2088470458984, 1730.253158569336, 1731.6798858642578, 1732.8599090576172, 1732.5065460205078, 1730.7798614501953, 1730.8252563476562, 1730.9530944824219, 1729.422103881836, 1731.1510620117188, 1729.5635681152344, 1734.902816772461, 1734.6766815185547], "upper": [1786.8031005859375, 1784.11669921875, 1782.417724609375, 1784.587890625, 1760.945068359375, 1766.8099365234375, 1763.0018310546875, 1755.7904052734375, 1744.6165771484375, 1728.5682373046875, 1723.3603515625, 1723.3406982421875, 1720.3807373046875, 1726.568359375, 1744.288818359375, 1743.860595703125, 1750.7110595703125, 1748.6434326171875, 1753.394287109375, 1731.3572998046875, 1730.0928955078125, 1730.1661376953125, 1730.095703125, 1729.5755615234375, 1733.5206298828125, 1737.8021240234375, 1738.9962158203125, 1740.557373046875, 1739.8726806640625, 1733.7178955078125, 1731.2724609375, 1731.4722900390625, 1730.90185546875, 1729.0926513671875, 1739.785400390625, 1740.4149169921875, 1741.241455078125, 1740.4140625, 1740.942626953125, 1739.292236328125, 1723.8380126953125, 1722.2037353515625, 1722.6197509765625, 1737.2376708984375, 1738.4764404296875, 1739.755126953125, 1739.9979248046875, 1739.6107177734375, 1741.1507568359375, 1741.7012939453125, 1743.052001953125, 1742.083740234375, 1742.0633544921875, 1741.62353515625, 1741.5323486328125, 1741.6815185546875, 1741.9405517578125, 1744.4398193359375, 1745.3233642578125, 1744.0838623046875, 1743.4068603515625, 1742.4403076171875, 1742.6280517578125, 1743.1536865234375, 1743.48046875, 1743.651123046875, 1742.8079833984375, 1743.2738037109375, 1743.614501953125, 1743.88525390625, 1744.71337890625, 1744.2314453125, 1744.126220703125, 1743.7728271484375, 1744.321533203125, 1744.3018798828125, 1743.71728515625, 1744.144775390625, 1743.82373046875, 1744.255615234375, 1744.07861328125, 1743.4320068359375, 1744.2799072265625, 1744.0579833984375, 1743.323974609375, 1743.625244140625, 1742.98876953125, 1743.339599609375, 1741.8436279296875, 1743.282958984375, 1744.3455810546875, 1744.43359375, 1744.475830078125, 1744.136474609375, 1743.3037109375, 1740.6630859375, 1743.3804931640625, 1742.205810546875, 1743.5816650390625, 1743.7152099609375], "lower": [1786.791015625, 1784.1097412109375, 1782.2928466796875, 1784.3416748046875, 1760.54931640625, 1766.6004638671875, 1762.152099609375, 1752.4041748046875, 1741.389404296875, 1715.239990234375, 1721.546142578125, 1719.5936279296875, 1718.499755859375, 1723.5172119140625, 1742.906005859375, 1741.44580078125, 1744.7684326171875, 1744.162841796875, 1752.5928955078125, 1728.184814453125, 1726.2723388671875, 1723.205322265625, 1722.618408203125, 1723.845458984375, 1724.5740966796875, 1726.8048095703125, 1724.816162109375, 1722.885986328125, 1719.887451171875, 1722.9356689453125, 1724.180419921875, 1728.133544921875, 1720.8121337890625, 1720.29345703125, 1723.6683349609375, 1720.8221435546875, 1724.3232421875, 1722.5634765625, 1720.4566650390625, 1719.6075439453125, 1719.60693359375, 1719.430908203125, 1719.487060546875, 1721.70849609375, 1722.96923828125, 1723.93212890625, 1725.2763671875, 1726.3746337890625, 1739.4066162109375, 1725.6163330078125, 1725.839599609375, 1724.6058349609375, 1723.818115234375, 1724.1549072265625, 1725.2802734375, 1725.63916015625, 1725.0301513671875, 1725.04541015625, 1725.5616455078125, 1726.201171875, 1726.11376953125, 1725.77783203125, 1724.3839111328125, 1723.312744140625, 1722.7216796875, 1722.936279296875, 1723.547119140625, 1724.720703125, 1726.249267578125, 1740.742431640625, 1741.9866943359375, 1741.8173828125, 1741.8109130859375, 1740.335205078125, 1727.0435791015625, 1726.2523193359375, 1725.6361083984375, 1725.155029296875, 1726.6817626953125, 1725.3883056640625, 1724.641357421875, 1724.9822998046875, 1726.396240234375, 1726.2904052734375, 1727.433837890625, 1725.8929443359375, 1724.8480224609375, 1724.955322265625, 1726.439697265625, 1725.5421142578125, 1724.2823486328125, 1724.430908203125, 1724.4962158203125, 1724.228515625, 1724.669677734375, 1726.254150390625, 1725.56201171875, 1724.657958984375, 1724.6915283203125, 1725.703857421875]}