{"mean": [5134.5006103515625, 5023.024963378906, 4991.7366943359375, 4988.999084472656, 4935.811096191406, 4938.007141113281, 4928.271301269531, 4872.6925048828125, 4774.905822753906, 4707.7342529296875, 4654.017333984375, 4628.3699951171875, 4626.842834472656, 4643.914245605469, 4672.9349365234375, 4701.6500244140625, 4716.907897949219, 4708.909484863281, 4681.6298828125, 4645.868225097656, 4618.219421386719, 4604.7388916015625, 4603.603515625, 4612.0732421875, 4627.81689453125, 4646.815979003906, 4661.107666015625, 4663.7882080078125, 4654.1710205078125, 4636.4588623046875, 4623.208435058594, 4619.7335205078125, 4624.18212890625, 4633.595642089844, 4645.911682128906, 4657.192077636719, 4664.428527832031, 4665.9180908203125, 4663.739807128906, 4660.268859863281, 4658.3291015625, 4658.954833984375, 4661.612487792969, 4666.60498046875, 4673.1171875, 4679.996337890625, 4684.771728515625, 4687.605224609375, 4688.569274902344, 4689.159973144531, 4689.408447265625, 4688.4208984375, 4688.1202392578125, 4689.203369140625, 4691.066833496094, 4693.083801269531, 4695.7498779296875, 4698.4783935546875, 4700.774230957031, 4701.425537109375, 4700.658447265625, 4699.531921386719, 4699.276306152344, 4699.6131591796875, 4700.4134521484375, 4700.924621582031, 4701.979797363281, 4704.388977050781, 4707.327087402344, 4711.00732421875, 4713.394226074219, 4714.2320556640625, 4713.4044189453125, 4711.7950439453125, 4710.706726074219, 4709.8223876953125, 4710.21923828125, 4710.908752441406, 4710.540222167969, 4709.579895019531, 4708.9659423828125, 4709.397766113281, 4710.516418457031, 4711.6304931640625, 4711.9398193359375, 4710.2410888671875, 4708.361145019531, 4707.384033203125, 4707.2269287109375, 4707.503662109375, 4706.0201416015625, 4704.820617675781, 4704.754089355469, 4705.390563964844, 4706.116943359375, 4706.8868408203125, 4707.512939453125, 4707.8572998046875, 4709.064636230469, 4707.9658203125], "upper": [5134.537109375, 5023.052734375, 4991.8935546875, 4989.111328125, 4936.033203125, 4938.330078125, 4929.8173828125, 4876.2802734375, 4779.748046875, 4709.087890625, 4658.423828125, 4635.00634765625, 4634.67822265625, 4652.17529296875, 4675.9423828125, 4704.7529296875, 4727.78759765625, 4717.90087890625, 4682.7412109375, 4653.4677734375, 4633.0947265625, 4621.4287109375, 4621.9072265625, 4630.66259765625, 4645.9833984375, 4662.0009765625, 4665.412109375, 4676.57763671875, 4673.4921875, 4660.72119140625, 4640.28369140625, 4625.64990234375, 4636.68505859375, 4650.39111328125, 4661.05859375, 4666.08154296875, 4671.3193359375, 4670.78125, 4675.646484375, 4673.07373046875, 4667.2744140625, 4663.66064453125, 4668.33447265625, 4676.4677734375, 4682.353515625, 4688.2734375, 4691.1181640625, 4690.93115234375, 4694.4091796875, 4698.2294921875, 4697.9677734375, 4697.04541015625, 4698.3408203125, 4697.9111328125, 4698.7001953125, 4700.4072265625, 4700.869140625, 4709.203125, 4713.052734375, 4710.240234375, 4708.83056640625, 4706.6611328125, 4706.4609375, 4710.8134765625, 4712.6591796875, 4711.00244140625, 4709.7509765625, 4713.35546875, 4715.06201171875, 4716.052734375, 4719.6884765625, 4718.7626953125, 4719.3251953125, 4717.8828125, 4717.5478515625, 4717.86328125, 4716.822265625, 4717.705078125, 4720.4345703125, 4718.43798828125, 4719.814453125, 4718.3212890625, 4720.90576171875, 4720.7275390625, 4718.4326171875, 4719.5537109375, 4718.2587890625, 4715.6064453125, 4713.72802734375, 4715.65625, 4718.6572265625, 4718.732421875, 4719.5458984375, 4718.9560546875, 4717.373046875, 4715.703125, 4718.64453125, 4716.32421875, 4719.7568359375, 4720.0], "lower": [5134.4677734375, 5022.99609375, 4991.6171875, 4988.85595703125, 4935.5107421875, 4937.8271484375, 4927.55859375, 4866.93212890625, 4769.166015625, 4706.5712890625, 4651.13330078125, 4624.3505859375, 4622.4990234375, 4640.310546875, 4671.12060546875, 4697.033203125, 4704.74267578125, 4699.2431640625, 4679.607421875, 4639.765625, 4606.2177734375, 4586.5751953125, 4579.78076171875, 4583.5947265625, 4596.1630859375, 4617.0849609375, 4645.431640625, 4651.48095703125, 4638.43017578125, 4623.55029296875, 4619.1328125, 4612.9580078125, 4612.83935546875, 4619.01416015625, 4630.375, 4642.12109375, 4656.9638671875, 4655.056640625, 4650.505859375, 4650.216796875, 4652.5361328125, 4654.6923828125, 4656.5595703125, 4657.056640625, 4660.3173828125, 4668.986328125, 4675.2060546875, 4680.59033203125, 4684.1669921875, 4681.86328125, 4680.5908203125, 4677.4873046875, 4676.0302734375, 4678.34033203125, 4683.45458984375, 4685.6572265625, 4684.39208984375, 4685.59326171875, 4688.6396484375, 4691.7158203125, 4692.1171875, 4691.6376953125, 4688.076171875, 4684.9013671875, 4683.830078125, 4684.68408203125, 4688.2080078125, 4692.7666015625, 4698.51953125, 4705.08203125, 4709.388671875, 4709.34765625, 4708.357421875, 4705.25390625, 4704.46923828125, 4702.21484375, 4700.84326171875, 4699.712890625, 4697.0654296875, 4691.9931640625, 4689.875, 4692.0439453125, 4697.81884765625, 4702.4208984375, 4702.57080078125, 4697.73974609375, 4694.52392578125, 4695.4765625, 4701.40869140625, 4696.71923828125, 4692.53125, 4693.802734375, 4696.23974609375, 4694.43408203125, 4693.6455078125, 4693.0419921875, 4696.4775390625, 4696.73046875, 4696.384765625, 4698.58837890625]}