{
    "particle_has_naninf": false,
    "point_distance_sr": 8654.326171875,
    "point_distance_rs": 2508.72412109375,
    "chamfer_loss_pcd": 11163.05078125,
    "particle_distance_sr": 4043.091796875,
    "particle_distance_rs": 6197.62158203125,
    "chamfer_loss_particle": 10240.712890625,
    "final_height_map": null,
    "height_map_loss_pcd": 4395.6025390625,
    "emd_point_distance_loss": 2903.566162109375,
    "emd_particle_distance_loss": 15419.0625,
    "total_loss": 0.0
}