{
    "particle_has_naninf": false,
    "point_distance_sr": 14260.900390625,
    "point_distance_rs": 1636.3836669921875,
    "chamfer_loss_pcd": 15897.2841796875,
    "particle_distance_sr": 5213.80908203125,
    "particle_distance_rs": 6234.791015625,
    "chamfer_loss_particle": 11448.599609375,
    "final_height_map": null,
    "height_map_loss_pcd": 2875.006591796875,
    "emd_point_distance_loss": 1697.24462890625,
    "emd_particle_distance_loss": 8902.1943359375,
    "total_loss": 0.0
}