{"mean": [28242.009765625, 25002.55078125, 25285.380859375, 25724.13671875, 25551.530598958332, 24941.431640625, 23986.017578125, 24059.406901041668, 24429.1796875, 24588.493489583332, 24358.763020833332, 23869.916015625, 23267.438151041668, 22865.326822916668, 23077.546875, 23118.992838541668, 22744.871744791668, 22363.235026041668, 22361.252604166668, 22392.759114583332, 22365.576822916668, 22176.967447916668, 21895.492838541668, 21619.427734375, 21397.810546875, 21389.656901041668, 21203.727213541668, 20919.078125, 20752.176432291668, 20601.319661458332, 20325.287109375, 20054.395833333332, 19956.401692708332, 19865.734375, 19768.799479166668, 19695.912109375, 19687.953776041668, 19394.65234375, 19215.016927083332, 19126.965494791668, 19189.938802083332, 19070.576822916668, 18809.259114583332, 18743.424479166668, 18683.449869791668, 18567.662760416668, 18467.2421875, 18391.567057291668, 18445.688802083332, 18500.600911458332, 18379.405598958332, 18172.52734375, 18187.0078125, 18341.814453125, 18345.24609375, 18171.266276041668, 18148.608723958332, 18174.497395833332, 18170.999348958332, 18183.313802083332, 18195.82421875, 18180.176432291668, 18169.880208333332, 18182.874348958332, 18178.283854166668, 18186.158203125, 18201.07421875, 18195.51171875, 18189.477213541668, 18193.63671875, 18193.553385416668, 18196.256510416668, 18210.424479166668, 18201.936848958332, 18192.408854166668, 18202.727864583332, 18202.712890625, 18212.621744791668, 18218.701822916668, 18199.538411458332, 18195.9296875, 18190.714192708332, 18186.557942708332, 18190.667317708332, 18173.307291666668, 18161.158203125, 18152.576822916668, 18155.450520833332, 18158.542317708332, 18150.908203125, 18153.977864583332, 18156.065104166668, 18164.136067708332, 18157.520833333332, 18149.111328125, 18147.667317708332, 18149.561848958332, 18146.888671875, 18138.568359375, 18077.673177083332], "upper": [30050.03515625, 29198.990234375, 28572.455078125, 28055.37109375, 27660.099609375, 27347.84765625, 27166.837890625, 27024.55859375, 26893.90234375, 26753.16015625, 26423.8828125, 26003.376953125, 25142.9609375, 24678.087890625, 24784.150390625, 24786.650390625, 24392.798828125, 24259.9140625, 24308.490234375, 24296.5234375, 24228.83984375, 24147.1875, 24030.517578125, 23996.490234375, 24050.841796875, 23969.486328125, 23757.951171875, 23544.943359375, 23474.84375, 23356.4375, 23206.423828125, 23039.982421875, 22816.935546875, 22593.056640625, 22435.908203125, 22293.822265625, 22086.92578125, 21908.2109375, 21785.212890625, 21681.666015625, 21533.181640625, 21345.294921875, 21139.58203125, 20951.05859375, 20688.7421875, 20322.197265625, 19996.97265625, 19743.05859375, 19902.814453125, 20134.001953125, 19772.244140625, 19124.15234375, 19122.845703125, 19449.73046875, 19448.51953125, 18986.990234375, 18868.1484375, 18875.1015625, 18877.0234375, 18872.166015625, 18863.033203125, 18854.0234375, 18847.603515625, 18845.158203125, 18844.068359375, 18842.73046875, 18841.482421875, 18839.916015625, 18839.4453125, 18840.876953125, 18842.494140625, 18842.11328125, 18839.744140625, 18835.65625, 18831.056640625, 18827.359375, 18824.884765625, 18823.091796875, 18823.658203125, 18825.978515625, 18837.87109375, 18853.833984375, 18871.033203125, 18875.50390625, 18860.61328125, 18839.248046875, 18818.59765625, 18809.115234375, 18810.169921875, 18810.84765625, 18806.9375, 18802.158203125, 18804.236328125, 18810.62109375, 18815.69140625, 18814.43359375, 18806.462890625, 18796.455078125, 18790.841796875, 18789.18359375], "lower": [25798.322265625, 20699.537109375, 21980.38671875, 24133.28125, 24068.947265625, 22466.712890625, 19822.5234375, 20111.44921875, 21726.166015625, 22373.41015625, 21897.748046875, 20698.38671875, 19790.4140625, 19281.921875, 19957.5234375, 20249.912109375, 19722.09375, 18994.578125, 19086.51171875, 19380.65625, 19537.90234375, 19458.3125, 19193.611328125, 18760.9921875, 18355.54296875, 18558.3984375, 18470.244140625, 18132.576171875, 17972.984375, 17884.490234375, 17552.302734375, 17238.62890625, 17337.173828125, 17411.736328125, 17242.9921875, 17233.693359375, 17561.283203125, 17488.21484375, 17506.642578125, 17279.431640625, 17323.13671875, 17350.751953125, 17278.68359375, 17277.681640625, 17326.955078125, 17325.447265625, 17350.3515625, 17396.892578125, 17426.3203125, 17382.296875, 17387.97265625, 17408.412109375, 17437.1015625, 17584.3984375, 17607.712890625, 17550.611328125, 17592.80859375, 17651.470703125, 17633.0859375, 17679.015625, 17737.873046875, 17714.6796875, 17698.853515625, 17740.55078125, 17729.375, 17759.14453125, 17809.1328125, 17793.05859375, 17772.40625, 17780.689453125, 17781.791015625, 17788.154296875, 17844.65625, 17826.68359375, 17804.40234375, 17839.310546875, 17842.83984375, 17874.8515625, 17889.88671875, 17822.482421875, 17792.56640625, 17760.177734375, 17733.92578125, 17744.419921875, 17708.140625, 17692.619140625, 17687.080078125, 17704.19921875, 17709.73046875, 17681.728515625, 17694.515625, 17709.15625, 17735.517578125, 17712.572265625, 17685.408203125, 17684.119140625, 17698.095703125, 17700.03515625, 17678.427734375, 17673.88671875]}