{"mean": [4145.245279947917, 3784.3846028645835, 3711.7852376302085, 3742.6180013020835, 3715.7353515625, 3655.503173828125, 3628.1434733072915, 3671.4278157552085, 3722.5220540364585, 3694.24267578125, 3683.9317220052085, 3625.8720703125, 3577.4451497395835, 3577.3360188802085, 3607.4473470052085, 3628.697509765625, 3612.8970540364585, 3575.0660807291665, 3538.6025390625, 3548.3209635416665, 3548.4500325520835, 3525.5962727864585, 3522.6067708333335, 3494.8221028645835, 3503.708251953125, 3499.7547200520835, 3482.8229166666665, 3491.545166015625, 3485.47314453125, 3470.8299967447915, 3449.928955078125, 3432.2672526041665, 3408.947509765625, 3389.720458984375, 3371.0308430989585, 3362.2156575520835, 3374.0946451822915, 3378.7391764322915, 3387.041015625, 3380.3177083333335, 3392.4208170572915, 3411.3462727864585, 3441.5472819010415, 3452.356689453125, 3452.96435546875, 3424.6341959635415, 3445.2635091145835, 3451.7960611979165, 3465.0087890625, 3480.1434733072915, 3481.3382161458335, 3465.1595865885415, 3460.6796061197915, 3470.1669108072915, 3460.2544759114585, 3480.5545247395835, 3460.9947102864585, 3440.2693684895835, 3436.97021484375, 3438.536376953125, 3412.235107421875, 3393.0687662760415, 3403.2389322916665, 3432.3597005208335, 3419.4471028645835, 3400.6603190104165, 3388.6814778645835, 3388.1581217447915, 3409.0917154947915, 3415.558349609375, 3426.250244140625, 3455.6525065104165, 3457.37255859375, 3449.9453125, 3457.259033203125, 3455.6878255208335, 3456.3999837239585, 3476.4332682291665, 3457.8771158854165, 3463.7401529947915, 3490.5255533854165, 3488.2457682291665, 3503.94873046875, 3524.9861653645835, 3481.9164225260415, 3466.7899576822915, 3469.4659016927085, 3468.1591796875, 3467.2652180989585, 3462.707763671875, 3460.747314453125, 3461.4229329427085, 3460.440185546875, 3460.4449869791665, 3451.6546223958335, 3451.8775227864585, 3455.3006184895835, 3460.486572265625, 3461.1847330729165, 3454.5987955729165], "upper": [4743.31005859375, 3932.091064453125, 3878.0302734375, 3842.7197265625, 3817.55517578125, 3705.937744140625, 3681.6142578125, 3754.119140625, 3927.405517578125, 3935.756591796875, 3922.365966796875, 3722.46826171875, 3645.374267578125, 3665.16943359375, 3688.2744140625, 3778.74267578125, 3805.729248046875, 3765.93798828125, 3702.584716796875, 3721.39111328125, 3692.53955078125, 3650.00244140625, 3647.1494140625, 3595.01416015625, 3641.125244140625, 3672.359619140625, 3616.83447265625, 3596.887939453125, 3583.99658203125, 3572.125244140625, 3550.380859375, 3562.8134765625, 3559.5947265625, 3543.807861328125, 3496.290771484375, 3489.989013671875, 3520.88720703125, 3536.26611328125, 3540.321533203125, 3488.80859375, 3478.3173828125, 3480.59375, 3520.6669921875, 3529.934326171875, 3522.031494140625, 3491.884765625, 3493.92724609375, 3518.4052734375, 3510.30322265625, 3492.435791015625, 3496.33349609375, 3506.7255859375, 3509.711181640625, 3537.9140625, 3491.01806640625, 3544.436279296875, 3533.77392578125, 3525.798828125, 3525.695068359375, 3528.363037109375, 3529.58056640625, 3528.868896484375, 3527.27392578125, 3529.714111328125, 3526.3251953125, 3525.2373046875, 3523.012451171875, 3519.798828125, 3524.963623046875, 3526.054443359375, 3524.5517578125, 3523.500244140625, 3522.38525390625, 3524.166748046875, 3523.215576171875, 3524.154296875, 3520.9873046875, 3520.73095703125, 3524.469482421875, 3524.43603515625, 3543.337890625, 3539.8876953125, 3538.021728515625, 3542.57763671875, 3528.397705078125, 3541.15576171875, 3545.114990234375, 3543.269287109375, 3539.868896484375, 3537.447265625, 3544.863037109375, 3549.53759765625, 3554.576416015625, 3547.493408203125, 3536.756591796875, 3536.121826171875, 3537.89453125, 3549.096923828125, 3544.99609375, 3540.9375], "lower": [3652.807861328125, 3674.233154296875, 3572.257568359375, 3569.810546875, 3567.625244140625, 3557.65234375, 3559.393798828125, 3566.018798828125, 3574.56982421875, 3542.491943359375, 3563.919189453125, 3569.422119140625, 3520.1328125, 3511.87353515625, 3537.393798828125, 3512.9501953125, 3513.289306640625, 3452.05615234375, 3420.476806640625, 3413.772705078125, 3435.525390625, 3422.13427734375, 3420.202880859375, 3412.08056640625, 3399.501708984375, 3376.146240234375, 3382.061767578125, 3410.933349609375, 3401.9375, 3380.972900390625, 3348.2060546875, 3313.12451171875, 3270.97412109375, 3236.2685546875, 3227.49560546875, 3215.187744140625, 3219.91748046875, 3226.03515625, 3232.2763671875, 3261.305419921875, 3306.8447265625, 3354.460205078125, 3381.45654296875, 3381.28857421875, 3378.626953125, 3313.0185546875, 3370.989013671875, 3381.055419921875, 3409.064697265625, 3469.75390625, 3471.2919921875, 3407.250244140625, 3386.1318359375, 3386.574951171875, 3412.566650390625, 3441.2998046875, 3404.978271484375, 3359.823974609375, 3329.18603515625, 3301.324462890625, 3299.062744140625, 3298.90283203125, 3298.902099609375, 3300.261962890625, 3296.59765625, 3303.474853515625, 3308.506591796875, 3304.468505859375, 3317.46826171875, 3326.71875, 3318.626220703125, 3348.245849609375, 3366.30419921875, 3362.51806640625, 3379.26708984375, 3381.165283203125, 3378.154296875, 3394.858642578125, 3344.2880859375, 3343.54345703125, 3403.07470703125, 3400.8564453125, 3453.205322265625, 3510.939453125, 3399.4619140625, 3338.442138671875, 3343.193359375, 3340.570556640625, 3340.001220703125, 3330.472900390625, 3319.328369140625, 3318.2880859375, 3309.8359375, 3315.74169921875, 3301.817138671875, 3303.56689453125, 3312.541015625, 3316.938232421875, 3322.86474609375, 3305.09521484375]}