{"mean": [6919.922200520833, 6474.273111979167, 6302.5859375, 6310.513834635417, 6322.290201822917, 6226.927083333333, 6179.992350260417, 6236.14892578125, 6309.69775390625, 6261.238444010417, 6144.0244140625, 6069.661783854167, 5958.12646484375, 5942.4599609375, 5985.000162760417, 6005.193684895833, 5998.35400390625, 5937.838216145833, 5890.423502604167, 5870.782063802083, 5865.471028645833, 5848.429524739583, 5799.602376302083, 5753.7822265625, 5712.535970052083, 5713.700032552083, 5663.01171875, 5627.879231770833, 5623.820149739583, 5602.825520833333, 5570.619303385417, 5554.900227864583, 5556.7822265625, 5545.062825520833, 5556.256022135417, 5559.44677734375, 5535.93359375, 5519.697102864583, 5507.197916666667, 5473.845377604167, 5455.628743489583, 5442.68603515625, 5423.521484375, 5383.7373046875, 5338.353515625, 5353.001302083333, 5315.86865234375, 5378.039388020833, 5367.2685546875, 5344.1279296875, 5338.423177083333, 5339.064127604167, 5304.467936197917, 5303.286458333333, 5321.107259114583, 5294.446451822917, 5278.007161458333, 5290.28173828125, 5298.421875, 5305.121419270833, 5296.323404947917, 5324.26123046875, 5295.773763020833, 5307.927897135417, 5298.654134114583, 5298.245930989583, 5301.025227864583, 5291.267740885417, 5296.509928385417, 5295.445475260417, 5303.8955078125, 5290.891438802083, 5287.388997395833, 5280.687337239583, 5278.988606770833, 5285.850748697917, 5290.150716145833, 5288.716796875, 5321.964518229167, 5333.432942708333, 5307.717610677083, 5351.999186197917, 5316.580891927083, 5337.2958984375, 5354.78271484375, 5342.1650390625, 5293.723470052083, 5313.074544270833, 5311.285319010417, 5294.902018229167, 5334.6142578125, 5338.145182291667, 5313.62939453125, 5300.147623697917, 5301.92138671875, 5297.18212890625, 5308.28466796875, 5310.192220052083, 5299.108723958333, 5292.995442708333], "upper": [7303.2255859375, 7166.74853515625, 7067.43603515625, 6969.34423828125, 6890.65283203125, 6839.27880859375, 6784.91845703125, 6726.025390625, 6663.5146484375, 6574.62353515625, 6464.8310546875, 6358.556640625, 6266.4228515625, 6154.4638671875, 6222.9873046875, 6185.18212890625, 6086.62548828125, 6053.15185546875, 6025.0205078125, 6004.73876953125, 6009.609375, 5995.9111328125, 5967.49755859375, 5932.998046875, 5885.97998046875, 5829.54248046875, 5782.6298828125, 5745.10546875, 5739.359375, 5719.08837890625, 5696.73193359375, 5675.32080078125, 5642.64794921875, 5615.62890625, 5635.703125, 5646.89013671875, 5634.005859375, 5602.1279296875, 5560.703125, 5515.98828125, 5492.2783203125, 5480.96630859375, 5457.27490234375, 5388.58349609375, 5368.05712890625, 5368.7080078125, 5361.24267578125, 5396.3935546875, 5406.22021484375, 5396.29443359375, 5394.7978515625, 5374.677734375, 5379.5908203125, 5369.66015625, 5356.705078125, 5363.6728515625, 5342.78564453125, 5351.1318359375, 5387.41845703125, 5406.50830078125, 5421.59326171875, 5426.4833984375, 5410.96826171875, 5416.005859375, 5415.46533203125, 5412.65234375, 5419.8583984375, 5386.80322265625, 5391.865234375, 5371.27783203125, 5387.318359375, 5336.72998046875, 5336.69091796875, 5322.53857421875, 5306.23095703125, 5307.03466796875, 5310.064453125, 5314.806640625, 5420.08203125, 5441.82958984375, 5345.109375, 5479.18701171875, 5374.2001953125, 5430.41064453125, 5485.70458984375, 5453.8671875, 5330.2705078125, 5353.86767578125, 5342.41015625, 5347.82421875, 5402.7509765625, 5410.5849609375, 5353.08203125, 5352.31298828125, 5350.7470703125, 5347.69580078125, 5343.421875, 5340.9638671875, 5335.71484375, 5330.43603515625], "lower": [6304.96435546875, 5816.49951171875, 5609.60986328125, 5778.7822265625, 5861.12646484375, 5681.36669921875, 5577.20556640625, 5770.6982421875, 6021.20068359375, 6059.8330078125, 5834.05908203125, 5656.64892578125, 5429.20166015625, 5572.3935546875, 5661.92529296875, 5750.06494140625, 5855.4365234375, 5771.63525390625, 5642.92919921875, 5627.0712890625, 5612.2861328125, 5574.9775390625, 5512.08935546875, 5470.9267578125, 5423.65087890625, 5488.80859375, 5431.40966796875, 5440.6376953125, 5440.416015625, 5432.17138671875, 5433.8486328125, 5414.98828125, 5419.875, 5406.19287109375, 5419.80322265625, 5428.71728515625, 5400.63623046875, 5416.11669921875, 5408.24560546875, 5400.2783203125, 5411.9931640625, 5402.14453125, 5381.59814453125, 5378.4814453125, 5297.04150390625, 5328.8193359375, 5283.92041015625, 5345.71435546875, 5341.32373046875, 5310.6572265625, 5292.82568359375, 5302.9462890625, 5257.36376953125, 5250.59326171875, 5255.02978515625, 5254.65625, 5241.6142578125, 5238.0517578125, 5237.83544921875, 5251.71826171875, 5217.41455078125, 5250.40576171875, 5226.31005859375, 5238.73291015625, 5227.49169921875, 5230.21142578125, 5231.69384765625, 5235.15234375, 5244.796875, 5253.82763671875, 5253.712890625, 5252.5068359375, 5251.21142578125, 5250.75048828125, 5251.1044921875, 5252.0322265625, 5252.84716796875, 5252.5322265625, 5251.333984375, 5250.32080078125, 5250.12353515625, 5250.81884765625, 5251.46630859375, 5251.8017578125, 5252.39013671875, 5253.8271484375, 5252.8642578125, 5251.11767578125, 5249.88232421875, 5249.841796875, 5250.66650390625, 5251.578125, 5250.876953125, 5249.5458984375, 5248.86328125, 5249.16064453125, 5249.92919921875, 5250.07177734375, 5249.08837890625, 5248.2626953125]}