{"mean": [16897.977864583332, 16297.3505859375, 16168.594401041666, 16257.6552734375, 16246.566080729166, 16158.044596354166, 16081.6044921875, 16102.856119791666, 16156.061197916666, 16163.367513020834, 16122.281901041666, 16067.2734375, 15996.931315104166, 16020.303059895834, 16134.750651041666, 16141.605143229166, 16086.815104166666, 16021.351888020834, 15979.851888020834, 15952.510416666666, 15927.385416666666, 15907.796875, 15873.402018229166, 15844.080078125, 15839.3359375, 15840.83984375, 15833.025390625, 15872.224609375, 15885.263997395834, 15877.511067708334, 15854.69921875, 15831.938151041666, 15830.045247395834, 15819.851236979166, 15827.6552734375, 15850.052734375, 15880.71875, 15923.405924479166, 15955.692057291666, 15988.314127604166, 16037.30078125, 16098.732421875, 16171.690755208334, 16262.774088541666, 16296.1259765625, 16331.61328125, 16395.332682291668, 16387.2685546875, 16428.121419270832, 16497.736328125, 16513.5283203125, 16496.242513020832, 16542.887369791668, 16564.0048828125, 16529.741861979168, 16599.268880208332, 16578.013020833332, 16560.975911458332, 16586.611328125, 16595.6474609375, 16586.308268229168, 16579.517903645832, 16600.537434895832, 16607.741861979168, 16609.050130208332, 16593.746744791668, 16588.700520833332, 16589.4130859375, 16598.389973958332, 16604.1650390625, 16613.694986979168, 16625.918619791668, 16619.572265625, 16609.943033854168, 16603.442057291668, 16598.088216145832, 16595.0380859375, 16595.066080729168, 16598.470052083332, 16608.564778645832, 16621.1962890625, 16631.872395833332, 16639.734375, 16647.428385416668, 16631.863932291668, 16637.720703125, 16686.594401041668, 16697.027994791668, 16692.087239583332, 16651.248046875, 16631.08984375, 16628.180989583332, 16632.783854166668, 16654.087890625, 16651.110026041668, 16635.203776041668, 16622.7109375, 16622.048828125, 16626.71875, 16634.223958333332], "upper": [19135.46484375, 17633.55078125, 17436.052734375, 17601.70703125, 17608.8828125, 17428.9609375, 17271.046875, 17425.583984375, 17663.302734375, 17659.501953125, 17514.689453125, 17289.9453125, 17105.779296875, 17177.271484375, 17272.01171875, 17354.537109375, 17366.52734375, 17328.373046875, 17242.89453125, 17151.103515625, 17051.240234375, 16975.94921875, 16894.421875, 16849.40625, 16894.4609375, 16905.66796875, 16829.357421875, 16792.375, 16765.994140625, 16731.900390625, 16702.365234375, 16693.19921875, 16684.97265625, 16644.9609375, 16602.41015625, 16584.19140625, 16579.861328125, 16587.544921875, 16569.671875, 16535.412109375, 16517.3359375, 16511.29296875, 16515.1171875, 16520.845703125, 16504.873046875, 16493.283203125, 16532.013671875, 16501.017578125, 16542.59765625, 16740.44921875, 16775.12890625, 16713.658203125, 16862.177734375, 16948.166015625, 16855.8046875, 17053.109375, 17052.01953125, 17026.740234375, 17052.931640625, 17053.177734375, 17054.119140625, 17054.443359375, 17053.287109375, 17014.6015625, 17051.134765625, 17050.365234375, 17049.931640625, 17049.73828125, 17049.521484375, 17049.25390625, 17048.822265625, 17048.310546875, 17047.810546875, 17047.310546875, 17046.830078125, 17046.35546875, 17045.83203125, 17045.27734375, 17044.662109375, 17044.009765625, 17043.392578125, 17042.84765625, 17042.236328125, 17041.56640625, 17041.09765625, 17041.02734375, 17040.693359375, 17040.38671875, 17040.095703125, 17039.8203125, 17039.587890625, 17039.306640625, 17038.806640625, 17038.267578125, 17037.74609375, 17037.294921875, 17036.8515625, 17036.330078125, 17035.6796875, 17035.09765625], "lower": [15681.87109375, 15532.4560546875, 15439.064453125, 15555.92578125, 15499.9951171875, 15460.9404296875, 15430.5087890625, 15396.3291015625, 15355.921875, 15314.154296875, 15275.5283203125, 15286.634765625, 15267.58984375, 15314.220703125, 15511.83984375, 15454.126953125, 15404.7119140625, 15315.24609375, 15241.5576171875, 15208.880859375, 15200.0166015625, 15201.4619140625, 15204.189453125, 15204.4423828125, 15202.1259765625, 15216.0419921875, 15256.3466796875, 15363.24609375, 15398.6474609375, 15397.2822265625, 15354.1904296875, 15292.8798828125, 15303.3798828125, 15349.6796875, 15420.8134765625, 15477.232421875, 15520.3505859375, 15588.8896484375, 15629.1708984375, 15686.541015625, 15752.1640625, 15829.41796875, 15909.27734375, 15977.6669921875, 16036.8076171875, 16109.6953125, 16163.39453125, 16203.2275390625, 16233.6533203125, 16261.345703125, 16273.7509765625, 16266.7666015625, 16255.2421875, 16242.7001953125, 16230.2060546875, 16215.021484375, 16183.6015625, 16155.54296875, 16143.6171875, 16145.3369140625, 16153.5869140625, 16168.4130859375, 16190.2138671875, 16197.0048828125, 16185.83203125, 16187.9921875, 16217.40625, 16220.1748046875, 16224.109375, 16234.2353515625, 16251.5107421875, 16257.88671875, 16263.947265625, 16270.5673828125, 16268.193359375, 16261.2294921875, 16246.8076171875, 16235.0869140625, 16262.77734375, 16300.1259765625, 16343.7138671875, 16386.224609375, 16430.302734375, 16427.74609375, 16401.138671875, 16398.30859375, 16400.78515625, 16393.611328125, 16393.693359375, 16396.23828125, 16402.67578125, 16409.17578125, 16413.45703125, 16411.498046875, 16408.623046875, 16408.0078125, 16409.064453125, 16412.90625, 16413.591796875, 16408.322265625]}