{"mean": [4746.2958984375, 4737.34765625, 4727.560872395833, 4719.387369791667, 4713.6494140625, 4708.357096354167, 4704.907552083333, 4700.939778645833, 4695.141764322917, 4687.114908854167, 4679.133626302083, 4670.259602864583, 4659.44775390625, 4648.75244140625, 4645.20654296875, 4644.506673177083, 4643.61474609375, 4642.496744791667, 4641.467610677083, 4640.56591796875, 4639.921549479167, 4639.391438802083, 4639.123372395833, 4638.727213541667, 4638.417643229167, 4638.15380859375, 4637.966634114583, 4637.616861979167, 4637.322265625, 4637.066731770833, 4636.644856770833, 4635.984212239583, 4636.039876302083, 4635.0390625, 4635.007486979167, 4634.80810546875, 4634.607584635417, 4634.30126953125, 4633.980794270833, 4633.761555989583, 4633.416341145833, 4633.514485677083, 4633.480794270833, 4633.026692708333, 4632.80224609375, 4632.64697265625, 4632.77001953125, 4634.10888671875, 4632.542154947917, 4632.1259765625, 4631.95849609375, 4631.814290364583, 4631.633626302083, 4631.84521484375, 4631.816243489583, 4631.968912760417, 4631.715983072917, 4631.4375, 4631.194661458333, 4630.874348958333, 4630.31494140625, 4630.114908854167, 4629.889322916667, 4629.663736979167, 4629.5166015625, 4629.141438802083, 4628.926432291667, 4628.832194010417, 4628.574381510417, 4628.462565104167, 4628.333658854167, 4627.866536458333, 4627.85546875, 4627.024251302083, 4626.879557291667, 4627.136555989583, 4626.614095052083, 4626.5078125, 4626.490071614583, 4626.3037109375, 4626.308756510417, 4626.3076171875, 4626.306640625, 4626.168782552083, 4626.06494140625, 4628.62255859375, 4629.264811197917, 4629.016927083333, 4628.127278645833, 4626.009602864583, 4626.1630859375, 4626.108561197917, 4627.317545572917, 4627.576171875, 4627.223958333333, 4626.21826171875, 4626.220865885417, 4626.076171875, 4627.35888671875, 4627.647786458333], "upper": [4839.85888671875, 4833.2626953125, 4826.08984375, 4821.626953125, 4819.40576171875, 4819.61669921875, 4820.24267578125, 4820.55029296875, 4820.04443359375, 4818.71337890625, 4817.96826171875, 4816.22607421875, 4815.2021484375, 4815.26318359375, 4815.03125, 4815.0263671875, 4814.89453125, 4814.4375, 4813.72412109375, 4812.70556640625, 4811.7998046875, 4811.70166015625, 4811.95166015625, 4812.02685546875, 4811.9970703125, 4811.81689453125, 4812.30712890625, 4812.4833984375, 4812.06298828125, 4811.42724609375, 4811.537109375, 4811.49609375, 4811.349609375, 4811.130859375, 4811.0068359375, 4811.0126953125, 4811.0869140625, 4811.19775390625, 4811.138671875, 4811.0634765625, 4810.98193359375, 4811.0, 4811.04248046875, 4811.10205078125, 4811.09765625, 4811.05810546875, 4811.017578125, 4810.99267578125, 4811.02783203125, 4811.05126953125, 4811.078125, 4811.05615234375, 4811.0029296875, 4810.98486328125, 4810.98291015625, 4811.02783203125, 4811.04638671875, 4811.0185546875, 4811.01513671875, 4811.01953125, 4811.0126953125, 4811.02880859375, 4811.0283203125, 4811.013671875, 4811.005859375, 4810.9912109375, 4810.99365234375, 4810.99853515625, 4810.994140625, 4810.9951171875, 4811.00927734375, 4811.04052734375, 4811.021484375, 4811.021484375, 4811.00927734375, 4810.99853515625, 4810.99853515625, 4810.994140625, 4810.98681640625, 4810.9794921875, 4810.970703125, 4810.98193359375, 4810.98828125, 4810.982421875, 4810.990234375, 4810.9755859375, 4810.98291015625, 4810.99462890625, 4811.01611328125, 4811.013671875, 4811.00927734375, 4811.01220703125, 4811.00341796875, 4811.0126953125, 4811.01123046875, 4811.00927734375, 4811.01123046875, 4811.001953125, 4811.0068359375, 4811.00146484375], "lower": [4569.4794921875, 4554.58935546875, 4536.59814453125, 4519.4248046875, 4507.107421875, 4492.50341796875, 4479.4072265625, 4466.02197265625, 4450.1142578125, 4428.955078125, 4406.95263671875, 4382.4716796875, 4350.78125, 4317.86962890625, 4307.1279296875, 4305.02880859375, 4302.73779296875, 4300.28369140625, 4298.5478515625, 4297.2958984375, 4296.42626953125, 4295.2724609375, 4294.3515625, 4293.138671875, 4291.9853515625, 4291.06005859375, 4290.064453125, 4289.07763671875, 4288.65673828125, 4288.43896484375, 4287.79833984375, 4286.23388671875, 4286.4267578125, 4283.46875, 4283.1796875, 4282.42919921875, 4281.89794921875, 4281.2998046875, 4280.67333984375, 4280.16015625, 4279.2421875, 4279.54833984375, 4279.42529296875, 4278.0146484375, 4277.3701171875, 4277.00390625, 4277.4375, 4281.5146484375, 4276.83544921875, 4275.6201171875, 4275.171875, 4274.8515625, 4274.44873046875, 4275.09619140625, 4274.88427734375, 4275.21240234375, 4274.75, 4274.0546875, 4273.35693359375, 4272.3525390625, 4270.74267578125, 4270.1689453125, 4269.54248046875, 4268.90576171875, 4268.525390625, 4267.44384765625, 4266.88623046875, 4266.640625, 4265.935546875, 4265.55517578125, 4265.13232421875, 4263.615234375, 4263.55224609375, 4261.11279296875, 4260.8955078125, 4261.8046875, 4260.2294921875, 4259.9560546875, 4259.962890625, 4259.43310546875, 4259.453125, 4259.46533203125, 4259.50830078125, 4259.1826171875, 4258.8916015625, 4266.6015625, 4268.57763671875, 4267.90673828125, 4265.31640625, 4258.98388671875, 4259.4833984375, 4259.36962890625, 4263.08251953125, 4263.9150390625, 4262.86474609375, 4259.865234375, 4259.90234375, 4259.501953125, 4263.41796875, 4264.31591796875]}