{"mean": [1804.1179606119792, 1798.8450113932292, 1788.4624430338542, 1780.1505940755208, 1779.6962890625, 1778.855712890625, 1777.9912923177083, 1776.4873860677083, 1769.545654296875, 1772.2034912109375, 1774.4941813151042, 1777.6936442057292, 1780.5221761067708, 1785.476318359375, 1785.7310384114583, 1787.1281331380208, 1787.4905192057292, 1786.8304850260417, 1787.6968587239583, 1786.6291910807292, 1786.9176025390625, 1787.1624348958333, 1787.3800048828125, 1786.62744140625, 1787.9689534505208, 1786.6807047526042, 1786.7461344401042, 1785.8336995442708, 1786.7958984375, 1787.0274658203125, 1787.9872639973958, 1788.0428873697917, 1787.0738932291667, 1787.2723795572917, 1787.4565022786458, 1787.6328531901042, 1787.791259765625, 1788.0094807942708, 1788.0255126953125, 1788.2657063802083, 1788.3213297526042, 1788.3294677734375, 1788.4967041015625, 1789.111083984375, 1788.4889729817708, 1788.5915934244792, 1789.4758707682292, 1789.3766682942708, 1788.9370524088542, 1782.8520914713542, 1781.6457926432292, 1781.6455485026042, 1781.7801106770833, 1783.975830078125, 1785.3653564453125, 1785.4688720703125, 1785.5777180989583, 1782.7766927083333, 1783.1134440104167, 1780.4485270182292, 1780.6280924479167, 1780.7738850911458, 1780.6156005859375, 1780.7768147786458, 1780.938720703125, 1781.0940348307292, 1781.2898763020833, 1781.4524739583333, 1781.6531575520833, 1781.7112630208333, 1781.9300130208333, 1781.2898356119792, 1781.4664713541667, 1781.6518147786458, 1781.9374186197917, 1777.77099609375, 1777.863037109375, 1778.0614013671875, 1778.4456380208333, 1777.7431640625, 1777.8953857421875, 1776.3712565104167, 1776.4654134114583, 1775.3099365234375, 1777.8771158854167, 1781.8141276041667, 1779.7559814453125, 1780.6412760416667, 1781.6249186197917, 1777.7069498697917, 1777.048583984375, 1778.4639078776042, 1782.2476806640625, 1782.0794270833333, 1781.9330647786458, 1776.350341796875, 1775.2919921875, 1776.6232096354167, 1781.5214436848958, 1780.3983154296875], "upper": [1836.4696044921875, 1832.0164794921875, 1812.7423095703125, 1800.526611328125, 1802.00048828125, 1803.0472412109375, 1797.9937744140625, 1795.566650390625, 1792.9044189453125, 1793.500244140625, 1799.4964599609375, 1800.0096435546875, 1800.8116455078125, 1798.5872802734375, 1798.60400390625, 1799.7298583984375, 1799.7159423828125, 1799.01171875, 1799.261962890625, 1799.46826171875, 1799.7374267578125, 1799.987060546875, 1800.194091796875, 1800.3817138671875, 1801.85302734375, 1798.9727783203125, 1798.992919921875, 1796.0264892578125, 1798.8084716796875, 1801.660888671875, 1801.536376953125, 1801.3902587890625, 1801.2607421875, 1801.1319580078125, 1801.102783203125, 1801.036865234375, 1800.943359375, 1800.8985595703125, 1800.8916015625, 1800.909912109375, 1800.859130859375, 1800.85595703125, 1800.8692626953125, 1801.3184814453125, 1801.3077392578125, 1801.2921142578125, 1801.2999267578125, 1801.30322265625, 1801.3271484375, 1801.3370361328125, 1801.3306884765625, 1800.9156494140625, 1800.909423828125, 1800.9132080078125, 1800.932861328125, 1800.9373779296875, 1800.9266357421875, 1800.885498046875, 1801.287109375, 1801.2664794921875, 1801.230712890625, 1801.19775390625, 1801.1868896484375, 1801.1932373046875, 1801.161865234375, 1801.135498046875, 1801.1029052734375, 1801.0931396484375, 1801.0888671875, 1800.6915283203125, 1800.7086181640625, 1800.6771240234375, 1800.66064453125, 1800.6365966796875, 1801.0303955078125, 1801.0018310546875, 1800.9840087890625, 1800.978759765625, 1800.9697265625, 1800.9774169921875, 1800.983154296875, 1800.95703125, 1800.918701171875, 1800.9034423828125, 1800.878662109375, 1800.85205078125, 1800.8197021484375, 1800.776123046875, 1800.7445068359375, 1800.741455078125, 1800.715087890625, 1800.6971435546875, 1800.6644287109375, 1800.6348876953125, 1800.5902099609375, 1800.56640625, 1797.6123046875, 1797.5767822265625, 1800.4853515625, 1797.568115234375], "lower": [1748.2518310546875, 1749.134765625, 1744.4228515625, 1742.2982177734375, 1741.2352294921875, 1740.1025390625, 1745.0908203125, 1742.9254150390625, 1724.9422607421875, 1730.3125, 1730.7781982421875, 1740.072998046875, 1745.0390625, 1762.343505859375, 1761.746826171875, 1762.9769287109375, 1763.9154052734375, 1764.66748046875, 1766.9652099609375, 1766.337890625, 1766.827880859375, 1767.232666015625, 1767.652587890625, 1765.217041015625, 1767.7978515625, 1765.914794921875, 1766.1790771484375, 1766.4862060546875, 1766.6881103515625, 1764.6258544921875, 1764.7498779296875, 1765.1009521484375, 1765.3369140625, 1766.004638671875, 1766.5103759765625, 1767.078369140625, 1767.66796875, 1768.3826904296875, 1768.46435546875, 1769.201904296875, 1769.472412109375, 1769.542236328125, 1770.0654296875, 1771.4891357421875, 1769.632568359375, 1769.9306640625, 1772.541259765625, 1772.2025146484375, 1770.82275390625, 1752.5416259765625, 1748.916015625, 1749.314453125, 1749.716796875, 1756.30615234375, 1760.474853515625, 1760.76513671875, 1761.1007080078125, 1752.71875, 1753.302001953125, 1745.3038330078125, 1745.8765869140625, 1746.3399658203125, 1745.88330078125, 1746.380615234375, 1746.9058837890625, 1747.4061279296875, 1748.0308837890625, 1748.5352783203125, 1749.1376953125, 1749.705810546875, 1750.31591796875, 1748.42138671875, 1748.970458984375, 1749.5509033203125, 1750.0205078125, 1737.55712890625, 1737.85791015625, 1738.46875, 1739.641845703125, 1737.538330078125, 1737.9854736328125, 1733.408935546875, 1733.7261962890625, 1730.2734375, 1737.994384765625, 1749.837158203125, 1743.704345703125, 1746.410400390625, 1749.4022216796875, 1737.648681640625, 1735.689697265625, 1739.9405517578125, 1751.3182373046875, 1750.8387451171875, 1750.43603515625, 1733.7095947265625, 1733.5009765625, 1737.531494140625, 1749.32568359375, 1748.880859375]}