{"mean": [8363.121419270834, 8360.694661458334, 8357.615885416666, 8354.933919270834, 8352.71484375, 8350.715494791666, 8349.050130208334, 8347.0986328125, 8344.789713541666, 8342.193033854166, 8339.405598958334, 8337.166666666666, 8336.22265625, 8335.140299479166, 8335.263997395834, 8335.386393229166, 8335.471028645834, 8335.539713541666, 8335.556966145834, 8335.552408854166, 8335.492513020834, 8335.363606770834, 8335.321940104166, 8335.246419270834, 8335.1396484375, 8335.1787109375, 8335.123372395834, 8335.125651041666, 8335.025390625, 8334.824869791666, 8334.728515625, 8334.737630208334, 8334.668294270834, 8334.6708984375, 8334.761393229166, 8334.8740234375, 8334.990559895834, 8335.2060546875, 8335.417317708334, 8335.556315104166, 8335.7119140625, 8335.879231770834, 8336.014973958334, 8336.068359375, 8336.1328125, 8336.245768229166, 8336.504557291666, 8336.7421875, 8336.650065104166, 8336.683268229166, 8336.769856770834, 8336.846028645834, 8336.9580078125, 8337.025716145834, 8337.091796875, 8337.2275390625, 8337.345052083334, 8337.370768229166, 8337.436848958334, 8337.509765625, 8337.570638020834, 8337.614908854166, 8337.689778645834, 8337.808919270834, 8337.9013671875, 8337.9775390625, 8338.079752604166, 8338.165690104166, 8338.2392578125, 8338.3330078125, 8338.5595703125, 8338.483723958334, 8338.728190104166, 8338.536458333334, 8338.704752604166, 8338.807942708334, 8338.76953125, 8338.932942708334, 8339.023763020834, 8339.0712890625, 8339.155598958334, 8339.1962890625, 8339.268880208334, 8339.277669270834, 8339.2265625, 8339.855794270834, 8339.8232421875, 8339.791341145834, 8339.614908854166, 8338.903971354166, 8338.809895833334, 8338.722005208334, 8338.9814453125, 8338.952473958334, 8338.761067708334, 8338.256184895834, 8338.1884765625, 8337.995768229166, 8338.326171875, 8338.315104166666], "upper": [8547.8271484375, 8542.994140625, 8535.892578125, 8528.6611328125, 8521.71875, 8515.1298828125, 8509.2021484375, 8503.2021484375, 8496.818359375, 8489.7744140625, 8482.5048828125, 8476.6015625, 8474.41015625, 8472.3974609375, 8473.0498046875, 8473.583984375, 8473.9541015625, 8474.2021484375, 8474.2412109375, 8474.232421875, 8474.1357421875, 8473.994140625, 8474.0244140625, 8473.990234375, 8473.8408203125, 8473.7646484375, 8473.634765625, 8473.736328125, 8473.6025390625, 8473.3388671875, 8473.2041015625, 8473.3193359375, 8473.3271484375, 8473.5126953125, 8473.9052734375, 8474.3310546875, 8474.6953125, 8475.26953125, 8475.8349609375, 8476.2763671875, 8476.8291015625, 8477.5185546875, 8478.0078125, 8478.2734375, 8478.5673828125, 8478.939453125, 8479.6611328125, 8480.423828125, 8480.1806640625, 8480.291015625, 8480.60546875, 8480.849609375, 8481.232421875, 8481.578125, 8481.9921875, 8482.4091796875, 8482.6318359375, 8482.732421875, 8483.03515625, 8483.283203125, 8483.515625, 8483.7314453125, 8484.0107421875, 8484.388671875, 8484.7509765625, 8484.99609375, 8485.3681640625, 8485.6396484375, 8485.96875, 8486.34765625, 8487.1162109375, 8487.0361328125, 8487.7900390625, 8487.3203125, 8487.78515625, 8488.0400390625, 8488.01171875, 8488.541015625, 8488.9619140625, 8489.162109375, 8489.46484375, 8489.6337890625, 8489.89453125, 8489.98046875, 8489.955078125, 8491.8974609375, 8491.888671875, 8491.78515625, 8491.3095703125, 8489.3251953125, 8489.09375, 8488.8662109375, 8489.701171875, 8489.689453125, 8489.2421875, 8487.9140625, 8487.7568359375, 8487.357421875, 8488.3857421875, 8488.392578125], "lower": [8265.779296875, 8264.8134765625, 8264.1015625, 8264.162109375, 8264.501953125, 8264.5849609375, 8264.96484375, 8265.03515625, 8264.8125, 8264.6123046875, 8264.4677734375, 8264.3642578125, 8264.2568359375, 8263.9912109375, 8263.814453125, 8263.6962890625, 8263.6240234375, 8263.74609375, 8263.9013671875, 8263.9921875, 8264.0107421875, 8263.9609375, 8263.98828125, 8263.970703125, 8263.982421875, 8263.92578125, 8263.8740234375, 8263.84765625, 8263.8046875, 8263.642578125, 8263.578125, 8263.515625, 8263.482421875, 8263.4814453125, 8263.51171875, 8263.505859375, 8263.4912109375, 8263.5107421875, 8263.5302734375, 8263.4951171875, 8263.4599609375, 8263.427734375, 8263.376953125, 8263.3310546875, 8263.3349609375, 8263.3642578125, 8263.419921875, 8263.44921875, 8263.4892578125, 8263.494140625, 8263.4931640625, 8263.5087890625, 8263.4814453125, 8263.4599609375, 8263.4375, 8263.490234375, 8263.484375, 8263.4990234375, 8263.5234375, 8263.5302734375, 8263.537109375, 8263.5390625, 8263.54296875, 8263.5224609375, 8263.525390625, 8263.5205078125, 8263.5234375, 8263.5224609375, 8263.5166015625, 8263.5048828125, 8263.525390625, 8263.53125, 8263.537109375, 8263.53125, 8263.5498046875, 8263.5517578125, 8263.525390625, 8263.5068359375, 8263.4853515625, 8263.4853515625, 8263.4775390625, 8263.4814453125, 8263.4892578125, 8263.498046875, 8263.4912109375, 8263.484375, 8263.486328125, 8263.51953125, 8263.5234375, 8263.4990234375, 8263.53125, 8263.5400390625, 8263.5595703125, 8263.5615234375, 8263.4873046875, 8263.298828125, 8263.25, 8263.07421875, 8263.044921875, 8263.0126953125]}