{"mean": [4021.5741373697915, 4013.534912109375, 4001.1764322916665, 3994.216552734375, 3993.5253092447915, 3996.1729329427085, 4002.8184407552085, 4005.196044921875, 4001.725830078125, 3994.3359375, 3989.225830078125, 3986.283203125, 3985.5120442708335, 3992.53125, 3993.8627115885415, 3993.8447265625, 3993.8059895833335, 3993.549560546875, 3993.4619954427085, 3993.8362630208335, 3995.0078938802085, 3996.3597005208335, 3997.893310546875, 3998.6771647135415, 3999.0105794270835, 4000.6806640625, 4001.1897786458335, 4000.638671875, 3999.518798828125, 3997.7677408854165, 3996.1554361979165, 3994.75244140625, 3994.2544759114585, 3993.5858561197915, 3994.0724283854165, 3994.7845052083335, 3995.845703125, 3997.0674641927085, 3997.8726399739585, 3998.6856282552085, 3997.2284342447915, 3995.989013671875, 3996.539306640625, 3999.787353515625, 4002.248779296875, 4002.0933430989585, 4000.14599609375, 4000.68896484375, 4002.393798828125, 4005.2067057291665, 4005.3889973958335, 4005.5145670572915, 4004.079833984375, 4003.8673502604165, 4002.95947265625, 4003.0633138020835, 4003.4597981770835, 4004.4817708333335, 4005.651123046875, 4006.7662760416665, 4008.4567057291665, 4008.91943359375, 4009.111328125, 4009.3592122395835, 4009.7490234375, 4009.6249186197915, 4009.9044596354165, 4010.37548828125, 4010.5859375, 4010.9618326822915, 4011.19873046875, 4011.282958984375, 4011.76025390625, 4012.1568196614585, 4012.6436360677085, 4013.53173828125, 4013.4847005208335, 4014.2150065104165, 4014.9288736979165, 4015.3990071614585, 4015.89404296875, 4016.1883138020835, 4016.511962890625, 4016.5143229166665, 4013.89208984375, 4012.7337239583335, 4012.252685546875, 4011.7034505208335, 4011.9007161458335, 4013.1512858072915, 4014.7710774739585, 4013.4457194010415, 4010.7108561197915, 4009.992919921875, 4010.08642578125, 4012.9811197916665, 4012.5392252604165, 4010.1526692708335, 4008.1549479166665, 4007.3465983072915], "upper": [4875.68994140625, 4867.91650390625, 4844.1474609375, 4824.0458984375, 4814.341796875, 4805.83740234375, 4804.2744140625, 4803.384765625, 4801.427734375, 4796.259765625, 4801.162109375, 4809.38134765625, 4820.5048828125, 4850.5400390625, 4860.248046875, 4863.97265625, 4866.45263671875, 4867.87109375, 4869.234375, 4871.001953125, 4873.3447265625, 4874.720703125, 4876.431640625, 4877.0595703125, 4877.88232421875, 4878.5419921875, 4879.193359375, 4879.8671875, 4881.07421875, 4881.5546875, 4882.4716796875, 4882.97802734375, 4885.35546875, 4886.29541015625, 4889.2568359375, 4891.5673828125, 4894.2236328125, 4897.11962890625, 4899.6904296875, 4902.4365234375, 4898.5166015625, 4895.09912109375, 4896.8193359375, 4906.40185546875, 4913.5693359375, 4912.912109375, 4906.6787109375, 4908.16650390625, 4913.27734375, 4922.1396484375, 4923.6123046875, 4925.185546875, 4922.24755859375, 4922.96630859375, 4921.4287109375, 4922.80078125, 4923.166015625, 4925.552734375, 4928.2685546875, 4930.9677734375, 4935.74560546875, 4937.072265625, 4938.0068359375, 4939.408203125, 4941.37109375, 4941.8505859375, 4943.7265625, 4946.0517578125, 4947.4951171875, 4949.41796875, 4950.7578125, 4951.669921875, 4953.3544921875, 4954.68701171875, 4956.03125, 4958.6328125, 4958.3681640625, 4960.671875, 4962.998046875, 4964.56103515625, 4966.2919921875, 4967.61328125, 4969.12890625, 4969.8896484375, 4962.7275390625, 4960.029296875, 4959.3544921875, 4958.2763671875, 4959.287109375, 4963.384765625, 4968.345703125, 4964.39599609375, 4956.52734375, 4954.8779296875, 4955.7919921875, 4965.228515625, 4964.6337890625, 4957.9921875, 4952.5283203125, 4950.599609375], "lower": [3569.902587890625, 3561.184326171875, 3556.0556640625, 3555.447265625, 3556.816162109375, 3562.058349609375, 3574.81005859375, 3579.498046875, 3574.5322265625, 3566.1689453125, 3558.29638671875, 3552.62109375, 3549.22119140625, 3547.91259765625, 3546.9599609375, 3546.1767578125, 3545.58837890625, 3545.192626953125, 3545.237060546875, 3546.11962890625, 3548.01318359375, 3550.41015625, 3552.234130859375, 3552.694580078125, 3552.1357421875, 3550.58544921875, 3548.3115234375, 3545.65869140625, 3543.53173828125, 3542.2080078125, 3541.50146484375, 3541.09765625, 3540.88671875, 3541.041015625, 3541.708984375, 3542.5244140625, 3543.136474609375, 3543.52001953125, 3543.031982421875, 3542.14111328125, 3541.060546875, 3540.150390625, 3539.464111328125, 3539.173828125, 3539.171875, 3539.438720703125, 3540.0244140625, 3540.74853515625, 3541.6044921875, 3542.072265625, 3542.18359375, 3542.035400390625, 3541.675048828125, 3541.318603515625, 3540.97412109375, 3540.8515625, 3540.966796875, 3541.21044921875, 3541.644775390625, 3542.09814453125, 3542.37158203125, 3542.5322265625, 3542.5048828125, 3542.34619140625, 3542.22314453125, 3542.12109375, 3541.9833984375, 3541.890625, 3541.8876953125, 3541.55322265625, 3540.89599609375, 3540.169189453125, 3539.96435546875, 3539.8427734375, 3539.93408203125, 3540.1298828125, 3540.444580078125, 3540.56884765625, 3540.56396484375, 3540.440185546875, 3540.09619140625, 3539.4287109375, 3538.688720703125, 3537.806640625, 3536.97900390625, 3536.37060546875, 3535.806396484375, 3535.42578125, 3535.109375, 3534.7880859375, 3534.498046875, 3534.15185546875, 3533.635498046875, 3533.0146484375, 3532.30029296875, 3531.55615234375, 3530.93310546875, 3530.49755859375, 3530.12841796875, 3529.837890625]}