{"mean": [9284.567057291666, 8670.403645833334, 8724.554036458334, 8832.323567708334, 8781.216796875, 8622.513509114584, 8434.556640625, 8417.287923177084, 8444.242513020834, 8496.690755208334, 8389.862141927084, 8282.965494791666, 8133.801106770833, 8070.507486979167, 8054.804036458333, 8108.656087239583, 7979.205891927083, 7957.62939453125, 7920.302734375, 7915.664876302083, 7906.748697916667, 7843.494140625, 7748.968587239583, 7701.0576171875, 7615.129557291667, 7623.44873046875, 7584.867838541667, 7520.75146484375, 7453.7529296875, 7422.686360677083, 7349.050455729167, 7314.730794270833, 7334.376790364583, 7360.220865885417, 7343.043294270833, 7311.138834635417, 7285.783040364583, 7167.917643229167, 7180.969563802083, 7107.604817708333, 7138.876790364583, 7150.733723958333, 7136.578776041667, 7140.47900390625, 7147.518717447917, 7126.67236328125, 7137.660807291667, 7129.135416666667, 7166.14208984375, 7249.50341796875, 7191.950520833333, 7033.345540364583, 7074.8779296875, 7046.766276041667, 7086.579427083333, 7134.640950520833, 7158.253580729167, 7151.061848958333, 7155.135416666667, 7165.753255208333, 7180.28369140625, 7177.761067708333, 7169.73193359375, 7165.200032552083, 7164.58544921875, 7173.112467447917, 7182.733561197917, 7173.80908203125, 7160.731608072917, 7154.5419921875, 7155.067708333333, 7158.419270833333, 7171.663736979167, 7170.99658203125, 7168.681803385417, 7167.013997395833, 7168.3701171875, 7169.474446614583, 7169.0029296875, 7160.276529947917, 7152.092936197917, 7148.320475260417, 7150.9609375, 7158.42919921875, 7160.251302083333, 7159.888834635417, 7160.764811197917, 7162.80419921875, 7158.90673828125, 7151.935872395833, 7149.25244140625, 7157.698079427083, 7164.30078125, 7161.293294270833, 7150.608072916667, 7151.451334635417, 7157.0078125, 7157.078125, 7150.951009114583, 7171.362630208333], "upper": [10032.5478515625, 9900.34375, 9798.05078125, 9715.451171875, 9634.1845703125, 9572.244140625, 9529.7705078125, 9453.330078125, 9362.189453125, 9264.443359375, 9084.7880859375, 8941.087890625, 8755.607421875, 8619.8505859375, 8554.994140625, 8524.291015625, 8526.056640625, 8641.076171875, 8676.8828125, 8676.64453125, 8642.970703125, 8594.123046875, 8527.19140625, 8461.953125, 8432.515625, 8403.1162109375, 8376.8935546875, 8325.8388671875, 8336.2197265625, 8302.5546875, 8260.0341796875, 8217.384765625, 8158.84619140625, 8118.46923828125, 8041.01611328125, 8000.04736328125, 7983.1435546875, 7973.6494140625, 7969.361328125, 7946.9951171875, 7917.15673828125, 7879.3466796875, 7813.91552734375, 7824.0908203125, 7862.06884765625, 7777.61572265625, 7781.6455078125, 7759.94921875, 7849.33203125, 8065.77587890625, 7923.2109375, 7515.10009765625, 7629.62060546875, 7513.6396484375, 7583.06298828125, 7710.83935546875, 7798.74072265625, 7794.19189453125, 7792.9912109375, 7795.2080078125, 7799.8720703125, 7804.828125, 7806.2333984375, 7803.5634765625, 7801.08740234375, 7800.19970703125, 7801.16259765625, 7802.80419921875, 7803.67431640625, 7803.068359375, 7801.51806640625, 7800.357421875, 7799.8916015625, 7799.87841796875, 7799.40087890625, 7798.205078125, 7796.32080078125, 7794.69970703125, 7795.298828125, 7795.958984375, 7791.3408203125, 7781.9814453125, 7773.3037109375, 7770.08740234375, 7773.85302734375, 7782.111328125, 7788.93505859375, 7789.0234375, 7781.5263671875, 7777.19140625, 7780.70361328125, 7785.1875, 7783.857421875, 7777.904296875, 7773.0205078125, 7771.63232421875, 7773.28662109375, 7777.0732421875, 7779.216796875, 7778.5205078125], "lower": [8768.2470703125, 7326.0009765625, 7639.7578125, 8048.00390625, 8032.2236328125, 7680.35595703125, 7129.3115234375, 7079.73779296875, 7424.7373046875, 7634.2451171875, 7446.23388671875, 7223.244140625, 6975.603515625, 7044.658203125, 7146.59375, 7317.46630859375, 7061.08642578125, 6985.75830078125, 6822.80078125, 6822.86767578125, 6879.15625, 6844.310546875, 6774.8056640625, 6794.30859375, 6682.9892578125, 6735.58984375, 6696.7744140625, 6660.0185546875, 6532.2705078125, 6513.4169921875, 6444.705078125, 6472.8193359375, 6504.9208984375, 6520.4765625, 6473.83056640625, 6414.90673828125, 6373.29931640625, 6393.94580078125, 6390.32666015625, 6457.9892578125, 6471.501953125, 6474.19921875, 6480.60595703125, 6474.93701171875, 6457.904296875, 6466.81884765625, 6497.794921875, 6499.73046875, 6502.91845703125, 6501.47216796875, 6494.0419921875, 6480.70751953125, 6514.87744140625, 6539.55078125, 6548.318359375, 6515.1201171875, 6481.0986328125, 6477.5126953125, 6499.90673828125, 6526.5068359375, 6552.615234375, 6525.505859375, 6500.51416015625, 6499.19189453125, 6500.81884765625, 6517.1171875, 6539.3017578125, 6526.52685546875, 6511.587890625, 6508.74755859375, 6516.6416015625, 6525.6474609375, 6560.177734375, 6547.1865234375, 6531.7783203125, 6526.0791015625, 6539.0673828125, 6557.11767578125, 6568.27197265625, 6547.20751953125, 6526.1708984375, 6521.35107421875, 6531.57177734375, 6543.77392578125, 6530.49072265625, 6515.31103515625, 6518.431640625, 6538.73828125, 6546.15478515625, 6533.2412109375, 6522.8720703125, 6543.94873046875, 6563.541015625, 6557.58447265625, 6529.1220703125, 6535.7529296875, 6556.0322265625, 6557.501953125, 6539.6005859375, 6529.484375]}