{"mean": [2720.1261393229165, 2493.651123046875, 2481.2246907552085, 2501.8895670572915, 2490.1759440104165, 2456.6727701822915, 2406.01171875, 2408.308837890625, 2446.9857584635415, 2455.6355794270835, 2435.7408040364585, 2393.7596028645835, 2349.0118001302085, 2326.0597330729165, 2343.190185546875, 2346.4800618489585, 2321.1333821614585, 2292.6341959635415, 2284.744140625, 2289.1297200520835, 2287.8570149739585, 2274.7115071614585, 2255.753662109375, 2240.9064127604165, 2233.6033528645835, 2238.9589029947915, 2225.5301920572915, 2200.5697428385415, 2185.8756510416665, 2176.6258951822915, 2160.2491861979165, 2142.7526041666665, 2139.1432291666665, 2140.7869466145835, 2148.98876953125, 2159.2810872395835, 2168.0821940104165, 2145.2755533854165, 2128.7267252604165, 2126.3046875, 2136.5541178385415, 2136.7711588541665, 2129.133504231771, 2131.176513671875, 2132.1922607421875, 2130.1649576822915, 2131.4159342447915, 2136.737752278646, 2161.2803548177085, 2177.2084147135415, 2170.48876953125, 2151.1617024739585, 2145.54736328125, 2159.4854329427085, 2166.19384765625, 2164.12744140625, 2167.7958170572915, 2170.6346028645835, 2170.650146484375, 2171.4814453125, 2172.4308268229165, 2170.5060221354165, 2169.3175455729165, 2170.3212890625, 2170.25341796875, 2171.0983072916665, 2173.1980794270835, 2173.8968912760415, 2174.5371907552085, 2176.1631673177085, 2177.3382975260415, 2178.7373046875, 2180.8400065104165, 2180.9654134114585, 2181.489990234375, 2183.1786295572915, 2183.6830240885415, 2184.37744140625, 2185.024658203125, 2184.9073079427085, 2185.7391764322915, 2185.5586751302085, 2184.8175455729165, 2184.4127604166665, 2182.6826985677085, 2181.5367024739585, 2180.405517578125, 2180.0196940104165, 2180.9229329427085, 2181.8912760416665, 2183.1826171875, 2183.4889322916665, 2183.7474772135415, 2183.62646484375, 2183.4490559895835, 2182.8124186197915, 2181.836669921875, 2181.245361328125, 2181.2865397135415, 2142.5489501953125], "upper": [3024.03125, 2623.62646484375, 2589.029296875, 2563.103515625, 2536.69482421875, 2515.06591796875, 2496.97900390625, 2476.528564453125, 2500.891357421875, 2546.702880859375, 2510.1650390625, 2406.095703125, 2397.0625, 2383.484130859375, 2368.693603515625, 2357.73095703125, 2339.4169921875, 2347.338623046875, 2351.958984375, 2350.605224609375, 2343.724853515625, 2334.3349609375, 2323.493408203125, 2328.36767578125, 2335.052490234375, 2331.76416015625, 2318.40234375, 2300.60791015625, 2294.488037109375, 2289.5302734375, 2284.6845703125, 2279.154541015625, 2270.28662109375, 2265.1796875, 2265.892578125, 2267.16162109375, 2260.19482421875, 2249.2568359375, 2243.8203125, 2241.79443359375, 2238.3583984375, 2232.322265625, 2227.288818359375, 2226.034423828125, 2219.269287109375, 2210.734375, 2214.143310546875, 2231.203369140625, 2306.1259765625, 2359.663330078125, 2338.263916015625, 2277.4638671875, 2260.57568359375, 2294.882568359375, 2312.378173828125, 2308.021728515625, 2311.479248046875, 2313.40478515625, 2314.23583984375, 2313.947021484375, 2312.80908203125, 2311.50390625, 2310.37744140625, 2309.903076171875, 2309.96337890625, 2310.061767578125, 2310.23876953125, 2310.4072265625, 2310.941650390625, 2311.7763671875, 2312.487548828125, 2312.708251953125, 2312.526123046875, 2311.8291015625, 2310.993896484375, 2310.27197265625, 2309.9169921875, 2309.74658203125, 2309.92626953125, 2310.9833984375, 2313.77783203125, 2316.524169921875, 2319.4443359375, 2320.1337890625, 2318.17578125, 2314.883056640625, 2311.54052734375, 2309.442626953125, 2309.36279296875, 2309.509521484375, 2309.256591796875, 2309.137451171875, 2310.23779296875, 2312.0224609375, 2313.077392578125, 2313.026611328125, 2311.8720703125, 2310.05859375, 2308.81201171875, 2308.39599609375], "lower": [2461.58544921875, 2423.265625, 2422.130859375, 2414.225341796875, 2408.32373046875, 2406.817138671875, 2320.187255859375, 2357.02392578125, 2383.099609375, 2383.482177734375, 2394.401611328125, 2374.00634765625, 2312.171875, 2284.95556640625, 2321.505859375, 2337.51953125, 2302.943603515625, 2257.4306640625, 2244.686767578125, 2249.641845703125, 2239.353515625, 2218.042236328125, 2197.047119140625, 2184.0224609375, 2181.2587890625, 2188.833740234375, 2173.4580078125, 2147.693115234375, 2121.343994140625, 2106.1123046875, 2088.798095703125, 2071.78076171875, 2073.1201171875, 2069.839599609375, 2055.80712890625, 2052.2841796875, 2073.924072265625, 2059.80712890625, 2058.341552734375, 2038.308837890625, 2039.436767578125, 2041.509033203125, 2038.5718994140625, 2040.854248046875, 2045.2506103515625, 2044.55908203125, 2044.921142578125, 2046.7811279296875, 2048.79345703125, 2046.678466796875, 2049.970458984375, 2052.775146484375, 2051.170654296875, 2059.5498046875, 2061.84912109375, 2058.4697265625, 2063.3447265625, 2067.020751953125, 2064.700927734375, 2067.494384765625, 2072.81201171875, 2070.708251953125, 2070.085693359375, 2074.066162109375, 2073.99755859375, 2076.61279296875, 2082.408203125, 2082.867431640625, 2082.926513671875, 2086.37841796875, 2089.642578125, 2093.543701171875, 2101.7119140625, 2103.42724609375, 2106.335693359375, 2112.385986328125, 2114.2041015625, 2116.13134765625, 2117.181640625, 2114.05908203125, 2112.322265625, 2108.794921875, 2104.32080078125, 2102.9130859375, 2100.12939453125, 2100.0859375, 2099.62890625, 2099.945068359375, 2102.017578125, 2104.14599609375, 2108.13623046875, 2109.85986328125, 2110.456787109375, 2109.206787109375, 2108.261474609375, 2106.72509765625, 2104.959716796875, 2104.80078125, 2105.69921875, 2012.7515869140625]}