{"mean": [7501.17431640625, 7025.381184895833, 7010.009440104167, 7085.944661458333, 7051.356282552083, 6909.504720052083, 6797.689290364583, 6805.299641927083, 6781.644694010417, 6826.6259765625, 6737.978515625, 6661.175944010417, 6547.090983072917, 6504.737630208333, 6426.618001302083, 6471.882161458333, 6386.846028645833, 6434.796061197917, 6390.234700520833, 6387.382161458333, 6376.0654296875, 6320.963216145833, 6254.89013671875, 6219.666666666667, 6119.759114583333, 6121.842447916667, 6092.0146484375, 6050.01953125, 6005.361979166667, 5978.8310546875, 5907.071940104167, 5868.778483072917, 5875.088053385417, 5889.994791666667, 5834.153483072917, 5761.9296875, 5720.17431640625, 5650.0888671875, 5706.246744791667, 5648.1923828125, 5667.59375, 5666.57958984375, 5624.369791666667, 5616.178059895833, 5613.50537109375, 5585.120279947917, 5583.661783854167, 5545.85693359375, 5500.42919921875, 5521.382649739583, 5476.004231770833, 5387.506998697917, 5477.509440104167, 5446.283203125, 5476.42236328125, 5499.346028645833, 5511.514973958333, 5506.83203125, 5505.903157552083, 5510.19677734375, 5519.915690104167, 5514.70947265625, 5506.073404947917, 5499.180338541667, 5494.552897135417, 5497.637044270833, 5507.131673177083, 5502.380696614583, 5495.427734375, 5493.473795572917, 5491.591634114583, 5491.42919921875, 5501.260904947917, 5499.036946614583, 5496.365071614583, 5493.418131510417, 5491.2822265625, 5491.996419270833, 5491.951171875, 5486.472493489583, 5481.053873697917, 5479.392415364583, 5481.57421875, 5486.798177083333, 5487.513509114583, 5485.607584635417, 5484.340983072917, 5481.593098958333, 5474.191731770833, 5467.447265625, 5465.322916666667, 5476.174967447917, 5484.9296875, 5483.11181640625, 5473.763834635417, 5475.078776041667, 5480.65380859375, 5479.90673828125, 5472.741048177083, 5489.927571614583], "upper": [8327.447265625, 8174.0458984375, 8048.86083984375, 7951.49755859375, 7862.1796875, 7798.96826171875, 7760.48974609375, 7700.50244140625, 7620.7978515625, 7544.7939453125, 7412.06298828125, 7300.568359375, 7153.248046875, 6973.7421875, 6840.20947265625, 6837.31494140625, 6848.5205078125, 6961.185546875, 6982.359375, 6976.24267578125, 6946.1005859375, 6902.52490234375, 6843.4794921875, 6762.67822265625, 6703.9697265625, 6675.81396484375, 6674.07373046875, 6649.4921875, 6660.3251953125, 6623.12353515625, 6581.03173828125, 6539.39697265625, 6485.48681640625, 6443.29345703125, 6344.568359375, 6296.2822265625, 6290.263671875, 6293.943359375, 6283.8857421875, 6246.51416015625, 6202.31640625, 6151.23095703125, 6066.6376953125, 6045.1630859375, 6053.03466796875, 5942.21533203125, 5903.6103515625, 5793.8095703125, 5639.58984375, 5677.009765625, 5586.81787109375, 5479.107421875, 5679.607421875, 5561.96533203125, 5598.50244140625, 5640.44677734375, 5677.0068359375, 5674.453125, 5673.2255859375, 5674.171875, 5675.7890625, 5676.4482421875, 5672.80712890625, 5664.4296875, 5658.36083984375, 5656.5439453125, 5659.28857421875, 5664.7626953125, 5669.79150390625, 5672.52685546875, 5672.9658203125, 5672.8515625, 5672.26171875, 5671.21484375, 5668.73779296875, 5664.6962890625, 5660.25439453125, 5657.634765625, 5659.81005859375, 5667.77197265625, 5670.24169921875, 5666.734375, 5661.6591796875, 5659.720703125, 5661.134765625, 5665.115234375, 5664.943359375, 5654.40576171875, 5635.57861328125, 5627.2802734375, 5635.6748046875, 5650.68896484375, 5658.85400390625, 5658.9453125, 5657.31884765625, 5656.5146484375, 5656.06982421875, 5655.6435546875, 5651.705078125, 5645.783203125], "lower": [7049.7900390625, 5775.4189453125, 5946.47412109375, 6247.60498046875, 6239.42236328125, 5964.369140625, 5618.4775390625, 5574.958984375, 5826.63720703125, 6017.2919921875, 5845.38037109375, 5697.390625, 5527.1796875, 5630.95849609375, 5619.6083984375, 5777.8642578125, 5565.0146484375, 5623.88720703125, 5431.630859375, 5430.189453125, 5461.1162109375, 5433.43017578125, 5400.18994140625, 5450.1533203125, 5341.56640625, 5394.00732421875, 5356.29150390625, 5346.0849609375, 5247.75, 5240.517578125, 5185.98388671875, 5220.97021484375, 5259.7822265625, 5269.4931640625, 5230.86083984375, 5169.58837890625, 5116.7734375, 5168.5810546875, 5148.62109375, 5230.2822265625, 5241.7646484375, 5251.67236328125, 5269.853515625, 5268.71142578125, 5249.57275390625, 5261.36083984375, 5297.5458984375, 5300.73779296875, 5304.37939453125, 5302.51123046875, 5292.94091796875, 5273.75830078125, 5308.283203125, 5322.97900390625, 5327.32421875, 5293.17724609375, 5268.0947265625, 5267.27001953125, 5274.99658203125, 5286.22119140625, 5304.47998046875, 5279.99267578125, 5267.0361328125, 5272.3486328125, 5268.5712890625, 5265.5693359375, 5278.64794921875, 5268.65869140625, 5263.68310546875, 5267.44873046875, 5265.62841796875, 5265.03466796875, 5291.65478515625, 5278.34375, 5266.84130859375, 5261.62451171875, 5266.197265625, 5282.15234375, 5290.107421875, 5269.6640625, 5250.13671875, 5247.62744140625, 5256.392578125, 5265.2607421875, 5255.02490234375, 5241.39990234375, 5244.10009765625, 5257.71337890625, 5262.65380859375, 5252.57666015625, 5238.35205078125, 5256.8876953125, 5275.27294921875, 5268.9033203125, 5242.09130859375, 5249.1552734375, 5270.08056640625, 5271.15283203125, 5254.40185546875, 5243.95068359375]}