{"mean": [2390.2582397460938, 2340.3800659179688, 2259.6678771972656, 2085.7451782226562, 1993.1458435058594, 1938.0638275146484, 1891.4716491699219, 1838.7435607910156, 1788.4374542236328, 1766.4326477050781, 1754.4671020507812, 1747.1647033691406, 1742.4284973144531, 1737.0226440429688, 1726.3657989501953, 1717.6841278076172, 1714.001205444336, 1711.3710021972656, 1709.642562866211, 1708.6266326904297, 1706.926528930664, 1704.8255157470703, 1702.1125793457031, 1698.7332000732422, 1694.4749603271484, 1689.5812072753906, 1684.2299499511719, 1679.195083618164, 1675.5999908447266, 1672.409423828125, 1669.7270050048828, 1667.115219116211, 1665.034164428711, 1663.1469421386719, 1661.4299621582031, 1659.7908020019531, 1658.2958679199219, 1657.223876953125, 1656.289306640625, 1655.3204040527344, 1654.1796569824219, 1653.0199890136719, 1652.1571807861328, 1651.7181701660156, 1651.5032348632812, 1651.3646850585938, 1651.2500305175781, 1650.9600372314453, 1650.5843048095703, 1650.384994506836, 1650.3971099853516, 1650.6555786132812, 1650.9208679199219, 1650.9962005615234, 1650.8640747070312, 1650.707763671875, 1650.4546203613281, 1650.2749328613281, 1650.1209716796875, 1649.9432525634766, 1649.7427062988281, 1649.4872741699219, 1649.3073425292969, 1649.0917358398438, 1648.8672485351562, 1648.6071166992188, 1648.2801208496094, 1648.0067901611328, 1647.769775390625, 1647.5751342773438, 1647.3972778320312, 1647.2463836669922, 1647.0917205810547, 1646.963607788086, 1646.839584350586, 1646.7472839355469, 1646.6676483154297, 1646.5962829589844, 1646.5536499023438, 1646.5081634521484, 1646.4486389160156, 1646.4005279541016, 1646.3446350097656, 1646.2806396484375, 1646.1929931640625, 1646.0987548828125, 1646.0387878417969, 1645.9644165039062, 1645.8733673095703, 1645.7811126708984, 1645.6852722167969, 1645.614013671875, 1645.555191040039, 1645.4721069335938, 1645.4100799560547, 1645.3618469238281, 1645.3045349121094, 1645.2603302001953, 1645.2063903808594, 1645.1580352783203], "upper": [2390.2685546875, 2340.39111328125, 2259.728515625, 2085.758056640625, 1993.357421875, 1938.2894287109375, 1891.76904296875, 1839.111328125, 1788.591796875, 1766.603759765625, 1754.6248779296875, 1747.30078125, 1742.6024169921875, 1737.2034912109375, 1726.5068359375, 1717.8740234375, 1714.1990966796875, 1711.583984375, 1709.8731689453125, 1708.8194580078125, 1707.1187744140625, 1705.0491943359375, 1702.326171875, 1698.9130859375, 1694.6409912109375, 1689.724365234375, 1684.353271484375, 1679.353759765625, 1676.166748046875, 1673.3466796875, 1670.7642822265625, 1668.5311279296875, 1666.293212890625, 1664.158203125, 1662.3758544921875, 1660.605712890625, 1659.0145263671875, 1657.6422119140625, 1656.432861328125, 1655.5467529296875, 1654.3529052734375, 1653.4149169921875, 1652.6146240234375, 1651.9266357421875, 1651.6781005859375, 1651.583251953125, 1651.463623046875, 1651.16064453125, 1650.710205078125, 1650.5264892578125, 1650.529541015625, 1650.7947998046875, 1651.0794677734375, 1651.1715087890625, 1651.034423828125, 1650.8756103515625, 1650.73291015625, 1650.546630859375, 1650.3343505859375, 1650.1024169921875, 1649.98291015625, 1649.7061767578125, 1649.495361328125, 1649.26318359375, 1649.0592041015625, 1648.8172607421875, 1648.4901123046875, 1648.207763671875, 1647.96875, 1647.715576171875, 1647.55419921875, 1647.4166259765625, 1647.323974609375, 1647.16796875, 1646.958251953125, 1646.898681640625, 1646.826171875, 1646.7291259765625, 1646.6873779296875, 1646.6201171875, 1646.6087646484375, 1646.537841796875, 1646.47705078125, 1646.4134521484375, 1646.353759765625, 1646.2392578125, 1646.17138671875, 1646.0894775390625, 1646.051513671875, 1645.9500732421875, 1645.857177734375, 1645.778076171875, 1645.6810302734375, 1645.5650634765625, 1645.515625, 1645.4581298828125, 1645.4169921875, 1645.3641357421875, 1645.2969970703125, 1645.2418212890625], "lower": [2390.247314453125, 2340.3671875, 2259.63427734375, 2085.725830078125, 1992.8675537109375, 1937.9625244140625, 1891.307861328125, 1838.577880859375, 1788.24658203125, 1766.29931640625, 1754.3394775390625, 1747.0845947265625, 1742.352294921875, 1736.858154296875, 1726.2027587890625, 1717.547607421875, 1713.874755859375, 1711.1541748046875, 1709.429931640625, 1708.455810546875, 1706.7952880859375, 1704.67138671875, 1701.9583740234375, 1698.600830078125, 1694.3067626953125, 1689.4268798828125, 1684.075439453125, 1679.0811767578125, 1675.3583984375, 1671.986328125, 1669.2479248046875, 1666.5362548828125, 1664.5814208984375, 1662.811767578125, 1661.095458984375, 1659.468994140625, 1658.0098876953125, 1657.0582275390625, 1656.0858154296875, 1655.0926513671875, 1654.0687255859375, 1652.7857666015625, 1651.9600830078125, 1651.571533203125, 1651.3973388671875, 1651.1356201171875, 1650.999755859375, 1650.7720947265625, 1650.458251953125, 1650.2215576171875, 1650.241943359375, 1650.5313720703125, 1650.7271728515625, 1650.8228759765625, 1650.6646728515625, 1650.5196533203125, 1650.271484375, 1650.12841796875, 1649.948974609375, 1649.82275390625, 1649.5972900390625, 1649.3388671875, 1649.18505859375, 1648.9053955078125, 1648.7049560546875, 1648.463623046875, 1648.1328125, 1647.831787109375, 1647.6329345703125, 1647.4541015625, 1647.26904296875, 1647.1173095703125, 1646.9090576171875, 1646.84326171875, 1646.7109375, 1646.6058349609375, 1646.530029296875, 1646.4766845703125, 1646.4556884765625, 1646.4090576171875, 1646.3319091796875, 1646.218994140625, 1646.2137451171875, 1646.146728515625, 1646.039794921875, 1645.96923828125, 1645.9190673828125, 1645.8463134765625, 1645.71142578125, 1645.626220703125, 1645.5535888671875, 1645.529296875, 1645.4635009765625, 1645.3843994140625, 1645.353271484375, 1645.2943115234375, 1645.2298583984375, 1645.18701171875, 1645.1334228515625, 1645.048828125]}