{"mean": [2744.232666015625, 2689.1102905273438, 2566.8147888183594, 2396.5562133789062, 2314.1717834472656, 2258.4290161132812, 2210.429931640625, 2156.9468994140625, 2104.906280517578, 2080.6314697265625, 2066.3854064941406, 2056.7171936035156, 2049.584503173828, 2043.2090759277344, 2034.2478332519531, 2027.5672454833984, 2025.8596496582031, 2025.5275268554688, 2025.6187286376953, 2025.8917999267578, 2025.1800079345703, 2023.6475524902344, 2021.2664794921875, 2018.0334930419922, 2013.7203063964844, 2008.6493072509766, 2003.074951171875, 1997.632797241211, 1993.5682373046875, 1990.0070190429688, 1986.8004455566406, 1984.1015625, 1982.0725555419922, 1980.56396484375, 1979.4563598632812, 1978.6705017089844, 1978.2074890136719, 1978.1146240234375, 1978.0397338867188, 1977.783218383789, 1977.1954650878906, 1976.3761901855469, 1975.5911560058594, 1975.0704956054688, 1974.708999633789, 1974.4087524414062, 1974.0040283203125, 1973.464828491211, 1972.9047088623047, 1972.3930206298828, 1972.1276245117188, 1971.9868469238281, 1971.9010772705078, 1971.6898040771484, 1971.3017883300781, 1970.812484741211, 1970.3287353515625, 1969.9771270751953, 1969.6868133544922, 1969.464828491211, 1969.2854919433594, 1969.1857452392578, 1969.1620178222656, 1969.1585540771484, 1969.11328125, 1968.9942321777344, 1968.816421508789, 1968.628173828125, 1968.4793548583984, 1968.3605651855469, 1968.2583618164062, 1968.1496887207031, 1968.0340270996094, 1967.9278411865234, 1967.8150634765625, 1967.6939086914062, 1967.5437469482422, 1967.3963165283203, 1967.260726928711, 1967.122817993164, 1967.000991821289, 1966.8783416748047, 1966.7749938964844, 1966.6692657470703, 1966.5675201416016, 1966.4615631103516, 1966.3895568847656, 1966.3205108642578, 1966.2707061767578, 1966.2218170166016, 1966.1710662841797, 1966.1287078857422, 1966.093505859375, 1966.0343017578125, 1965.9757537841797, 1965.9212188720703, 1965.8704833984375, 1965.8164978027344, 1965.768569946289, 1965.7132720947266], "upper": [2744.240966796875, 2689.115966796875, 2566.8505859375, 2396.6025390625, 2314.396484375, 2258.637939453125, 2210.737548828125, 2157.32666015625, 2105.13818359375, 2080.748779296875, 2066.486083984375, 2056.806640625, 2049.696533203125, 2043.3631591796875, 2034.3509521484375, 2027.7374267578125, 2026.07861328125, 2025.7313232421875, 2025.8485107421875, 2026.114501953125, 2025.3983154296875, 2023.8529052734375, 2021.4300537109375, 2018.1834716796875, 2013.853271484375, 2008.7752685546875, 2003.1856689453125, 1997.7698974609375, 1994.254150390625, 1991.161865234375, 1988.2938232421875, 1985.8914794921875, 1983.5882568359375, 1981.7235107421875, 1980.2147216796875, 1979.0989990234375, 1978.3226318359375, 1978.3408203125, 1978.3414306640625, 1978.0826416015625, 1977.4134521484375, 1976.5382080078125, 1975.947021484375, 1975.3428955078125, 1974.9271240234375, 1974.5771484375, 1974.1959228515625, 1973.6669921875, 1973.132080078125, 1972.6827392578125, 1972.3033447265625, 1972.1680908203125, 1972.111328125, 1971.9361572265625, 1971.4993896484375, 1971.0120849609375, 1970.637939453125, 1970.30615234375, 1970.0185546875, 1969.711669921875, 1969.5184326171875, 1969.31201171875, 1969.283203125, 1969.3494873046875, 1969.332275390625, 1969.2325439453125, 1968.97705078125, 1968.8095703125, 1968.680419921875, 1968.5791015625, 1968.4736328125, 1968.3409423828125, 1968.22509765625, 1968.1025390625, 1968.01171875, 1967.8746337890625, 1967.751953125, 1967.605712890625, 1967.4580078125, 1967.3009033203125, 1967.1514892578125, 1967.046875, 1966.9498291015625, 1966.8140869140625, 1966.6966552734375, 1966.60546875, 1966.52099609375, 1966.4407958984375, 1966.422607421875, 1966.3275146484375, 1966.270263671875, 1966.2374267578125, 1966.208984375, 1966.1611328125, 1966.1192626953125, 1966.0855712890625, 1966.0516357421875, 1965.968017578125, 1965.9639892578125, 1965.897216796875], "lower": [2744.219970703125, 2689.099609375, 2566.789306640625, 2396.537353515625, 2313.8779296875, 2258.3408203125, 2210.254638671875, 2156.79833984375, 2104.70947265625, 2080.532958984375, 2066.27685546875, 2056.60400390625, 2049.477783203125, 2043.1220703125, 2034.1253662109375, 2027.468994140625, 2025.7027587890625, 2025.3612060546875, 2025.428955078125, 2025.7117919921875, 2025.0189208984375, 2023.5228271484375, 2021.1494140625, 2017.8775634765625, 2013.550537109375, 2008.46240234375, 2002.921630859375, 1997.4979248046875, 1993.2818603515625, 1989.518798828125, 1986.15185546875, 1983.3485107421875, 1981.5220947265625, 1980.1929931640625, 1979.172119140625, 1978.459716796875, 1978.06201171875, 1977.7275390625, 1977.412841796875, 1977.2236328125, 1976.88525390625, 1976.1549072265625, 1975.3255615234375, 1974.864990234375, 1974.5458984375, 1974.3175048828125, 1973.866943359375, 1973.270263671875, 1972.7269287109375, 1972.21533203125, 1971.9713134765625, 1971.856201171875, 1971.7244873046875, 1971.4783935546875, 1971.19970703125, 1970.6436767578125, 1970.1387939453125, 1969.7947998046875, 1969.498291015625, 1969.2867431640625, 1969.111572265625, 1969.060791015625, 1969.0465087890625, 1969.02783203125, 1969.0062255859375, 1968.896240234375, 1968.6925048828125, 1968.48193359375, 1968.28955078125, 1968.1837158203125, 1968.0888671875, 1968.0045166015625, 1967.8968505859375, 1967.7916259765625, 1967.6785888671875, 1967.5072021484375, 1967.3536376953125, 1967.22900390625, 1967.0692138671875, 1966.955078125, 1966.835205078125, 1966.7576904296875, 1966.6353759765625, 1966.5426025390625, 1966.4539794921875, 1966.3343505859375, 1966.2939453125, 1966.2508544921875, 1966.185302734375, 1966.1419677734375, 1966.07275390625, 1966.046142578125, 1965.9866943359375, 1965.9207763671875, 1965.8193359375, 1965.7576904296875, 1965.729248046875, 1965.6737060546875, 1965.6263427734375, 1965.568603515625]}