{"mean": [7600.4603271484375, 7483.263000488281, 7392.486083984375, 7353.796447753906, 7349.807373046875, 7341.438232421875, 7330.477844238281, 7318.031799316406, 7307.377014160156, 7300.874938964844, 7296.6802978515625, 7294.673889160156, 7293.34375, 7292.044860839844, 7287.726501464844, 7283.243225097656, 7279.9500732421875, 7277.3250732421875, 7275.593444824219, 7274.602233886719, 7273.987731933594, 7273.5474853515625, 7273.146423339844, 7272.761413574219, 7272.41943359375, 7272.244445800781, 7272.341796875, 7272.647644042969, 7273.12744140625, 7273.61279296875, 7274.259704589844, 7274.753662109375, 7275.1817626953125, 7275.3394775390625, 7275.28564453125, 7275.007080078125, 7274.6827392578125, 7274.503601074219, 7274.473327636719, 7274.508605957031, 7274.67041015625, 7274.8935546875, 7275.214904785156, 7275.5673828125, 7275.884216308594, 7275.9971923828125, 7276.018310546875, 7275.767578125, 7275.303039550781, 7274.829345703125, 7274.307922363281, 7273.895202636719, 7273.535827636719, 7273.309753417969, 7273.2333984375, 7273.239318847656, 7273.322448730469, 7273.4356689453125, 7273.5711669921875, 7273.5699462890625, 7273.4862060546875, 7273.322326660156, 7273.196838378906, 7273.078552246094, 7273.022155761719, 7273.032531738281, 7273.094665527344, 7273.20654296875, 7273.315734863281, 7273.392883300781, 7273.424255371094, 7273.407958984375, 7273.357360839844, 7273.261657714844, 7273.1536865234375, 7273.050537109375, 7272.968505859375, 7272.897033691406, 7272.854187011719, 7272.807556152344, 7272.7679443359375, 7272.716552734375, 7272.663269042969, 7272.62548828125, 7272.597900390625, 7272.5657958984375, 7272.5389404296875, 7272.489807128906, 7272.439025878906, 7272.4036865234375, 7272.382507324219, 7272.371398925781, 7272.3795166015625, 7272.3800048828125, 7272.3934326171875, 7272.396667480469, 7272.390075683594, 7272.3719482421875, 7272.3336181640625, 7272.303649902344], "upper": [7600.46337890625, 7483.2666015625, 7392.50732421875, 7353.84228515625, 7349.994140625, 7341.58251953125, 7330.638671875, 7318.2373046875, 7307.52197265625, 7300.9228515625, 7296.68994140625, 7294.69384765625, 7293.36767578125, 7292.1591796875, 7287.78466796875, 7283.28369140625, 7279.98876953125, 7277.39453125, 7275.67578125, 7274.619140625, 7274.00341796875, 7273.56201171875, 7273.2119140625, 7272.7958984375, 7272.4931640625, 7272.2626953125, 7272.37158203125, 7272.72021484375, 7273.18896484375, 7273.7314453125, 7274.51171875, 7275.109375, 7275.556640625, 7275.623046875, 7275.4462890625, 7275.11279296875, 7274.8046875, 7274.701171875, 7274.6943359375, 7274.7158203125, 7274.77978515625, 7274.96337890625, 7275.294921875, 7275.7373046875, 7276.09521484375, 7276.18701171875, 7276.150390625, 7275.89599609375, 7275.408203125, 7274.93017578125, 7274.57275390625, 7274.20849609375, 7273.951171875, 7273.64306640625, 7273.45361328125, 7273.40771484375, 7273.37353515625, 7273.54541015625, 7273.7119140625, 7273.6796875, 7273.6318359375, 7273.42333984375, 7273.29541015625, 7273.25390625, 7273.21435546875, 7273.15966796875, 7273.20654296875, 7273.2744140625, 7273.37548828125, 7273.466796875, 7273.5029296875, 7273.5166015625, 7273.47607421875, 7273.3662109375, 7273.28076171875, 7273.19970703125, 7273.10791015625, 7273.04736328125, 7272.955078125, 7272.892578125, 7272.85986328125, 7272.81005859375, 7272.74462890625, 7272.71142578125, 7272.64990234375, 7272.60595703125, 7272.58935546875, 7272.55322265625, 7272.5068359375, 7272.4853515625, 7272.47900390625, 7272.470703125, 7272.466796875, 7272.46142578125, 7272.4814453125, 7272.48095703125, 7272.470703125, 7272.4482421875, 7272.4208984375, 7272.3974609375], "lower": [7600.4560546875, 7483.2578125, 7392.45263671875, 7353.76416015625, 7349.62939453125, 7341.37451171875, 7330.3603515625, 7317.9267578125, 7307.2646484375, 7300.8544921875, 7296.662109375, 7294.64599609375, 7293.328125, 7291.96630859375, 7287.6484375, 7283.2080078125, 7279.91943359375, 7277.28759765625, 7275.52197265625, 7274.5869140625, 7273.96728515625, 7273.54052734375, 7273.11181640625, 7272.74755859375, 7272.3974609375, 7272.22802734375, 7272.326171875, 7272.59326171875, 7273.0224609375, 7273.3125, 7273.6904296875, 7274.05908203125, 7274.376953125, 7274.55859375, 7274.77734375, 7274.8212890625, 7274.5771484375, 7274.34326171875, 7274.37109375, 7274.4228515625, 7274.62451171875, 7274.84912109375, 7275.072265625, 7275.27294921875, 7275.47021484375, 7275.5771484375, 7275.6533203125, 7275.4990234375, 7275.19921875, 7274.67236328125, 7274.16650390625, 7273.73193359375, 7273.3759765625, 7273.1806640625, 7273.08740234375, 7273.1279296875, 7273.2490234375, 7273.2431640625, 7273.34375, 7273.36083984375, 7273.3671875, 7273.25390625, 7273.1201171875, 7272.9853515625, 7272.91845703125, 7272.96240234375, 7273.048828125, 7273.14697265625, 7273.20068359375, 7273.23095703125, 7273.31201171875, 7273.3291015625, 7273.22705078125, 7273.12158203125, 7273.00244140625, 7272.94970703125, 7272.88671875, 7272.8193359375, 7272.736328125, 7272.66845703125, 7272.69091796875, 7272.677734375, 7272.61767578125, 7272.58642578125, 7272.54833984375, 7272.529296875, 7272.47705078125, 7272.427734375, 7272.3359375, 7272.29638671875, 7272.30908203125, 7272.2607421875, 7272.26513671875, 7272.25634765625, 7272.31396484375, 7272.310546875, 7272.29931640625, 7272.28271484375, 7272.248046875, 7272.24462890625]}