{"mean": [986.7746810913086, 991.8968505859375, 992.1562347412109, 991.9065246582031, 992.349250793457, 992.6532516479492, 992.5183792114258, 991.1529769897461, 988.9512786865234, 988.1998977661133, 988.2052917480469, 988.3677825927734, 988.615608215332, 988.9550018310547, 989.5020370483398, 990.3910827636719, 991.4925918579102, 992.4179382324219, 993.2569046020508, 993.9276657104492, 994.3352355957031, 994.5850524902344, 994.6857604980469, 994.7047729492188, 994.5847320556641, 994.3705749511719, 994.0529022216797, 993.6698226928711, 993.4168319702148, 993.1371307373047, 992.8971710205078, 992.6380386352539, 992.4402236938477, 992.3493576049805, 992.3669738769531, 992.459831237793, 992.6139450073242, 992.7688446044922, 992.8662261962891, 992.9054260253906, 992.8762817382812, 992.7821273803711, 992.6281280517578, 992.4527282714844, 992.3201293945312, 992.2668609619141, 992.2574768066406, 992.3091354370117, 992.4252243041992, 992.5905151367188, 992.7467727661133, 992.8854217529297, 992.9853668212891, 993.0446853637695, 993.045524597168, 992.9830627441406, 992.9210662841797, 992.8647842407227, 992.8257522583008, 992.8199005126953, 992.8410720825195, 992.8952407836914, 992.9636001586914, 993.0275344848633, 993.0645217895508, 993.0679626464844, 993.0458145141602, 993.0100250244141, 992.9731750488281, 992.9540176391602, 992.9416580200195, 992.9453353881836, 992.977668762207, 993.0002593994141, 993.0344696044922, 993.0688781738281, 993.083366394043, 993.0921783447266, 993.0906448364258, 993.0894393920898, 993.1018371582031, 993.1167144775391, 993.1315155029297, 993.1397552490234, 993.151985168457, 993.1650695800781, 993.1783142089844, 993.1946563720703, 993.2105712890625, 993.2292251586914, 993.2459182739258, 993.2513732910156, 993.2517929077148, 993.2489166259766, 993.2479476928711, 993.2570877075195, 993.2711410522461, 993.2789688110352, 993.2881927490234, 993.3048400878906], "upper": [986.7763061523438, 991.8974609375, 992.1634521484375, 991.9108276367188, 992.362060546875, 992.6572875976562, 992.525146484375, 991.17138671875, 988.9769287109375, 988.2073974609375, 988.2129516601562, 988.3715209960938, 988.621826171875, 988.9617309570312, 989.5131225585938, 990.40771484375, 991.509033203125, 992.4239501953125, 993.2734985351562, 993.9454956054688, 994.3425903320312, 994.5956420898438, 994.7039794921875, 994.7173461914062, 994.6036376953125, 994.39453125, 994.0704345703125, 993.6846313476562, 993.4678955078125, 993.2809448242188, 993.07958984375, 992.931884765625, 992.793701171875, 992.654541015625, 992.5731811523438, 992.5205688476562, 992.6798706054688, 992.8539428710938, 992.94873046875, 992.9622192382812, 992.9202880859375, 992.804443359375, 992.7008666992188, 992.5911865234375, 992.4681396484375, 992.3983154296875, 992.391845703125, 992.417236328125, 992.4890747070312, 992.6265258789062, 992.8062744140625, 992.945068359375, 993.0435180664062, 993.0967407226562, 993.1021118164062, 993.005126953125, 992.9447631835938, 992.9173583984375, 992.9065551757812, 992.8925170898438, 992.8785400390625, 992.9254150390625, 993.0107421875, 993.0802001953125, 993.1149291992188, 993.1005859375, 993.06689453125, 993.0213012695312, 993.015380859375, 993.0100708007812, 992.9981079101562, 992.9931640625, 993.0120239257812, 993.0491333007812, 993.0726318359375, 993.0973510742188, 993.096435546875, 993.114501953125, 993.1384887695312, 993.1221923828125, 993.1346435546875, 993.1375122070312, 993.1558837890625, 993.1678466796875, 993.1776733398438, 993.1897583007812, 993.1858520507812, 993.2263793945312, 993.2510375976562, 993.267822265625, 993.2758178710938, 993.279296875, 993.2777709960938, 993.278076171875, 993.275146484375, 993.2822265625, 993.3107299804688, 993.3114013671875, 993.31787109375, 993.3477783203125], "lower": [986.7728271484375, 991.8961791992188, 992.1507568359375, 991.903564453125, 992.3389892578125, 992.649658203125, 992.5065307617188, 991.1447143554688, 988.9417724609375, 988.1917724609375, 988.20166015625, 988.36181640625, 988.6082153320312, 988.9432373046875, 989.4920654296875, 990.378173828125, 991.4717407226562, 992.4129638671875, 993.2459106445312, 993.9097900390625, 994.3156127929688, 994.5662841796875, 994.6656494140625, 994.6763916015625, 994.5496215820312, 994.3218383789062, 994.011962890625, 993.645751953125, 993.39501953125, 993.0787963867188, 992.813232421875, 992.4996948242188, 992.2910766601562, 992.2453002929688, 992.3024291992188, 992.4273681640625, 992.53466796875, 992.6119995117188, 992.6793212890625, 992.7451782226562, 992.7659912109375, 992.7453002929688, 992.5821533203125, 992.385009765625, 992.2564697265625, 992.217529296875, 992.2067260742188, 992.2669677734375, 992.38623046875, 992.57568359375, 992.6708984375, 992.7525024414062, 992.8356323242188, 992.8983154296875, 992.9417114257812, 992.952880859375, 992.8965454101562, 992.8345336914062, 992.7850952148438, 992.775634765625, 992.8152465820312, 992.8741455078125, 992.8978271484375, 992.9274291992188, 992.9590454101562, 992.9851684570312, 993.0107421875, 992.993408203125, 992.9475708007812, 992.9334716796875, 992.9031372070312, 992.900634765625, 992.9373168945312, 992.9641723632812, 993.0025024414062, 993.0325317382812, 993.052734375, 993.0557861328125, 993.062744140625, 993.0712890625, 993.0730590820312, 993.0676879882812, 993.1015625, 993.10693359375, 993.118408203125, 993.1500854492188, 993.1605834960938, 993.1735229492188, 993.1688232421875, 993.1834716796875, 993.2115478515625, 993.2279052734375, 993.235107421875, 993.2355346679688, 993.229248046875, 993.2305297851562, 993.245361328125, 993.2430419921875, 993.2507934570312, 993.2642822265625]}