{"mean": [5134.490905761719, 5029.490417480469, 4826.482666015625, 4482.30126953125, 4307.317626953125, 4196.4927978515625, 4101.901672363281, 3995.6904296875, 3893.34375, 3847.0640869140625, 3820.8524780273438, 3803.8819274902344, 3792.012969970703, 3780.231719970703, 3760.6136474609375, 3745.2514038085938, 3739.860870361328, 3736.8985290527344, 3735.2612915039062, 3734.5184020996094, 3732.1065673828125, 3728.4730834960938, 3723.3790893554688, 3716.7666931152344, 3708.1952209472656, 3698.23046875, 3687.304931640625, 3676.827880859375, 3669.168243408203, 3662.416473388672, 3656.5274353027344, 3651.216796875, 3647.106719970703, 3643.7109375, 3640.8862915039062, 3638.4613037109375, 3636.5033569335938, 3635.3385314941406, 3634.329071044922, 3633.1036682128906, 3631.3751525878906, 3629.3961791992188, 3627.7483520507812, 3626.7886657714844, 3626.2122802734375, 3625.773406982422, 3625.2540893554688, 3624.4248657226562, 3623.489013671875, 3622.7779846191406, 3622.5247802734375, 3622.6424255371094, 3622.821990966797, 3622.6859741210938, 3622.165802001953, 3621.520263671875, 3620.7833557128906, 3620.2520446777344, 3619.807830810547, 3619.4080505371094, 3619.0281982421875, 3618.6730346679688, 3618.4693908691406, 3618.250274658203, 3617.9805297851562, 3617.601287841797, 3617.0964965820312, 3616.6349487304688, 3616.2491455078125, 3615.9356994628906, 3615.6556701660156, 3615.3960876464844, 3615.125732421875, 3614.8914489746094, 3614.6546630859375, 3614.441192626953, 3614.211395263672, 3613.9926147460938, 3613.8143310546875, 3613.6309509277344, 3613.4496154785156, 3613.2789001464844, 3613.119659423828, 3612.949920654297, 3612.760528564453, 3612.560333251953, 3612.4283142089844, 3612.284912109375, 3612.1441040039062, 3612.0028686523438, 3611.8563537597656, 3611.7427673339844, 3611.6487426757812, 3611.5064086914062, 3611.385772705078, 3611.2831420898438, 3611.175018310547, 3611.076873779297, 3610.9749755859375, 3610.871307373047], "upper": [5134.509765625, 5029.5068359375, 4826.5791015625, 4482.3603515625, 4307.75390625, 4196.92724609375, 4102.5068359375, 3996.43798828125, 3893.72998046875, 3847.3525390625, 3821.11083984375, 3804.107421875, 3792.298828125, 3780.566650390625, 3760.85791015625, 3745.611328125, 3740.27783203125, 3737.29150390625, 3735.7216796875, 3734.93408203125, 3732.51708984375, 3728.902099609375, 3723.75634765625, 3717.0966796875, 3708.494140625, 3698.483642578125, 3687.5390625, 3677.12353515625, 3670.4208984375, 3664.508544921875, 3659.05810546875, 3654.422607421875, 3649.88134765625, 3645.8818359375, 3642.590576171875, 3639.70458984375, 3637.32421875, 3635.666259765625, 3634.7744140625, 3633.62939453125, 3631.748779296875, 3629.884765625, 3628.5615234375, 3627.26953125, 3626.49853515625, 3626.160400390625, 3625.65966796875, 3624.82763671875, 3623.75927734375, 3623.209228515625, 3622.8330078125, 3622.962890625, 3623.158447265625, 3623.107666015625, 3622.53369140625, 3621.8876953125, 3621.370849609375, 3620.852783203125, 3620.35302734375, 3619.81396484375, 3619.50146484375, 3619.003173828125, 3618.701171875, 3618.608154296875, 3618.3916015625, 3618.0498046875, 3617.428955078125, 3617.017333984375, 3616.649169921875, 3616.294677734375, 3616.00244140625, 3615.69091796875, 3615.486572265625, 3615.22021484375, 3614.969970703125, 3614.7734375, 3614.562744140625, 3614.3349609375, 3614.107421875, 3613.903076171875, 3613.71435546875, 3613.584716796875, 3613.3974609375, 3613.2275390625, 3613.04931640625, 3612.8447265625, 3612.6923828125, 3612.516357421875, 3612.47412109375, 3612.265869140625, 3612.12255859375, 3612.015625, 3611.89013671875, 3611.71728515625, 3611.634765625, 3611.52880859375, 3611.4375, 3611.33203125, 3611.260986328125, 3611.125244140625], "lower": [5134.46728515625, 5029.466796875, 4826.4375, 4482.2666015625, 4306.74560546875, 4196.30322265625, 4101.5625, 3995.376220703125, 3892.9560546875, 3846.832275390625, 3820.6162109375, 3803.69970703125, 3791.836181640625, 3779.9814453125, 3760.328125, 3745.0166015625, 3739.57861328125, 3736.515380859375, 3734.85888671875, 3734.16748046875, 3731.814208984375, 3728.1943359375, 3723.132568359375, 3716.478515625, 3707.857421875, 3697.88916015625, 3686.9970703125, 3676.5791015625, 3668.64013671875, 3661.505126953125, 3655.39990234375, 3649.884765625, 3646.103515625, 3643.0048828125, 3640.311767578125, 3638.00927734375, 3636.096923828125, 3634.921142578125, 3633.56689453125, 3632.408203125, 3630.9541015625, 3628.940673828125, 3627.28564453125, 3626.462890625, 3626.006103515625, 3625.513671875, 3625.0068359375, 3624.119140625, 3623.18505859375, 3622.453125, 3622.23291015625, 3622.4462890625, 3622.455078125, 3622.30126953125, 3621.8642578125, 3621.163330078125, 3620.41015625, 3619.934814453125, 3619.447265625, 3619.109375, 3618.73681640625, 3618.399658203125, 3618.234375, 3617.93310546875, 3617.711181640625, 3617.35986328125, 3616.84375, 3616.313720703125, 3615.962890625, 3615.6806640625, 3615.38916015625, 3615.1240234375, 3614.805908203125, 3614.638671875, 3614.3896484375, 3614.113037109375, 3613.8837890625, 3613.74755859375, 3613.52490234375, 3613.37451171875, 3613.17236328125, 3613.0341796875, 3612.85498046875, 3612.689453125, 3612.498046875, 3612.3037109375, 3612.212890625, 3612.11279296875, 3611.9208984375, 3611.76806640625, 3611.62646484375, 3611.575439453125, 3611.4501953125, 3611.30517578125, 3611.22021484375, 3611.091064453125, 3610.976318359375, 3610.86083984375, 3610.759765625, 3610.72509765625]}