{
    "particle_has_naninf": false,
    "point_distance_sr": 13924.7333984375,
    "point_distance_rs": 3184.924560546875,
    "chamfer_loss_pcd": 17109.658203125,
    "particle_distance_sr": 6736.7021484375,
    "particle_distance_rs": 9303.12109375,
    "chamfer_loss_particle": 16039.8232421875,
    "final_height_map": null,
    "height_map_loss_pcd": 5367.0986328125,
    "emd_point_distance_loss": 3516.01220703125,
    "emd_particle_distance_loss": 23928.7890625,
    "total_loss": 0.0
}