{"mean": [18307.107421875, 16806.513671875, 15546.377278645834, 15595.0556640625, 15606.734049479166, 15603.7734375, 15591.669921875, 15566.482421875, 15548.330078125, 15535.134765625, 15526.345703125, 15519.625325520834, 15516.215169270834, 15517.791341145834, 15530.748697916666, 15554.30859375, 15575.680013020834, 15600.28125, 15624.104166666666, 15648.3369140625, 15677.1962890625, 15712.102213541666, 15754.470703125, 15807.964518229166, 15874.853515625, 15950.5166015625, 16025.621419270834, 16092.178385416666, 16176.462890625, 16268.501302083334, 16358.15625, 16449.34375, 16535.46875, 16632.215169270832, 16713.637369791668, 16800.0556640625, 16850.008463541668, 16893.860026041668, 16982.473307291668, 17134.483072916668, 17145.957682291668, 17052.333984375, 16907.862955729168, 16868.658854166668, 16921.790364583332, 16892.549479166668, 17066.698567708332, 16867.002604166668, 16837.208333333332, 16788.663411458332, 16753.279947916668, 16721.216145833332, 16696.4296875, 16721.223307291668, 16716.8623046875, 16646.764322916668, 16612.189127604168, 16605.470377604168, 16620.180338541668, 16642.849283854168, 16644.703125, 16651.419270833332, 16700.729166666668, 16793.1640625, 16835.395182291668, 16810.626953125, 16769.29296875, 16747.086588541668, 16735.983723958332, 16720.916015625, 16687.344401041668, 16627.438802083332, 16548.6396484375, 16455.958333333332, 16364.987630208334, 16294.12109375, 16251.1552734375, 16233.473958333334, 16238.6552734375, 16256.119466145834, 16270.243815104166, 16268.3896484375, 16262.5625, 16276.006184895834, 16341.469401041666, 16373.612955729166, 16357.115885416666, 16388.8974609375, 16413.297526041668, 16399.456705729168, 16394.515950520832, 16424.836263020832, 16458.852213541668, 16453.068033854168, 16432.2978515625, 16428.594075520832, 16445.158528645832, 16470.758138020832, 16464.0927734375, 16444.5625], "upper": [26142.6796875, 21568.392578125, 17670.333984375, 17732.623046875, 17742.1796875, 17740.2109375, 17738.12109375, 17736.9375, 17736.431640625, 17736.6015625, 17737.185546875, 17737.44140625, 17737.654296875, 17737.97265625, 17738.33984375, 17738.60546875, 17738.921875, 17738.8828125, 17738.669921875, 17737.67578125, 17736.021484375, 17732.9296875, 17728.962890625, 17723.75, 17718.197265625, 17713.3515625, 17706.3125, 17694.505859375, 17684.36328125, 17675.083984375, 17665.248046875, 17656.091796875, 17645.998046875, 17636.22265625, 17625.75390625, 17612.943359375, 17598.8671875, 17584.474609375, 17567.51953125, 17546.060546875, 17522.822265625, 17497.10546875, 17468.083984375, 17439.830078125, 17409.001953125, 17366.865234375, 17408.228515625, 17210.328125, 17067.763671875, 17053.712890625, 17107.951171875, 17141.828125, 17158.8671875, 17174.1875, 17183.8046875, 17185.19140625, 17181.53125, 17175.0, 17164.294921875, 17149.345703125, 17129.423828125, 17103.634765625, 17074.4765625, 17041.947265625, 17006.099609375, 16965.13671875, 16909.26953125, 16836.037109375, 16806.53515625, 16889.3984375, 16946.810546875, 16961.271484375, 16936.8515625, 16888.66015625, 16846.96875, 16825.8515625, 16823.392578125, 16840.84375, 16868.697265625, 16907.041015625, 16956.857421875, 17007.23046875, 17048.6875, 17069.234375, 17060.44140625, 17045.9765625, 17040.8984375, 17044.80078125, 17062.26953125, 17080.642578125, 17081.81640625, 17074.044921875, 17066.751953125, 17057.240234375, 17056.796875, 17057.228515625, 17048.89453125, 17029.77734375, 17013.787109375, 17008.576171875], "lower": [14242.4462890625, 14378.076171875, 14476.919921875, 14456.3046875, 14430.521484375, 14420.4052734375, 14421.341796875, 14377.650390625, 14346.7373046875, 14318.8076171875, 14298.9296875, 14287.30078125, 14282.6494140625, 14285.208984375, 14294.564453125, 14319.25390625, 14330.083984375, 14344.662109375, 14357.12890625, 14368.1669921875, 14383.1640625, 14407.0, 14436.203125, 14469.6005859375, 14504.955078125, 14549.69140625, 14607.9912109375, 14677.46484375, 14762.1083984375, 14862.462890625, 14974.595703125, 15110.509765625, 15275.59375, 15483.3408203125, 15697.119140625, 15929.7392578125, 16151.658203125, 16437.119140625, 16495.20703125, 16439.96484375, 16484.193359375, 16457.966796875, 16352.9189453125, 16498.35546875, 16598.62890625, 16545.482421875, 16484.58203125, 16474.337890625, 16440.662109375, 16409.951171875, 16406.533203125, 16417.130859375, 16451.8359375, 16389.291015625, 16322.7666015625, 16270.958984375, 16243.9267578125, 16237.1181640625, 16250.21875, 16281.6513671875, 16327.69140625, 16378.197265625, 16428.2890625, 16471.306640625, 16513.166015625, 16557.33984375, 16617.767578125, 16695.296875, 16654.52734375, 16620.8125, 16556.94921875, 16454.986328125, 16329.9423828125, 16170.529296875, 16005.3046875, 15855.740234375, 15730.322265625, 15621.345703125, 15534.201171875, 15460.2822265625, 15386.8505859375, 15323.1533203125, 15292.96875, 15290.4775390625, 15314.1953125, 15361.5615234375, 15423.427734375, 15480.4189453125, 15539.44140625, 15598.1552734375, 15659.6162109375, 15714.3154296875, 15761.072265625, 15805.8115234375, 15835.3427734375, 15847.7626953125, 15844.3310546875, 15826.1611328125, 15797.6064453125, 15769.03515625]}