{"mean": [930.042724609375, 928.25927734375, 926.9616902669271, 925.7098185221354, 923.8940633138021, 922.4635823567709, 921.0381266276041, 919.6646931966146, 918.2364908854166, 916.8739217122396, 915.5696207682291, 914.3138834635416, 913.0719807942709, 912.0222981770834, 912.0684611002604, 912.0973103841146, 912.0933227539062, 912.1088053385416, 912.1375325520834, 912.1489868164062, 912.1617228190104, 912.1869099934896, 912.2133992513021, 912.2324422200521, 912.2441609700521, 912.2125244140625, 912.1109415690104, 911.9747314453125, 911.8170369466146, 911.6509806315104, 911.4709879557291, 911.3014933268229, 911.0632731119791, 910.8291219075521, 910.5657958984375, 910.2772216796875, 909.9931437174479, 909.6816813151041, 909.3508504231771, 909.0693766276041, 908.8472290039062, 908.6498006184896, 908.52880859375, 908.4460245768229, 908.4544067382812, 908.5709025065104, 908.8415730794271, 909.4296875, 910.4585571289062, 911.9354858398438, 913.3484700520834, 914.5902506510416, 916.2527262369791, 917.6915690104166, 915.8865559895834, 914.6706339518229, 913.9881998697916, 913.1059977213541, 911.9830932617188, 910.6466674804688, 908.9992472330729, 906.7820027669271, 903.9862670898438, 900.6978556315104, 897.6182250976562, 897.4468180338541, 897.3588256835938, 897.2599283854166, 897.1537068684896, 897.0603230794271, 897.0161946614584, 897.048095703125, 897.1616007486979, 897.3790486653646, 897.6892903645834, 897.9536946614584, 898.1669921875, 898.2569173177084, 898.2347615559896, 898.2477010091146, 898.5235392252604, 899.3034057617188, 900.7843627929688, 902.6041870117188, 904.4575602213541, 905.8988444010416, 902.7291056315104, 901.835205078125, 900.6611328125, 899.2305501302084, 897.4547526041666, 895.2990926106771, 892.4822387695312, 890.0105387369791, 889.76953125, 889.5559488932291, 889.3143920898438, 889.1109008789062, 888.9159342447916, 888.7554524739584], "upper": [956.400390625, 954.8690185546875, 953.6029663085938, 952.9552001953125, 952.3626708984375, 951.755615234375, 951.1730346679688, 950.626708984375, 950.3761596679688, 950.2122802734375, 950.0262451171875, 949.8410034179688, 949.64794921875, 949.5302734375, 949.382080078125, 949.256591796875, 949.1217041015625, 949.038818359375, 948.9425659179688, 948.864013671875, 948.7723999023438, 948.6929931640625, 948.6425170898438, 948.5833740234375, 948.5479736328125, 948.4920043945312, 948.4771118164062, 948.4573974609375, 948.6445922851562, 948.8589477539062, 949.00439453125, 949.0555419921875, 948.99755859375, 948.9188842773438, 948.7474975585938, 948.631591796875, 948.6922607421875, 948.750244140625, 948.8010864257812, 948.850341796875, 948.9277954101562, 948.9685668945312, 949.0201416015625, 949.1153564453125, 949.1693725585938, 949.2731323242188, 950.3711547851562, 952.3052978515625, 955.4260864257812, 959.880615234375, 964.04296875, 967.6409912109375, 972.4862670898438, 976.60888671875, 970.9397583007812, 967.1038208007812, 964.9894409179688, 962.2369384765625, 958.8136596679688, 954.7919311523438, 949.8237915039062, 947.9295043945312, 947.6943969726562, 947.4380493164062, 947.1817626953125, 946.91748046875, 946.6497192382812, 946.452880859375, 946.3007202148438, 946.1705322265625, 946.2286376953125, 946.5031127929688, 947.0433959960938, 947.7513427734375, 948.7675170898438, 949.6487426757812, 950.2989501953125, 950.5142822265625, 950.3850708007812, 950.34423828125, 951.0536499023438, 953.263916015625, 957.6134033203125, 962.9169921875, 968.4036254882812, 972.6774291992188, 963.180908203125, 960.5468139648438, 957.1142578125, 952.8594360351562, 947.6137084960938, 941.2251586914062, 932.8065185546875, 925.4129028320312, 924.7383422851562, 924.0602416992188, 923.3431396484375, 922.6849975585938, 922.0894775390625, 921.505859375], "lower": [880.9867553710938, 877.833984375, 874.7125854492188, 871.3956298828125, 867.9627075195312, 864.5369262695312, 861.1146240234375, 857.7777709960938, 854.3062133789062, 850.8829345703125, 847.6802978515625, 844.5693359375, 841.4969482421875, 838.9169921875, 839.5909423828125, 840.1595458984375, 840.5764770507812, 840.96337890625, 841.31005859375, 841.5222778320312, 841.6016235351562, 841.5888061523438, 841.4306640625, 841.1835327148438, 840.8438110351562, 840.3860473632812, 839.7612915039062, 839.0838623046875, 838.3621826171875, 837.6318359375, 836.9534301757812, 836.36572265625, 835.6969604492188, 835.0372314453125, 834.3795166015625, 833.656982421875, 832.9568481445312, 832.2467041015625, 831.4470825195312, 830.66650390625, 829.9674682617188, 829.280517578125, 828.6856689453125, 828.1053466796875, 827.6087646484375, 827.23046875, 826.903076171875, 826.7196044921875, 826.6434936523438, 826.6382446289062, 826.714111328125, 826.8665771484375, 827.0569458007812, 827.3082885742188, 827.638427734375, 827.9136352539062, 828.1245727539062, 828.3897094726562, 828.608154296875, 828.796630859375, 829.0248413085938, 829.298583984375, 829.5045166015625, 829.7406005859375, 829.8954467773438, 829.9229125976562, 829.9791259765625, 829.876220703125, 829.71142578125, 829.564453125, 829.37060546875, 829.1918334960938, 828.9906005859375, 828.9347534179688, 828.849609375, 828.7626953125, 828.753662109375, 828.8081665039062, 828.8701782226562, 828.9501342773438, 829.0667114257812, 829.200439453125, 829.2897338867188, 829.444580078125, 829.5219116210938, 829.5694580078125, 829.5591430664062, 829.50830078125, 829.4212036132812, 829.3856811523438, 829.3028564453125, 829.2244873046875, 829.191650390625, 829.17236328125, 829.1220092773438, 829.1602783203125, 829.14990234375, 829.2001953125, 829.2070922851562, 829.3111572265625]}