{"mean": [8718.2724609375, 8701.44140625, 8689.194986979166, 8678.82421875, 8670.862630208334, 8665.324869791666, 8660.089192708334, 8654.697916666666, 8649.041341145834, 8643.748697916666, 8637.5546875, 8631.041015625, 8623.082682291666, 8615.955078125, 8615.839518229166, 8616.106770833334, 8616.7978515625, 8618.056966145834, 8619.748046875, 8621.805013020834, 8624.27734375, 8627.0185546875, 8629.974609375, 8633.001627604166, 8636.161458333334, 8639.155598958334, 8641.982421875, 8644.4228515625, 8646.5478515625, 8648.211588541666, 8649.3291015625, 8650.028645833334, 8650.3154296875, 8650.331705729166, 8649.993815104166, 8649.451497395834, 8648.768880208334, 8647.953125, 8647.401692708334, 8647.533528645834, 8648.383463541666, 8649.960286458334, 8652.2919921875, 8655.688151041666, 8660.359049479166, 8666.5517578125, 8674.991536458334, 8687.149739583334, 8703.266276041666, 8723.549153645834, 8747.699869791666, 8776.013020833334, 8809.001302083334, 8839.87109375, 8868.3076171875, 8891.7109375, 8888.685872395834, 8884.904947916666, 8880.338541666666, 8875.106770833334, 8869.462890625, 8863.421875, 8857.6689453125, 8851.582356770834, 8846.697265625, 8847.729817708334, 8849.032877604166, 8850.805013020834, 8853.101888020834, 8855.9326171875, 8859.624348958334, 8864.434895833334, 8870.638671875, 8878.295572916666, 8886.586263020834, 8893.994140625, 8899.461263020834, 8902.329752604166, 8903.195963541666, 8905.068033854166, 8912.560221354166, 8928.5087890625, 8953.736979166666, 8990.282552083334, 9038.292643229166, 9083.616861979166, 9104.872395833334, 9102.837239583334, 9100.0732421875, 9096.702799479166, 9092.654622395834, 9087.82421875, 9081.861979166666, 9078.720052083334, 9079.046549479166, 9079.416666666666, 9079.689127604166, 9080.043294270834, 9080.382486979166, 9080.713541666666], "upper": [9000.9365234375, 8993.140625, 8984.6630859375, 8975.0341796875, 8964.923828125, 8954.0458984375, 8942.46875, 8929.3974609375, 8915.1220703125, 8900.646484375, 8882.7626953125, 8863.1787109375, 8838.7587890625, 8815.3359375, 8812.3984375, 8809.6064453125, 8807.0966796875, 8804.994140625, 8802.9541015625, 8801.0859375, 8799.630859375, 8798.3759765625, 8797.3525390625, 8796.4775390625, 8795.8994140625, 8795.5751953125, 8795.5009765625, 8795.58203125, 8795.875, 8796.232421875, 8796.3701171875, 8796.544921875, 8796.7412109375, 8797.1005859375, 8797.3876953125, 8797.7041015625, 8798.2392578125, 8798.7216796875, 8799.2939453125, 8799.8603515625, 8800.505859375, 8801.05078125, 8801.5693359375, 8802.0263671875, 8802.7119140625, 8802.9658203125, 8803.0986328125, 8802.8427734375, 8802.677734375, 8856.4228515625, 8929.4169921875, 9015.1708984375, 9115.015625, 9208.486328125, 9294.7294921875, 9365.8974609375, 9357.53125, 9346.6396484375, 9333.6337890625, 9318.7373046875, 9302.0126953125, 9283.783203125, 9266.0029296875, 9246.49609375, 9229.65625, 9230.1572265625, 9230.29296875, 9230.2890625, 9230.28125, 9230.2861328125, 9230.2861328125, 9230.2890625, 9230.296875, 9230.29296875, 9230.2919921875, 9230.2861328125, 9230.28515625, 9230.2939453125, 9230.291015625, 9230.287109375, 9230.29296875, 9230.2861328125, 9230.291015625, 9230.2890625, 9230.2880859375, 9230.2890625, 9291.8486328125, 9285.6240234375, 9277.326171875, 9267.0732421875, 9254.8173828125, 9240.0546875, 9230.2861328125, 9230.2890625, 9230.2890625, 9230.2900390625, 9230.2919921875, 9230.28515625, 9230.2958984375, 9230.2919921875], "lower": [8562.5068359375, 8549.63671875, 8541.2783203125, 8525.8115234375, 8516.9013671875, 8515.79296875, 8515.2255859375, 8514.9404296875, 8514.9638671875, 8515.140625, 8513.7890625, 8513.076171875, 8512.791015625, 8513.5498046875, 8514.9853515625, 8517.2177734375, 8520.7001953125, 8523.818359375, 8524.9189453125, 8525.8583984375, 8526.6796875, 8527.279296875, 8527.583984375, 8527.6669921875, 8527.6171875, 8527.26953125, 8526.8095703125, 8526.0771484375, 8525.29296875, 8524.38671875, 8523.3125, 8522.2314453125, 8521.04296875, 8519.8984375, 8518.7958984375, 8517.7919921875, 8516.8720703125, 8515.962890625, 8515.1826171875, 8514.53515625, 8513.970703125, 8513.5302734375, 8513.0791015625, 8512.83984375, 8512.53515625, 8512.4248046875, 8512.2548828125, 8512.12109375, 8512.05078125, 8512.001953125, 8511.9833984375, 8511.9736328125, 8511.869140625, 8511.875, 8511.9111328125, 8511.935546875, 8511.923828125, 8512.1181640625, 8512.2353515625, 8512.4169921875, 8512.8857421875, 8513.533203125, 8514.5615234375, 8516.0625, 8518.345703125, 8521.2470703125, 8524.923828125, 8530.1416015625, 8536.703125, 8544.9462890625, 8555.7099609375, 8569.931640625, 8588.2607421875, 8610.9990234375, 8635.681640625, 8657.8564453125, 8674.294921875, 8682.8779296875, 8685.55859375, 8691.359375, 8714.0615234375, 8762.177734375, 8792.798828125, 8792.7724609375, 8792.4775390625, 8792.650390625, 8792.4873046875, 8792.5986328125, 8792.6064453125, 8792.75390625, 8792.86328125, 8793.134765625, 8793.0322265625, 8793.1826171875, 8793.1669921875, 8793.298828125, 8793.126953125, 8793.146484375, 8793.0048828125, 8792.896484375]}