{"mean": [1667.3424479166667, 1661.5288899739583, 1656.2915852864583, 1651.1509195963542, 1647.1025390625, 1644.2157389322917, 1641.24169921875, 1638.0868326822917, 1635.8398844401042, 1632.908935546875, 1629.8551839192708, 1626.6046142578125, 1618.0406494140625, 1614.7665201822917, 1612.949951171875, 1611.2334798177083, 1609.428955078125, 1607.792236328125, 1606.14697265625, 1604.5774332682292, 1603.1826578776042, 1601.9417317708333, 1600.7611897786458, 1599.718017578125, 1598.9663899739583, 1598.3125813802083, 1597.9392496744792, 1597.732421875, 1597.7017415364583, 1597.8149007161458, 1598.0796712239583, 1598.3872884114583, 1598.8645426432292, 1599.4124755859375, 1600.0617268880208, 1600.7533365885417, 1601.498291015625, 1602.2408447265625, 1602.9822184244792, 1603.5729166666667, 1604.0994059244792, 1604.3995768229167, 1604.596923828125, 1604.6483561197917, 1569.9094645182292, 1563.671142578125, 1556.1233723958333, 1556.6818033854167, 1533.569091796875, 1536.2647298177083, 1535.9012044270833, 1539.4307861328125, 1546.6784261067708, 1556.2388102213542, 1571.791015625, 1587.4500325520833, 1582.8128662109375, 1581.899658203125, 1580.7315266927083, 1579.2762451171875, 1577.6668701171875, 1572.2259521484375, 1562.7811686197917, 1545.6282552083333, 1543.965087890625, 1543.4137369791667, 1542.5850016276042, 1541.6514485677083, 1540.59521484375, 1539.486083984375, 1538.3372395833333, 1536.9136962890625, 1535.2837727864583, 1533.5028076171875, 1531.9089762369792, 1530.6524658203125, 1529.8094889322917, 1529.3526204427083, 1507.0677490234375, 1492.3902587890625, 1481.8489176432292, 1479.5136311848958, 1460.4228108723958, 1459.6407877604167, 1469.5497233072917, 1484.6083984375, 1498.8707682291667, 1494.3576253255208, 1494.1375325520833, 1493.7750651041667, 1489.505859375, 1481.2977294921875, 1465.4284261067708, 1465.2783203125, 1465.8177083333333, 1466.3400472005208, 1466.8520100911458, 1467.3506266276042, 1467.8341471354167, 1468.3218587239583], "upper": [1727.7227783203125, 1724.306884765625, 1720.504638671875, 1716.5537109375, 1712.8349609375, 1708.9869384765625, 1704.92529296875, 1700.68115234375, 1698.565673828125, 1694.233154296875, 1689.594970703125, 1684.329345703125, 1663.153076171875, 1657.8563232421875, 1656.6649169921875, 1655.5731201171875, 1654.73828125, 1653.997314453125, 1653.362548828125, 1652.86083984375, 1652.5166015625, 1652.3056640625, 1652.254638671875, 1652.29345703125, 1652.49267578125, 1652.8853759765625, 1653.4713134765625, 1654.12451171875, 1654.8426513671875, 1655.6385498046875, 1656.3253173828125, 1656.9658203125, 1657.739501953125, 1658.4736328125, 1659.2989501953125, 1660.1123046875, 1660.9827880859375, 1661.9110107421875, 1662.86328125, 1663.7764892578125, 1664.686767578125, 1665.635498046875, 1666.5750732421875, 1667.399169921875, 1668.7347412109375, 1669.295654296875, 1669.7777099609375, 1670.0274658203125, 1670.119384765625, 1670.083251953125, 1669.88720703125, 1669.595703125, 1669.208251953125, 1668.6798095703125, 1668.1544189453125, 1667.5665283203125, 1667.16064453125, 1666.83642578125, 1666.4813232421875, 1666.134765625, 1665.784912109375, 1665.373046875, 1664.9931640625, 1664.7305908203125, 1664.5439453125, 1664.42236328125, 1664.466552734375, 1664.5780029296875, 1664.78369140625, 1664.977294921875, 1665.276123046875, 1665.525146484375, 1665.7408447265625, 1665.889892578125, 1666.0008544921875, 1666.0860595703125, 1666.0721435546875, 1666.03759765625, 1665.96630859375, 1665.87158203125, 1665.7021484375, 1665.490234375, 1665.2994384765625, 1665.1353759765625, 1665.029296875, 1665.021484375, 1664.9853515625, 1665.047607421875, 1665.152587890625, 1665.2515869140625, 1665.352294921875, 1665.4334716796875, 1665.5001220703125, 1665.532470703125, 1665.5836181640625, 1665.58837890625, 1665.5537109375, 1665.50146484375, 1665.410400390625, 1665.35205078125], "lower": [1634.8648681640625, 1626.6475830078125, 1617.731201171875, 1610.029052734375, 1604.33984375, 1601.6246337890625, 1599.303955078125, 1597.2822265625, 1595.333984375, 1593.6368408203125, 1591.9051513671875, 1590.2496337890625, 1588.660400390625, 1587.388427734375, 1586.0841064453125, 1585.01806640625, 1584.0189208984375, 1583.25927734375, 1582.4754638671875, 1578.8004150390625, 1575.367431640625, 1572.085205078125, 1568.756103515625, 1565.5921630859375, 1562.9764404296875, 1560.3800048828125, 1558.2886962890625, 1556.5509033203125, 1555.150634765625, 1553.9830322265625, 1553.25830078125, 1552.685791015625, 1552.4150390625, 1552.3037109375, 1552.3759765625, 1552.575927734375, 1552.8804931640625, 1553.1668701171875, 1553.4168701171875, 1553.25537109375, 1552.9110107421875, 1551.9033203125, 1550.6356201171875, 1549.0509033203125, 1442.7528076171875, 1422.7861328125, 1399.0428466796875, 1399.919921875, 1330.0081787109375, 1337.781494140625, 1336.643798828125, 1347.3275146484375, 1369.4765625, 1398.734130859375, 1446.030029296875, 1493.8399658203125, 1480.88671875, 1479.0328369140625, 1476.6409912109375, 1473.726318359375, 1470.3582763671875, 1455.4901123046875, 1429.03857421875, 1379.5484619140625, 1376.795654296875, 1377.5596923828125, 1377.731201171875, 1377.7294921875, 1377.73046875, 1377.730712890625, 1377.7301025390625, 1377.7314453125, 1377.7296142578125, 1377.7314453125, 1377.7308349609375, 1377.729248046875, 1377.7303466796875, 1377.73046875, 1377.7313232421875, 1377.7308349609375, 1377.731201171875, 1377.7318115234375, 1338.2386474609375, 1336.0567626953125, 1365.888916015625, 1377.7314453125, 1377.7303466796875, 1377.7310791015625, 1377.7310791015625, 1377.73095703125, 1377.72900390625, 1377.72998046875, 1353.0540771484375, 1352.5716552734375, 1354.1392822265625, 1355.7005615234375, 1357.2718505859375, 1358.8204345703125, 1360.36083984375, 1361.883056640625]}