{"mean": [5762.982096354167, 5776.825358072917, 5800.7958984375, 5819.006184895833, 5803.896647135417, 5800.845540364583, 5796.41552734375, 5791.108561197917, 5784.10546875, 5774.920735677083, 5767.04931640625, 5749.4404296875, 5732.82861328125, 5713.899576822917, 5702.901204427083, 5691.333821614583, 5679.075846354167, 5665.90380859375, 5652.258463541667, 5638.371907552083, 5624.211588541667, 5611.318359375, 5598.358072916667, 5585.69091796875, 5574.32470703125, 5563.836588541667, 5555.12744140625, 5547.939778645833, 5542.654134114583, 5538.907063802083, 5536.588216145833, 5535.630208333333, 5536.0771484375, 5537.318196614583, 5540.1875, 5543.4775390625, 5547.854329427083, 5552.578938802083, 5557.287760416667, 5559.941731770833, 5560.899251302083, 5559.61181640625, 5556.237467447917, 5550.330403645833, 5541.835611979167, 5529.592447916667, 5514.796061197917, 5499.93359375, 5490.980794270833, 5495.650065104167, 5521.616861979167, 5584.36376953125, 5708.26025390625, 5935.045084635417, 6070.852213541667, 5906.6552734375, 5907.484537760417, 5908.800455729167, 5910.248046875, 5910.923502604167, 5909.383626302083, 5907.322916666667, 5901.918619791667, 5890.277506510417, 5874.46435546875, 5867.7763671875, 5861.15625, 5853.236328125, 5843.037760416667, 5832.073079427083, 5818.8642578125, 5802.191569010417, 5781.222005208333, 5757.480794270833, 5734.77099609375, 5717.008463541667, 5705.67626953125, 5700.190755208333, 5698.47021484375, 5695.273763020833, 5683.60400390625, 5666.316080729167, 5661.645833333333, 5700.102376302083, 5844.193684895833, 6183.1083984375, 6202.830891927083, 6197.045572916667, 6190.504557291667, 6181.868001302083, 6169.828938802083, 6152.1455078125, 6124.089029947917, 6098.5625, 6098.530598958333, 6098.240559895833, 6097.480794270833, 6096.423177083333, 6094.890625, 6093.31005859375], "upper": [6345.59912109375, 6355.97802734375, 6365.3173828125, 6371.0927734375, 6375.41748046875, 6377.21484375, 6376.14013671875, 6372.65283203125, 6364.1865234375, 6349.65478515625, 6341.04248046875, 6304.9033203125, 6274.8818359375, 6241.45166015625, 6237.1650390625, 6235.04736328125, 6232.8076171875, 6229.56396484375, 6228.2412109375, 6226.75390625, 6223.794921875, 6223.5078125, 6221.8701171875, 6220.6240234375, 6220.50341796875, 6219.802734375, 6219.91748046875, 6220.32666015625, 6221.248046875, 6221.861328125, 6222.412109375, 6223.37158203125, 6224.7001953125, 6225.447265625, 6227.5859375, 6228.7021484375, 6230.92529296875, 6232.884765625, 6235.0244140625, 6236.7421875, 6238.62451171875, 6240.88330078125, 6243.2138671875, 6245.50439453125, 6249.9580078125, 6251.4677734375, 6251.42578125, 6251.5791015625, 6251.4033203125, 6250.6650390625, 6250.0009765625, 6249.025390625, 6247.7373046875, 6246.24609375, 6506.4150390625, 6243.7900390625, 6242.390625, 6242.1123046875, 6241.1435546875, 6239.9853515625, 6239.435546875, 6238.2265625, 6237.3798828125, 6236.84423828125, 6236.43896484375, 6236.32421875, 6236.36474609375, 6236.828125, 6236.822265625, 6237.3056640625, 6238.091796875, 6238.60400390625, 6238.8125, 6239.3671875, 6239.34326171875, 6239.4541015625, 6239.30859375, 6239.53125, 6239.3701171875, 6239.3740234375, 6238.953125, 6238.751953125, 6237.7490234375, 6237.42529296875, 6237.7099609375, 6330.1201171875, 6389.2783203125, 6372.28515625, 6352.216796875, 6325.9755859375, 6289.7587890625, 6238.5703125, 6238.7177734375, 6238.7197265625, 6238.62451171875, 6238.861328125, 6238.6201171875, 6238.435546875, 6238.0146484375, 6238.1923828125], "lower": [5281.931640625, 5351.7841796875, 5451.8916015625, 5510.0, 5466.412109375, 5462.54833984375, 5457.3095703125, 5451.8642578125, 5446.591796875, 5441.4892578125, 5435.94189453125, 5430.3125, 5424.1376953125, 5417.556640625, 5410.52197265625, 5403.64453125, 5396.9228515625, 5377.193359375, 5343.041015625, 5307.677734375, 5272.2001953125, 5236.9677734375, 5201.85546875, 5166.47119140625, 5132.8125, 5101.515625, 5073.83203125, 5049.7626953125, 5030.10595703125, 5014.81640625, 5003.306640625, 4994.86669921875, 4989.86328125, 4987.56982421875, 4988.306640625, 4991.458984375, 4996.869140625, 5003.9423828125, 5011.140625, 5012.681640625, 5009.130859375, 4999.158203125, 4983.22265625, 4959.8505859375, 4926.8603515625, 4886.005859375, 4839.23388671875, 4792.302734375, 4764.0107421875, 4777.44921875, 4854.943359375, 5043.52783203125, 5416.248046875, 5460.77001953125, 5460.23828125, 5459.1318359375, 5457.29541015625, 5454.640625, 5451.3271484375, 5446.80224609375, 5440.94482421875, 5434.1884765625, 5425.3115234375, 5414.0322265625, 5400.140625, 5384.53515625, 5365.6064453125, 5341.3466796875, 5310.7587890625, 5277.38671875, 5236.99658203125, 5186.482421875, 5123.33203125, 5051.568359375, 4983.462890625, 4930.083984375, 4896.2021484375, 4879.5419921875, 4874.537109375, 4864.9404296875, 4830.38427734375, 4778.67333984375, 4765.6796875, 4881.3603515625, 5313.3427734375, 5981.49609375, 5981.486328125, 5981.501953125, 5981.4833984375, 5981.53857421875, 5981.50830078125, 5981.54150390625, 5981.46337890625, 5981.48046875, 5981.513671875, 5981.537109375, 5981.5078125, 5981.52880859375, 5981.478515625, 5981.51171875]}