{"mean": [10716.344075520834, 10685.7509765625, 10641.4169921875, 10590.5712890625, 10549.856770833334, 10507.362630208334, 10443.993815104166, 10388.5498046875, 10353.4755859375, 10343.861002604166, 10342.694986979166, 10341.233072916666, 10346.7060546875, 10349.697591145834, 10351.7119140625, 10354.117513020834, 10355.4248046875, 10355.0322265625, 10352.580729166666, 10349.1787109375, 10345.043294270834, 10340.236002604166, 10335.524739583334, 10330.852213541666, 10326.105143229166, 10320.677083333334, 10314.557291666666, 10307.624348958334, 10301.143880208334, 10295.551432291666, 10291.172526041666, 10289.181640625, 10289.2490234375, 10289.305013020834, 10289.680338541666, 10289.835611979166, 10289.489583333334, 10288.697916666666, 10287.624674479166, 10286.403971354166, 10284.657552083334, 10282.902669270834, 10281.579752604166, 10280.1552734375, 10278.647135416666, 10277.228190104166, 10275.644856770834, 10273.786458333334, 10271.914713541666, 10270.59375, 10269.489583333334, 10269.05078125, 10268.275065104166, 10268.306966145834, 10268.198567708334, 10268.03125, 10267.649739583334, 10267.165690104166, 10266.4580078125, 10265.676432291666, 10264.978841145834, 10265.512044270834, 10264.487955729166, 10264.538736979166, 10264.587239583334, 10264.453450520834, 10264.374348958334, 10264.074544270834, 10263.789713541666, 10263.556315104166, 10263.330729166666, 10263.292643229166, 10263.224609375, 10263.2294921875, 10263.136067708334, 10263.091471354166, 10263.176106770834, 10263.1279296875, 10263.064778645834, 10263.0517578125, 10263.111328125, 10263.193033854166, 10263.258138020834, 10263.350911458334, 10263.398763020834, 10263.434895833334, 10263.494140625, 10263.6103515625, 10263.599609375, 10263.72265625, 10263.659505208334, 10263.656575520834, 10263.651692708334, 10263.633463541666, 10263.759440104166, 10263.709309895834, 10263.680013020834, 10263.644856770834, 10263.597330729166, 10263.528645833334], "upper": [11245.08203125, 11197.21875, 11109.501953125, 10985.0478515625, 10878.296875, 10767.7021484375, 10585.8095703125, 10460.7421875, 10460.6240234375, 10458.1376953125, 10456.439453125, 10454.763671875, 10451.4853515625, 10449.552734375, 10447.5693359375, 10445.6279296875, 10443.162109375, 10440.45703125, 10437.5390625, 10435.791015625, 10434.015625, 10432.2216796875, 10430.2041015625, 10427.328125, 10424.154296875, 10420.7216796875, 10417.1357421875, 10413.4482421875, 10409.72265625, 10405.9912109375, 10402.126953125, 10398.2197265625, 10397.94921875, 10397.8173828125, 10397.556640625, 10397.0546875, 10396.1298828125, 10394.814453125, 10392.9931640625, 10390.8330078125, 10388.43359375, 10386.4697265625, 10386.271484375, 10385.7353515625, 10384.5029296875, 10383.0615234375, 10380.900390625, 10377.97265625, 10374.91796875, 10373.466796875, 10372.9287109375, 10373.787109375, 10373.369140625, 10374.6728515625, 10375.6455078125, 10376.0537109375, 10375.947265625, 10375.13671875, 10373.986328125, 10372.443359375, 10371.009765625, 10373.2783203125, 10370.560546875, 10371.1201171875, 10371.62890625, 10371.7919921875, 10371.7763671875, 10371.2822265625, 10370.810546875, 10370.455078125, 10370.216796875, 10369.9970703125, 10369.984375, 10369.9619140625, 10369.83984375, 10369.73828125, 10369.6767578125, 10369.5146484375, 10369.3505859375, 10369.2822265625, 10369.3603515625, 10369.5048828125, 10369.57421875, 10369.6708984375, 10369.671875, 10369.75390625, 10369.955078125, 10370.244140625, 10370.306640625, 10370.61328125, 10370.4404296875, 10370.3876953125, 10370.3369140625, 10370.26171875, 10370.21484375, 10370.14453125, 10370.1279296875, 10370.0625, 10370.0595703125, 10370.02734375], "lower": [10423.328125, 10378.6123046875, 10343.201171875, 10320.6884765625, 10306.86328125, 10291.80859375, 10284.958984375, 10285.74609375, 10290.07421875, 10281.408203125, 10282.4951171875, 10282.7919921875, 10274.1552734375, 10264.8583984375, 10255.9560546875, 10248.7060546875, 10243.6806640625, 10240.4658203125, 10237.5126953125, 10235.2998046875, 10234.177734375, 10233.1337890625, 10232.65625, 10232.259765625, 10231.943359375, 10230.5576171875, 10228.9130859375, 10227.2236328125, 10225.4521484375, 10223.4521484375, 10220.99609375, 10219.4150390625, 10218.0244140625, 10216.4375, 10215.6708984375, 10215.1611328125, 10214.6962890625, 10214.6318359375, 10214.1484375, 10213.443359375, 10212.669921875, 10211.8857421875, 10211.4873046875, 10211.3759765625, 10211.322265625, 10211.400390625, 10211.5830078125, 10211.642578125, 10211.732421875, 10211.8818359375, 10211.8837890625, 10211.7734375, 10211.671875, 10211.806640625, 10211.814453125, 10211.7236328125, 10211.5615234375, 10211.58203125, 10211.2783203125, 10211.0068359375, 10210.7197265625, 10210.388671875, 10210.18359375, 10209.986328125, 10209.6689453125, 10209.28515625, 10209.2109375, 10208.9990234375, 10208.7919921875, 10208.5595703125, 10208.2548828125, 10208.416015625, 10208.203125, 10208.20703125, 10208.11328125, 10208.0224609375, 10208.3564453125, 10208.3603515625, 10208.390625, 10208.4052734375, 10208.34375, 10208.3115234375, 10208.2529296875, 10208.365234375, 10208.3076171875, 10208.3701171875, 10208.3046875, 10208.279296875, 10208.2578125, 10208.232421875, 10208.2314453125, 10208.291015625, 10208.37109375, 10208.3603515625, 10208.7197265625, 10208.6787109375, 10208.787109375, 10208.82421875, 10208.810546875, 10208.7978515625]}