{"mean": [3664.833251953125, 3657.7706705729165, 3651.1357421875, 3638.608642578125, 3624.20263671875, 3622.0919596354165, 3618.2721354166665, 3615.39501953125, 3607.9751790364585, 3606.23974609375, 3612.822021484375, 3619.1712239583335, 3616.8409830729165, 3620.685791015625, 3622.6219889322915, 3626.3353678385415, 3629.4168294270835, 3632.1136881510415, 3632.68408203125, 3631.4732259114585, 3631.302490234375, 3633.2984212239585, 3630.67578125, 3629.9568684895835, 3627.87890625, 3627.7096354166665, 3626.2789713541665, 3621.89306640625, 3621.2862141927085, 3619.4532877604165, 3619.5657552083335, 3622.5318196614585, 3622.8544108072915, 3621.0358072916665, 3622.048828125, 3623.3193359375, 3621.0174153645835, 3620.9723307291665, 3621.891845703125, 3622.7122395833335, 3621.221923828125, 3621.2412923177085, 3623.23828125, 3622.1070963541665, 3622.0817057291665, 3621.2158203125, 3619.8159993489585, 3618.9256998697915, 3615.9921061197915, 3614.784423828125, 3616.3836263020835, 3615.10986328125, 3614.5926106770835, 3615.6944173177085, 3616.5970052083335, 3616.4276529947915, 3617.624267578125, 3617.6512044270835, 3616.6322428385415, 3614.1173502604165, 3613.4226888020835, 3612.8229166666665, 3614.5652669270835, 3615.4842122395835, 3617.791015625, 3617.876953125, 3618.1798502604165, 3619.0856119791665, 3618.607177734375, 3619.393310546875, 3619.0160319010415, 3617.1681315104165, 3616.894287109375, 3617.1505533854165, 3617.6937662760415, 3616.5121256510415, 3617.0437825520835, 3616.4828287760415, 3617.4752604166665, 3619.341552734375, 3621.8798014322915, 3621.72119140625, 3620.4273274739585, 3621.0997721354165, 3620.4942220052085, 3620.6432291666665, 3620.102294921875, 3619.3810221354165, 3619.7245279947915, 3619.38037109375, 3620.4222819010415, 3619.9376627604165, 3619.607666015625, 3619.6012369791665, 3619.0651041666665, 3619.7957356770835, 3617.7945963541665, 3618.527099609375, 3618.0191243489585, 3618.1473795572915], "upper": [3670.604248046875, 3675.1181640625, 3680.423828125, 3681.857421875, 3678.841796875, 3676.767333984375, 3677.4287109375, 3681.0712890625, 3679.021484375, 3678.14501953125, 3683.20263671875, 3680.097900390625, 3681.842041015625, 3678.945556640625, 3677.739013671875, 3679.038818359375, 3680.956298828125, 3679.942626953125, 3680.39990234375, 3680.297119140625, 3679.589599609375, 3684.719970703125, 3684.50244140625, 3682.139404296875, 3682.898681640625, 3682.43798828125, 3684.25634765625, 3688.309814453125, 3687.98681640625, 3687.328125, 3686.6298828125, 3688.052978515625, 3687.53857421875, 3686.627685546875, 3686.29931640625, 3685.680419921875, 3685.66943359375, 3685.4052734375, 3684.572509765625, 3681.4423828125, 3676.06005859375, 3674.259765625, 3675.233642578125, 3674.413818359375, 3672.017333984375, 3669.265625, 3667.944091796875, 3668.0234375, 3661.49072265625, 3657.499755859375, 3657.359619140625, 3654.9140625, 3658.783203125, 3664.62109375, 3665.2978515625, 3665.01416015625, 3664.287841796875, 3664.838134765625, 3663.67236328125, 3656.05078125, 3654.23486328125, 3652.377685546875, 3656.816162109375, 3659.573486328125, 3665.52734375, 3665.191650390625, 3665.8671875, 3666.779052734375, 3663.89453125, 3664.321044921875, 3665.026123046875, 3659.71875, 3658.38720703125, 3658.670166015625, 3657.5400390625, 3654.422607421875, 3654.829345703125, 3654.8388671875, 3656.5341796875, 3656.57763671875, 3658.672119140625, 3657.43017578125, 3655.044921875, 3654.72021484375, 3654.87158203125, 3655.080322265625, 3653.42431640625, 3650.998046875, 3655.034423828125, 3654.173828125, 3656.29638671875, 3654.42822265625, 3652.9638671875, 3653.4541015625, 3651.779296875, 3653.4794921875, 3653.544921875, 3655.76513671875, 3655.72998046875, 3655.761474609375], "lower": [3657.1240234375, 3648.087890625, 3623.47705078125, 3604.4228515625, 3588.893310546875, 3587.67578125, 3575.517578125, 3581.770263671875, 3567.94873046875, 3557.83837890625, 3569.06689453125, 3585.18017578125, 3583.119873046875, 3587.839111328125, 3587.2919921875, 3587.514404296875, 3589.23828125, 3589.27880859375, 3589.138671875, 3589.130859375, 3590.982421875, 3589.390380859375, 3586.880126953125, 3586.783935546875, 3589.537841796875, 3586.08544921875, 3587.20263671875, 3588.164306640625, 3585.469482421875, 3578.568359375, 3580.70068359375, 3587.102783203125, 3586.8447265625, 3580.52880859375, 3582.4169921875, 3585.814208984375, 3579.873046875, 3581.51611328125, 3585.385498046875, 3588.97314453125, 3589.7080078125, 3590.9833984375, 3590.539306640625, 3588.22412109375, 3590.7236328125, 3590.86767578125, 3588.35791015625, 3590.056640625, 3587.0, 3587.0166015625, 3590.881103515625, 3590.13134765625, 3588.28564453125, 3586.710205078125, 3586.985595703125, 3586.40087890625, 3590.056396484375, 3589.91259765625, 3587.6708984375, 3587.986328125, 3587.496337890625, 3587.429443359375, 3588.957275390625, 3588.98095703125, 3589.46630859375, 3589.813232421875, 3590.4091796875, 3592.05517578125, 3592.35888671875, 3592.73095703125, 3589.47509765625, 3589.8193359375, 3590.225341796875, 3590.3310546875, 3592.929443359375, 3592.556396484375, 3594.123046875, 3592.783447265625, 3592.900146484375, 3598.584716796875, 3602.892333984375, 3602.984375, 3603.110595703125, 3603.439697265625, 3602.569580078125, 3602.486328125, 3602.514892578125, 3602.611572265625, 3601.625244140625, 3601.597900390625, 3601.53173828125, 3602.13427734375, 3602.529541015625, 3601.96875, 3602.396240234375, 3602.76171875, 3596.646240234375, 3596.7490234375, 3595.36474609375, 3595.649169921875]}