{"mean": [2939.5199279785156, 2908.5462951660156, 2761.9454345703125, 2718.663116455078, 2738.216339111328, 2807.929229736328, 2900.562530517578, 2986.4056701660156, 3050.5626220703125, 3071.7352905273438, 3070.0803833007812, 3063.0399475097656, 3058.2657775878906, 3054.3120727539062, 3048.4331665039062, 3033.533966064453, 3006.7029418945312, 2983.8482971191406, 2971.6461181640625, 2970.1522216796875, 2977.1085205078125, 2988.3386840820312, 3000.6583862304688, 3011.1380920410156, 3015.5283203125, 3015.8816833496094, 3015.1612854003906, 3012.821563720703, 3009.28759765625, 3005.2262268066406, 2999.0689697265625, 2990.667022705078, 2983.8309936523438, 2979.6651916503906, 2978.2865295410156, 2979.4200439453125, 2982.7901916503906, 2987.121337890625, 2990.1039428710938, 2990.7130737304688, 2989.8483276367188, 2987.2078552246094, 2984.110382080078, 2980.9573364257812, 2978.9741821289062, 2978.4067993164062, 2978.7234497070312, 2980.2971801757812, 2981.6968383789062, 2981.803741455078, 2980.6298217773438, 2979.2696533203125, 2977.7710571289062, 2976.8533630371094, 2976.8583068847656, 2976.6997985839844, 2976.3325805664062, 2975.6724853515625, 2974.9413146972656, 2974.3199157714844, 2973.627960205078, 2973.029266357422, 2972.3741149902344, 2971.855438232422, 2971.842041015625, 2971.6783142089844, 2970.9722290039062, 2969.9112548828125, 2969.1106872558594, 2968.4419555664062, 2967.7301330566406, 2967.6385498046875, 2967.845245361328, 2967.9530334472656, 2967.265625, 2965.6358337402344, 2964.318572998047, 2963.7984313964844, 2963.84228515625, 2964.3494567871094, 2964.1670837402344, 2963.4105834960938, 2962.0050659179688, 2960.9996032714844, 2960.728515625, 2961.0858459472656, 2961.4115295410156, 2960.9281005859375, 2960.3011169433594, 2958.932159423828, 2957.765899658203, 2957.2314453125, 2957.102508544922, 2957.3499755859375, 2956.7311096191406, 2956.2714233398438, 2955.645965576172, 2955.281982421875, 2954.983673095703, 2954.4183044433594], "upper": [2939.539306640625, 2908.5732421875, 2761.977294921875, 2718.698486328125, 2738.2939453125, 2808.080322265625, 2900.69970703125, 2986.5390625, 3050.605224609375, 3071.77001953125, 3070.13916015625, 3063.087158203125, 3058.313232421875, 3054.372314453125, 3048.528076171875, 3033.814208984375, 3012.114990234375, 2994.83056640625, 2985.729736328125, 2985.48583984375, 2991.3154296875, 2999.739013671875, 3009.171630859375, 3015.8271484375, 3016.825439453125, 3017.316162109375, 3017.1943359375, 3016.994140625, 3013.690673828125, 3007.898193359375, 3001.652587890625, 2992.612548828125, 2986.727783203125, 2984.044189453125, 2984.007568359375, 2985.764404296875, 2989.601806640625, 2992.6318359375, 2993.0830078125, 2992.56396484375, 2991.6376953125, 2990.87109375, 2991.2724609375, 2990.579345703125, 2988.644775390625, 2985.677490234375, 2980.89111328125, 2983.865234375, 2984.00048828125, 2984.13330078125, 2983.12451171875, 2981.583251953125, 2981.00927734375, 2981.954345703125, 2981.734130859375, 2980.37841796875, 2978.258056640625, 2977.640625, 2977.657470703125, 2976.161865234375, 2976.2158203125, 2975.678955078125, 2975.99853515625, 2976.565185546875, 2976.1044921875, 2975.0673828125, 2973.384033203125, 2973.345458984375, 2972.439453125, 2970.705810546875, 2969.229248046875, 2970.20556640625, 2970.08447265625, 2969.775146484375, 2968.85693359375, 2969.0068359375, 2967.6455078125, 2965.855224609375, 2965.4580078125, 2966.102783203125, 2966.56591796875, 2965.98291015625, 2965.449951171875, 2965.38818359375, 2965.408935546875, 2965.00146484375, 2964.254150390625, 2963.26171875, 2963.285400390625, 2962.8486328125, 2962.385498046875, 2960.9677734375, 2959.181640625, 2959.664794921875, 2959.8486328125, 2959.098876953125, 2959.05078125, 2958.841796875, 2957.5556640625, 2957.401123046875], "lower": [2939.496337890625, 2908.51220703125, 2761.901611328125, 2718.63427734375, 2738.1396484375, 2807.77197265625, 2900.3974609375, 2986.29541015625, 3050.4755859375, 3071.660400390625, 3070.002685546875, 3062.9482421875, 3058.206298828125, 3054.231201171875, 3048.34716796875, 3032.990966796875, 2991.533935546875, 2953.656982421875, 2931.83935546875, 2928.184814453125, 2940.565185546875, 2961.000732421875, 2983.154296875, 3001.5625, 3013.263671875, 3015.104736328125, 3014.42822265625, 3011.44287109375, 3008.13623046875, 3004.041748046875, 2995.61279296875, 2986.901611328125, 2980.7119140625, 2971.8505859375, 2965.156005859375, 2962.899658203125, 2964.69921875, 2969.1064453125, 2975.4833984375, 2982.418212890625, 2988.22021484375, 2983.99658203125, 2980.86572265625, 2978.7744140625, 2976.998046875, 2975.404541015625, 2975.83251953125, 2976.389404296875, 2973.957763671875, 2973.408447265625, 2974.55029296875, 2977.15966796875, 2976.2041015625, 2974.7353515625, 2973.291748046875, 2973.599365234375, 2974.747314453125, 2972.701904296875, 2969.811767578125, 2968.989013671875, 2970.442138671875, 2970.045654296875, 2969.562744140625, 2969.690185546875, 2968.429931640625, 2968.377197265625, 2969.386474609375, 2967.532470703125, 2965.55029296875, 2965.177001953125, 2966.2783203125, 2964.7861328125, 2965.17529296875, 2966.351318359375, 2965.4619140625, 2963.751953125, 2962.139892578125, 2962.432373046875, 2962.30615234375, 2960.76904296875, 2960.76416015625, 2961.67724609375, 2959.8193359375, 2958.324462890625, 2958.384033203125, 2959.011474609375, 2958.802978515625, 2958.940185546875, 2957.73388671875, 2956.667236328125, 2956.127197265625, 2953.926025390625, 2954.000244140625, 2954.776123046875, 2953.693603515625, 2952.2060546875, 2952.2255859375, 2952.642333984375, 2952.754150390625, 2952.71044921875]}