{"mean": [9137.36669921875, 9005.796997070312, 8905.15625, 8884.374267578125, 8901.313232421875, 8930.643920898438, 8958.68017578125, 8971.58984375, 8968.84814453125, 8959.803588867188, 8950.85888671875, 8951.080688476562, 8944.701782226562, 8931.556762695312, 8911.5654296875, 8893.96875, 8883.26025390625, 8877.39404296875, 8873.312133789062, 8869.902221679688, 8867.203857421875, 8865.64111328125, 8865.983642578125, 8870.00927734375, 8876.332275390625, 8880.918090820312, 8882.751708984375, 8880.112670898438, 8873.767456054688, 8865.724975585938, 8856.728759765625, 8849.699829101562, 8845.616943359375, 8843.260009765625, 8841.931762695312, 8841.801391601562, 8843.102172851562, 8846.112548828125, 8848.688110351562, 8849.157958984375, 8847.703369140625, 8844.965942382812, 8841.644653320312, 8838.832153320312, 8836.80224609375, 8835.75634765625, 8835.659912109375, 8836.918334960938, 8838.129272460938, 8838.534790039062, 8837.25341796875, 8835.509033203125, 8833.84521484375, 8833.109619140625, 8833.073852539062, 8832.74267578125, 8832.172485351562, 8831.76806640625, 8831.040405273438, 8830.318237304688, 8829.560791015625, 8828.890258789062, 8828.243774414062, 8827.832397460938, 8827.909057617188, 8827.582763671875, 8826.809814453125, 8825.809326171875, 8824.911010742188, 8824.066162109375, 8823.390869140625, 8823.37255859375, 8823.786987304688, 8823.906494140625, 8823.216674804688, 8821.578735351562, 8820.252075195312, 8819.784057617188, 8819.972778320312, 8820.750854492188, 8820.82763671875, 8820.008178710938, 8818.484375, 8817.498657226562, 8817.331298828125, 8817.8720703125, 8818.300659179688, 8817.958862304688, 8817.134399414062, 8815.66259765625, 8814.296752929688, 8813.66748046875, 8813.431518554688, 8813.584106445312, 8813.083374023438, 8812.561401367188, 8811.922973632812, 8811.547729492188, 8811.0615234375, 8810.378662109375], "upper": [9137.3779296875, 9005.806640625, 8905.1669921875, 8884.38671875, 8901.3408203125, 8930.685546875, 8958.7197265625, 8971.6376953125, 8968.8681640625, 8959.828125, 8950.9462890625, 8951.1328125, 8944.740234375, 8931.6220703125, 8911.6845703125, 8894.3134765625, 8884.1455078125, 8878.1298828125, 8873.8916015625, 8870.6396484375, 8868.578125, 8867.83984375, 8869.052734375, 8874.3212890625, 8879.185546875, 8884.0712890625, 8890.837890625, 8891.7666015625, 8885.8232421875, 8874.6943359375, 8862.1025390625, 8850.734375, 8847.091796875, 8845.111328125, 8844.30078125, 8845.0654296875, 8847.3076171875, 8850.8818359375, 8851.818359375, 8851.6201171875, 8850.994140625, 8850.306640625, 8851.900390625, 8850.990234375, 8847.62890625, 8842.7529296875, 8837.576171875, 8840.24609375, 8840.5888671875, 8841.2294921875, 8840.16015625, 8837.9853515625, 8837.4443359375, 8839.490234375, 8839.34375, 8837.22265625, 8834.0830078125, 8833.9111328125, 8834.2294921875, 8832.3046875, 8832.2373046875, 8831.9072265625, 8832.5927734375, 8834.0126953125, 8833.7998046875, 8831.80859375, 8829.7470703125, 8830.234375, 8828.6455078125, 8826.109375, 8824.8466796875, 8826.724609375, 8826.4501953125, 8826.076171875, 8825.294921875, 8825.8193359375, 8824.4521484375, 8821.9609375, 8822.197265625, 8823.1884765625, 8824.5166015625, 8824.314453125, 8823.142578125, 8823.376953125, 8824.2177734375, 8824.0341796875, 8822.84765625, 8821.2333984375, 8821.7509765625, 8821.8134765625, 8820.6796875, 8818.6572265625, 8816.037109375, 8816.216796875, 8816.69921875, 8816.158203125, 8816.7294921875, 8816.2021484375, 8814.423828125, 8814.0419921875], "lower": [9137.35546875, 9005.7890625, 8905.1474609375, 8884.3642578125, 8901.2822265625, 8930.59375, 8958.6357421875, 8971.525390625, 8968.810546875, 8959.76953125, 8950.7880859375, 8951.0400390625, 8944.6728515625, 8931.4716796875, 8911.4248046875, 8893.7646484375, 8881.337890625, 8876.3095703125, 8872.484375, 8869.0439453125, 8865.48828125, 8862.17578125, 8860.83203125, 8862.9443359375, 8873.0263671875, 8879.095703125, 8879.7548828125, 8875.8544921875, 8870.10546875, 8862.3271484375, 8853.4169921875, 8847.814453125, 8843.9541015625, 8840.1796875, 8837.5830078125, 8836.0703125, 8835.3642578125, 8835.4921875, 8836.8759765625, 8840.5087890625, 8845.1396484375, 8841.28125, 8838.384765625, 8836.3984375, 8834.6259765625, 8833.1787109375, 8833.107421875, 8833.4521484375, 8831.376953125, 8830.7099609375, 8831.3310546875, 8833.5166015625, 8832.556640625, 8830.9873046875, 8829.5634765625, 8829.7412109375, 8830.7958984375, 8828.8798828125, 8826.0048828125, 8825.3212890625, 8826.4921875, 8826.0283203125, 8825.4853515625, 8825.4560546875, 8824.349609375, 8824.21484375, 8825.029296875, 8823.271484375, 8821.369140625, 8820.8173828125, 8821.900390625, 8820.4814453125, 8820.875, 8822.146484375, 8821.310546875, 8819.421875, 8817.9287109375, 8818.1904296875, 8818.2275390625, 8816.5283203125, 8816.6865234375, 8818.056640625, 8815.9619140625, 8814.2490234375, 8814.30078125, 8815.3349609375, 8815.123046875, 8815.4677734375, 8813.9033203125, 8813.05859375, 8812.14453125, 8809.8173828125, 8809.7275390625, 8810.904296875, 8809.61328125, 8807.69921875, 8807.751953125, 8808.5048828125, 8808.5712890625, 8808.2275390625]}