{"mean": [3245.588134765625, 3220.8084411621094, 3087.756866455078, 3058.059295654297, 3069.731658935547, 3115.1629333496094, 3188.414031982422, 3254.7378540039062, 3288.5731506347656, 3306.7179260253906, 3317.6781311035156, 3327.2716674804688, 3326.9476623535156, 3319.3045043945312, 3305.9226684570312, 3287.0076599121094, 3253.7100219726562, 3227.756622314453, 3217.0626525878906, 3219.516845703125, 3233.2122192382812, 3255.0574645996094, 3281.1017150878906, 3303.787109375, 3315.8099365234375, 3321.1701049804688, 3323.361358642578, 3322.910888671875, 3320.261444091797, 3315.9835205078125, 3308.63232421875, 3297.860870361328, 3287.6539916992188, 3282.6199340820312, 3283.039794921875, 3288.3458251953125, 3296.6117248535156, 3305.3421020507812, 3311.567657470703, 3314.3919982910156, 3314.5185546875, 3312.098114013672, 3308.825439453125, 3305.4016723632812, 3303.515899658203, 3303.8118591308594, 3305.716033935547, 3309.1134643554688, 3311.959991455078, 3313.03466796875, 3312.4693908691406, 3311.5428161621094, 3310.40771484375, 3309.9794311523438, 3310.7235412597656, 3311.446502685547, 3311.835174560547, 3311.7124633789062, 3311.3998107910156, 3311.3728637695312, 3311.2647094726562, 3311.168426513672, 3310.9869079589844, 3311.025421142578, 3311.705780029297, 3312.1890563964844, 3312.0160217285156, 3311.1824340820312, 3310.697784423828, 3310.417205810547, 3310.1980895996094, 3310.730712890625, 3311.6973266601562, 3312.5338439941406, 3312.2017822265625, 3310.6382446289062, 3309.407958984375, 3309.37353515625, 3310.1671752929688, 3311.3499755859375, 3311.7218322753906, 3311.328125, 3309.975555419922, 3309.103973388672, 3309.3704223632812, 3310.4112548828125, 3311.2898864746094, 3311.248260498047, 3310.8284912109375, 3309.6058044433594, 3308.5128784179688, 3308.2677612304688, 3308.684326171875, 3309.3858337402344, 3309.0738525390625, 3308.7728271484375, 3308.4385986328125, 3308.5282287597656, 3308.49658203125, 3308.2305297851562], "upper": [3245.6044921875, 3220.833984375, 3087.78076171875, 3058.08544921875, 3069.782470703125, 3115.2900390625, 3188.550537109375, 3254.845947265625, 3288.61279296875, 3306.769775390625, 3317.781005859375, 3327.315185546875, 3327.012451171875, 3319.35546875, 3305.978759765625, 3289.025390625, 3262.000732421875, 3241.2919921875, 3233.648681640625, 3238.297119140625, 3252.172119140625, 3273.3671875, 3295.38525390625, 3310.5126953125, 3318.343017578125, 3323.597900390625, 3328.370361328125, 3330.364013671875, 3327.937255859375, 3322.91845703125, 3315.62353515625, 3303.7275390625, 3292.04296875, 3289.947509765625, 3292.90966796875, 3299.718505859375, 3307.330322265625, 3313.625, 3315.808837890625, 3317.3095703125, 3317.53759765625, 3317.981201171875, 3319.732177734375, 3319.78173828125, 3318.184326171875, 3315.01025390625, 3308.6005859375, 3313.580322265625, 3314.751708984375, 3316.224853515625, 3316.3359375, 3315.080810546875, 3314.78125, 3316.995361328125, 3317.460205078125, 3316.33740234375, 3314.2509765625, 3314.8720703125, 3315.676513671875, 3314.40625, 3314.428466796875, 3314.5869140625, 3315.651611328125, 3317.013427734375, 3317.11181640625, 3316.2373046875, 3314.906982421875, 3315.57275390625, 3315.0341796875, 3313.162353515625, 3312.696044921875, 3314.678955078125, 3314.83935546875, 3314.34423828125, 3314.181640625, 3314.917724609375, 3313.904541015625, 3312.0654296875, 3312.85546875, 3313.71435546875, 3314.6357421875, 3314.52490234375, 3314.237060546875, 3314.765869140625, 3315.3662109375, 3315.31689453125, 3314.759765625, 3314.04736328125, 3314.7509765625, 3314.780029296875, 3314.557861328125, 3313.257568359375, 3311.771240234375, 3311.387451171875, 3312.061767578125, 3312.147216796875, 3312.757080078125, 3312.865478515625, 3311.81103515625, 3311.956787109375], "lower": [3245.56982421875, 3220.78369140625, 3087.72021484375, 3058.04296875, 3069.68310546875, 3115.033935546875, 3188.2578125, 3254.647705078125, 3288.49853515625, 3306.64404296875, 3317.524169921875, 3327.203125, 3326.877197265625, 3319.216796875, 3305.830078125, 3285.93017578125, 3233.264404296875, 3194.01904296875, 3175.9931640625, 3175.5849609375, 3190.640380859375, 3216.450927734375, 3252.58642578125, 3290.017578125, 3314.107421875, 3320.1103515625, 3321.35791015625, 3320.21728515625, 3317.719482421875, 3313.592041015625, 3303.396728515625, 3290.4833984375, 3281.600830078125, 3270.56298828125, 3262.16552734375, 3260.77392578125, 3265.02490234375, 3274.357421875, 3288.19091796875, 3303.266357421875, 3311.62109375, 3307.003173828125, 3303.441650390625, 3301.482177734375, 3300.619140625, 3299.3544921875, 3301.554443359375, 3303.556884765625, 3300.6142578125, 3300.80712890625, 3303.882080078125, 3308.29345703125, 3307.818115234375, 3307.559814453125, 3306.21923828125, 3307.647705078125, 3309.44873046875, 3307.4677734375, 3303.607177734375, 3303.27783203125, 3306.322509765625, 3307.396240234375, 3307.500244140625, 3307.511474609375, 3306.592041015625, 3307.321533203125, 3309.8583984375, 3308.101318359375, 3304.9052734375, 3304.957275390625, 3307.629638671875, 3306.3076171875, 3307.693115234375, 3311.0166015625, 3310.26171875, 3308.035400390625, 3305.89208984375, 3307.060546875, 3307.856201171875, 3305.961669921875, 3306.800537109375, 3309.587890625, 3307.456298828125, 3305.669189453125, 3306.43701171875, 3307.689208984375, 3307.955078125, 3309.1005859375, 3307.286376953125, 3306.452880859375, 3306.498291015625, 3303.7275390625, 3304.473876953125, 3306.435791015625, 3305.6484375, 3303.72705078125, 3304.267333984375, 3305.269287109375, 3305.905029296875, 3304.798583984375]}