{"mean": [17001.345377604168, 16751.254557291668, 16713.654296875, 16630.325520833332, 16672.8154296875, 17178.428059895832, 17203.949544270832, 17194.245442708332, 17141.104817708332, 16996.015299479168, 16879.5146484375, 16753.842447916668, 16721.084309895832, 16665.716796875, 16866.633463541668, 17063.606770833332, 17177.440104166668, 17239.2666015625, 17247.4130859375, 17221.959635416668, 17205.774088541668, 17215.517252604168, 17214.565104166668, 17186.1201171875, 17155.739583333332, 17151.917317708332, 17161.782552083332, 17154.4033203125, 17137.924153645832, 17142.03515625, 17156.174479166668, 17148.906575520832, 17137.5185546875, 17142.831380208332, 17149.2568359375, 17138.627604166668, 17129.876953125, 17135.569661458332, 17140.988606770832, 17144.448567708332, 17153.896484375, 17167.247721354168, 17181.485026041668, 17212.444661458332, 17243.715494791668, 17267.194986979168, 17252.112630208332, 17256.232747395832, 17273.928385416668, 17276.394205729168, 17276.066080729168, 17265.354166666668, 17263.9970703125, 17262.8310546875, 17263.091796875, 17267.80078125, 17260.366536458332, 17259.426432291668, 17270.042643229168, 17269.323567708332, 17273.358072916668, 17282.0703125, 17284.781575520832, 17279.861002604168, 17296.462565104168, 17298.6787109375, 17284.090494791668, 17304.771158854168, 17306.2939453125, 17287.87109375, 17304.683919270832, 17307.248046875, 17291.6865234375, 17298.704427083332, 17304.472005208332, 17296.322916666668, 17289.2490234375, 17299.3134765625, 17296.772135416668, 17286.847005208332, 17291.031901041668, 17292.896484375, 17287.595377604168, 17281.190104166668, 17286.0947265625, 17284.744791666668, 17275.0234375, 17271.969401041668, 17276.618815104168, 17269.612630208332, 17256.452473958332, 17257.714192708332, 17252.880859375, 17239.680338541668, 17229.230794270832, 17223.78515625, 17212.434895833332, 17193.826171875, 17177.673502604168, 17157.648763020832], "upper": [18512.423828125, 17304.248046875, 17807.30859375, 17302.0390625, 17208.68359375, 18121.18359375, 18369.15234375, 18612.318359375, 18494.607421875, 18274.849609375, 18104.251953125, 17622.220703125, 17260.234375, 17135.474609375, 17755.9453125, 18372.2734375, 18601.666015625, 18653.6484375, 18675.396484375, 18685.708984375, 18689.5078125, 18687.857421875, 18681.419921875, 18671.96484375, 18660.59765625, 18648.572265625, 18635.171875, 18621.689453125, 18607.515625, 18593.01953125, 18579.33984375, 18566.177734375, 18553.40234375, 18540.7265625, 18528.60546875, 18517.4140625, 18506.568359375, 18495.876953125, 18486.087890625, 18477.095703125, 18468.76953125, 18460.84375, 18453.712890625, 18447.3984375, 18441.66796875, 18436.60546875, 18431.951171875, 18427.81640625, 18423.939453125, 18420.115234375, 18416.306640625, 18412.77734375, 18409.3984375, 18406.267578125, 18403.072265625, 18399.84765625, 18396.93359375, 18394.123046875, 18391.193359375, 18388.654296875, 18386.04296875, 18383.3828125, 18380.890625, 18378.283203125, 18376.05078125, 18373.81640625, 18371.96484375, 18370.173828125, 18368.53515625, 18367.26953125, 18366.1328125, 18365.271484375, 18364.375, 18363.52734375, 18362.44140625, 18361.25390625, 18359.701171875, 18357.89453125, 18355.8359375, 18353.171875, 18350.50390625, 18347.36328125, 18343.484375, 18337.53515625, 18330.572265625, 18321.931640625, 18312.494140625, 18301.642578125, 18291.6796875, 18276.693359375, 18259.9921875, 18241.779296875, 18222.4296875, 18196.83984375, 18170.71484375, 18140.412109375, 18105.80859375, 18066.33203125, 18014.36328125, 17942.61328125], "lower": [16219.4267578125, 16179.359375, 16067.611328125, 15980.0, 15872.3232421875, 15815.6923828125, 15796.3212890625, 15782.703125, 15775.35546875, 15772.2275390625, 15770.3486328125, 15768.716796875, 15779.8251953125, 15805.16796875, 15839.943359375, 15876.966796875, 15897.28515625, 15919.4736328125, 15928.2822265625, 15913.84375, 15874.60546875, 15826.1748046875, 15774.494140625, 15718.0146484375, 15677.072265625, 15645.451171875, 15627.021484375, 15620.1962890625, 15621.2685546875, 15628.94921875, 15638.55859375, 15639.7744140625, 15642.4267578125, 15648.07421875, 15649.3681640625, 15642.55859375, 15638.57421875, 15641.46484375, 15654.1982421875, 15686.12890625, 15720.662109375, 15749.7255859375, 15799.8984375, 15911.853515625, 15998.71875, 16061.7509765625, 16032.404296875, 16054.2666015625, 16094.416015625, 16106.9228515625, 16123.2978515625, 16083.859375, 16075.5869140625, 16086.8603515625, 16091.27734375, 16096.48828125, 16082.763671875, 16090.787109375, 16113.4443359375, 16114.33984375, 16139.484375, 16159.7421875, 16166.9169921875, 16163.7001953125, 16211.9072265625, 16215.3076171875, 16180.560546875, 16243.1943359375, 16243.5439453125, 16195.1328125, 16246.6376953125, 16249.654296875, 16208.9052734375, 16230.392578125, 16244.224609375, 16225.548828125, 16204.9052734375, 16233.3310546875, 16231.833984375, 16203.513671875, 16216.14453125, 16228.2734375, 16214.3896484375, 16199.8828125, 16223.9150390625, 16226.314453125, 16206.76953125, 16209.931640625, 16231.1884765625, 16226.7265625, 16204.353515625, 16224.064453125, 16231.314453125, 16216.134765625, 16210.4853515625, 16226.09765625, 16224.806640625, 16209.66796875, 16213.1552734375, 16223.8251953125]}