{"mean": [9167.292317708334, 8397.29541015625, 8636.16748046875, 8343.817220052084, 8273.925618489584, 9002.4111328125, 8844.1650390625, 8932.141927083334, 8843.005696614584, 8356.60693359375, 8430.201822916666, 7978.38818359375, 7807.754069010417, 7695.18310546875, 7962.816569010417, 8374.546549479166, 8303.848795572916, 8395.0498046875, 8320.233235677084, 8224.570149739584, 8227.883463541666, 8081.9228515625, 8103.227376302083, 7976.87890625, 7967.827962239583, 7878.400227864583, 7871.618326822917, 7795.742513020833, 7772.960774739583, 7710.793619791667, 7724.552571614583, 7661.435221354167, 7677.0224609375, 7610.347493489583, 7639.239583333333, 7537.851725260417, 7545.222005208333, 7487.917317708333, 7504.242513020833, 7391.480631510417, 7292.79345703125, 7276.164388020833, 7161.371744791667, 7182.22900390625, 7285.976399739583, 7200.658203125, 7117.153971354167, 7172.646809895833, 7055.2763671875, 7200.859537760417, 7101.953125, 7050.092610677083, 7083.585123697917, 7002.310709635417, 7076.065104166667, 7038.89501953125, 6976.089029947917, 6998.92578125, 6958.068684895833, 7001.036458333333, 6925.519694010417, 6963.67529296875, 6914.634765625, 6944.87744140625, 6907.437825520833, 6885.875162760417, 6962.451334635417, 6901.89013671875, 6887.615559895833, 6965.308268229167, 6873.222330729167, 6885.940592447917, 6905.456217447917, 6857.34912109375, 6870.22265625, 6851.785319010417, 6878.132161458333, 6848.3671875, 6843.550130208333, 6860.770345052083, 6838.783040364583, 6835.975423177083, 6830.175618489583, 6844.42724609375, 6819.213216145833, 6816.016438802083, 6818.54296875, 6810.539713541667, 6803.985677083333, 6792.081705729167, 6806.7880859375, 6778.78662109375, 6774.1044921875, 6765.442708333333, 6761.55908203125, 6739.659016927083, 6728.3984375, 6723.762858072917, 6702.436848958333, 6672.838216145833], "upper": [10188.8984375, 9954.421875, 9752.9130859375, 9628.7197265625, 9612.0244140625, 9670.6728515625, 9691.666015625, 9675.5791015625, 9639.6923828125, 9588.5107421875, 9523.4736328125, 9446.841796875, 9354.3720703125, 9263.4501953125, 9207.13671875, 9171.791015625, 9137.556640625, 9099.84765625, 9124.4482421875, 9135.8740234375, 9140.1298828125, 9139.0537109375, 9132.78125, 9124.8193359375, 9116.1103515625, 9108.0234375, 9099.26171875, 9090.689453125, 9082.087890625, 9073.4501953125, 9065.98046875, 9059.12890625, 9053.06640625, 9046.76953125, 9041.5439453125, 9036.443359375, 9031.4853515625, 9026.8154296875, 9022.345703125, 9017.943359375, 9013.59375, 9009.310546875, 9005.130859375, 9001.056640625, 8996.716796875, 8992.697265625, 8988.2783203125, 8984.1015625, 8979.8779296875, 8975.4765625, 8971.162109375, 8966.8779296875, 8962.5673828125, 8958.4912109375, 8953.8427734375, 8949.51953125, 8944.8955078125, 8940.5224609375, 8936.0908203125, 8931.7802734375, 8927.0888671875, 8922.6162109375, 8918.1650390625, 8913.673828125, 8909.328125, 8904.7568359375, 8900.45703125, 8896.0576171875, 8891.8251953125, 8887.7529296875, 8883.4970703125, 8879.33203125, 8874.9375, 8870.55859375, 8866.0537109375, 8861.537109375, 8856.6650390625, 8851.5107421875, 8845.775390625, 8839.251953125, 8832.8125, 8826.392578125, 8818.8359375, 8809.0771484375, 8798.4228515625, 8786.2216796875, 8773.998046875, 8761.0615234375, 8749.6962890625, 8732.353515625, 8712.9140625, 8693.3955078125, 8673.0234375, 8646.021484375, 8617.2314453125, 8585.701171875, 8551.7578125, 8515.5537109375, 8466.8740234375, 8389.8408203125], "lower": [8553.201171875, 6473.55615234375, 7640.98486328125, 6857.00439453125, 6484.07568359375, 8371.5419921875, 8251.763671875, 8205.8046875, 8171.19287109375, 6896.85302734375, 7314.99609375, 7100.10009765625, 6745.5517578125, 6504.794921875, 6821.56103515625, 7188.12890625, 6736.78955078125, 6986.26953125, 6781.89990234375, 6543.43505859375, 6624.9609375, 6272.08203125, 6426.41064453125, 6135.78125, 6198.46923828125, 6018.82373046875, 6088.42822265625, 5950.328125, 5961.67529296875, 5848.0947265625, 5948.1328125, 5793.462890625, 5876.28369140625, 5730.45166015625, 5905.45654296875, 5706.53271484375, 5817.302734375, 5706.4296875, 5819.58349609375, 5717.0478515625, 5734.35205078125, 5766.365234375, 5721.6884765625, 5747.26708984375, 5698.34765625, 5780.4609375, 5703.58642578125, 5728.564453125, 5740.076171875, 5725.52392578125, 5730.31884765625, 5711.14501953125, 5750.0830078125, 5713.46142578125, 5714.85595703125, 5740.8876953125, 5713.20947265625, 5720.9267578125, 5725.34423828125, 5721.92919921875, 5718.1318359375, 5713.419921875, 5726.0703125, 5711.4580078125, 5708.88720703125, 5724.41162109375, 5708.1474609375, 5707.46728515625, 5720.54150390625, 5706.80615234375, 5706.54541015625, 5717.33740234375, 5705.6005859375, 5705.56494140625, 5714.65966796875, 5705.0009765625, 5705.2666015625, 5712.64501953125, 5704.7890625, 5705.28125, 5710.20361328125, 5704.36083984375, 5705.80517578125, 5707.8310546875, 5704.1123046875, 5706.44580078125, 5705.826171875, 5703.97998046875, 5707.81005859375, 5704.8896484375, 5704.9814453125, 5708.0947265625, 5704.25830078125, 5705.59375, 5705.958984375, 5703.80322265625, 5706.4580078125, 5704.61572265625, 5704.666015625, 5706.2265625]}