{"mean": [10782.310221354166, 10709.853841145834, 10655.971354166666, 10619.529296875, 10594.260416666666, 10580.064453125, 10578.041666666666, 10580.608723958334, 10583.9814453125, 10590.349283854166, 10597.704427083334, 10605.310546875, 10610.66796875, 10614.707356770834, 10619.188802083334, 10635.387044270834, 10656.912760416666, 10665.384440104166, 10656.868489583334, 10641.6376953125, 10619.756510416666, 10602.2568359375, 10593.513020833334, 10589.401692708334, 10586.734700520834, 10587.2783203125, 10588.3740234375, 10590.025390625, 10592.912109375, 10599.5869140625, 10607.529622395834, 10614.192708333334, 10616.147135416666, 10615.937825520834, 10610.068684895834, 10604.4140625, 10594.640299479166, 10588.758463541666, 10587.41796875, 10586.353841145834, 10586.205403645834, 10587.215169270834, 10588.792317708334, 10590.6982421875, 10595.377604166666, 10597.4912109375, 10596.842122395834, 10593.565755208334, 10589.1572265625, 10580.5673828125, 10578.185872395834, 10575.319010416666, 10574.499674479166, 10576.123046875, 10580.396484375, 10588.031901041666, 10598.159830729166, 10609.464518229166, 10625.8076171875, 10628.840169270834, 10619.444986979166, 10603.74609375, 10593.525716145834, 10584.074544270834, 10576.9443359375, 10573.692057291666, 10571.162109375, 10562.771158854166, 10557.7294921875, 10555.046223958334, 10554.459309895834, 10555.636067708334, 10558.8388671875, 10563.614908854166, 10571.78125, 10584.414388020834, 10592.888346354166, 10603.3662109375, 10611.236002604166, 10611.956380208334, 10607.215494791666, 10602.111328125, 10596.146809895834, 10591.660481770834, 10586.457356770834, 10583.819986979166, 10583.603515625, 10582.295247395834, 10569.142903645834, 10562.797526041666, 10558.3369140625, 10556.675455729166, 10557.100911458334, 10559.418294270834, 10563.307291666666, 10569.144856770834, 10577.763997395834, 10585.789388020834, 10597.7578125, 10609.669270833334], "upper": [11283.51953125, 11117.9228515625, 10998.3876953125, 10925.7568359375, 10874.947265625, 10843.853515625, 10831.07421875, 10830.2294921875, 10834.9306640625, 10853.966796875, 10871.8515625, 10888.1357421875, 10901.5185546875, 10917.4453125, 10939.951171875, 11003.2744140625, 11082.13671875, 11122.0380859375, 11108.4892578125, 11072.7587890625, 11013.673828125, 10965.51171875, 10941.9208984375, 10930.6982421875, 10923.751953125, 10926.025390625, 10930.4189453125, 10936.53125, 10945.5693359375, 10966.259765625, 10990.8037109375, 11012.0166015625, 11018.130859375, 11016.3935546875, 10998.33203125, 10980.07421875, 10948.0771484375, 10925.568359375, 10915.775390625, 10908.8603515625, 10907.51953125, 10912.7509765625, 10921.6083984375, 10933.107421875, 10952.51171875, 10962.8369140625, 10963.09375, 10954.7841796875, 10942.78515625, 10917.3408203125, 10910.763671875, 10901.9423828125, 10899.107421875, 10902.455078125, 10914.541015625, 10937.0283203125, 10967.5380859375, 11002.138671875, 11052.3408203125, 11062.39453125, 11034.39453125, 10987.2470703125, 10956.4501953125, 10927.7021484375, 10905.87109375, 10895.2080078125, 10886.505859375, 10860.0322265625, 10843.5126953125, 10834.0322265625, 10831.337890625, 10834.8359375, 10844.8291015625, 10860.056640625, 10884.951171875, 10922.671875, 10947.642578125, 10978.2158203125, 11000.826171875, 11001.767578125, 10986.8408203125, 10971.8037109375, 10954.466796875, 10940.9248046875, 10924.8681640625, 10915.8935546875, 10913.828125, 10908.8212890625, 10869.28125, 10850.9521484375, 10837.81640625, 10832.6318359375, 10833.1630859375, 10838.9521484375, 10850.2333984375, 10868.41796875, 10894.9990234375, 10919.2333984375, 10954.9189453125, 10990.2880859375], "lower": [10522.7470703125, 10494.1435546875, 10468.3154296875, 10454.2197265625, 10448.421875, 10443.275390625, 10433.3974609375, 10425.9345703125, 10421.81640625, 10422.3603515625, 10430.4462890625, 10442.0439453125, 10450.24609375, 10454.048828125, 10453.205078125, 10448.2763671875, 10441.029296875, 10432.08984375, 10423.9189453125, 10417.21875, 10412.8955078125, 10409.9072265625, 10408.76953125, 10408.7138671875, 10408.2978515625, 10407.7001953125, 10406.96484375, 10406.224609375, 10406.47265625, 10406.58984375, 10406.337890625, 10405.49609375, 10405.896484375, 10408.033203125, 10409.6279296875, 10411.0927734375, 10412.03515625, 10413.28125, 10414.7919921875, 10415.3203125, 10415.23046875, 10414.095703125, 10412.7919921875, 10411.1923828125, 10409.435546875, 10407.8720703125, 10407.216796875, 10406.7626953125, 10406.4677734375, 10406.4404296875, 10406.21484375, 10406.2294921875, 10406.1591796875, 10406.302734375, 10405.9169921875, 10406.052734375, 10406.3916015625, 10406.595703125, 10406.9033203125, 10407.3486328125, 10407.80078125, 10408.46875, 10409.0595703125, 10409.6787109375, 10410.125, 10410.7939453125, 10411.630859375, 10412.4404296875, 10413.3466796875, 10414.115234375, 10414.5107421875, 10414.5751953125, 10414.5634765625, 10414.3291015625, 10414.2294921875, 10414.388671875, 10414.685546875, 10415.1240234375, 10415.607421875, 10415.9375, 10416.15625, 10415.96484375, 10415.88671875, 10416.044921875, 10416.2529296875, 10416.8037109375, 10417.4365234375, 10417.888671875, 10418.009765625, 10417.919921875, 10417.962890625, 10418.1533203125, 10418.6376953125, 10419.34375, 10419.7490234375, 10419.08203125, 10418.6943359375, 10418.6201171875, 10418.798828125, 10418.9697265625]}