{"mean": [26797.7734375, 26769.392578125, 26756.951822916668, 26750.37890625, 26748.998046875, 26752.615885416668, 26759.721354166668, 26766.188802083332, 26771.21875, 26774.149088541668, 26776.55078125, 26778.893880208332, 26780.505208333332, 26784.200520833332, 26790.299479166668, 26795.16796875, 26799.736328125, 26801.133463541668, 26794.396484375, 26785.534505208332, 26775.6171875, 26767.458984375, 26760.677083333332, 26755.500651041668, 26752.203776041668, 26750.869791666668, 26750.387369791668, 26750.849609375, 26752.8828125, 26755.125651041668, 26757.354166666668, 26759.473958333332, 26760.265625, 26759.652994791668, 26757.814453125, 26755.65625, 26751.891927083332, 26749.005208333332, 26744.216796875, 26741.636067708332, 26740.203125, 26739.328125, 26739.822916666668, 26741.252604166668, 26741.40625, 26740.354817708332, 26738.897135416668, 26737.458333333332, 26737.424479166668, 26731.981119791668, 26728.921875, 26728.418619791668, 26730.753255208332, 26735.323567708332, 26740.880859375, 26746.431640625, 26751.262369791668, 26755.408203125, 26759.606119791668, 26761.018880208332, 26757.670572916668, 26753.184895833332, 26747.763020833332, 26743.408203125, 26740.19140625, 26738.708984375, 26738.573567708332, 26733.225911458332, 26730.069010416668, 26728.760416666668, 26728.989583333332, 26730.5078125, 26733.21875, 26736.77734375, 26740.673177083332, 26745.307942708332, 26749.460286458332, 26753.135416666668, 26755.985026041668, 26756.501302083332, 26754.787109375, 26752.5078125, 26749.947916666668, 26747.739583333332, 26745.48828125, 26744.502604166668, 26744.939453125, 26744.998697916668, 26738.598307291668, 26732.800130208332, 26728.983723958332, 26727.575520833332, 26728.405598958332, 26730.770833333332, 26734.086588541668, 26738.1015625, 26742.126302083332, 26746.134765625, 26751.425130208332, 26755.608072916668], "upper": [27160.486328125, 27060.48828125, 27004.56640625, 26958.298828125, 26919.076171875, 26888.35546875, 26864.193359375, 26845.12109375, 26828.505859375, 26814.447265625, 26805.83984375, 26801.75390625, 26801.916015625, 26815.54296875, 26841.23046875, 26867.599609375, 26895.56640625, 26915.525390625, 26910.857421875, 26899.37890625, 26884.458984375, 26872.787109375, 26863.205078125, 26856.48046875, 26852.921875, 26853.474609375, 26854.033203125, 26856.59765625, 26861.84375, 26867.078125, 26871.419921875, 26874.6796875, 26873.236328125, 26868.8515625, 26860.33984375, 26851.13671875, 26837.88671875, 26825.685546875, 26809.40625, 26801.986328125, 26800.662109375, 26803.822265625, 26813.1484375, 26826.44140625, 26836.67578125, 26841.748046875, 26844.26953125, 26844.52734375, 26845.00390625, 26828.501953125, 26817.490234375, 26812.4921875, 26814.8515625, 26823.216796875, 26835.0546875, 26847.8046875, 26859.50390625, 26870.03125, 26881.580078125, 26885.70703125, 26875.23828125, 26861.412109375, 26844.755859375, 26831.134765625, 26820.634765625, 26814.451171875, 26811.919921875, 26793.33984375, 26781.658203125, 26775.728515625, 26775.80859375, 26781.109375, 26791.08984375, 26804.408203125, 26818.640625, 26833.6484375, 26846.271484375, 26856.814453125, 26864.5703125, 26865.005859375, 26859.671875, 26853.83203125, 26848.017578125, 26842.19921875, 26835.041015625, 26830.65234375, 26829.7734375, 26828.708984375, 26809.662109375, 26793.5546875, 26783.20703125, 26778.8046875, 26780.005859375, 26785.388671875, 26794.84765625, 26807.951171875, 26821.283203125, 26833.68359375, 26849.15234375, 26861.087890625], "lower": [26597.3515625, 26597.232421875, 26601.029296875, 26610.326171875, 26623.05859375, 26639.693359375, 26661.82421875, 26684.916015625, 26706.611328125, 26725.642578125, 26742.265625, 26755.662109375, 26764.27734375, 26767.845703125, 26762.5703125, 26755.2265625, 26748.314453125, 26741.802734375, 26735.66015625, 26725.369140625, 26715.744140625, 26707.505859375, 26700.66796875, 26695.734375, 26692.912109375, 26691.4375, 26691.47265625, 26692.578125, 26694.82421875, 26697.521484375, 26700.142578125, 26699.65234375, 26699.541015625, 26699.111328125, 26699.685546875, 26700.861328125, 26701.818359375, 26704.302734375, 26705.462890625, 26706.095703125, 26705.298828125, 26703.2421875, 26700.1640625, 26696.271484375, 26691.869140625, 26688.712890625, 26685.923828125, 26682.1328125, 26679.46484375, 26677.498046875, 26676.5546875, 26676.556640625, 26677.3046875, 26678.52734375, 26680.564453125, 26683.06640625, 26685.69921875, 26688.203125, 26690.689453125, 26693.0859375, 26695.24609375, 26696.939453125, 26698.4609375, 26699.494140625, 26699.666015625, 26700.345703125, 26701.236328125, 26702.3515625, 26703.37109375, 26704.58984375, 26704.98828125, 26704.625, 26703.486328125, 26701.810546875, 26700.521484375, 26700.212890625, 26700.28125, 26700.869140625, 26701.580078125, 26701.716796875, 26701.33203125, 26700.546875, 26699.712890625, 26699.3203125, 26699.533203125, 26699.984375, 26700.89453125, 26701.357421875, 26701.3515625, 26701.06640625, 26700.87109375, 26701.1953125, 26701.904296875, 26703.01171875, 26703.587890625, 26702.41015625, 26701.630859375, 26701.59765625, 26701.923828125, 26702.17578125]}