{"mean": [31256.336588541668, 25122.7255859375, 27657.364583333332, 28594.33203125, 26294.049479166668, 22973.804361979168, 24443.921223958332, 25165.322265625, 24349.880208333332, 22925.577799479168, 22855.864908854168, 23914.928385416668, 23510.576822916668, 22332.410807291668, 22162.459309895832, 22591.104817708332, 22619.046875, 22180.486653645832, 21542.2421875, 21433.829752604168, 21714.088541666668, 21522.0302734375, 20958.129557291668, 20656.1669921875, 20656.044270833332, 20504.6552734375, 20060.173828125, 19566.235026041668, 19356.195963541668, 19428.360026041668, 19938.599609375, 18842.249674479168, 18665.708984375, 18942.992838541668, 18855.393880208332, 18424.91015625, 17971.323567708332, 18209.028971354168, 18121.616536458332, 17614.686848958332, 17703.53125, 17557.419596354168, 17058.538736979168, 17032.840494791668, 16740.540364583332, 16512.6826171875, 16243.019856770834, 16487.444986979168, 16623.267252604168, 16180.803059895834, 16185.834635416666, 16245.4775390625, 16306.888997395834, 16301.118489583334, 16247.871744791666, 16241.7919921875, 16222.902669270834, 16119.8671875, 15985.582682291666, 15983.373046875, 16097.821614583334, 16076.94140625, 15947.416666666666, 15919.288736979166, 15985.642903645834, 16003.69140625, 15963.443684895834, 15922.796549479166, 15892.443033854166, 15916.96875, 15933.668619791666, 15893.652994791666, 15863.074544270834, 15882.764973958334, 15895.716145833334, 15878.1435546875, 15847.591471354166, 15839.001302083334, 15853.488606770834, 15844.824869791666, 15819.579427083334, 15813.930013020834, 15819.193359375, 15813.481770833334, 15794.314778645834, 15781.427408854166, 15785.876953125, 15775.577473958334, 15762.9619140625, 15751.2841796875, 15748.435221354166, 15739.195963541666, 15728.539713541666, 15719.169596354166, 15711.202799479166, 15707.865234375, 15711.873697916666, 15711.116861979166, 15710.238932291666, 15684.1337890625], "upper": [32631.69140625, 31085.68359375, 30243.064453125, 29817.541015625, 29501.869140625, 29276.51171875, 29192.466796875, 29189.607421875, 29051.96484375, 28826.052734375, 28601.337890625, 28396.806640625, 28202.1484375, 28023.6015625, 27843.318359375, 27659.697265625, 27482.34765625, 27314.826171875, 27164.732421875, 27027.5, 26874.837890625, 26712.626953125, 26562.583984375, 26417.603515625, 26272.77734375, 26122.380859375, 25963.10546875, 25793.7890625, 25614.607421875, 25422.958984375, 25215.86328125, 24996.390625, 24759.53125, 24487.341796875, 24178.248046875, 23842.40625, 23511.109375, 23331.7109375, 23043.912109375, 22510.98828125, 22087.07421875, 21564.671875, 20822.75, 20300.80859375, 19825.412109375, 19135.376953125, 18411.27734375, 19301.97265625, 19403.671875, 18426.220703125, 18288.408203125, 18665.3203125, 18841.107421875, 18926.71875, 18937.4375, 18879.26171875, 18758.939453125, 18543.384765625, 18211.83203125, 18204.02734375, 18555.564453125, 18506.32421875, 18175.912109375, 18155.15234375, 18328.755859375, 18400.65234375, 18344.2109375, 18190.783203125, 18096.908203125, 18217.23046875, 18276.107421875, 18154.93359375, 18087.322265625, 18159.2890625, 18207.439453125, 18171.8671875, 18092.59375, 18081.822265625, 18139.0078125, 18128.57421875, 18065.95703125, 18062.849609375, 18095.57421875, 18091.4296875, 18049.435546875, 18028.4609375, 18047.080078125, 18043.0703125, 18009.5703125, 17997.00390625, 18003.62890625, 17993.15625, 17966.73046875, 17953.078125, 17954.75390625, 17941.908203125, 17916.83203125, 17904.1484375, 17897.16796875, 17880.091796875], "lower": [28737.341796875, 15349.1279296875, 25268.86328125, 27710.810546875, 21720.646484375, 12264.9345703125, 17086.26171875, 19460.197265625, 17199.2890625, 13307.6611328125, 13575.5302734375, 17151.0390625, 16270.03125, 13070.49609375, 12935.0087890625, 14635.96875, 15163.357421875, 14307.7763671875, 12839.5234375, 12884.7080078125, 14179.259765625, 14164.9619140625, 12977.015625, 12659.7802734375, 13371.693359375, 13671.1650390625, 13155.30078125, 12606.326171875, 12879.1875, 13305.181640625, 13050.17578125, 12608.4619140625, 12696.138671875, 12996.62890625, 12903.1171875, 12577.951171875, 12576.115234375, 12800.5498046875, 12746.125, 12503.37109375, 12501.416015625, 12646.1357421875, 12580.3291015625, 12411.384765625, 12434.2890625, 12521.3876953125, 12417.5830078125, 12317.8427734375, 12376.3056640625, 12381.7841796875, 12274.427734375, 12248.4794921875, 12287.8857421875, 12232.76171875, 12166.875, 12186.9931640625, 12169.9541015625, 12102.564453125, 12103.275390625, 12095.87890625, 12039.943359375, 12033.3359375, 12026.078125, 11973.3544921875, 11966.5693359375, 11952.15625, 11928.1982421875, 11967.3720703125, 11949.0205078125, 11915.294921875, 11939.923828125, 11935.31640625, 11906.4306640625, 11921.982421875, 11923.666015625, 11898.4775390625, 11906.6787109375, 11909.2890625, 11890.8447265625, 11895.0625, 11896.314453125, 11881.9365234375, 11884.322265625, 11883.642578125, 11873.1455078125, 11874.9814453125, 11873.45703125, 11864.2890625, 11865.3173828125, 11862.3408203125, 11855.7998046875, 11856.251953125, 11852.697265625, 11847.0146484375, 11846.5732421875, 11842.609375, 11838.6953125, 11838.0771484375, 11833.814453125, 11830.3408203125]}