{"mean": [2852.0481770833335, 2522.9764404296875, 2600.4757486979165, 2650.3619791666665, 2542.6891276041665, 2394.86865234375, 2473.7723795572915, 2520.701416015625, 2473.9423828125, 2382.097696940104, 2370.4488932291665, 2412.8421223958335, 2385.9077962239585, 2323.5780436197915, 2302.220743815104, 2328.375773111979, 2325.8258056640625, 2296.200968424479, 2253.2940673828125, 2258.1876627604165, 2266.0596516927085, 2251.924845377604, 2231.352783203125, 2213.305704752604, 2214.7726236979165, 2211.3855794270835, 2191.593058268229, 2180.6597493489585, 2198.8987630208335, 2240.383992513021, 2282.767537434896, 2196.051310221354, 2164.3514811197915, 2177.051717122396, 2174.408243815104, 2149.386027018229, 2139.336466471354, 2150.065144856771, 2151.2786458333335, 2125.228474934896, 2123.2520345052085, 2129.3133138020835, 2145.2781575520835, 2198.9182942708335, 2186.19140625, 2147.623046875, 2125.453898111979, 2151.414998372396, 2162.3998209635415, 2126.610392252604, 2125.816365559896, 2138.094523111979, 2157.985595703125, 2160.904012044271, 2157.2581380208335, 2152.116902669271, 2144.9674072265625, 2142.192342122396, 2143.637247721354, 2135.6095377604165, 2142.793416341146, 2138.5271809895835, 2129.826456705729, 2138.12451171875, 2141.0198974609375, 2141.811808268229, 2138.8736165364585, 2137.9788411458335, 2131.3282063802085, 2130.334431966146, 2134.6173502604165, 2131.1468098958335, 2131.652303059896, 2136.211385091146, 2137.353474934896, 2137.5663248697915, 2136.686808268229, 2131.7403564453125, 2126.3025716145835, 2125.444132486979, 2127.9596354166665, 2132.309814453125, 2135.848388671875, 2134.28369140625, 2129.408162434896, 2126.591267903646, 2125.2147623697915, 2124.5867513020835, 2124.0491536458335, 2126.684366861979, 2129.286092122396, 2127.0228271484375, 2122.58740234375, 2124.622599283854, 2121.465087890625, 2118.7518717447915, 2122.3600260416665, 2118.9903157552085, 2123.611531575521, 2120.2384440104165], "upper": [2999.499755859375, 2821.968994140625, 2795.10205078125, 2775.052490234375, 2755.1005859375, 2747.166259765625, 2750.36328125, 2759.377685546875, 2742.93017578125, 2712.091064453125, 2682.681640625, 2654.671142578125, 2627.9921875, 2608.2626953125, 2588.62548828125, 2570.870849609375, 2557.734130859375, 2543.44970703125, 2532.086669921875, 2522.505126953125, 2513.4384765625, 2504.6865234375, 2494.46044921875, 2485.150390625, 2478.57177734375, 2473.173828125, 2465.693359375, 2456.6630859375, 2448.2490234375, 2440.030029296875, 2511.928955078125, 2418.081787109375, 2403.77294921875, 2384.2626953125, 2358.576416015625, 2319.224609375, 2270.323486328125, 2314.2548828125, 2334.274658203125, 2290.50146484375, 2284.86181640625, 2288.418701171875, 2306.520751953125, 2382.740966796875, 2357.88671875, 2294.77587890625, 2300.8583984375, 2336.08251953125, 2361.8916015625, 2344.239013671875, 2322.490234375, 2330.900146484375, 2365.96484375, 2366.1884765625, 2366.258544921875, 2362.67041015625, 2356.4765625, 2358.215576171875, 2365.179931640625, 2366.87646484375, 2367.687744140625, 2367.687255859375, 2366.69873046875, 2364.829345703125, 2360.3662109375, 2359.83740234375, 2363.4814453125, 2365.85498046875, 2365.40087890625, 2364.76416015625, 2364.39453125, 2359.723388671875, 2357.215087890625, 2359.97265625, 2362.086669921875, 2361.2392578125, 2360.834716796875, 2358.27197265625, 2352.546875, 2353.611328125, 2356.2001953125, 2356.2197265625, 2354.403076171875, 2348.974853515625, 2344.89990234375, 2349.14990234375, 2350.655029296875, 2347.205078125, 2338.635009765625, 2340.091064453125, 2344.836669921875, 2340.138671875, 2332.180419921875, 2342.2939453125, 2334.8994140625, 2327.357666015625, 2336.9267578125, 2323.322265625, 2333.130126953125, 2322.013427734375], "lower": [2646.333740234375, 2035.2086181640625, 2445.579345703125, 2581.95263671875, 2279.750244140625, 1866.797119140625, 2132.51708984375, 2268.30908203125, 2139.227783203125, 1907.1009521484375, 1927.29345703125, 2107.1171875, 2066.4150390625, 1908.786865234375, 1879.2730712890625, 1995.3138427734375, 2023.9654541015625, 1973.7921142578125, 1874.4971923828125, 1902.9501953125, 1950.0986328125, 1949.2142333984375, 1905.76025390625, 1871.2047119140625, 1905.565185546875, 1925.458984375, 1890.0037841796875, 1872.33837890625, 1901.05224609375, 1913.1632080078125, 1906.2308349609375, 1883.4237060546875, 1868.065185546875, 1878.4781494140625, 1873.3162841796875, 1865.9639892578125, 1884.1800537109375, 1895.5733642578125, 1893.470703125, 1877.3052978515625, 1862.0244140625, 1862.02734375, 1860.66455078125, 1861.259033203125, 1876.679443359375, 1883.7763671875, 1877.9271240234375, 1859.6160888671875, 1854.56298828125, 1853.7308349609375, 1854.4342041015625, 1863.3858642578125, 1872.35595703125, 1867.6195068359375, 1854.425537109375, 1849.5682373046875, 1848.5047607421875, 1850.7073974609375, 1860.2630615234375, 1861.619384765625, 1852.1175537109375, 1844.52978515625, 1843.0186767578125, 1844.80712890625, 1852.0692138671875, 1851.9874267578125, 1840.924072265625, 1839.09619140625, 1838.784912109375, 1842.5677490234375, 1851.02587890625, 1850.4814453125, 1842.1441650390625, 1837.8367919921875, 1837.5020751953125, 1839.501708984375, 1845.7711181640625, 1846.9527587890625, 1841.092041015625, 1837.0474853515625, 1836.49609375, 1838.41748046875, 1842.597412109375, 1842.98681640625, 1838.9986572265625, 1835.9815673828125, 1835.484375, 1837.310791015625, 1840.229736328125, 1839.9808349609375, 1836.9798583984375, 1834.7728271484375, 1834.69140625, 1836.4315185546875, 1837.91845703125, 1837.010009765625, 1834.716064453125, 1833.307373046875, 1833.5911865234375, 1835.09423828125]}