{"mean": [2702.7518717447915, 2193.155558268229, 1503.5033772786458, 1532.3417561848958, 1541.9139404296875, 1542.2825520833333, 1541.9967447916667, 1543.2672119140625, 1544.47998046875, 1541.3231608072917, 1535.33544921875, 1529.3087158203125, 1523.4877115885417, 1520.9197184244792, 1530.9530436197917, 1550.4241536458333, 1546.7196451822917, 1537.0978190104167, 1528.0967203776042, 1523.7541097005208, 1519.3908284505208, 1517.7088623046875, 1517.4086100260417, 1519.8077392578125, 1524.8852132161458, 1531.0052897135417, 1538.7596028645833, 1540.855712890625, 1538.1939290364583, 1530.7441813151042, 1525.2021484375, 1520.9701741536458, 1518.5287272135417, 1517.2505289713542, 1516.3015950520833, 1517.2885335286458, 1520.6915283203125, 1522.642333984375, 1520.9221598307292, 1521.6645914713542, 1519.507568359375, 1513.8968505859375, 1510.1717529296875, 1499.1668294270833, 1490.9142252604167, 1488.5240478515625, 1491.3529459635417, 1512.8086751302083, 1514.9083658854167, 1529.7928059895833, 1559.7829182942708, 1595.4803873697917, 1629.4161783854167, 1644.3295491536458, 1660.566650390625, 1672.6251627604167, 1681.3241780598958, 1688.3411865234375, 1691.1527913411458, 1691.685791015625, 1691.4176025390625, 1690.9666748046875, 1692.506591796875, 1691.6413167317708, 1680.892822265625, 1674.7922770182292, 1672.1185302734375, 1674.4689534505208, 1673.1686197916667, 1661.4557698567708, 1650.0395100911458, 1644.30908203125, 1643.7886962890625, 1645.4131673177083, 1641.7866617838542, 1634.2189127604167, 1629.7030029296875, 1631.6755777994792, 1645.0714518229167, 1622.5295817057292, 1618.8220621744792, 1616.9191080729167, 1616.3039957682292, 1616.2674967447917, 1619.2485758463542, 1619.1865641276042, 1614.3738606770833, 1616.1009114583333, 1606.9105224609375, 1603.0184326171875, 1598.6797688802083, 1595.1159261067708, 1591.9025472005208, 1590.4647623697917, 1589.9267578125, 1591.1813557942708, 1594.572998046875, 1597.8441975911458, 1597.4739583333333, 1592.9930013020833], "upper": [4903.8974609375, 3331.802734375, 1659.570068359375, 1654.5009765625, 1647.5206298828125, 1638.71826171875, 1629.365234375, 1622.4039306640625, 1614.0048828125, 1604.7333984375, 1592.65283203125, 1577.479736328125, 1561.855224609375, 1554.0860595703125, 1582.09521484375, 1636.78271484375, 1618.2353515625, 1579.38818359375, 1562.4842529296875, 1560.636962890625, 1556.0546875, 1552.5029296875, 1549.8653564453125, 1549.23095703125, 1550.5987548828125, 1560.5181884765625, 1580.293212890625, 1583.504638671875, 1573.986572265625, 1558.3671875, 1553.624267578125, 1548.2965087890625, 1545.802001953125, 1544.0135498046875, 1543.9488525390625, 1545.36328125, 1553.2447509765625, 1557.2054443359375, 1568.2724609375, 1576.584228515625, 1578.65380859375, 1570.714599609375, 1560.600341796875, 1553.1328125, 1546.8350830078125, 1548.2315673828125, 1554.519287109375, 1584.6663818359375, 1566.8553466796875, 1580.20166015625, 1593.741943359375, 1645.29443359375, 1752.8262939453125, 1799.357421875, 1848.611572265625, 1884.649658203125, 1907.4063720703125, 1921.515625, 1920.06591796875, 1909.8994140625, 1899.0494384765625, 1886.0579833984375, 1870.330078125, 1852.0155029296875, 1834.578369140625, 1818.7525634765625, 1802.081298828125, 1786.5438232421875, 1771.58447265625, 1756.6695556640625, 1743.0516357421875, 1730.9827880859375, 1719.6824951171875, 1708.9044189453125, 1698.400390625, 1688.513671875, 1678.9625244140625, 1670.319091796875, 1663.0401611328125, 1655.7708740234375, 1651.4893798828125, 1648.962646484375, 1650.8544921875, 1654.6761474609375, 1664.515625, 1666.110107421875, 1654.28759765625, 1664.3365478515625, 1643.4210205078125, 1638.484130859375, 1633.038330078125, 1629.375732421875, 1626.3094482421875, 1626.601318359375, 1628.43896484375, 1634.6409912109375, 1646.1566162109375, 1656.7235107421875, 1655.5863037109375, 1641.7666015625], "lower": [1538.2486572265625, 1585.5433349609375, 1297.448974609375, 1403.491455078125, 1440.490966796875, 1449.2958984375, 1453.632080078125, 1456.684326171875, 1459.4970703125, 1461.9525146484375, 1463.8262939453125, 1465.8946533203125, 1467.43359375, 1468.8052978515625, 1470.282470703125, 1471.6016845703125, 1472.8388671875, 1474.3814697265625, 1475.71630859375, 1477.0533447265625, 1478.094970703125, 1478.79248046875, 1479.22265625, 1479.3067626953125, 1479.7362060546875, 1479.5941162109375, 1479.683837890625, 1479.159423828125, 1478.3720703125, 1477.8580322265625, 1477.307373046875, 1475.8980712890625, 1474.3359375, 1472.426513671875, 1468.8570556640625, 1464.583251953125, 1460.4205322265625, 1456.23486328125, 1450.684326171875, 1445.5618896484375, 1436.016845703125, 1423.8096923828125, 1410.833251953125, 1395.878173828125, 1379.533203125, 1373.08154296875, 1373.7259521484375, 1401.4029541015625, 1428.718017578125, 1462.5035400390625, 1538.5982666015625, 1548.3448486328125, 1551.263427734375, 1557.24853515625, 1561.286376953125, 1566.2713623046875, 1564.9176025390625, 1566.832275390625, 1572.530517578125, 1579.5260009765625, 1586.4505615234375, 1591.487548828125, 1594.21533203125, 1596.044921875, 1597.028564453125, 1599.80517578125, 1604.402587890625, 1609.3538818359375, 1611.1510009765625, 1596.6533203125, 1589.7564697265625, 1583.2772216796875, 1582.2109375, 1580.73779296875, 1577.8310546875, 1575.4415283203125, 1575.085693359375, 1588.2183837890625, 1629.0401611328125, 1557.2852783203125, 1554.7459716796875, 1556.39990234375, 1558.0941162109375, 1560.4715576171875, 1564.9332275390625, 1568.673583984375, 1571.548828125, 1574.120849609375, 1576.8585205078125, 1579.6568603515625, 1580.486083984375, 1570.7431640625, 1561.6221923828125, 1554.346435546875, 1548.5611572265625, 1544.29833984375, 1541.4356689453125, 1540.0013427734375, 1539.9400634765625, 1541.034912109375]}