{"mean": [5641.843668619792, 5089.546793619792, 4387.705322265625, 3874.5404459635415, 3747.0284016927085, 3812.3622233072915, 3776.8199055989585, 3842.541748046875, 3845.2925618489585, 3795.6172688802085, 3730.3707682291665, 3663.7190755208335, 3648.5764973958335, 3713.255859375, 3734.5297037760415, 3823.3131510416665, 3816.6156412760415, 3818.6769205729165, 3795.724365234375, 3677.6552734375, 3672.5848795572915, 3641.6800130208335, 3634.0900065104165, 3600.2731119791665, 3612.6022135416665, 3605.9998372395835, 3588.80322265625, 3613.1178385416665, 3600.4423828125, 3595.3378092447915, 3565.6542154947915, 3629.9663899739585, 3646.347412109375, 3634.4065755208335, 3599.6681315104165, 3586.07421875, 3546.509033203125, 3520.705322265625, 3494.9484049479165, 3494.3710123697915, 3481.1555989583335, 3490.2052408854165, 3488.09130859375, 3526.0323893229165, 3609.89013671875, 3658.937255859375, 3668.8395182291665, 3630.9065755208335, 3617.9973958333335, 3597.6573893229165, 3572.4764811197915, 3510.2228190104165, 3456.2964680989585, 3432.61572265625, 3405.5853678385415, 3430.7928059895835, 3441.0214029947915, 3419.4730631510415, 3423.9188639322915, 3420.8107096354165, 3414.77490234375, 3426.8267415364585, 3409.76416015625, 3389.7205403645835, 3380.5511067708335, 3355.7180989583335, 3349.7598470052085, 3335.546875, 3354.346435546875, 3363.220458984375, 3362.2478841145835, 3372.32421875, 3403.0702311197915, 3409.928466796875, 3409.3263346354165, 3411.0028483072915, 3396.8916015625, 3351.3036295572915, 3348.718505859375, 3348.8072102864585, 3373.6917317708335, 3378.3177083333335, 3394.9850260416665, 3391.8992513020835, 3391.0054524739585, 3384.4754231770835, 3352.730712890625, 3351.3973795572915, 3354.0626627604165, 3353.9271647135415, 3380.047607421875, 3389.9833984375, 3407.8472493489585, 3395.7556966145835, 3376.4856770833335, 3348.619384765625, 3339.0160319010415, 3339.625732421875, 3367.8035481770835, 3370.9579264322915], "upper": [7164.40478515625, 6119.69921875, 4713.1015625, 4169.5439453125, 3938.337890625, 3820.6748046875, 3883.91162109375, 3996.2529296875, 4022.7626953125, 3936.879150390625, 3794.498291015625, 3728.699951171875, 3713.33203125, 3719.83349609375, 3842.786865234375, 4092.349609375, 4097.06005859375, 4084.08642578125, 4025.6005859375, 3752.351806640625, 3856.529541015625, 3811.371826171875, 3864.686279296875, 3856.66357421875, 3849.26708984375, 3806.162109375, 3733.650390625, 3724.618408203125, 3777.94482421875, 3826.7451171875, 3812.77099609375, 3887.0048828125, 3866.757080078125, 3813.295166015625, 3746.669677734375, 3767.50634765625, 3712.514892578125, 3687.380859375, 3710.58349609375, 3734.084716796875, 3714.9521484375, 3717.80615234375, 3724.510009765625, 3698.676513671875, 3829.560791015625, 3845.40380859375, 3834.97900390625, 3798.864501953125, 3801.28466796875, 3802.95458984375, 3782.738525390625, 3720.238037109375, 3626.981201171875, 3602.2099609375, 3576.73779296875, 3620.0556640625, 3601.217041015625, 3556.798828125, 3588.8779296875, 3581.303955078125, 3586.587890625, 3678.014892578125, 3644.679443359375, 3618.849365234375, 3606.149658203125, 3569.71875, 3570.802734375, 3536.706787109375, 3532.23095703125, 3524.65625, 3542.303955078125, 3566.08056640625, 3648.593994140625, 3681.393798828125, 3689.72802734375, 3650.35595703125, 3632.701416015625, 3561.119140625, 3539.235595703125, 3538.4375, 3597.109375, 3616.498291015625, 3641.56396484375, 3637.02294921875, 3641.595703125, 3610.26318359375, 3534.29345703125, 3541.46630859375, 3543.068603515625, 3553.538330078125, 3631.12255859375, 3644.117919921875, 3651.541748046875, 3641.542236328125, 3610.359619140625, 3552.598876953125, 3519.89794921875, 3518.756591796875, 3601.974609375, 3643.238037109375], "lower": [3992.854736328125, 3952.861572265625, 3846.328369140625, 3711.01904296875, 3615.013916015625, 3799.673828125, 3665.31689453125, 3730.8681640625, 3721.14892578125, 3669.85888671875, 3686.238037109375, 3603.459716796875, 3523.93505859375, 3704.223876953125, 3640.226806640625, 3630.587646484375, 3620.96044921875, 3632.316162109375, 3572.9306640625, 3532.7421875, 3556.43017578125, 3543.616943359375, 3491.350830078125, 3396.8720703125, 3435.32568359375, 3419.107421875, 3431.81591796875, 3520.4853515625, 3476.478515625, 3447.388671875, 3440.084716796875, 3435.165283203125, 3435.7177734375, 3399.23486328125, 3394.51611328125, 3374.749267578125, 3414.467041015625, 3419.633056640625, 3360.3056640625, 3340.64990234375, 3332.72705078125, 3355.787841796875, 3342.78759765625, 3380.966552734375, 3428.025634765625, 3524.032958984375, 3567.92578125, 3513.53759765625, 3491.236328125, 3485.5283203125, 3452.811279296875, 3360.62744140625, 3335.782958984375, 3330.16748046875, 3299.76171875, 3316.01904296875, 3359.579345703125, 3343.563720703125, 3329.57470703125, 3308.9970703125, 3304.06591796875, 3277.639892578125, 3260.14111328125, 3271.02880859375, 3265.8056640625, 3229.8984375, 3199.2841796875, 3210.565673828125, 3246.762939453125, 3267.871826171875, 3262.978515625, 3253.0009765625, 3254.569091796875, 3219.3359375, 3227.113525390625, 3237.17236328125, 3206.4892578125, 3170.541259765625, 3189.536376953125, 3194.87939453125, 3210.909423828125, 3202.69677734375, 3224.05859375, 3235.044677734375, 3229.85546875, 3238.451171875, 3215.00927734375, 3203.48828125, 3214.8037109375, 3210.940185546875, 3239.260009765625, 3257.618896484375, 3282.013671875, 3264.2470703125, 3255.86181640625, 3235.185791015625, 3235.36865234375, 3235.70751953125, 3239.256103515625, 3232.064208984375]}