{"mean": [9324.287760416666, 8409.836100260416, 7667.257161458333, 7161.54443359375, 7223.99462890625, 7220.501953125, 7441.419921875, 7535.281412760417, 7526.436360677083, 7460.393229166667, 7317.3544921875, 7221.992513020833, 7146.826009114583, 7048.077311197917, 7181.388834635417, 7161.194010416667, 7149.003255208333, 7161.13232421875, 7197.735026041667, 7171.324381510417, 7079.5009765625, 7120.156087239583, 7155.949055989583, 7159.918131510417, 7153.28515625, 7131.856770833333, 7086.998046875, 7038.54150390625, 6984.60107421875, 6944.702311197917, 6924.2646484375, 6934.4677734375, 6956.39892578125, 6965.511067708333, 6967.828287760417, 6969.650553385417, 6957.55078125, 6947.3681640625, 6943.711100260417, 6940.143229166667, 6934.617350260417, 6921.61279296875, 6907.084635416667, 6887.951822916667, 6881.890787760417, 6886.953450520833, 6892.430338541667, 6894.024251302083, 6892.062337239583, 6886.760904947917, 6880.6015625, 6872.397135416667, 6867.190266927083, 6864.726399739583, 6860.369791666667, 6858.469563802083, 6849.886555989583, 6836.137532552083, 6821.693684895833, 6806.419921875, 6794.614095052083, 6789.0869140625, 6784.409016927083, 6776.4658203125, 6776.647786458333, 6780.107584635417, 6783.630533854167, 6785.40869140625, 6783.8349609375, 6780.630696614583, 6772.3564453125, 6762.266276041667, 6758.363932291667, 6757.875, 6758.229817708333, 6756.416829427083, 6754.647298177083, 6762.282552083333, 6771.850423177083, 6772.085774739583, 6777.907552083333, 6791.698567708333, 6805.765462239583, 6818.573893229167, 6831.174153645833, 6841.794921875, 6856.794596354167, 6872.984049479167, 6884.502604166667, 6892.32373046875, 6901.69970703125, 6916.043782552083, 6927.458821614583, 6937.221028645833, 6945.236653645833, 6959.424641927083, 6969.511555989583, 6973.421875, 6971.771809895833, 6969.743977864583], "upper": [10418.9052734375, 8874.9365234375, 8762.3349609375, 8642.0400390625, 8564.7705078125, 8526.3837890625, 8493.6708984375, 8453.09375, 8411.3388671875, 8375.41015625, 8340.9521484375, 8303.1337890625, 8259.939453125, 8226.2216796875, 8204.33203125, 8190.85009765625, 8178.52587890625, 8163.8212890625, 8146.875, 8122.76611328125, 8095.80126953125, 8064.19873046875, 8030.06640625, 8008.37109375, 8002.6923828125, 7983.44091796875, 7936.26123046875, 7881.146484375, 7826.12060546875, 7810.306640625, 7810.791015625, 7808.439453125, 7806.8408203125, 7811.10107421875, 7847.36376953125, 7914.7109375, 7953.22900390625, 7986.26416015625, 7998.14990234375, 7992.50830078125, 7976.279296875, 7939.22705078125, 7886.8505859375, 7827.638671875, 7775.84912109375, 7734.267578125, 7698.0361328125, 7662.42822265625, 7629.39892578125, 7594.75732421875, 7578.12451171875, 7576.15283203125, 7567.9609375, 7557.9541015625, 7544.7275390625, 7547.2509765625, 7547.35888671875, 7547.41455078125, 7545.4326171875, 7543.232421875, 7542.029296875, 7540.70751953125, 7538.7177734375, 7521.36572265625, 7520.14892578125, 7519.66796875, 7519.3994140625, 7518.8984375, 7518.6708984375, 7518.6240234375, 7517.61279296875, 7517.66650390625, 7518.89404296875, 7520.173828125, 7522.71240234375, 7524.49365234375, 7525.63720703125, 7526.177734375, 7524.40625, 7523.22900390625, 7520.52001953125, 7517.607421875, 7514.822265625, 7510.25439453125, 7506.69140625, 7502.54052734375, 7497.2431640625, 7492.19580078125, 7487.25, 7481.05859375, 7476.38623046875, 7470.7099609375, 7465.212890625, 7459.33154296875, 7453.91015625, 7448.02587890625, 7443.3095703125, 7438.54833984375, 7433.58544921875, 7429.1943359375], "lower": [8562.84375, 8142.27294921875, 6475.15185546875, 5251.97509765625, 5480.11572265625, 5590.3740234375, 6115.31982421875, 6352.96240234375, 6386.81884765625, 6272.90869140625, 5891.14599609375, 5637.30419921875, 5443.837890625, 5166.9638671875, 5571.0498046875, 5501.69970703125, 5449.552734375, 5468.87890625, 5553.3486328125, 5456.18505859375, 5165.76123046875, 5297.443359375, 5429.4541015625, 5475.25244140625, 5510.892578125, 5505.54150390625, 5454.62548828125, 5397.55517578125, 5321.9287109375, 5240.93701171875, 5201.04052734375, 5256.1171875, 5348.1796875, 5392.71630859375, 5395.36767578125, 5368.12158203125, 5326.68603515625, 5287.98486328125, 5282.24609375, 5291.05810546875, 5302.685546875, 5315.51611328125, 5335.19189453125, 5368.64501953125, 5404.0869140625, 5440.30126953125, 5463.76123046875, 5478.23046875, 5486.1103515625, 5492.1796875, 5499.25244140625, 5506.86474609375, 5516.822265625, 5531.412109375, 5548.6630859375, 5569.86767578125, 5592.98291015625, 5616.40625, 5641.5732421875, 5662.458984375, 5681.79345703125, 5707.91650390625, 5731.125, 5754.59130859375, 5775.529296875, 5799.16796875, 5820.029296875, 5840.83740234375, 5859.39501953125, 5886.9951171875, 5911.494140625, 5931.17919921875, 5954.0029296875, 5968.76953125, 5984.7509765625, 6002.08642578125, 6020.314453125, 6048.38037109375, 6076.125, 6104.9150390625, 6134.5888671875, 6166.90234375, 6202.8115234375, 6236.609375, 6270.31591796875, 6300.22705078125, 6325.69091796875, 6353.28759765625, 6380.10888671875, 6409.6171875, 6439.9521484375, 6470.55029296875, 6498.1083984375, 6523.49755859375, 6549.376953125, 6575.89599609375, 6595.68310546875, 6610.03662109375, 6620.0751953125, 6626.87255859375]}