{"mean": [3462.1666666666665, 3089.2767740885415, 2704.52685546875, 2534.1630859375, 2548.6669921875, 2581.4984537760415, 2626.172607421875, 2658.0410970052085, 2658.976318359375, 2639.3710123697915, 2600.871337890625, 2557.737060546875, 2516.751220703125, 2507.441162109375, 2521.8866373697915, 2546.7722981770835, 2556.413330078125, 2549.2191569010415, 2529.7655436197915, 2508.6161295572915, 2497.8753255208335, 2494.73193359375, 2496.56201171875, 2500.312744140625, 2502.931640625, 2495.9762369791665, 2478.3944498697915, 2462.748046875, 2450.3138020833335, 2449.791015625, 2446.6781412760415, 2444.12451171875, 2444.5345865885415, 2443.022216796875, 2442.3863932291665, 2443.4348958333335, 2441.9337565104165, 2443.044677734375, 2444.640380859375, 2445.8323567708335, 2443.5061848958335, 2438.1724446614585, 2431.4335123697915, 2421.7572428385415, 2416.7228190104165, 2415.44140625, 2415.4263509114585, 2413.9326171875, 2412.1461588541665, 2408.8970540364585, 2406.293701171875, 2403.896484375, 2404.062744140625, 2402.9237467447915, 2400.2362467447915, 2397.470703125, 2393.0598958333335, 2387.9720865885415, 2383.542236328125, 2378.7980143229165, 2375.5288899739585, 2372.5758463541665, 2370.760009765625, 2367.9069010416665, 2367.1676432291665, 2366.0702311197915, 2365.1499837239585, 2363.613037109375, 2362.1817220052085, 2359.2352701822915, 2355.6527506510415, 2350.7178548177085, 2349.20849609375, 2344.886474609375, 2342.463623046875, 2340.7574055989585, 2340.81201171875, 2343.4656575520835, 2345.8904622395835, 2342.0806477864585, 2339.9144694010415, 2337.6502278645835, 2337.732421875, 2339.1968587239585, 2342.7476399739585, 2347.6058756510415, 2352.789306640625, 2356.8932291666665, 2358.607666015625, 2358.0015462239585, 2356.0428059895835, 2354.4396158854165, 2355.163818359375, 2357.435302734375, 2362.0147298177085, 2367.1168619791665, 2369.9756673177085, 2370.333251953125, 2368.1053873697915, 2364.6695963541665], "upper": [4314.62939453125, 3491.997314453125, 2866.938232421875, 2833.36767578125, 2820.53173828125, 2812.070068359375, 2809.427001953125, 2803.899658203125, 2794.901123046875, 2782.662109375, 2769.69482421875, 2756.682373046875, 2743.799560546875, 2738.9072265625, 2733.856689453125, 2729.752197265625, 2726.247314453125, 2721.5107421875, 2717.929443359375, 2719.403564453125, 2725.2431640625, 2726.09814453125, 2724.177490234375, 2721.754638671875, 2718.792236328125, 2711.556884765625, 2693.40576171875, 2671.953125, 2656.2509765625, 2662.779052734375, 2665.131591796875, 2663.15380859375, 2659.667236328125, 2652.98876953125, 2660.25244140625, 2681.883056640625, 2693.326171875, 2702.295654296875, 2708.083740234375, 2706.66162109375, 2700.986328125, 2687.093994140625, 2669.264404296875, 2650.189697265625, 2636.466796875, 2626.794189453125, 2618.77099609375, 2610.500732421875, 2602.0517578125, 2592.483642578125, 2584.875244140625, 2577.032470703125, 2577.48779296875, 2576.974609375, 2571.477783203125, 2562.461181640625, 2549.960205078125, 2534.005615234375, 2523.724365234375, 2521.993408203125, 2520.463134765625, 2518.643798828125, 2516.67236328125, 2511.2197265625, 2509.043212890625, 2506.548095703125, 2503.287109375, 2499.604736328125, 2496.255859375, 2492.719482421875, 2489.4287109375, 2486.234130859375, 2483.6708984375, 2480.591552734375, 2478.922607421875, 2476.7265625, 2475.212646484375, 2473.8701171875, 2472.6689453125, 2471.35009765625, 2470.02001953125, 2468.716796875, 2467.2138671875, 2465.60205078125, 2464.017333984375, 2462.34375, 2460.98828125, 2459.423828125, 2458.162109375, 2456.54736328125, 2455.34326171875, 2453.8212890625, 2452.4521484375, 2450.995361328125, 2449.93896484375, 2448.6025390625, 2447.284423828125, 2446.224853515625, 2444.85791015625, 2443.713623046875], "lower": [2893.369384765625, 2876.415771484375, 2528.6357421875, 2122.675048828125, 2209.4794921875, 2334.691650390625, 2438.668212890625, 2506.659912109375, 2515.8203125, 2455.00927734375, 2339.954345703125, 2217.08740234375, 2102.07470703125, 2075.042236328125, 2120.029541015625, 2197.3564453125, 2228.12939453125, 2210.430419921875, 2155.667724609375, 2096.64111328125, 2065.463134765625, 2063.00146484375, 2079.074462890625, 2102.0810546875, 2122.18359375, 2116.922607421875, 2088.909423828125, 2070.408935546875, 2059.2470703125, 2060.49267578125, 2056.3447265625, 2057.380126953125, 2068.7236328125, 2076.08154296875, 2075.361083984375, 2067.370849609375, 2057.048583984375, 2056.490966796875, 2061.57861328125, 2066.30078125, 2067.27880859375, 2067.745849609375, 2068.07861328125, 2067.49267578125, 2066.48583984375, 2071.331787109375, 2078.899169921875, 2083.3583984375, 2084.37890625, 2082.2021484375, 2082.76513671875, 2085.787841796875, 2090.59814453125, 2094.459716796875, 2097.75537109375, 2100.662841796875, 2103.08251953125, 2105.25732421875, 2108.210693359375, 2111.966796875, 2117.830078125, 2121.205810546875, 2125.924560546875, 2129.192626953125, 2132.32666015625, 2134.797607421875, 2137.911865234375, 2140.113037109375, 2143.937744140625, 2146.52392578125, 2150.22216796875, 2152.792236328125, 2164.1796875, 2166.71533203125, 2169.40380859375, 2172.144287109375, 2174.79345703125, 2178.5556640625, 2182.930908203125, 2186.366943359375, 2191.732177734375, 2194.459228515625, 2199.85400390625, 2203.681884765625, 2208.172119140625, 2213.786376953125, 2218.474365234375, 2223.804443359375, 2228.1884765625, 2232.447021484375, 2236.670166015625, 2240.95556640625, 2244.92333984375, 2247.884765625, 2251.22021484375, 2254.51220703125, 2257.512451171875, 2260.017578125, 2262.11279296875, 2263.9306640625]}