{"mean": [28241.983723958332, 25005.170572916668, 24869.194010416668, 26775.797526041668, 25095.805989583332, 24479.5546875, 24215.839192708332, 24166.532552083332, 24419.158203125, 25121.871744791668, 25680.495442708332, 24974.338541666668, 23954.535807291668, 23092.990234375, 23006.633463541668, 22966.674479166668, 22982.59765625, 22857.091796875, 22952.62109375, 22881.695963541668, 22620.225260416668, 22399.654296875, 22222.771484375, 22123.384765625, 22125.340494791668, 21884.319661458332, 21652.645182291668, 21367.9609375, 21310.04296875, 21298.862630208332, 21348.078776041668, 21329.529947916668, 21278.275390625, 21180.543619791668, 21077.701822916668, 20974.809895833332, 20834.526041666668, 20737.889973958332, 20720.070963541668, 20822.654296875, 20898.912760416668, 20747.180338541668, 20367.715494791668, 20297.599609375, 20525.880859375, 20467.390625, 20101.499348958332, 19913.938802083332, 19734.004557291668, 20128.815755208332, 20337.10546875, 20400.493489583332, 20026.151041666668, 19442.798177083332, 19362.0859375, 19586.78515625, 19883.539713541668, 20003.309244791668, 19600.421223958332, 19381.972005208332, 19398.485677083332, 19703.970703125, 19418.771484375, 19512.319661458332, 19933.296875, 20282.689453125, 20226.442057291668, 20136.642578125, 19982.797526041668, 19765.87109375, 19677.270833333332, 19535.98046875, 19489.130208333332, 19592.778645833332, 19627.759114583332, 19437.514322916668, 19416.52734375, 19511.813802083332, 19457.274088541668, 19373.350260416668, 19479.031901041668, 19533.029947916668, 19397.505859375, 19427.501953125, 19548.774739583332, 19489.155598958332, 19418.311848958332, 19486.350260416668, 19578.652994791668, 19438.085286458332, 19375.994140625, 19439.751302083332, 19499.162109375, 19415.342447916668, 19495.908203125, 19544.165364583332, 19623.695963541668, 19741.716145833332, 19626.597005208332, 19674.599609375], "upper": [30050.021484375, 29203.6484375, 28574.384765625, 30733.171875, 27730.8984375, 27426.294921875, 27154.599609375, 26933.978515625, 27082.73828125, 27851.111328125, 28355.76953125, 27085.9609375, 26399.466796875, 26070.39453125, 26017.83984375, 26087.794921875, 26362.345703125, 26701.69140625, 27245.97265625, 27386.048828125, 27037.73046875, 26577.259765625, 26226.19921875, 26039.154296875, 25911.095703125, 25777.455078125, 25628.505859375, 25397.31640625, 25416.166015625, 25447.115234375, 25399.689453125, 25245.265625, 25156.17578125, 25020.333984375, 25042.72265625, 25003.677734375, 24758.6328125, 24647.50390625, 24767.12109375, 25129.708984375, 25154.6796875, 24775.158203125, 24247.728515625, 24234.345703125, 24669.349609375, 24711.171875, 24098.388671875, 23683.025390625, 23346.306640625, 24097.921875, 24514.41015625, 24775.166015625, 24068.158203125, 22922.607421875, 22662.65625, 23370.18359375, 24217.01171875, 24724.765625, 23873.09765625, 23390.380859375, 23575.177734375, 24481.84375, 23564.25, 23769.171875, 24102.34375, 23863.28125, 23546.50390625, 23388.580078125, 23399.662109375, 23624.525390625, 23668.9765625, 23349.90625, 23234.83984375, 23390.97265625, 23498.57421875, 23155.74609375, 23224.34375, 23502.921875, 23478.6796875, 23237.0078125, 23403.5859375, 23595.169921875, 23333.78515625, 23383.376953125, 23576.88671875, 23504.71484375, 23321.958984375, 23413.841796875, 23606.86328125, 23366.447265625, 23238.53515625, 23385.369140625, 23371.54296875, 23189.82421875, 23380.61328125, 23318.19140625, 23260.265625, 23479.74609375, 23127.98828125, 23196.5625], "lower": [25798.345703125, 20702.78515625, 20080.37109375, 21520.046875, 20013.43359375, 19772.646484375, 19434.87890625, 19286.140625, 19454.625, 20995.59765625, 22421.60546875, 22036.275390625, 20449.51171875, 19152.671875, 18843.8984375, 18641.90234375, 18842.66015625, 18582.716796875, 18473.91015625, 18330.224609375, 18118.732421875, 18161.94140625, 18218.3828125, 18373.005859375, 18467.626953125, 18040.1484375, 17740.0625, 17425.47265625, 17362.95703125, 17422.546875, 17770.208984375, 18110.990234375, 18343.876953125, 18544.91796875, 18461.939453125, 18391.486328125, 18404.59375, 18381.5859375, 18300.83203125, 18216.73828125, 18154.390625, 18131.412109375, 18111.00390625, 18050.814453125, 17973.67578125, 17937.974609375, 17874.822265625, 17798.703125, 17683.205078125, 17585.37890625, 17687.59765625, 17621.5390625, 17461.587890625, 17251.736328125, 17237.51171875, 17210.2890625, 16986.283203125, 16835.125, 16697.4375, 16508.892578125, 16367.640625, 16328.525390625, 16278.9921875, 16408.8125, 17423.48046875, 18282.412109375, 18285.087890625, 18281.724609375, 18179.19140625, 17227.111328125, 16976.3125, 16973.421875, 16978.873046875, 17139.841796875, 17079.67578125, 16816.4609375, 16771.248046875, 16844.4765625, 16714.482421875, 16655.482421875, 16781.837890625, 16856.373046875, 16745.619140625, 16719.658203125, 16818.3046875, 16795.740234375, 16807.529296875, 16845.77734375, 16831.45703125, 16760.619140625, 16727.369140625, 16673.423828125, 16776.2265625, 16781.10546875, 16868.080078125, 17024.671875, 17221.876953125, 17446.09765625, 17552.95703125, 17613.783203125]}