{"mean": [3114.9025065104165, 2843.9458821614585, 2824.8935546875, 2990.49462890625, 2851.9427897135415, 2798.5472005208335, 2778.5620930989585, 2775.3687337239585, 2797.81591796875, 2847.2215983072915, 2883.30615234375, 2824.728759765625, 2752.7888997395835, 2689.00537109375, 2681.8460286458335, 2681.174072265625, 2676.87939453125, 2663.2754720052085, 2675.19287109375, 2668.1543782552085, 2642.06298828125, 2621.600830078125, 2606.3857421875, 2601.2117513020835, 2607.36279296875, 2584.8455403645835, 2563.2604166666665, 2532.9639485677085, 2521.9427083333335, 2521.72119140625, 2526.107177734375, 2523.1736653645835, 2520.33935546875, 2514.619873046875, 2508.5530598958335, 2503.8902994791665, 2499.1013997395835, 2497.4077962239585, 2500.708984375, 2511.8854166666665, 2522.586669921875, 2513.9588216145835, 2487.9680989583335, 2483.7086588541665, 2504.93701171875, 2503.5572102864585, 2473.0996907552085, 2460.18212890625, 2448.9685872395835, 2485.8592936197915, 2508.1668294270835, 2513.081298828125, 2478.0576985677085, 2423.6842447916665, 2418.0298665364585, 2439.3854166666665, 2464.3895670572915, 2477.1513671875, 2440.946533203125, 2423.3515625, 2427.556640625, 2463.1881510416665, 2433.2701009114585, 2437.1040852864585, 2470.2368977864585, 2497.6786295572915, 2490.9954427083335, 2482.8854166666665, 2469.2505696614585, 2451.7681477864585, 2445.33740234375, 2432.019775390625, 2429.8185221354165, 2440.6034342447915, 2446.6134440104165, 2428.3863118489585, 2426.2527669270835, 2435.2347005208335, 2429.8972981770835, 2420.249755859375, 2428.4424641927085, 2432.2867838541665, 2417.7430013020835, 2421.2662760416665, 2431.030029296875, 2425.5240071614585, 2419.7342936197915, 2428.2767740885415, 2439.0331217447915, 2427.1197916666665, 2422.2644856770835, 2430.3721516927085, 2435.3494466145835, 2425.1790364583335, 2429.990966796875, 2429.9678548177085, 2436.92529296875, 2446.834228515625, 2434.618408203125, 2438.6204427083335], "upper": [3448.28125, 2993.65087890625, 2955.416015625, 3322.007080078125, 3013.30029296875, 2898.600830078125, 2882.2001953125, 2899.224609375, 2970.25, 3036.41748046875, 3078.4541015625, 2968.023681640625, 2906.44677734375, 2876.49951171875, 2870.8046875, 2875.08642578125, 2900.08349609375, 2934.60205078125, 2986.732666015625, 3001.3837890625, 2970.29833984375, 2927.138671875, 2892.3115234375, 2874.37451171875, 2862.305908203125, 2849.303466796875, 2834.13134765625, 2810.71533203125, 2813.4609375, 2818.001953125, 2813.39892578125, 2797.076171875, 2789.06103515625, 2778.392578125, 2784.318115234375, 2786.8291015625, 2773.69580078125, 2768.792724609375, 2780.609619140625, 2804.44580078125, 2808.408447265625, 2778.058837890625, 2737.515625, 2735.24853515625, 2771.04052734375, 2777.75537109375, 2727.396484375, 2697.038818359375, 2675.930908203125, 2742.8017578125, 2792.913330078125, 2813.648193359375, 2748.722900390625, 2645.5048828125, 2622.26123046875, 2684.28173828125, 2757.453857421875, 2807.53369140625, 2727.9296875, 2688.276123046875, 2709.11474609375, 2808.7685546875, 2711.18017578125, 2723.9033203125, 2751.895751953125, 2724.98291015625, 2696.056884765625, 2681.809814453125, 2686.96533203125, 2717.5576171875, 2731.605712890625, 2705.06103515625, 2698.7587890625, 2721.15771484375, 2737.13330078125, 2698.01123046875, 2702.579833984375, 2731.3134765625, 2723.844970703125, 2692.848388671875, 2705.783203125, 2720.415283203125, 2688.115966796875, 2688.952392578125, 2702.79443359375, 2696.29443359375, 2681.701904296875, 2694.964111328125, 2718.4130859375, 2698.276611328125, 2689.942138671875, 2709.078369140625, 2710.217529296875, 2691.674560546875, 2711.585205078125, 2703.112060546875, 2696.080810546875, 2716.42626953125, 2682.10498046875, 2687.931396484375], "lower": [2844.923828125, 2734.7080078125, 2639.91748046875, 2723.3828125, 2639.478515625, 2616.7412109375, 2591.091064453125, 2579.281982421875, 2595.254638671875, 2694.704833984375, 2781.4169921875, 2752.8408203125, 2650.582763671875, 2545.4736328125, 2494.9736328125, 2483.39208984375, 2486.574951171875, 2464.054931640625, 2462.103759765625, 2442.402587890625, 2412.06787109375, 2411.73583984375, 2413.310546875, 2424.973388671875, 2430.6064453125, 2382.782958984375, 2349.358154296875, 2313.772216796875, 2303.431884765625, 2306.80029296875, 2334.3466796875, 2359.988525390625, 2380.571533203125, 2369.52734375, 2355.681884765625, 2348.246337890625, 2345.802734375, 2347.673095703125, 2354.773193359375, 2357.1376953125, 2350.62255859375, 2348.71728515625, 2346.625, 2340.54150390625, 2333.20703125, 2329.958251953125, 2323.060791015625, 2314.9306640625, 2301.8857421875, 2290.2802734375, 2298.759521484375, 2293.13525390625, 2277.5224609375, 2255.12744140625, 2261.6455078125, 2261.588134765625, 2241.671875, 2230.47119140625, 2221.64306640625, 2211.677734375, 2203.7724609375, 2205.679443359375, 2204.11865234375, 2208.062255859375, 2285.37451171875, 2372.101806640625, 2366.361328125, 2364.73486328125, 2351.419921875, 2262.325439453125, 2236.3466796875, 2233.5947265625, 2237.987060546875, 2245.98583984375, 2238.96337890625, 2217.87255859375, 2213.478271484375, 2217.885009765625, 2208.5244140625, 2204.986328125, 2213.0322265625, 2219.98974609375, 2213.048583984375, 2214.366455078125, 2223.184814453125, 2222.509521484375, 2226.4541015625, 2231.290771484375, 2232.049072265625, 2228.992431640625, 2227.972900390625, 2225.2490234375, 2234.441650390625, 2230.646240234375, 2229.4580078125, 2234.922607421875, 2254.14208984375, 2271.247314453125, 2277.405029296875, 2280.22119140625]}