{"mean": [10783.0, 10711.619466145834, 10682.082356770834, 10669.734700520834, 10668.519205729166, 10680.296549479166, 10698.16015625, 10699.2666015625, 10687.356119791666, 10675.79296875, 10674.237955729166, 10679.807291666666, 10697.583984375, 10733.822591145834, 10762.6328125, 10782.91015625, 10797.526041666666, 10810.259440104166, 10821.340494791666, 10832.96875, 10851.261067708334, 10871.502278645834, 10907.81640625, 10971.722330729166, 11001.602213541666, 10978.637369791666, 10943.547526041666, 10919.222005208334, 10907.421223958334, 10911.6357421875, 10926.509765625, 10947.1494140625, 10968.302408854166, 10982.374674479166, 10991.925455729166, 10998.448893229166, 11004.9267578125, 11006.356119791666, 11014.817057291666, 11024.231770833334, 11030.014322916666, 11031.199869791666, 11029.898763020834, 11026.195963541666, 11017.929036458334, 11007.8349609375, 11000.669921875, 10996.247395833334, 10993.403971354166, 10990.837890625, 10987.126627604166, 10984.336263020834, 10980.670247395834, 10980.173828125, 10980.521484375, 10982.286783854166, 10984.8017578125, 10989.806315104166, 10995.731770833334, 11000.603190104166, 11002.454427083334, 11001.047200520834, 10997.28515625, 10993.9140625, 10993.261393229166, 10995.1357421875, 10997.478515625, 11000.823893229166, 11001.3203125, 10998.033203125, 10992.740234375, 10986.111002604166, 10981.944010416666, 10982.465494791666, 10986.470052083334, 10990.347981770834, 10993.775390625, 10995.7119140625, 10997.356119791666, 10997.993815104166, 10995.193359375, 10991.4873046875, 10989.430989583334, 10989.7724609375, 10990.305989583334, 10990.876302083334, 10992.1298828125, 10994.498372395834, 10994.350911458334, 10991.570963541666, 10990.845377604166, 10991.197591145834, 10992.288411458334, 10993.166341145834, 10992.9912109375, 10993.208984375, 10993.499674479166, 10994.059895833334, 10993.529296875, 10994.7861328125], "upper": [11282.658203125, 11117.60546875, 11064.908203125, 11052.7958984375, 11073.5732421875, 11136.8525390625, 11210.634765625, 11229.9365234375, 11194.986328125, 11128.5791015625, 11080.474609375, 11054.7294921875, 11042.58203125, 11058.99609375, 11068.1435546875, 11073.693359375, 11072.80859375, 11062.814453125, 11062.0625, 11075.775390625, 11101.916015625, 11130.1630859375, 11152.470703125, 11186.828125, 11274.7919921875, 11219.82421875, 11129.552734375, 11085.8642578125, 11079.9296875, 11091.115234375, 11113.3818359375, 11136.353515625, 11149.5849609375, 11148.8564453125, 11136.2451171875, 11117.7197265625, 11106.1748046875, 11107.9375, 11124.9208984375, 11141.4609375, 11146.328125, 11137.5361328125, 11128.0712890625, 11139.45703125, 11133.693359375, 11119.1181640625, 11109.765625, 11118.8203125, 11132.5478515625, 11140.4091796875, 11136.794921875, 11126.626953125, 11119.478515625, 11128.3974609375, 11129.17578125, 11126.6708984375, 11119.02734375, 11114.146484375, 11122.25, 11130.470703125, 11128.0068359375, 11118.01171875, 11116.6748046875, 11116.615234375, 11115.587890625, 11112.20703125, 11122.0341796875, 11134.001953125, 11137.853515625, 11130.5927734375, 11120.0615234375, 11111.296875, 11108.484375, 11110.412109375, 11114.6015625, 11116.033203125, 11124.208984375, 11130.736328125, 11132.9052734375, 11130.2890625, 11123.02734375, 11116.453125, 11111.98046875, 11115.83203125, 11115.349609375, 11117.677734375, 11124.8486328125, 11129.3291015625, 11127.3974609375, 11120.4833984375, 11118.0107421875, 11118.2998046875, 11118.623046875, 11118.916015625, 11119.8076171875, 11119.7109375, 11117.5986328125, 11116.587890625, 11118.8271484375, 11122.2802734375], "lower": [10523.693359375, 10495.4892578125, 10472.0576171875, 10459.732421875, 10453.9033203125, 10449.705078125, 10425.61328125, 10404.5126953125, 10398.27734375, 10424.71875, 10461.6328125, 10487.20703125, 10495.0302734375, 10501.626953125, 10506.5224609375, 10511.466796875, 10516.07421875, 10519.44140625, 10524.18359375, 10531.5087890625, 10539.794921875, 10545.548828125, 10554.3974609375, 10563.5654296875, 10571.11328125, 10580.515625, 10592.7109375, 10609.0341796875, 10629.76953125, 10654.5537109375, 10679.953125, 10705.0078125, 10728.7294921875, 10750.634765625, 10771.51953125, 10789.65625, 10806.990234375, 10821.341796875, 10832.736328125, 10840.806640625, 10844.107421875, 10844.1396484375, 10840.099609375, 10831.705078125, 10819.734375, 10803.41015625, 10785.37890625, 10766.03515625, 10746.0166015625, 10729.1484375, 10717.6943359375, 10713.708984375, 10708.556640625, 10708.7685546875, 10714.3271484375, 10723.03125, 10734.990234375, 10745.8837890625, 10754.5078125, 10761.6787109375, 10766.93359375, 10769.6748046875, 10771.1982421875, 10770.546875, 10767.4765625, 10764.11328125, 10760.166015625, 10756.2421875, 10751.5615234375, 10746.716796875, 10742.642578125, 10739.86328125, 10738.2421875, 10738.4814453125, 10740.2421875, 10742.38671875, 10744.5166015625, 10746.6103515625, 10747.90234375, 10748.4794921875, 10748.384765625, 10747.6708984375, 10746.74609375, 10745.5185546875, 10744.0556640625, 10742.205078125, 10740.63671875, 10739.6533203125, 10739.7255859375, 10740.56640625, 10741.4521484375, 10742.7646484375, 10743.9609375, 10745.466796875, 10746.9111328125, 10747.955078125, 10748.8251953125, 10750.0322265625, 10750.505859375, 10750.052734375]}