{"mean": [23279.01953125, 23242.315104166668, 23234.688151041668, 23235.771484375, 23242.991536458332, 23257.1484375, 23273.001302083332, 23272.043619791668, 23256.573567708332, 23232.62890625, 23216.6171875, 23211.115885416668, 23211.075520833332, 23216.299479166668, 23223.512369791668, 23230.522786458332, 23238.338541666668, 23247.615234375, 23262.391276041668, 23285.509765625, 23310.305338541668, 23332.735677083332, 23354.213541666668, 23385.13671875, 23401.674479166668, 23380.904296875, 23353.545572916668, 23331.9921875, 23318.964192708332, 23312.694661458332, 23310.914713541668, 23311.891927083332, 23313.602213541668, 23313.671875, 23311.994791666668, 23310.745442708332, 23310.72265625, 23309.958333333332, 23312.844401041668, 23317.185546875, 23321.350911458332, 23323.453776041668, 23325.348958333332, 23326.953125, 23326.442057291668, 23325.59375, 23326.461588541668, 23329.338541666668, 23333.065755208332, 23336.208984375, 23336.578125, 23335.026692708332, 23333.614583333332, 23332.345703125, 23330.577473958332, 23328.295572916668, 23325.796223958332, 23324.902994791668, 23325.017578125, 23325.310546875, 23324.501302083332, 23322.793619791668, 23320.309244791668, 23318.692708333332, 23319.265625, 23321.380859375, 23324.050130208332, 23327.380859375, 23329.154947916668, 23328.598958333332, 23326.483072916668, 23323.223307291668, 23321.102213541668, 23321.260416666668, 23322.98046875, 23324.5703125, 23325.917317708332, 23326.298828125, 23326.854166666668, 23326.988932291668, 23325.09375, 23322.888671875, 23321.938802083332, 23322.611979166668, 23323.372395833332, 23324.244140625, 23325.520182291668, 23327.42578125, 23327.358072916668, 23325.3828125, 23324.66796875, 23324.516276041668, 23324.839192708332, 23324.966145833332, 23324.388671875, 23324.251953125, 23324.262369791668, 23324.253255208332, 23323.880208333332, 23324.867838541668], "upper": [23735.3984375, 23608.6875, 23572.474609375, 23562.248046875, 23566.759765625, 23592.697265625, 23628.408203125, 23629.1328125, 23596.890625, 23548.505859375, 23507.810546875, 23482.6640625, 23468.10546875, 23465.28515625, 23467.0234375, 23469.177734375, 23471.240234375, 23472.953125, 23479.49609375, 23492.18359375, 23510.611328125, 23530.328125, 23547.55859375, 23577.23828125, 23636.92578125, 23594.513671875, 23535.373046875, 23515.185546875, 23511.64453125, 23517.1875, 23528.328125, 23540.513671875, 23547.875, 23546.822265625, 23537.365234375, 23524.7734375, 23514.009765625, 23510.140625, 23524.720703125, 23538.4765625, 23546.037109375, 23543.990234375, 23537.646484375, 23531.7578125, 23529.00390625, 23529.986328125, 23532.546875, 23538.18359375, 23544.734375, 23547.81640625, 23543.1328125, 23534.203125, 23524.767578125, 23524.95703125, 23526.4921875, 23525.083984375, 23520.83984375, 23518.037109375, 23519.564453125, 23523.22265625, 23521.099609375, 23519.564453125, 23520.513671875, 23520.517578125, 23519.798828125, 23517.505859375, 23521.83203125, 23529.64453125, 23532.439453125, 23528.408203125, 23522.03125, 23516.0078125, 23513.85546875, 23514.9375, 23517.54296875, 23518.287109375, 23525.3515625, 23529.296875, 23530.44140625, 23528.375, 23523.3984375, 23518.90234375, 23515.888671875, 23518.55078125, 23518.345703125, 23518.576171875, 23523.0078125, 23525.74609375, 23524.591796875, 23520.255859375, 23518.876953125, 23519.201171875, 23519.63671875, 23520.26953125, 23521.140625, 23521.462890625, 23520.28125, 23519.73828125, 23521.61328125, 23523.900390625], "lower": [23039.837890625, 23040.986328125, 23041.2265625, 23041.0390625, 23044.720703125, 23052.705078125, 23063.462890625, 23063.513671875, 23056.248046875, 23042.40234375, 23044.078125, 23061.150390625, 23082.23828125, 23075.482421875, 23069.330078125, 23063.19921875, 23058.16015625, 23053.4921875, 23049.015625, 23044.376953125, 23039.330078125, 23033.1328125, 23027.044921875, 23020.396484375, 23013.142578125, 23005.8984375, 22997.935546875, 22989.091796875, 22979.8359375, 22969.9375, 22960.26953125, 22950.634765625, 22942.1640625, 22935.333984375, 22929.0703125, 22923.7421875, 22918.126953125, 22913.513671875, 22910.470703125, 22908.513671875, 22909.044921875, 22910.64453125, 22913.5234375, 22917.892578125, 22923.1484375, 22928.66796875, 22934.623046875, 22940.72265625, 22946.904296875, 22952.3046875, 22955.44140625, 22956.091796875, 22956.77734375, 22956.255859375, 22954.560546875, 22951.1796875, 22946.734375, 22942.73828125, 22939.55078125, 22937.001953125, 22934.78125, 22933.37890625, 22932.384765625, 22932.150390625, 22932.67578125, 22933.259765625, 22934.099609375, 22935.1484375, 22936.279296875, 22937.51171875, 22938.55078125, 22939.20703125, 22939.4609375, 22939.06640625, 22938.248046875, 22937.267578125, 22936.314453125, 22935.447265625, 22934.966796875, 22934.736328125, 22934.76953125, 22935.099609375, 22935.478515625, 22935.994140625, 22936.666015625, 22937.48828125, 22937.998046875, 22938.49609375, 22938.607421875, 22938.431640625, 22938.283203125, 22937.916015625, 22937.515625, 22936.904296875, 22936.33203125, 22935.953125, 22935.6328125, 22935.11328125, 22935.076171875, 22935.294921875]}