{"mean": [8363.117838541666, 8359.821940104166, 8350.417317708334, 8353.841471354166, 8351.429036458334, 8349.277669270834, 8347.152018229166, 8344.5341796875, 8341.738606770834, 8338.801432291666, 8335.832356770834, 8333.729817708334, 8332.258463541666, 8330.836263020834, 8330.380533854166, 8329.807291666666, 8329.336263020834, 8328.868815104166, 8328.319010416666, 8326.762369791666, 8324.640950520834, 8322.8037109375, 8322.473958333334, 8323.0009765625, 8321.699869791666, 8321.198567708334, 8321.474934895834, 8322.448893229166, 8323.163411458334, 8322.734375, 8322.255208333334, 8322.290690104166, 8320.963541666666, 8319.454427083334, 8318.1416015625, 8317.714518229166, 8318.069010416666, 8318.78515625, 8318.430989583334, 8317.238606770834, 8315.830729166666, 8315.3603515625, 8315.721354166666, 8315.884765625, 8315.5361328125, 8314.322916666666, 8313.39453125, 8313.470703125, 8313.59375, 8313.271158854166, 8313.017252604166, 8312.863606770834, 8312.547526041666, 8312.3779296875, 8312.169921875, 8312.111979166666, 8312.198893229166, 8312.236002604166, 8312.046875, 8311.834309895834, 8311.633463541666, 8311.567708333334, 8311.426432291666, 8311.213541666666, 8310.880859375, 8310.831705729166, 8310.810221354166, 8310.7509765625, 8310.725911458334, 8310.812825520834, 8310.937174479166, 8311.850911458334, 8312.182942708334, 8312.386393229166, 8312.658203125, 8312.851888020834, 8313.08984375, 8313.275065104166, 8313.3935546875, 8313.466145833334, 8313.563802083334, 8313.6572265625, 8313.781901041666, 8313.836263020834, 8313.802408854166, 8313.818359375, 8313.828125, 8313.788411458334, 8313.712890625, 8313.6171875, 8313.559244791666, 8313.438802083334, 8313.357747395834, 8313.264973958334, 8313.136393229166, 8313.0224609375, 8312.926432291666, 8312.84375, 8312.809895833334, 8312.7783203125], "upper": [8547.8154296875, 8540.6728515625, 8514.611328125, 8526.068359375, 8518.6142578125, 8511.3603515625, 8504.408203125, 8496.7353515625, 8488.935546875, 8481.083984375, 8473.083984375, 8467.7763671875, 8464.099609375, 8460.5947265625, 8460.8330078125, 8459.9013671875, 8459.3515625, 8458.7412109375, 8458.0, 8454.1689453125, 8448.9697265625, 8444.4638671875, 8444.57421875, 8447.361328125, 8444.6611328125, 8444.578125, 8446.5283203125, 8450.748046875, 8454.1923828125, 8454.1748046875, 8454.0126953125, 8455.4619140625, 8452.8662109375, 8449.7568359375, 8447.37109375, 8447.859375, 8450.603515625, 8453.6572265625, 8453.822265625, 8451.61328125, 8448.7724609375, 8448.3896484375, 8450.6650390625, 8452.107421875, 8452.2177734375, 8449.578125, 8448.09765625, 8449.4033203125, 8450.859375, 8450.74609375, 8450.8447265625, 8451.25390625, 8451.0302734375, 8450.525390625, 8450.1396484375, 8450.109375, 8450.0947265625, 8450.26171875, 8450.2001953125, 8450.005859375, 8449.716796875, 8449.7001953125, 8449.7802734375, 8449.9677734375, 8450.125, 8450.203125, 8450.1953125, 8450.0947265625, 8449.9482421875, 8450.00390625, 8450.21875, 8450.4794921875, 8450.611328125, 8450.5576171875, 8450.4765625, 8450.490234375, 8450.6630859375, 8450.8310546875, 8450.7939453125, 8450.7138671875, 8450.6845703125, 8450.7265625, 8450.94140625, 8451.01171875, 8450.841796875, 8450.8515625, 8450.9140625, 8450.935546875, 8450.916015625, 8450.8701171875, 8450.89453125, 8450.86328125, 8450.8388671875, 8450.828125, 8450.7373046875, 8450.693359375, 8450.6171875, 8450.634765625, 8450.703125, 8450.6591796875], "lower": [8265.7822265625, 8264.517578125, 8263.8017578125, 8263.47265625, 8263.798828125, 8264.2177734375, 8264.298828125, 8264.185546875, 8264.1005859375, 8263.80859375, 8263.5771484375, 8263.4228515625, 8263.0849609375, 8262.6689453125, 8262.12890625, 8261.46875, 8260.859375, 8260.224609375, 8259.5302734375, 8258.91015625, 8257.9736328125, 8257.203125, 8256.283203125, 8255.2958984375, 8254.435546875, 8253.314453125, 8252.4326171875, 8251.4443359375, 8250.4658203125, 8249.4755859375, 8248.505859375, 8247.57421875, 8246.6025390625, 8245.53125, 8244.525390625, 8243.509765625, 8242.6220703125, 8242.376953125, 8241.828125, 8240.9677734375, 8240.0283203125, 8239.365234375, 8238.8330078125, 8238.509765625, 8238.244140625, 8238.103515625, 8237.92578125, 8237.8525390625, 8237.7548828125, 8237.755859375, 8237.7578125, 8237.7841796875, 8237.89453125, 8238.021484375, 8238.126953125, 8238.310546875, 8238.5205078125, 8238.7177734375, 8238.904296875, 8239.2138671875, 8239.4677734375, 8239.9775390625, 8240.197265625, 8240.28125, 8240.26171875, 8240.380859375, 8240.515625, 8240.5908203125, 8240.7412109375, 8240.8798828125, 8240.9755859375, 8241.0732421875, 8241.1845703125, 8241.1923828125, 8241.310546875, 8241.328125, 8241.3974609375, 8241.4501953125, 8241.5146484375, 8241.5615234375, 8241.623046875, 8241.6689453125, 8241.67578125, 8241.669921875, 8241.6474609375, 8241.59375, 8241.5263671875, 8241.39453125, 8241.24609375, 8241.0927734375, 8240.953125, 8240.7841796875, 8240.7421875, 8240.6904296875, 8240.68359375, 8240.72265625, 8240.751953125, 8240.77734375, 8240.8505859375, 8240.923828125]}