{"mean": [966.4117024739584, 966.1330973307291, 966.9893798828125, 965.3462931315104, 965.0156860351562, 964.6576334635416, 964.31201171875, 963.9256388346354, 963.5151570638021, 963.1075032552084, 962.6688842773438, 962.3711344401041, 961.9256388346354, 960.9804484049479, 961.089111328125, 961.0375162760416, 961.1084391276041, 961.142333984375, 961.1549275716146, 961.1968994140625, 961.2747395833334, 961.3951212565104, 961.5575968424479, 961.6508382161459, 962.0887654622396, 962.129150390625, 961.8578287760416, 961.3669026692709, 961.0807902018229, 961.0873006184896, 961.2799479166666, 961.5562540690104, 961.7815755208334, 961.7884724934896, 961.6381429036459, 961.4129028320312, 961.4348754882812, 961.6313883463541, 961.7394612630209, 961.7504475911459, 961.6207682291666, 961.4892374674479, 961.4769083658854, 961.5535278320312, 961.6188557942709, 961.6789143880209, 961.6819661458334, 961.5514119466146, 961.4777628580729, 961.4675496419271, 961.5161336263021, 961.5541585286459, 961.5372517903646, 961.4782511393229, 961.4508870442709, 961.4820353190104, 961.5143839518229, 961.5687459309896, 961.5670776367188, 961.5634358723959, 961.5203653971354, 961.5151774088541, 961.5159708658854, 961.5169677734375, 961.5425415039062, 961.5630493164062, 961.5512288411459, 961.5247599283854, 961.4884847005209, 961.4852701822916, 961.4878540039062, 961.5222981770834, 961.5605061848959, 961.5460408528646, 961.5737915039062, 961.5694173177084, 961.5980021158854, 961.6272176106771, 961.6323649088541, 961.6289672851562, 961.6270751953125, 961.6396891276041, 961.6814982096354, 961.6930135091146, 961.6849772135416, 961.6855265299479, 961.7033081054688, 961.7042439778646, 961.7024332682291, 961.6936645507812, 961.7034098307291, 961.7054646809896, 961.7033487955729, 961.7046305338541, 961.6966552734375, 961.6886189778646, 961.6885782877604, 961.6852823893229, 961.6966959635416, 961.6992797851562], "upper": [978.3246459960938, 978.35107421875, 978.2868041992188, 978.2122802734375, 978.2269897460938, 978.1162719726562, 977.9588623046875, 977.8152465820312, 977.90087890625, 978.0392456054688, 978.2365112304688, 978.4691162109375, 978.6561279296875, 978.8261108398438, 978.9439697265625, 978.9835815429688, 979.0259399414062, 979.02880859375, 979.0249633789062, 979.0362548828125, 978.9639282226562, 978.9530639648438, 978.883544921875, 978.8106689453125, 978.7874755859375, 978.7099609375, 978.6737670898438, 978.6339111328125, 978.5728759765625, 978.50537109375, 978.450439453125, 978.419677734375, 978.3557739257812, 978.3942260742188, 978.5133056640625, 978.5761108398438, 978.6388549804688, 978.7841186523438, 978.79248046875, 978.810791015625, 978.7350463867188, 978.7661743164062, 978.7759399414062, 978.7830200195312, 978.765625, 978.7203369140625, 978.7935180664062, 978.7264404296875, 978.6668701171875, 978.59765625, 978.5895385742188, 978.5029296875, 978.4495849609375, 978.3875122070312, 978.396728515625, 978.3970947265625, 978.4085083007812, 978.4152221679688, 978.4041137695312, 978.408447265625, 978.3692016601562, 978.3267211914062, 978.2999267578125, 978.2432861328125, 978.2724609375, 978.2719116210938, 978.273193359375, 978.2518310546875, 978.2447509765625, 978.2409057617188, 978.22607421875, 978.2158203125, 978.2783203125, 978.3355712890625, 978.4659423828125, 978.4754638671875, 978.5023193359375, 978.5247802734375, 978.5567016601562, 978.5840454101562, 978.6160888671875, 978.6239624023438, 978.6624755859375, 978.6565551757812, 978.6721801757812, 978.7007446289062, 978.7142333984375, 978.7191162109375, 978.7321166992188, 978.72998046875, 978.7520751953125, 978.7595825195312, 978.7483520507812, 978.7415771484375, 978.7332153320312, 978.7093505859375, 978.7109375, 978.6819458007812, 978.6713256835938, 978.6730346679688], "lower": [947.5913696289062, 946.5637817382812, 949.2344360351562, 944.4548950195312, 943.5072631835938, 942.436767578125, 941.3477172851562, 940.07275390625, 938.4901123046875, 936.7844848632812, 934.92724609375, 933.4581298828125, 931.581787109375, 928.2447509765625, 928.1292724609375, 927.6504516601562, 927.5702514648438, 927.471435546875, 927.3654174804688, 927.3380737304688, 927.5364379882812, 927.8270263671875, 928.3048706054688, 928.5888671875, 929.8961181640625, 930.0369873046875, 929.1989135742188, 927.721923828125, 926.8359985351562, 926.814208984375, 927.3287963867188, 928.0821533203125, 928.7061767578125, 928.7135009765625, 928.1878051757812, 927.5089721679688, 927.5657348632812, 928.0257568359375, 928.36328125, 928.4065551757812, 928.1470947265625, 927.7222900390625, 927.7256469726562, 927.9400634765625, 928.166259765625, 928.3806762695312, 928.3080444335938, 927.985595703125, 927.8282470703125, 927.8588256835938, 928.0028076171875, 928.2080688476562, 928.193359375, 928.07177734375, 927.9615478515625, 928.016845703125, 928.0906372070312, 928.2412719726562, 928.2417602539062, 928.1883544921875, 928.0904541015625, 928.0894775390625, 928.1307373046875, 928.2044677734375, 928.25634765625, 928.3064575195312, 928.2574462890625, 928.2135009765625, 928.1264038085938, 928.1197509765625, 928.1572265625, 928.2562866210938, 928.2935791015625, 928.226318359375, 928.1685180664062, 928.1619873046875, 928.2182006835938, 928.2779541015625, 928.2630004882812, 928.209228515625, 928.1731567382812, 928.1881713867188, 928.2673950195312, 928.3046875, 928.2525024414062, 928.2298583984375, 928.2694091796875, 928.2814331054688, 928.2801513671875, 928.2669677734375, 928.278076171875, 928.2896728515625, 928.2919311523438, 928.2994384765625, 928.287353515625, 928.2838745117188, 928.2797241210938, 928.2986450195312, 928.3360595703125, 928.3447875976562]}