{"mean": [4746.29345703125, 4737.095377604167, 4745.227701822917, 4719.639811197917, 4714.380045572917, 4709.551595052083, 4706.65869140625, 4703.905924479167, 4697.567220052083, 4692.2109375, 4683.71630859375, 4674.766438802083, 4661.75537109375, 4646.26806640625, 4645.96728515625, 4644.758626302083, 4644.59619140625, 4644.44873046875, 4644.159016927083, 4644.985677083333, 4647.150716145833, 4650.299479166667, 4649.595052083333, 4648.320475260417, 4657.104654947917, 4657.928873697917, 4651.28466796875, 4644.467122395833, 4643.825520833333, 4643.9365234375, 4642.196614583333, 4642.55810546875, 4645.27392578125, 4646.11767578125, 4645.456705729167, 4645.572591145833, 4643.397298177083, 4642.34228515625, 4643.3759765625, 4644.125325520833, 4644.993326822917, 4645.290852864583, 4644.000325520833, 4643.630208333333, 4643.96044921875, 4645.482747395833, 4646.214518229167, 4645.091959635417, 4644.257161458333, 4644.238118489583, 4644.103841145833, 4644.112141927083, 4644.1806640625, 4643.7880859375, 4643.973795572917, 4644.08984375, 4644.128255208333, 4644.208170572917, 4644.350260416667, 4644.460123697917, 4644.460123697917, 4644.590983072917, 4644.71875, 4644.90966796875, 4645.20263671875, 4645.247721354167, 4645.243001302083, 4645.19921875, 4645.159342447917, 4644.967610677083, 4644.777506510417, 4644.18994140625, 4644.222981770833, 4644.115397135417, 4643.910319010417, 4643.772786458333, 4643.783528645833, 4643.71142578125, 4643.583984375, 4643.471842447917, 4643.379231770833, 4643.296223958333, 4643.236165364583, 4643.13916015625, 4643.12744140625, 4643.044270833333, 4643.055501302083, 4643.007161458333, 4643.078938802083, 4643.111165364583, 4643.150227864583, 4643.203938802083, 4643.221842447917, 4643.2978515625, 4643.292154947917, 4643.38916015625, 4643.369791666667, 4643.440592447917, 4643.568359375, 4643.547526041667], "upper": [4839.86376953125, 4833.2607421875, 4826.09619140625, 4821.623046875, 4819.37646484375, 4819.37744140625, 4819.6494140625, 4819.60546875, 4818.69482421875, 4817.32177734375, 4815.6953125, 4815.09716796875, 4814.22900390625, 4813.86083984375, 4814.4990234375, 4814.40576171875, 4814.3203125, 4813.9052734375, 4813.2783203125, 4812.5361328125, 4811.9384765625, 4811.65771484375, 4811.42138671875, 4811.103515625, 4810.83349609375, 4810.6005859375, 4810.47412109375, 4810.263671875, 4810.0380859375, 4809.859375, 4809.6279296875, 4809.4931640625, 4809.30029296875, 4809.19482421875, 4809.0771484375, 4809.0048828125, 4809.005859375, 4808.83203125, 4809.32568359375, 4810.1220703125, 4811.046875, 4811.9140625, 4812.59423828125, 4813.0849609375, 4813.4755859375, 4813.78369140625, 4814.00634765625, 4814.16845703125, 4814.30029296875, 4814.3564453125, 4814.353515625, 4814.2939453125, 4814.19091796875, 4814.0703125, 4813.90966796875, 4813.740234375, 4813.50634765625, 4813.23486328125, 4812.91455078125, 4812.58837890625, 4812.16943359375, 4811.7294921875, 4811.474609375, 4811.3349609375, 4811.1708984375, 4810.88671875, 4810.86181640625, 4811.0078125, 4811.27685546875, 4811.052734375, 4810.9677734375, 4809.64404296875, 4809.599609375, 4809.546875, 4809.46923828125, 4809.39501953125, 4809.32763671875, 4809.2607421875, 4809.216796875, 4809.14794921875, 4809.109375, 4809.08984375, 4809.1025390625, 4809.12744140625, 4809.1474609375, 4809.181640625, 4809.27587890625, 4809.36083984375, 4809.51025390625, 4809.66064453125, 4809.83740234375, 4809.94921875, 4810.05517578125, 4810.142578125, 4810.15625, 4810.1376953125, 4810.1103515625, 4810.033203125, 4809.9375, 4809.83349609375], "lower": [4569.46875, 4553.8544921875, 4589.6298828125, 4520.6767578125, 4509.39306640625, 4497.3193359375, 4487.86474609375, 4477.9619140625, 4459.43017578125, 4445.673828125, 4423.06494140625, 4397.771484375, 4360.001953125, 4313.546875, 4311.51025390625, 4307.7802734375, 4307.30126953125, 4307.146484375, 4306.904296875, 4310.244140625, 4317.7919921875, 4328.25048828125, 4326.95751953125, 4323.77197265625, 4350.65673828125, 4353.5634765625, 4333.8642578125, 4313.7607421875, 4312.2060546875, 4312.99462890625, 4308.36328125, 4309.9521484375, 4318.6318359375, 4321.51806640625, 4319.740234375, 4320.1064453125, 4313.46728515625, 4310.2041015625, 4312.83056640625, 4314.6943359375, 4316.697265625, 4316.9638671875, 4312.58203125, 4311.10791015625, 4311.97265625, 4316.533203125, 4318.36572265625, 4314.70361328125, 4312.22216796875, 4312.39697265625, 4312.427734375, 4312.810546875, 4313.25830078125, 4313.15966796875, 4313.56103515625, 4313.57958984375, 4313.650390625, 4313.94482421875, 4314.2861328125, 4314.32373046875, 4314.1796875, 4314.41650390625, 4314.3779296875, 4314.36181640625, 4314.35107421875, 4314.2841796875, 4314.2197265625, 4314.11083984375, 4313.9228515625, 4313.80517578125, 4313.5537109375, 4313.65185546875, 4313.5810546875, 4313.2666015625, 4313.18896484375, 4313.0537109375, 4313.130859375, 4313.150390625, 4312.8974609375, 4312.81005859375, 4312.78515625, 4312.7607421875, 4312.775390625, 4312.6640625, 4312.7802734375, 4312.60888671875, 4312.66455078125, 4312.5263671875, 4312.71337890625, 4312.7216796875, 4312.697265625, 4312.78515625, 4312.7333984375, 4312.81884765625, 4312.724609375, 4312.912109375, 4312.7880859375, 4312.92578125, 4313.1640625, 4313.03271484375]}