{"mean": [7396.710286458333, 7377.55810546875, 7364.406087239583, 7355.50537109375, 7348.0771484375, 7341.681966145833, 7335.358235677083, 7328.8251953125, 7322.566080729167, 7315.9833984375, 7310.130696614583, 7304.800944010417, 7300.383138020833, 7296.73291015625, 7293.794596354167, 7290.881022135417, 7288.962565104167, 7287.630859375, 7286.81494140625, 7286.400227864583, 7285.895182291667, 7285.249674479167, 7284.411783854167, 7283.760579427083, 7282.999186197917, 7282.153483072917, 7281.065104166667, 7279.85693359375, 7278.81787109375, 7277.430338541667, 7276.374348958333, 7275.261555989583, 7274.139973958333, 7272.729817708333, 7271.716634114583, 7270.906575520833, 7270.290364583333, 7269.7255859375, 7269.5556640625, 7269.150553385417, 7268.784342447917, 7268.390787760417, 7267.990559895833, 7267.637858072917, 7267.32861328125, 7266.966796875, 7266.620930989583, 7266.2900390625, 7266.022135416667, 7265.72119140625, 7265.47216796875, 7265.275390625, 7265.046061197917, 7264.869954427083, 7264.67578125, 7264.532877604167, 7264.339518229167, 7264.148111979167, 7263.91455078125, 7263.629720052083, 7263.121744791667, 7262.894856770833, 7262.674153645833, 7262.525716145833, 7262.467936197917, 7262.381510416667, 7262.36376953125, 7262.30908203125, 7262.3037109375, 7262.342122395833, 7262.25, 7262.153483072917, 7262.086100260417, 7261.914388020833, 7261.795572916667, 7261.647623697917, 7261.47314453125, 7261.25146484375, 7261.153157552083, 7261.272623697917, 7261.245279947917, 7261.180013020833, 7260.92431640625, 7260.769694010417, 7260.63818359375, 7260.749348958333, 7260.423990885417, 7260.521158854167, 7260.464518229167, 7259.86083984375, 7259.54736328125, 7259.495768229167, 7259.429036458333, 7259.093912760417, 7259.0556640625, 7258.736653645833, 7258.7314453125, 7258.588541666667, 7258.32666015625, 7258.305989583333], "upper": [7600.22705078125, 7545.984375, 7508.77734375, 7483.49169921875, 7462.072265625, 7443.9638671875, 7426.0595703125, 7408.10205078125, 7390.6982421875, 7372.580078125, 7356.76611328125, 7342.5205078125, 7331.1474609375, 7321.9033203125, 7314.89990234375, 7308.1669921875, 7304.1416015625, 7301.92626953125, 7301.61279296875, 7302.37939453125, 7303.25439453125, 7303.85400390625, 7304.39501953125, 7304.76171875, 7304.8837890625, 7304.78515625, 7304.18212890625, 7303.548828125, 7303.0048828125, 7302.373046875, 7301.54052734375, 7300.64990234375, 7299.63134765625, 7298.57470703125, 7297.59765625, 7296.64990234375, 7295.69482421875, 7294.9130859375, 7294.01513671875, 7293.1923828125, 7292.40087890625, 7291.56787109375, 7290.658203125, 7289.8076171875, 7289.0205078125, 7288.169921875, 7287.3896484375, 7286.62353515625, 7286.02783203125, 7285.28857421875, 7284.71630859375, 7284.259765625, 7283.6494140625, 7283.2060546875, 7282.7138671875, 7282.39794921875, 7281.91357421875, 7281.55859375, 7281.2568359375, 7280.99267578125, 7280.66357421875, 7280.40380859375, 7280.138671875, 7279.9404296875, 7279.7568359375, 7279.501953125, 7279.2763671875, 7278.95849609375, 7278.7177734375, 7278.5283203125, 7278.111328125, 7277.767578125, 7276.8798828125, 7276.5263671875, 7276.38818359375, 7276.126953125, 7275.900390625, 7275.6904296875, 7275.4375, 7275.171875, 7274.95556640625, 7274.71435546875, 7274.41552734375, 7274.08056640625, 7273.6708984375, 7273.44873046875, 7273.13720703125, 7272.8125, 7272.5107421875, 7271.75439453125, 7270.88427734375, 7270.6015625, 7270.1005859375, 7268.970703125, 7268.24365234375, 7267.9189453125, 7267.79345703125, 7267.6083984375, 7267.47509765625, 7267.35498046875], "lower": [7287.46142578125, 7286.1669921875, 7285.5, 7285.203125, 7285.1240234375, 7284.84521484375, 7284.42041015625, 7283.63671875, 7282.88916015625, 7282.0849609375, 7281.19970703125, 7280.4521484375, 7279.61962890625, 7278.84033203125, 7277.98193359375, 7277.20458984375, 7276.40673828125, 7275.73681640625, 7274.81689453125, 7274.01416015625, 7272.97314453125, 7271.97509765625, 7270.91357421875, 7269.8515625, 7268.75048828125, 7267.689453125, 7266.5234375, 7265.30078125, 7264.18212890625, 7263.1943359375, 7262.25634765625, 7261.23291015625, 7260.4697265625, 7259.642578125, 7258.669921875, 7257.736328125, 7257.14990234375, 7256.517578125, 7255.9365234375, 7255.53564453125, 7255.443359375, 7255.2392578125, 7255.138671875, 7255.06591796875, 7255.0107421875, 7254.9228515625, 7254.83251953125, 7254.78125, 7254.703125, 7254.6845703125, 7254.65576171875, 7254.59765625, 7254.5751953125, 7254.5634765625, 7254.52001953125, 7254.5068359375, 7254.50830078125, 7254.4775390625, 7254.45751953125, 7254.4560546875, 7254.24072265625, 7253.82763671875, 7253.541015625, 7253.375, 7253.3642578125, 7253.44921875, 7253.64697265625, 7253.85791015625, 7254.0869140625, 7254.15234375, 7254.10107421875, 7254.0859375, 7254.58935546875, 7254.4658203125, 7254.29150390625, 7254.130859375, 7254.03662109375, 7253.99072265625, 7253.9580078125, 7254.00927734375, 7254.169921875, 7254.30615234375, 7254.02880859375, 7253.91845703125, 7254.0078125, 7254.0703125, 7253.97119140625, 7253.876953125, 7253.8466796875, 7253.884765625, 7253.82958984375, 7253.82666015625, 7253.83642578125, 7253.87109375, 7253.9599609375, 7254.12060546875, 7253.83447265625, 7253.6826171875, 7253.60400390625, 7253.62646484375]}