{"mean": [1804.1207275390625, 1802.160888671875, 1790.1319580078125, 1772.7345784505208, 1774.6009114583333, 1780.1428629557292, 1790.5740152994792, 1791.5857747395833, 1792.1794026692708, 1799.7264811197917, 1801.1116129557292, 1799.5249430338542, 1800.4270426432292, 1799.3953043619792, 1800.7081705729167, 1811.6881917317708, 1812.775634765625, 1813.5406494140625, 1810.1723225911458, 1820.0124104817708, 1819.7323811848958, 1821.4036458333333, 1823.07568359375, 1822.802001953125, 1826.796142578125, 1824.62841796875, 1824.4853108723958, 1822.2451171875, 1823.0044759114583, 1823.0198974609375, 1822.8086751302083, 1822.6066487630208, 1822.6849772135417, 1822.5424397786458, 1821.6404215494792, 1820.5400390625, 1823.6810709635417, 1823.5952555338542, 1825.709228515625, 1825.6553141276042, 1827.6028238932292, 1827.5896402994792, 1827.568115234375, 1827.5528564453125, 1827.5417887369792, 1826.6401774088542, 1825.6114908854167, 1825.5696207682292, 1825.5406087239583, 1825.5378824869792, 1824.548583984375, 1825.75341796875, 1825.3916829427083, 1825.4324544270833, 1825.4581298828125, 1825.4598388671875, 1825.4672037760417, 1825.4390462239583, 1825.4162190755208, 1825.3002115885417, 1825.329345703125, 1825.2789306640625, 1825.2259114583333, 1825.2134602864583, 1825.1878255208333, 1823.2493082682292, 1823.2666015625, 1820.3821614583333, 1816.0349527994792, 1816.0773518880208, 1816.0993245442708, 1816.1000162760417, 1816.0140787760417, 1816.0043538411458, 1815.9832763671875, 1815.9405110677083, 1815.9595947265625, 1815.9844156901042, 1815.9661458333333, 1815.8461100260417, 1815.8612874348958, 1815.7461751302083, 1815.80029296875, 1815.8074137369792, 1815.8546956380208, 1815.8343505859375, 1815.8766276041667, 1815.7862548828125, 1815.7486572265625, 1815.8876139322917, 1815.9001057942708, 1815.8855794270833, 1815.8902994791667, 1815.8795572916667, 1815.8465983072917, 1815.8736165364583, 1815.8467203776042, 1815.8114013671875, 1820.1085611979167, 1820.1099853515625], "upper": [1836.4708251953125, 1831.94873046875, 1821.16552734375, 1800.7060546875, 1802.1656494140625, 1799.4150390625, 1809.6461181640625, 1822.77587890625, 1828.6875, 1828.82080078125, 1828.8348388671875, 1828.81396484375, 1829.2237548828125, 1827.13134765625, 1827.039306640625, 1826.9693603515625, 1826.8331298828125, 1827.97607421875, 1827.8070068359375, 1831.095703125, 1830.8671875, 1836.613525390625, 1842.4666748046875, 1842.440673828125, 1842.46826171875, 1842.520263671875, 1842.541259765625, 1842.6881103515625, 1842.7734375, 1842.91455078125, 1843.0205078125, 1843.1820068359375, 1843.68359375, 1843.820068359375, 1841.70751953125, 1838.876953125, 1839.972412109375, 1840.0701904296875, 1838.0233154296875, 1838.123779296875, 1838.227783203125, 1838.261474609375, 1838.325927734375, 1838.3780517578125, 1838.406005859375, 1835.7940673828125, 1832.780517578125, 1832.7598876953125, 1832.734130859375, 1832.79345703125, 1829.869140625, 1827.68115234375, 1826.6436767578125, 1826.807861328125, 1826.8851318359375, 1826.9178466796875, 1826.978759765625, 1826.982421875, 1827.0006103515625, 1827.0260009765625, 1827.038330078125, 1827.0455322265625, 1827.0296630859375, 1827.0792236328125, 1827.0518798828125, 1824.4234619140625, 1824.40380859375, 1824.3829345703125, 1824.39208984375, 1824.4920654296875, 1824.55810546875, 1824.584716796875, 1824.576904296875, 1824.5352783203125, 1824.4708251953125, 1824.413818359375, 1824.36376953125, 1824.3411865234375, 1824.3443603515625, 1824.362548828125, 1824.40478515625, 1824.4615478515625, 1824.4755859375, 1824.4622802734375, 1824.4293212890625, 1824.3760986328125, 1824.3604736328125, 1824.294921875, 1824.28076171875, 1824.3187255859375, 1824.298583984375, 1824.3404541015625, 1824.3905029296875, 1824.4033203125, 1824.3046875, 1824.38330078125, 1824.4234619140625, 1824.411376953125, 1824.2861328125, 1824.3154296875], "lower": [1748.25439453125, 1759.2572021484375, 1735.3160400390625, 1721.1363525390625, 1725.1552734375, 1741.6092529296875, 1762.8809814453125, 1753.0927734375, 1748.4288330078125, 1768.3834228515625, 1764.2659912109375, 1759.9010009765625, 1759.6177978515625, 1758.9462890625, 1763.328857421875, 1796.6650390625, 1800.439453125, 1801.87158203125, 1801.0040283203125, 1801.339111328125, 1800.939208984375, 1800.4990234375, 1800.116455078125, 1799.6458740234375, 1812.3011474609375, 1811.86474609375, 1811.4400634765625, 1810.294189453125, 1812.88427734375, 1812.9375, 1812.596923828125, 1812.1923828125, 1812.1234130859375, 1811.80712890625, 1811.487548828125, 1811.2381591796875, 1811.3509521484375, 1811.2384033203125, 1819.2283935546875, 1819.0472412109375, 1819.7572021484375, 1819.71240234375, 1819.6241455078125, 1819.55126953125, 1819.5145263671875, 1819.450927734375, 1819.397705078125, 1819.3380126953125, 1819.30078125, 1819.2528076171875, 1819.205810546875, 1824.577392578125, 1824.5517578125, 1824.5433349609375, 1824.5587158203125, 1824.5589599609375, 1824.568359375, 1824.5511474609375, 1824.552978515625, 1824.3475341796875, 1824.4197998046875, 1824.27734375, 1824.1585693359375, 1824.095458984375, 1824.067626953125, 1821.21484375, 1821.20751953125, 1812.4832763671875, 1799.3563232421875, 1799.3922119140625, 1799.4012451171875, 1799.3572998046875, 1799.3155517578125, 1799.340087890625, 1799.3538818359375, 1799.2840576171875, 1799.2889404296875, 1799.29296875, 1799.24169921875, 1799.056396484375, 1799.0777587890625, 1798.63134765625, 1798.6221923828125, 1798.650634765625, 1798.8017578125, 1798.9482421875, 1798.940673828125, 1798.8968505859375, 1798.8875732421875, 1799.062744140625, 1799.1072998046875, 1799.0589599609375, 1799.03271484375, 1798.9749755859375, 1798.9417724609375, 1798.8779296875, 1798.823486328125, 1798.7958984375, 1811.843505859375, 1811.79736328125]}