{"mean": [6185.1119384765625, 6129.343200683594, 5968.380065917969, 5823.124938964844, 5738.855773925781, 5714.570983886719, 5723.8720703125, 5749.624084472656, 5785.146240234375, 5823.6605224609375, 5834.7303466796875, 5842.695007324219, 5847.675537109375, 5851.9835205078125, 5855.695739746094, 5860.259521484375, 5864.790771484375, 5869.479736328125, 5874.4638671875, 5879.731628417969, 5883.7984619140625, 5888.09130859375, 5891.068298339844, 5893.3731689453125, 5895.2525634765625, 5896.153381347656, 5897.3558349609375, 5897.242492675781, 5895.973327636719, 5891.5155029296875, 5889.066955566406, 5890.47705078125, 5890.478332519531, 5867.1864013671875, 5824.485107421875, 5809.890686035156, 5808.6455078125, 5813.783386230469, 5821.1671142578125, 5827.897888183594, 5832.445983886719, 5834.0555419921875, 5835.0361328125, 5835.077453613281, 5835.126220703125, 5835.949890136719, 5837.4942626953125, 5839.3897705078125, 5841.033020019531, 5843.486755371094, 5846.2880859375, 5849.374450683594, 5851.9593505859375, 5854.2569580078125, 5856.413757324219, 5858.249450683594, 5859.6328125, 5860.6396484375, 5860.7545166015625, 5861.060791015625, 5860.81005859375, 5858.490905761719, 5857.544006347656, 5857.526794433594, 5857.5751953125, 5858.63427734375, 5859.467102050781, 5860.54736328125, 5861.453125, 5862.294616699219, 5863.426696777344, 5863.867919921875, 5864.527893066406, 5864.686218261719, 5864.2479248046875, 5864.341552734375, 5864.1715087890625, 5863.971130371094, 5863.729553222656, 5863.9202880859375, 5863.6131591796875, 5863.633850097656, 5863.80810546875, 5863.783020019531, 5864.06298828125, 5864.0352783203125, 5864.0059814453125, 5864.1968994140625, 5864.3712158203125, 5864.4578857421875, 5864.449401855469, 5864.562744140625, 5864.639709472656, 5864.606689453125, 5864.690185546875, 5864.8087158203125, 5864.870849609375, 5865.2406005859375, 5865.5501708984375, 5865.990417480469], "upper": [6185.15283203125, 6129.390625, 5968.43408203125, 5823.2109375, 5738.8896484375, 5714.6435546875, 5723.98046875, 5749.7822265625, 5785.234375, 5823.80078125, 5834.86865234375, 5842.9443359375, 5847.99609375, 5852.107421875, 5855.91015625, 5860.45458984375, 5865.07861328125, 5869.787109375, 5874.61279296875, 5879.982421875, 5884.0595703125, 5888.2880859375, 5891.2236328125, 5893.45068359375, 5895.46728515625, 5896.466796875, 5897.53125, 5897.431640625, 5896.2509765625, 5891.83984375, 5889.298828125, 5891.037109375, 5890.81689453125, 5869.1611328125, 5826.04638671875, 5810.3076171875, 5808.7880859375, 5814.1025390625, 5821.73388671875, 5828.3447265625, 5832.70361328125, 5834.318359375, 5835.111328125, 5835.40869140625, 5835.4267578125, 5836.2177734375, 5837.8359375, 5839.7197265625, 5841.619140625, 5844.1748046875, 5847.2197265625, 5850.263671875, 5852.2998046875, 5855.001953125, 5856.8212890625, 5858.6240234375, 5859.9423828125, 5860.939453125, 5860.9794921875, 5861.16015625, 5860.99609375, 5860.08251953125, 5857.8125, 5858.2236328125, 5857.79248046875, 5858.8173828125, 5859.8271484375, 5860.826171875, 5861.8076171875, 5862.4951171875, 5863.6904296875, 5863.95654296875, 5864.68359375, 5864.9296875, 5864.32080078125, 5864.4814453125, 5864.4228515625, 5864.2431640625, 5864.0947265625, 5864.23388671875, 5863.837890625, 5863.7919921875, 5863.9609375, 5864.041015625, 5864.42724609375, 5864.33447265625, 5864.1875, 5864.3623046875, 5864.693359375, 5864.64013671875, 5864.81494140625, 5864.779296875, 5864.7646484375, 5864.759765625, 5865.16455078125, 5865.22900390625, 5865.060546875, 5865.66796875, 5865.8603515625, 5866.61376953125], "lower": [6185.0615234375, 6129.279296875, 5968.333984375, 5823.0556640625, 5738.8203125, 5714.4912109375, 5723.767578125, 5749.5107421875, 5785.0224609375, 5823.53515625, 5834.6025390625, 5842.5458984375, 5847.47705078125, 5851.8896484375, 5855.5771484375, 5860.1396484375, 5864.689453125, 5869.21826171875, 5874.3291015625, 5879.4541015625, 5883.6591796875, 5887.8955078125, 5890.880859375, 5893.32958984375, 5895.03271484375, 5895.91845703125, 5897.271484375, 5897.0595703125, 5895.619140625, 5891.20751953125, 5888.7373046875, 5890.1416015625, 5889.8505859375, 5864.51904296875, 5822.1875, 5809.248046875, 5808.466796875, 5813.4013671875, 5820.83056640625, 5827.744140625, 5832.17236328125, 5833.8896484375, 5834.9345703125, 5834.9765625, 5834.8701171875, 5835.7548828125, 5837.3076171875, 5839.09033203125, 5840.736328125, 5843.162109375, 5846.001953125, 5848.96875, 5851.5244140625, 5854.00390625, 5856.1865234375, 5857.830078125, 5859.359375, 5860.4833984375, 5860.6083984375, 5861.001953125, 5860.61328125, 5857.7255859375, 5857.373046875, 5857.1708984375, 5857.3310546875, 5858.33203125, 5859.1826171875, 5860.21826171875, 5861.1015625, 5862.18310546875, 5863.2958984375, 5863.6728515625, 5864.3466796875, 5864.4326171875, 5864.1279296875, 5864.13671875, 5863.89208984375, 5863.708984375, 5863.3037109375, 5863.81982421875, 5863.4658203125, 5863.470703125, 5863.4775390625, 5863.4169921875, 5863.70263671875, 5863.8720703125, 5863.755859375, 5864.02294921875, 5864.154296875, 5864.265625, 5864.1318359375, 5864.169921875, 5864.3974609375, 5864.4169921875, 5864.36474609375, 5864.2421875, 5864.599609375, 5864.873046875, 5865.0, 5865.66845703125]}