{"mean": [9137.368408203125, 9005.795654296875, 8940.30078125, 8901.782348632812, 8867.829833984375, 8831.8857421875, 8800.279663085938, 8775.81005859375, 8757.090209960938, 8747.853881835938, 8748.765625, 8752.543579101562, 8758.721801757812, 8766.830444335938, 8776.255126953125, 8786.70556640625, 8797.485595703125, 8807.533569335938, 8816.48193359375, 8826.93994140625, 8837.558837890625, 8847.325561523438, 8855.523803710938, 8862.27001953125, 8868.06201171875, 8873.254516601562, 8877.114379882812, 8879.92724609375, 8881.947875976562, 8882.771118164062, 8882.990234375, 8882.591064453125, 8881.3173828125, 8879.064331054688, 8875.406372070312, 8870.055786132812, 8864.326904296875, 8858.980712890625, 8854.562866210938, 8850.901977539062, 8848.090209960938, 8846.205810546875, 8844.902221679688, 8844.129760742188, 8843.368286132812, 8842.801513671875, 8841.66796875, 8840.509643554688, 8839.251708984375, 8837.821533203125, 8836.431640625, 8834.918090820312, 8833.191528320312, 8831.296752929688, 8829.3173828125, 8827.466430664062, 8825.693603515625, 8823.955810546875, 8822.130737304688, 8820.166870117188, 8817.990356445312, 8816.031982421875, 8813.78662109375, 8811.43701171875, 8808.982543945312, 8806.576538085938, 8804.265625, 8802.060791015625, 8799.926391601562, 8797.904418945312, 8796.036010742188, 8794.27880859375, 8792.573608398438, 8790.990356445312, 8789.49951171875, 8788.081420898438, 8786.714599609375, 8785.523803710938, 8784.327880859375, 8783.444702148438, 8782.602905273438, 8781.859130859375, 8781.291748046875, 8780.758178710938, 8780.281860351562, 8779.817504882812, 8779.354614257812, 8778.845458984375, 8778.313598632812, 8777.760864257812, 8777.241455078125, 8776.759521484375, 8776.246704101562, 8775.75048828125, 8775.322875976562, 8774.89697265625, 8774.430053710938, 8774.013549804688, 8773.567504882812, 8773.111450195312], "upper": [9137.3759765625, 9005.8017578125, 8940.3212890625, 8901.8037109375, 8867.845703125, 8831.8984375, 8800.2978515625, 8775.880859375, 8757.1796875, 8747.9833984375, 8748.9228515625, 8752.796875, 8758.986328125, 8767.1318359375, 8776.533203125, 8786.98828125, 8797.7392578125, 8807.759765625, 8816.6572265625, 8827.0712890625, 8837.640625, 8847.423828125, 8855.7216796875, 8862.5087890625, 8868.2802734375, 8873.4912109375, 8877.30859375, 8880.076171875, 8882.05078125, 8882.8203125, 8883.03125, 8882.6650390625, 8881.439453125, 8879.2392578125, 8875.681640625, 8870.3876953125, 8864.6484375, 8859.2236328125, 8854.76953125, 8851.03515625, 8848.1826171875, 8846.3251953125, 8845.05078125, 8844.28125, 8843.49609375, 8842.9140625, 8841.798828125, 8840.65234375, 8839.4189453125, 8837.9677734375, 8836.6123046875, 8835.1201171875, 8833.3681640625, 8831.4609375, 8829.470703125, 8827.5986328125, 8825.83984375, 8824.119140625, 8822.3125, 8820.357421875, 8818.2275390625, 8816.458984375, 8813.982421875, 8811.6650390625, 8809.1474609375, 8806.732421875, 8804.453125, 8802.23046875, 8800.072265625, 8798.0615234375, 8796.166015625, 8794.4375, 8792.7451171875, 8791.1328125, 8789.671875, 8788.267578125, 8786.873046875, 8785.6494140625, 8784.474609375, 8783.5654296875, 8782.7373046875, 8782.0380859375, 8781.4140625, 8780.923828125, 8780.4296875, 8779.9619140625, 8779.48828125, 8778.9453125, 8778.474609375, 8777.91796875, 8777.3564453125, 8776.8935546875, 8776.34765625, 8775.8447265625, 8775.45703125, 8775.1298828125, 8774.6376953125, 8774.2275390625, 8773.833984375, 8773.3544921875], "lower": [9137.3564453125, 9005.787109375, 8940.2861328125, 8901.7607421875, 8867.806640625, 8831.869140625, 8800.255859375, 8775.77734375, 8757.0478515625, 8747.798828125, 8748.697265625, 8752.3173828125, 8758.3310546875, 8766.37109375, 8775.7666015625, 8786.287109375, 8797.166015625, 8807.341796875, 8816.3759765625, 8826.7998046875, 8837.4775390625, 8847.19140625, 8855.2900390625, 8862.0068359375, 8867.8916015625, 8873.0087890625, 8876.955078125, 8879.796875, 8881.880859375, 8882.7294921875, 8882.916015625, 8882.513671875, 8881.1650390625, 8878.826171875, 8875.056640625, 8869.578125, 8863.9169921875, 8858.634765625, 8854.275390625, 8850.6845703125, 8847.9189453125, 8846.0634765625, 8844.771484375, 8843.939453125, 8843.1767578125, 8842.5693359375, 8841.3935546875, 8840.197265625, 8838.873046875, 8837.3994140625, 8835.943359375, 8834.39453125, 8832.650390625, 8830.7421875, 8828.8154296875, 8827.01953125, 8825.3017578125, 8823.482421875, 8821.6533203125, 8819.6845703125, 8817.4501953125, 8815.0107421875, 8813.349609375, 8810.85546875, 8808.5, 8806.107421875, 8803.818359375, 8801.6279296875, 8799.5498046875, 8797.5673828125, 8795.7421875, 8793.96875, 8792.3359375, 8790.7578125, 8789.26953125, 8787.884765625, 8786.5927734375, 8785.36328125, 8784.224609375, 8783.2841796875, 8782.517578125, 8781.7255859375, 8781.1689453125, 8780.58984375, 8780.134765625, 8779.708984375, 8779.2255859375, 8778.712890625, 8778.17578125, 8777.60546875, 8777.072265625, 8776.5263671875, 8776.0244140625, 8775.517578125, 8775.0615234375, 8774.5673828125, 8774.11328125, 8773.662109375, 8773.1591796875, 8772.6865234375]}