{"mean": [4967.13916015625, 4971.562337239583, 4975.772786458333, 4981.046875, 4988.721354166667, 4999.45556640625, 5011.71240234375, 5025.155924479167, 5039.611002604167, 5054.721516927083, 5070.0810546875, 5086.0771484375, 5103.1025390625, 5121.382161458333, 5142.19482421875, 5158.321126302083, 5175.334147135417, 5191.21923828125, 5206.347819010417, 5223.072428385417, 5244.6875, 5268.001627604167, 5285.261393229167, 5300.687337239583, 5301.79541015625, 5302.775390625, 5303.665690104167, 5304.345703125, 5304.93505859375, 5305.275065104167, 5305.461263020833, 5305.4853515625, 5305.43603515625, 5305.504720052083, 5305.5390625, 5305.582845052083, 5305.65478515625, 5305.7841796875, 5305.898111979167, 5306.135579427083, 5306.4013671875, 5306.726725260417, 5307.07080078125, 5307.36474609375, 5307.6298828125, 5307.76171875, 5307.72900390625, 5307.58984375, 5308.354654947917, 5309.446126302083, 5310.011881510417, 5310.18896484375, 5310.047037760417, 5309.63330078125, 5308.998372395833, 5308.535481770833, 5308.256510416667, 5308.14599609375, 5308.011067708333, 5307.839680989583, 5307.592936197917, 5307.2802734375, 5306.989908854167, 5306.655110677083, 5306.13720703125, 5305.55078125, 5304.806640625, 5303.683919270833, 5302.139485677083, 5300.644205729167, 5298.136555989583, 5295.520670572917, 5294.567220052083, 5294.60693359375, 5294.080240885417, 5293.544596354167, 5292.114420572917, 5291.290690104167, 5292.091145833333, 5292.7353515625, 5292.655436197917, 5292.059407552083, 5291.673502604167, 5291.90380859375, 5292.249674479167, 5292.099772135417, 5291.546223958333, 5290.624348958333, 5290.241048177083, 5290.295735677083, 5290.232421875, 5289.976399739583, 5290.184244791667, 5290.301432291667, 5290.34716796875, 5290.023274739583, 5289.41259765625, 5287.96875, 5287.420572916667, 5289.619954427083], "upper": [5280.98974609375, 5284.72314453125, 5287.4853515625, 5290.0546875, 5292.4521484375, 5294.79248046875, 5296.15234375, 5296.89013671875, 5297.01953125, 5296.802734375, 5296.71435546875, 5296.8134765625, 5296.94482421875, 5297.20703125, 5297.72412109375, 5298.34521484375, 5299.1123046875, 5299.75390625, 5300.45751953125, 5300.962890625, 5301.1396484375, 5335.609375, 5334.439453125, 5333.2568359375, 5332.4794921875, 5331.42919921875, 5330.32275390625, 5329.30078125, 5328.21142578125, 5327.1181640625, 5325.96337890625, 5324.830078125, 5323.6201171875, 5322.375, 5321.2060546875, 5319.8896484375, 5318.5576171875, 5317.21630859375, 5315.73779296875, 5314.51806640625, 5313.40234375, 5312.41455078125, 5311.5751953125, 5310.884765625, 5310.28125, 5309.740234375, 5310.6748046875, 5311.69140625, 5312.65185546875, 5313.51513671875, 5313.7744140625, 5313.63330078125, 5313.48828125, 5313.26220703125, 5313.013671875, 5312.75, 5312.42822265625, 5312.10888671875, 5311.7919921875, 5312.3154296875, 5313.02001953125, 5313.623046875, 5314.11572265625, 5314.54248046875, 5314.5673828125, 5314.203125, 5313.4560546875, 5312.06005859375, 5309.88818359375, 5307.0390625, 5306.4765625, 5305.95703125, 5305.39697265625, 5304.87646484375, 5304.33935546875, 5303.748046875, 5303.3564453125, 5303.1494140625, 5302.884765625, 5302.56591796875, 5302.25390625, 5301.94775390625, 5301.57470703125, 5301.2099609375, 5300.861328125, 5300.5244140625, 5300.16357421875, 5299.8525390625, 5299.4580078125, 5299.1044921875, 5298.77294921875, 5298.49365234375, 5298.10498046875, 5297.71826171875, 5297.32421875, 5296.94384765625, 5296.56298828125, 5296.20361328125, 5295.76123046875, 5295.29345703125], "lower": [4807.67138671875, 4812.2265625, 4814.61279296875, 4820.15869140625, 4830.6572265625, 4846.673828125, 4866.4951171875, 4889.23681640625, 4906.95556640625, 4925.51220703125, 4945.869140625, 4968.50146484375, 4991.8369140625, 5016.9130859375, 5051.30419921875, 5067.98779296875, 5080.7890625, 5092.14208984375, 5103.29833984375, 5118.021484375, 5138.3056640625, 5166.7890625, 5219.25537109375, 5266.0068359375, 5269.345703125, 5272.638671875, 5275.69140625, 5278.31689453125, 5280.87548828125, 5283.26611328125, 5285.53369140625, 5287.65283203125, 5289.76220703125, 5291.759765625, 5293.65478515625, 5295.47607421875, 5297.2080078125, 5298.8935546875, 5300.5, 5301.81591796875, 5302.27001953125, 5302.9111328125, 5303.447265625, 5303.86328125, 5304.07470703125, 5303.8701171875, 5303.1806640625, 5302.1484375, 5303.93798828125, 5306.82421875, 5307.4697265625, 5306.958984375, 5306.27587890625, 5305.484375, 5304.5615234375, 5303.59619140625, 5302.580078125, 5301.70556640625, 5300.78125, 5299.7802734375, 5298.74169921875, 5297.6123046875, 5296.65625, 5295.64990234375, 5294.5654296875, 5293.6376953125, 5292.57177734375, 5291.07958984375, 5289.0859375, 5287.9169921875, 5284.2294921875, 5280.60986328125, 5281.9619140625, 5285.50732421875, 5287.52001953125, 5287.9560546875, 5283.3896484375, 5281.0927734375, 5284.552734375, 5287.3388671875, 5285.6953125, 5283.33056640625, 5282.28466796875, 5283.51318359375, 5285.66064453125, 5286.75341796875, 5287.0625, 5284.54150390625, 5284.15771484375, 5285.70556640625, 5284.3994140625, 5282.9169921875, 5283.11572265625, 5284.6611328125, 5286.021484375, 5286.55615234375, 5285.541015625, 5282.13134765625, 5279.8583984375, 5285.974609375]}