{"mean": [23277.328125, 23241.509765625, 23221.82421875, 23210.132161458332, 23202.200520833332, 23199.415364583332, 23198.5234375, 23195.454427083332, 23189.919270833332, 23180.968098958332, 23170.065104166668, 23159.487630208332, 23150.108723958332, 23141.707682291668, 23133.81640625, 23127.333333333332, 23122.236979166668, 23118.811848958332, 23114.658854166668, 23110.78125, 23107.670572916668, 23105.012369791668, 23104.333333333332, 23105.545572916668, 23108.276041666668, 23111.537760416668, 23115.350260416668, 23119.325520833332, 23123.037760416668, 23125.677083333332, 23127.216796875, 23127.5078125, 23126.8515625, 23126.447265625, 23126.653645833332, 23127.509114583332, 23129.770182291668, 23132.632161458332, 23135.588541666668, 23138.162760416668, 23140.34765625, 23142.577473958332, 23144.936197916668, 23147.6484375, 23150.548828125, 23153.33984375, 23155.577473958332, 23157.383463541668, 23158.727213541668, 23159.626953125, 23160.180338541668, 23160.370442708332, 23160.134765625, 23159.884765625, 23160.036458333332, 23159.6875, 23159.462890625, 23158.874348958332, 23159.036458333332, 23160.024739583332, 23161.473958333332, 23163.104817708332, 23164.078125, 23164.127604166668, 23163.092447916668, 23160.667317708332, 23157.479166666668, 23153.666015625, 23149.828776041668, 23146.408854166668, 23143.621744791668, 23141.298828125, 23139.617838541668, 23138.643880208332, 23138.25, 23138.318359375, 23138.809244791668, 23139.372395833332, 23140.155598958332, 23141.229817708332, 23142.454427083332, 23143.634765625, 23144.600260416668, 23145.222005208332, 23145.516927083332, 23145.73046875, 23145.73828125, 23145.537109375, 23145.178385416668, 23144.806640625, 23144.352864583332, 23143.87109375, 23143.200520833332, 23142.60546875, 23142.390625, 23142.13671875, 23141.844401041668, 23141.69140625, 23141.733723958332, 23141.853515625], "upper": [23730.646484375, 23604.521484375, 23522.57421875, 23459.873046875, 23406.6953125, 23365.763671875, 23333.4453125, 23300.6171875, 23265.244140625, 23229.78125, 23196.6015625, 23173.40625, 23179.138671875, 23181.591796875, 23179.822265625, 23175.49609375, 23170.625, 23166.04296875, 23157.66015625, 23147.556640625, 23137.830078125, 23128.251953125, 23123.921875, 23124.412109375, 23128.48828125, 23133.580078125, 23139.203125, 23144.56640625, 23148.873046875, 23151.689453125, 23152.71484375, 23152.185546875, 23150.32421875, 23148.91796875, 23148.390625, 23149.29296875, 23152.17578125, 23155.5, 23158.08984375, 23159.05859375, 23158.513671875, 23157.580078125, 23157.126953125, 23157.60546875, 23160.8671875, 23167.001953125, 23172.4375, 23177.322265625, 23181.57421875, 23184.982421875, 23188.05859375, 23190.04296875, 23190.91015625, 23190.732421875, 23190.00390625, 23188.32421875, 23186.439453125, 23183.87890625, 23180.67578125, 23177.1015625, 23173.830078125, 23182.232421875, 23188.681640625, 23192.58984375, 23193.314453125, 23189.626953125, 23183.576171875, 23175.072265625, 23166.056640625, 23157.6171875, 23150.490234375, 23144.42578125, 23142.125, 23141.876953125, 23141.875, 23142.19140625, 23142.765625, 23143.25, 23144.078125, 23145.10546875, 23146.140625, 23147.3046875, 23148.408203125, 23149.52734375, 23150.501953125, 23151.458984375, 23152.33203125, 23153.208984375, 23153.79296875, 23154.255859375, 23154.583984375, 23155.009765625, 23154.97265625, 23154.8046875, 23154.90234375, 23154.73046875, 23154.556640625, 23154.58203125, 23154.478515625, 23154.33984375], "lower": [23039.662109375, 23042.94921875, 23050.64453125, 23060.947265625, 23071.7890625, 23084.435546875, 23099.97265625, 23117.708984375, 23139.3671875, 23155.93359375, 23146.68359375, 23135.94921875, 23126.828125, 23119.66015625, 23107.359375, 23095.931640625, 23088.326171875, 23084.240234375, 23080.4765625, 23077.6484375, 23075.990234375, 23074.916015625, 23074.306640625, 23073.876953125, 23074.048828125, 23074.39453125, 23075.5234375, 23076.646484375, 23078.724609375, 23080.775390625, 23083.814453125, 23087.009765625, 23090.19140625, 23094.498046875, 23099.388671875, 23103.78125, 23109.32421875, 23115.58203125, 23122.11328125, 23127.056640625, 23127.6484375, 23128.4453125, 23129.3984375, 23130.46484375, 23131.837890625, 23132.90625, 23133.9375, 23134.908203125, 23135.97265625, 23136.69140625, 23136.810546875, 23136.28125, 23135.708984375, 23135.1171875, 23134.82421875, 23135.03515625, 23135.68359375, 23136.3515625, 23136.83984375, 23136.984375, 23137.142578125, 23137.28515625, 23137.390625, 23137.46484375, 23137.26171875, 23136.9765625, 23136.685546875, 23136.541015625, 23136.369140625, 23136.51953125, 23136.6796875, 23136.7109375, 23136.85546875, 23136.78515625, 23135.37890625, 23135.162109375, 23136.107421875, 23137.23046875, 23136.732421875, 23136.505859375, 23136.748046875, 23136.98046875, 23137.1171875, 23137.048828125, 23136.935546875, 23137.16796875, 23137.30859375, 23137.19140625, 23136.916015625, 23136.83984375, 23137.025390625, 23137.126953125, 23137.017578125, 23136.11328125, 23135.123046875, 23134.3984375, 23133.80078125, 23133.6328125, 23133.810546875, 23134.115234375]}