{"mean": [10782.321614583334, 10709.8525390625, 10653.244140625, 10612.646158854166, 10580.092447916666, 10552.2822265625, 10526.172200520834, 10495.055338541666, 10464.460286458334, 10438.223958333334, 10427.000651041666, 10426.7099609375, 10428.685221354166, 10431.178059895834, 10434.952799479166, 10439.432291666666, 10442.641927083334, 10445.808919270834, 10449.044270833334, 10452.97265625, 10456.007486979166, 10458.669596354166, 10460.340169270834, 10459.75, 10457.705729166666, 10455.464518229166, 10453.680013020834, 10452.235677083334, 10451.438151041666, 10450.806315104166, 10449.727864583334, 10448.560546875, 10447.428385416666, 10446.605143229166, 10446.303059895834, 10445.951822916666, 10444.890950520834, 10444.5302734375, 10444.346354166666, 10443.7216796875, 10443.06640625, 10442.213216145834, 10440.6171875, 10439.319010416666, 10438.4892578125, 10438.105794270834, 10437.875651041666, 10438.162109375, 10438.660481770834, 10438.684244791666, 10439.167643229166, 10439.4130859375, 10439.6298828125, 10439.333658854166, 10438.905924479166, 10438.688151041666, 10438.212239583334, 10437.101888020834, 10436.041015625, 10433.7080078125, 10432.32421875, 10431.594401041666, 10431.239583333334, 10430.220703125, 10429.3955078125, 10428.187825520834, 10426.568684895834, 10424.927408854166, 10423.6044921875, 10422.620768229166, 10421.921875, 10421.4326171875, 10421.2412109375, 10421.039713541666, 10420.872721354166, 10420.818033854166, 10420.850260416666, 10420.865559895834, 10421.001953125, 10421.193359375, 10421.345377604166, 10421.602213541666, 10421.821614583334, 10422.059244791666, 10422.256510416666, 10422.420572916666, 10422.548177083334, 10422.711588541666, 10422.8232421875, 10422.949544270834, 10422.969075520834, 10422.970052083334, 10422.9765625, 10423.041666666666, 10423.238932291666, 10423.344401041666, 10423.4404296875, 10423.5185546875, 10423.615234375, 10423.7265625], "upper": [11283.5546875, 11117.9375, 10988.26171875, 10895.6953125, 10822.1884765625, 10755.984375, 10686.1669921875, 10602.546875, 10518.07421875, 10454.44140625, 10450.6201171875, 10448.8955078125, 10449.9921875, 10451.57421875, 10453.4345703125, 10454.9619140625, 10456.4306640625, 10457.3701171875, 10463.63671875, 10477.0517578125, 10486.796875, 10491.7119140625, 10493.9296875, 10494.361328125, 10492.55078125, 10487.52734375, 10483.1796875, 10478.4716796875, 10473.974609375, 10470.1162109375, 10466.388671875, 10462.599609375, 10458.802734375, 10455.6611328125, 10453.0185546875, 10450.701171875, 10450.74609375, 10450.95703125, 10451.1435546875, 10451.5478515625, 10451.619140625, 10451.6396484375, 10451.49609375, 10451.3603515625, 10451.275390625, 10451.21484375, 10451.1318359375, 10451.0390625, 10450.76171875, 10450.2060546875, 10449.8720703125, 10449.521484375, 10449.4306640625, 10449.0224609375, 10448.6845703125, 10448.650390625, 10448.5390625, 10448.1767578125, 10448.2001953125, 10447.9716796875, 10447.923828125, 10447.90625, 10447.8994140625, 10447.90234375, 10447.9111328125, 10447.9404296875, 10448.0341796875, 10448.173828125, 10448.162109375, 10448.1796875, 10448.1494140625, 10447.99609375, 10447.939453125, 10447.962890625, 10447.9072265625, 10447.919921875, 10447.978515625, 10447.9208984375, 10447.9443359375, 10448.0185546875, 10448.017578125, 10448.0166015625, 10447.953125, 10447.9189453125, 10447.9501953125, 10447.94140625, 10447.943359375, 10447.921875, 10447.9296875, 10447.9599609375, 10447.96484375, 10447.9384765625, 10447.9443359375, 10447.94921875, 10447.9482421875, 10447.9638671875, 10447.93359375, 10447.9375, 10447.94921875, 10447.9677734375], "lower": [10522.74609375, 10494.130859375, 10468.61328125, 10454.8212890625, 10449.13671875, 10449.9853515625, 10436.3486328125, 10422.5146484375, 10416.7958984375, 10420.9873046875, 10404.2958984375, 10402.21875, 10404.486328125, 10408.900390625, 10418.1845703125, 10430.9892578125, 10430.900390625, 10429.6435546875, 10426.076171875, 10425.09375, 10425.662109375, 10429.9306640625, 10434.0302734375, 10433.0185546875, 10429.8046875, 10429.0078125, 10428.7880859375, 10429.2783203125, 10430.8935546875, 10432.23046875, 10432.4345703125, 10432.984375, 10433.4833984375, 10434.5576171875, 10435.8876953125, 10436.7490234375, 10437.154296875, 10437.798828125, 10438.775390625, 10439.5595703125, 10438.07421875, 10435.1630859375, 10429.853515625, 10425.4287109375, 10422.560546875, 10420.8515625, 10419.6201171875, 10420.298828125, 10421.5927734375, 10422.23828125, 10423.7431640625, 10424.810546875, 10425.44921875, 10425.4794921875, 10424.6318359375, 10423.0771484375, 10421.609375, 10419.5966796875, 10417.662109375, 10415.65234375, 10413.755859375, 10412.0185546875, 10410.513671875, 10409.09375, 10407.91015625, 10407.0361328125, 10406.353515625, 10406.0224609375, 10405.8828125, 10405.771484375, 10405.748046875, 10405.74609375, 10405.8388671875, 10405.9111328125, 10406.037109375, 10406.2314453125, 10406.4326171875, 10406.6025390625, 10406.9296875, 10407.248046875, 10407.5625, 10407.958984375, 10408.3935546875, 10408.826171875, 10409.19140625, 10409.5888671875, 10409.7939453125, 10409.869140625, 10409.9091796875, 10410.001953125, 10409.85546875, 10409.75, 10409.6865234375, 10409.7763671875, 10410.1533203125, 10410.3671875, 10410.646484375, 10410.828125, 10411.1005859375, 10411.3955078125]}