{"mean": [20885.689453125, 20860.356770833332, 20815.967447916668, 20768.037109375, 20720.377604166668, 20667.068359375, 20618.365234375, 20562.287760416668, 20503.23046875, 20441.314453125, 20397.393229166668, 20376.710286458332, 20375.951171875, 20385.849609375, 20393.430989583332, 20405.361979166668, 20411.301432291668, 20397.709635416668, 20391.921875, 20396.93359375, 20392.234375, 20380.764973958332, 20373.6796875, 20362.309895833332, 20366.055989583332, 20369.067708333332, 20371.772786458332, 20374.878255208332, 20378.331380208332, 20380.3671875, 20381.389322916668, 20380.707682291668, 20378.485026041668, 20374.984375, 20369.373697916668, 20365.335286458332, 20361.744140625, 20357.633463541668, 20352.4296875, 20345.430989583332, 20338.745442708332, 20336.839192708332, 20339.421223958332, 20347.357421875, 20363.71875, 20397.813802083332, 20486.876302083332, 20720.508463541668, 20723.813151041668, 20727.221354166668, 20730.740885416668, 20734.44921875, 20738.162109375, 20741.653645833332, 20745.222005208332, 20748.507161458332, 20751.685546875, 20754.78515625, 20757.891927083332, 20760.720703125, 20763.51953125, 20766.204427083332, 20768.716145833332, 20770.92578125, 20772.979817708332, 20774.973307291668, 20776.716796875, 20778.235677083332, 20779.731770833332, 20781.171223958332, 20782.383463541668, 20784.365885416668, 20786.850911458332, 20789.174479166668, 20791.459635416668, 20793.62109375, 20795.526041666668, 20797.338541666668, 20799.116536458332, 20800.654296875, 20802.114583333332, 20803.423828125, 20804.664713541668, 20805.736328125, 20806.626953125, 20807.350260416668, 20808.047526041668, 20808.659505208332, 20809.158854166668, 20809.438151041668, 20809.628255208332, 20809.703125, 20809.606119791668, 20809.397135416668, 20809.069010416668, 20808.483723958332, 20807.873697916668, 20807.119140625, 20806.276692708332, 20805.259765625], "upper": [21884.0234375, 21777.857421875, 21616.5078125, 21455.19140625, 21316.29296875, 21180.97265625, 21044.439453125, 20878.271484375, 20701.84765625, 20516.48046875, 20404.8359375, 20404.07421875, 20403.3984375, 20403.451171875, 20402.75390625, 20412.712890625, 20430.876953125, 20400.99609375, 20400.1015625, 20399.453125, 20399.52734375, 20399.89453125, 20400.849609375, 20402.12109375, 20403.48828125, 20405.0234375, 20406.390625, 20407.98046875, 20409.416015625, 20410.865234375, 20411.515625, 20411.90234375, 20412.17578125, 20413.052734375, 20413.5625, 20413.6875, 20412.873046875, 20411.556640625, 20409.9921875, 20408.0, 20405.56640625, 20402.3046875, 20398.587890625, 20394.263671875, 20411.982421875, 20523.35546875, 20799.2109375, 21505.68359375, 21518.2265625, 21531.380859375, 21545.03515625, 21559.109375, 21573.37890625, 21587.78125, 21602.240234375, 21616.49609375, 21630.6953125, 21644.595703125, 21658.13671875, 21671.1484375, 21683.98046875, 21696.4453125, 21708.5, 21720.10546875, 21731.20703125, 21741.943359375, 21752.353515625, 21762.171875, 21771.462890625, 21780.271484375, 21788.751953125, 21796.646484375, 21804.0078125, 21811.0625, 21817.734375, 21823.951171875, 21829.607421875, 21834.982421875, 21840.041015625, 21844.732421875, 21849.064453125, 21852.939453125, 21856.408203125, 21859.564453125, 21862.35546875, 21864.609375, 21866.625, 21868.279296875, 21869.634765625, 21870.482421875, 21870.919921875, 21870.9375, 21870.47265625, 21869.837890625, 21868.91015625, 21867.33203125, 21865.513671875, 21863.259765625, 21860.826171875, 21858.029296875], "lower": [20325.802734375, 20365.19921875, 20412.80859375, 20401.87890625, 20399.53125, 20397.505859375, 20397.453125, 20398.40234375, 20399.771484375, 20401.1640625, 20385.109375, 20322.99609375, 20321.126953125, 20351.5625, 20375.859375, 20401.35546875, 20401.40625, 20391.55859375, 20376.1796875, 20392.357421875, 20378.814453125, 20345.615234375, 20326.154296875, 20294.21875, 20308.59375, 20321.337890625, 20334.654296875, 20349.490234375, 20359.765625, 20352.05859375, 20345.52734375, 20340.919921875, 20336.521484375, 20332.498046875, 20328.529296875, 20324.43359375, 20320.341796875, 20316.34375, 20312.064453125, 20307.81640625, 20303.814453125, 20300.19921875, 20296.646484375, 20293.47265625, 20289.83984375, 20285.833984375, 20281.7578125, 20278.625, 20278.720703125, 20278.771484375, 20278.765625, 20278.845703125, 20278.81640625, 20278.75390625, 20278.736328125, 20278.744140625, 20278.69140625, 20278.73046875, 20278.6875, 20278.7421875, 20278.72265625, 20278.71875, 20278.798828125, 20278.666015625, 20278.630859375, 20278.560546875, 20278.34765625, 20278.279296875, 20278.201171875, 20278.08203125, 20277.955078125, 20277.80859375, 20277.74609375, 20277.541015625, 20277.6171875, 20277.814453125, 20277.9140625, 20277.900390625, 20277.966796875, 20277.763671875, 20277.69140625, 20277.630859375, 20277.8203125, 20277.794921875, 20277.73046875, 20277.640625, 20277.587890625, 20277.734375, 20277.888671875, 20277.755859375, 20277.837890625, 20277.8984375, 20277.96484375, 20277.880859375, 20277.84375, 20277.748046875, 20277.76171875, 20277.767578125, 20277.658203125, 20277.6015625]}