{"mean": [5196.1318359375, 5183.279459635417, 5166.164713541667, 5147.369954427083, 5118.102213541667, 5079.443033854167, 5026.8994140625, 4974.499837239583, 4923.5693359375, 4877.873209635417, 4849.67626953125, 4835.651529947917, 4825.194010416667, 4815.316080729167, 4773.056477864583, 4761.2607421875, 4762.584309895833, 4758.0341796875, 4765.548990885417, 4771.362141927083, 4778.963541666667, 4778.31005859375, 4777.238444010417, 4788.612630208333, 4790.939778645833, 4793.009602864583, 4794.655924479167, 4796.057779947917, 4797.398763020833, 4798.60205078125, 4799.701822916667, 4800.556803385417, 4801.438639322917, 4802.166666666667, 4802.848958333333, 4803.609537760417, 4804.34326171875, 4804.9775390625, 4805.583658854167, 4806.236165364583, 4806.896484375, 4807.4794921875, 4808.0751953125, 4808.64501953125, 4809.313639322917, 4809.8837890625, 4810.506022135417, 4811.123372395833, 4811.737955729167, 4812.356770833333, 4812.720865885417, 4813.142903645833, 4813.405598958333, 4813.649739583333, 4813.885416666667, 4814.113606770833, 4814.28857421875, 4814.48486328125, 4814.552897135417, 4814.60888671875, 4814.6328125, 4814.593098958333, 4814.263509114583, 4813.902669270833, 4813.362467447917, 4812.859375, 4811.943522135417, 4810.687662760417, 4808.816569010417, 4805.9140625, 4802.734049479167, 4798.556477864583, 4798.816080729167, 4800.3974609375, 4799.598470052083, 4795.689615885417, 4792.835123697917, 4789.412923177083, 4791.653645833333, 4794.420735677083, 4793.400065104167, 4792.2314453125, 4791.349283854167, 4792.097819010417, 4793.07177734375, 4793.646158854167, 4792.569498697917, 4790.337565104167, 4789.306477864583, 4789.96435546875, 4790.068033854167, 4789.337239583333, 4789.55615234375, 4790.610677083333, 4790.8701171875, 4789.908040364583, 4788.517740885417, 4784.74169921875, 4783.175455729167, 4789.668782552083], "upper": [5469.11328125, 5457.7001953125, 5436.1455078125, 5400.57568359375, 5349.49755859375, 5275.0576171875, 5166.728515625, 5108.15966796875, 5087.138671875, 5075.02783203125, 5078.64697265625, 5083.73876953125, 5073.5205078125, 5052.6142578125, 4922.484375, 4868.537109375, 4843.423828125, 4817.916015625, 4824.59765625, 4807.70849609375, 4787.6142578125, 4797.8173828125, 4798.3271484375, 4798.00390625, 4798.2958984375, 4798.994140625, 4799.54345703125, 4799.873046875, 4800.537109375, 4801.22265625, 4802.302734375, 4803.978515625, 4805.505859375, 4806.7783203125, 4807.890625, 4809.00439453125, 4810.1806640625, 4811.279296875, 4812.125, 4813.04736328125, 4814.126953125, 4814.91015625, 4815.6953125, 4816.38671875, 4817.1591796875, 4817.89453125, 4818.49658203125, 4819.3388671875, 4820.0234375, 4820.76953125, 4821.0439453125, 4821.0361328125, 4820.9931640625, 4820.91796875, 4820.8671875, 4820.8154296875, 4820.68798828125, 4820.67138671875, 4820.4970703125, 4820.44482421875, 4820.4072265625, 4820.267578125, 4820.0966796875, 4819.9482421875, 4819.77001953125, 4819.6220703125, 4819.373046875, 4819.2880859375, 4819.0390625, 4818.703125, 4818.5361328125, 4818.20849609375, 4817.78662109375, 4817.29443359375, 4816.92919921875, 4816.6279296875, 4816.1630859375, 4815.88623046875, 4815.7607421875, 4815.52685546875, 4815.181640625, 4814.9716796875, 4814.6435546875, 4814.1669921875, 4813.9736328125, 4813.51220703125, 4813.083984375, 4812.529296875, 4812.01953125, 4811.548828125, 4811.029296875, 4810.576171875, 4809.99853515625, 4809.42333984375, 4808.818359375, 4808.13525390625, 4807.560546875, 4806.978515625, 4806.3369140625, 4805.638671875], "lower": [4764.326171875, 4765.615234375, 4766.8974609375, 4768.2607421875, 4769.5947265625, 4770.96533203125, 4772.2890625, 4773.6943359375, 4775.12890625, 4776.44921875, 4692.576171875, 4644.1572265625, 4621.869140625, 4612.126953125, 4614.4912109375, 4632.0654296875, 4660.18896484375, 4671.240234375, 4686.2060546875, 4719.560546875, 4765.9853515625, 4748.7490234375, 4744.20947265625, 4777.91845703125, 4783.7626953125, 4788.53955078125, 4792.154296875, 4793.056640625, 4793.84375, 4794.42822265625, 4795.0478515625, 4795.52392578125, 4796.2431640625, 4796.74853515625, 4797.3857421875, 4798.009765625, 4798.7734375, 4799.3876953125, 4800.0302734375, 4800.748046875, 4801.3486328125, 4801.9287109375, 4802.607421875, 4803.23095703125, 4803.86767578125, 4804.3896484375, 4805.0751953125, 4805.654296875, 4806.333984375, 4806.9853515625, 4807.5126953125, 4808.349609375, 4808.9521484375, 4809.5185546875, 4810.0419921875, 4810.5185546875, 4811.060546875, 4811.1240234375, 4811.03955078125, 4810.6640625, 4810.3369140625, 4809.634765625, 4808.3583984375, 4806.94140625, 4804.94921875, 4802.9853515625, 4799.9189453125, 4795.775390625, 4790.13916015625, 4781.705078125, 4772.849609375, 4761.8994140625, 4766.052734375, 4775.93896484375, 4780.681640625, 4781.8037109375, 4777.72705078125, 4768.0771484375, 4777.70263671875, 4780.2783203125, 4776.5029296875, 4770.3798828125, 4767.328125, 4770.80712890625, 4776.08837890625, 4778.60888671875, 4780.40673828125, 4777.72265625, 4776.5205078125, 4777.64794921875, 4773.6455078125, 4769.30029296875, 4769.939453125, 4774.23876953125, 4777.544921875, 4778.470703125, 4777.7109375, 4766.931640625, 4759.8837890625, 4777.4921875]}