{"mean": [1667.3438313802083, 1625.1270751953125, 1606.91455078125, 1593.5287679036458, 1567.1595458984375, 1555.0204264322917, 1518.7860514322917, 1508.0048421223958, 1488.5902099609375, 1473.5794677734375, 1450.9448649088542, 1442.1565755208333, 1441.9886067708333, 1461.9036865234375, 1477.9609781901042, 1492.3148600260417, 1492.6927490234375, 1502.6085205078125, 1514.8010660807292, 1513.4203287760417, 1513.0771484375, 1501.9213460286458, 1497.4990234375, 1494.7705891927083, 1496.1782633463542, 1493.1073811848958, 1492.5231526692708, 1489.9328206380208, 1487.4329427083333, 1484.0122477213542, 1479.457763671875, 1480.0490315755208, 1485.6390380859375, 1489.7634684244792, 1493.3350423177083, 1496.6872151692708, 1494.9979654947917, 1494.2245686848958, 1498.390380859375, 1499.9713541666667, 1498.800537109375, 1498.1385498046875, 1497.711669921875, 1498.0575358072917, 1497.8887532552083, 1498.5891927083333, 1498.8393961588542, 1499.7556966145833, 1499.4910074869792, 1497.1502278645833, 1494.3656819661458, 1493.3524169921875, 1493.0592041015625, 1494.5063069661458, 1494.1178792317708, 1494.7098388671875, 1497.3173014322917, 1498.9398600260417, 1500.7070719401042, 1500.4462890625, 1500.3762613932292, 1500.2933349609375, 1499.386474609375, 1499.4986979166667, 1499.8538004557292, 1500.2693277994792, 1500.684814453125, 1500.8115641276042, 1501.0792643229167, 1501.3405354817708, 1502.3769938151042, 1502.4141845703125, 1501.281005859375, 1501.2434488932292, 1500.3446451822917, 1500.4111328125, 1501.4283040364583, 1502.4573974609375, 1502.6009521484375, 1502.6432291666667, 1502.7107340494792, 1502.6958821614583, 1502.6744384765625, 1502.6217041015625, 1502.6360270182292, 1502.6635335286458, 1502.8169352213542, 1502.9158121744792, 1502.9502360026042, 1503.0010579427083, 1503.0276692708333, 1503.0120442708333, 1503.0006103515625, 1503.03955078125, 1503.1036783854167, 1503.1638997395833, 1503.2193603515625, 1503.2646891276042, 1503.27197265625, 1503.22998046875], "upper": [1727.724365234375, 1643.34912109375, 1640.3072509765625, 1642.1448974609375, 1592.067626953125, 1582.986572265625, 1571.25537109375, 1554.279296875, 1500.1864013671875, 1495.6912841796875, 1494.411865234375, 1494.744873046875, 1505.3746337890625, 1558.04638671875, 1582.6011962890625, 1590.5050048828125, 1587.8060302734375, 1596.9422607421875, 1595.00341796875, 1593.1732177734375, 1591.6104736328125, 1590.33642578125, 1589.337158203125, 1588.8045654296875, 1588.568359375, 1588.32666015625, 1588.3138427734375, 1588.3673095703125, 1588.5731201171875, 1588.9512939453125, 1589.0562744140625, 1589.1002197265625, 1588.9095458984375, 1588.52587890625, 1587.98193359375, 1587.292236328125, 1586.2738037109375, 1585.2177734375, 1584.0364990234375, 1582.660400390625, 1581.33154296875, 1580.1409912109375, 1579.269775390625, 1578.85888671875, 1578.69189453125, 1578.747802734375, 1578.9930419921875, 1579.1295166015625, 1579.0277099609375, 1578.5657958984375, 1577.794921875, 1576.9088134765625, 1576.182373046875, 1575.6368408203125, 1575.4434814453125, 1575.59912109375, 1575.9312744140625, 1576.23486328125, 1576.43505859375, 1576.3984375, 1576.1529541015625, 1575.795654296875, 1575.4547119140625, 1575.2703857421875, 1575.3564453125, 1575.614990234375, 1576.0445556640625, 1576.475830078125, 1576.7713623046875, 1576.874755859375, 1576.827880859375, 1576.6865234375, 1576.4964599609375, 1576.45263671875, 1576.499267578125, 1576.6466064453125, 1576.837646484375, 1577.1572265625, 1577.46728515625, 1577.6141357421875, 1577.607177734375, 1577.4847412109375, 1577.28515625, 1577.09814453125, 1577.0728759765625, 1577.2000732421875, 1577.3814697265625, 1577.550048828125, 1577.6444091796875, 1577.629638671875, 1577.518310546875, 1577.3721923828125, 1577.248291015625, 1577.198486328125, 1577.233154296875, 1577.332275390625, 1577.42041015625, 1577.4757080078125, 1577.4793701171875, 1577.3944091796875], "lower": [1634.8544921875, 1592.3804931640625, 1589.3914794921875, 1550.1396484375, 1523.25146484375, 1505.8302001953125, 1491.2042236328125, 1476.7418212890625, 1470.107177734375, 1459.1580810546875, 1414.293701171875, 1403.158203125, 1406.130126953125, 1406.1383056640625, 1403.281982421875, 1398.808837890625, 1401.9278564453125, 1422.212646484375, 1459.510009765625, 1458.138427734375, 1458.3016357421875, 1455.20654296875, 1442.424560546875, 1435.6099853515625, 1437.2982177734375, 1427.3681640625, 1424.5859375, 1427.1036376953125, 1430.5146484375, 1431.2518310546875, 1415.8157958984375, 1416.622314453125, 1433.48046875, 1433.68359375, 1432.3065185546875, 1430.5687255859375, 1428.3095703125, 1425.5948486328125, 1437.41064453125, 1444.0587158203125, 1441.8453369140625, 1440.648681640625, 1439.521484375, 1439.5435791015625, 1440.69140625, 1441.4425048828125, 1443.540771484375, 1445.267822265625, 1444.0291748046875, 1437.3201904296875, 1429.917724609375, 1428.083740234375, 1428.5694580078125, 1431.63037109375, 1431.350341796875, 1430.694091796875, 1438.5943603515625, 1443.3353271484375, 1448.4454345703125, 1447.3935546875, 1446.81298828125, 1446.3994140625, 1446.23095703125, 1446.2799072265625, 1446.5050048828125, 1447.2138671875, 1447.7471923828125, 1447.745361328125, 1448.3663330078125, 1449.292724609375, 1449.7757568359375, 1450.3394775390625, 1447.3870849609375, 1447.536376953125, 1444.7850341796875, 1444.731201171875, 1447.422119140625, 1450.093994140625, 1449.875, 1449.551513671875, 1449.301025390625, 1449.0887451171875, 1448.9925537109375, 1448.9078369140625, 1448.8699951171875, 1448.840087890625, 1449.29248046875, 1449.379150390625, 1449.507568359375, 1449.6829833984375, 1449.8951416015625, 1450.02001953125, 1450.148193359375, 1450.246337890625, 1450.341064453125, 1450.350341796875, 1450.359619140625, 1450.38916015625, 1450.3804931640625, 1450.3214111328125]}