{"mean": [6184.76708984375, 6118.8310546875, 6093.453125, 6087.1201171875, 6083.025227864583, 6060.544921875, 6042.7509765625, 6041.038736979167, 6054.446451822917, 6079.055501302083, 6117.56982421875, 6170.445475260417, 6236.382161458333, 6300.305989583333, 6358.113606770833, 6406.278483072917, 6443.873046875, 6473.081868489583, 6494.70458984375, 6507.118326822917, 6509.347005208333, 6501.379557291667, 6484.510416666667, 6463.213216145833, 6437.044108072917, 6409.64892578125, 6382.257486979167, 6356.244466145833, 6333.962076822917, 6315.872884114583, 6304.14697265625, 6298.415201822917, 6298.3369140625, 6303.611328125, 6313.154134114583, 6325.416178385417, 6341.545572916667, 6357.43896484375, 6371.287923177083, 6383.998697916667, 6394.161783854167, 6400.36376953125, 6401.281087239583, 6397.242838541667, 6389.05322265625, 6377.840983072917, 6366.097981770833, 6354.894205729167, 6346.218424479167, 6340.75537109375, 6338.612467447917, 6339.064778645833, 6341.394856770833, 6344.677083333333, 6348.372395833333, 6351.8427734375, 6354.88525390625, 6357.431803385417, 6359.679361979167, 6361.492350260417, 6363.111979166667, 6363.953287760417, 6364.0166015625, 6363.062174479167, 6361.053873697917, 6358.24609375, 6355.237467447917, 6352.733072916667, 6351.300455729167, 6350.808430989583, 6351.027994791667, 6351.709798177083, 6352.480794270833, 6353.205403645833, 6353.703776041667, 6353.911946614583, 6353.933919270833, 6353.466145833333, 6352.879557291667, 6352.792317708333, 6353.0908203125, 6353.818033854167, 6354.861328125, 6356.01513671875, 6356.595540364583, 6356.618001302083, 6356.338216145833, 6356.2236328125, 6356.13037109375, 6356.352864583333, 6356.665852864583, 6356.928059895833, 6356.984049479167, 6356.702473958333, 6356.080403645833, 6355.298502604167, 6354.59765625, 6354.053059895833, 6353.71533203125, 6353.8857421875], "upper": [7171.25390625, 7127.25732421875, 7084.4169921875, 7034.1279296875, 6960.83642578125, 6862.4697265625, 6755.560546875, 6647.517578125, 6529.1201171875, 6407.22705078125, 6297.591796875, 6213.08447265625, 6306.10546875, 6471.34521484375, 6588.9951171875, 6661.07861328125, 6694.25634765625, 6701.62451171875, 6689.44873046875, 6660.81884765625, 6619.46044921875, 6568.25, 6511.61376953125, 6498.3173828125, 6495.57861328125, 6492.64794921875, 6487.958984375, 6481.28271484375, 6472.8203125, 6463.61962890625, 6455.53125, 6448.97705078125, 6444.1103515625, 6441.26123046875, 6440.357421875, 6441.3408203125, 6444.7421875, 6449.865234375, 6455.99609375, 6463.35302734375, 6470.99072265625, 6477.29833984375, 6480.32275390625, 6479.859375, 6476.48828125, 6470.93994140625, 6464.55859375, 6458.99267578125, 6456.01025390625, 6456.98486328125, 6461.0166015625, 6465.94140625, 6470.55224609375, 6473.10986328125, 6472.68896484375, 6469.62939453125, 6465.224609375, 6461.240234375, 6458.6376953125, 6458.61474609375, 6461.0126953125, 6464.31689453125, 6467.91015625, 6470.12060546875, 6470.09326171875, 6468.0830078125, 6465.1025390625, 6462.42822265625, 6461.0859375, 6461.28125, 6462.84130859375, 6465.3701171875, 6467.84130859375, 6469.4609375, 6469.85546875, 6469.17724609375, 6467.68359375, 6465.1943359375, 6463.00732421875, 6462.1796875, 6462.57861328125, 6464.03125, 6466.2001953125, 6468.10400390625, 6468.56591796875, 6467.6396484375, 6466.05224609375, 6464.6669921875, 6463.80224609375, 6463.97607421875, 6464.96533203125, 6466.20068359375, 6467.30322265625, 6467.65673828125, 6467.2216796875, 6466.13134765625, 6465.154296875, 6464.4833984375, 6464.20654296875, 6464.86669921875], "lower": [4515.18994140625, 4513.84130859375, 4609.271484375, 4749.208984375, 4904.3076171875, 5023.5947265625, 5147.1005859375, 5295.701171875, 5475.61328125, 5672.13232421875, 5882.1884765625, 6096.90087890625, 6163.7734375, 6147.4375, 6159.79052734375, 6192.388671875, 6239.8466796875, 6294.2451171875, 6349.26513671875, 6396.5234375, 6429.5732421875, 6445.70751953125, 6445.35546875, 6430.96435546875, 6405.41748046875, 6363.29638671875, 6320.2392578125, 6281.26025390625, 6250.02685546875, 6224.1669921875, 6206.9072265625, 6197.01513671875, 6194.64208984375, 6199.61572265625, 6210.3828125, 6224.9775390625, 6249.19482421875, 6273.98046875, 6296.5771484375, 6320.14208984375, 6341.43896484375, 6357.65234375, 6357.46240234375, 6345.685546875, 6331.8173828125, 6317.720703125, 6305.6083984375, 6296.376953125, 6290.94287109375, 6275.732421875, 6263.0263671875, 6253.978515625, 6248.77197265625, 6247.6357421875, 6250.9677734375, 6257.55859375, 6266.31787109375, 6275.65185546875, 6285.28271484375, 6293.3115234375, 6299.9052734375, 6304.7861328125, 6307.2333984375, 6307.60107421875, 6305.77880859375, 6302.34765625, 6297.46337890625, 6291.89892578125, 6286.5224609375, 6281.12939453125, 6276.0087890625, 6271.400390625, 6267.748046875, 6265.82275390625, 6265.5400390625, 6266.5341796875, 6268.72216796875, 6271.86767578125, 6275.07763671875, 6278.568359375, 6281.830078125, 6284.7060546875, 6286.88525390625, 6288.55419921875, 6289.568359375, 6289.87744140625, 6289.56689453125, 6289.03271484375, 6287.982421875, 6286.845703125, 6285.27978515625, 6283.80810546875, 6282.3046875, 6280.90185546875, 6279.64990234375, 6278.830078125, 6278.33349609375, 6278.04736328125, 6277.99169921875, 6278.419921875]}