{"mean": [2662.474609375, 2614.5355631510415, 2565.629150390625, 2542.797607421875, 2532.4579264322915, 2511.8351236979165, 2490.801513671875, 2469.5819498697915, 2434.10107421875, 2390.8887532552085, 2350.9183756510415, 2322.8402506510415, 2317.6783040364585, 2321.67919921875, 2327.569580078125, 2330.93212890625, 2330.672607421875, 2328.63671875, 2326.471435546875, 2323.5492350260415, 2319.26318359375, 2313.4479166666665, 2307.7421875, 2303.86328125, 2300.11572265625, 2297.22216796875, 2295.371337890625, 2295.01904296875, 2296.150390625, 2297.38525390625, 2298.7293294270835, 2299.3964029947915, 2299.0340983072915, 2297.76220703125, 2295.8033040364585, 2293.5205891927085, 2290.99853515625, 2288.7511393229165, 2286.8048502604165, 2285.7671712239585, 2285.9059244791665, 2286.6432291666665, 2287.0723470052085, 2286.9905598958335, 2286.5145670572915, 2285.736328125, 2285.348388671875, 2285.432861328125, 2285.9659016927085, 2286.5931803385415, 2287.3021647135415, 2287.8243001302085, 2288.1190592447915, 2288.146728515625, 2287.781005859375, 2287.2183430989585, 2286.7206217447915, 2286.302490234375, 2286.1243489583335, 2285.9906412760415, 2285.9153645833335, 2285.8392740885415, 2285.8290201822915, 2285.894287109375, 2285.9332682291665, 2285.9307454427085, 2285.90576171875, 2285.9554850260415, 2286.0161946614585, 2286.0614420572915, 2286.13037109375, 2286.1767578125, 2286.2661946614585, 2286.2972819010415, 2286.3653971354165, 2286.308349609375, 2286.2794596354165, 2286.2134602864585, 2286.076904296875, 2286.0196126302085, 2285.9990234375, 2285.96728515625, 2285.9628092447915, 2285.966552734375, 2285.9275716145835, 2285.9420572916665, 2285.8556315104165, 2285.9256184895835, 2285.9706217447915, 2285.984375, 2286.0225423177085, 2286.0506998697915, 2286.0457356770835, 2286.0704752604165, 2286.083251953125, 2286.0821126302085, 2286.0721842447915, 2286.0977376302085, 2285.9551595052085, 2285.9454752604165], "upper": [2983.780517578125, 2952.9560546875, 2882.5673828125, 2851.1376953125, 2857.2265625, 2855.42822265625, 2835.244873046875, 2788.54833984375, 2706.05712890625, 2594.56640625, 2479.550537109375, 2390.220458984375, 2370.12255859375, 2385.27685546875, 2412.61376953125, 2435.11376953125, 2445.5166015625, 2446.414794921875, 2440.056640625, 2427.4912109375, 2410.6376953125, 2391.51416015625, 2376.249267578125, 2369.587646484375, 2365.057861328125, 2362.53271484375, 2361.1220703125, 2361.72314453125, 2365.353759765625, 2367.82080078125, 2370.99560546875, 2373.028076171875, 2373.268798828125, 2371.282470703125, 2367.517578125, 2362.059814453125, 2355.154541015625, 2348.30078125, 2342.23291015625, 2339.136962890625, 2339.543212890625, 2341.99072265625, 2343.729248046875, 2343.88720703125, 2342.8154296875, 2340.63818359375, 2338.97998046875, 2338.43798828125, 2339.583251953125, 2341.29150390625, 2343.47021484375, 2345.203857421875, 2346.19677734375, 2346.4697265625, 2345.3125, 2343.572021484375, 2342.0078125, 2340.5546875, 2340.093994140625, 2339.78759765625, 2339.525634765625, 2339.6240234375, 2339.493896484375, 2339.6689453125, 2339.798583984375, 2339.943115234375, 2339.935546875, 2340.25341796875, 2340.52490234375, 2340.79931640625, 2341.27978515625, 2341.62060546875, 2342.0244140625, 2342.246826171875, 2342.47412109375, 2342.4189453125, 2342.3779296875, 2342.28564453125, 2342.030517578125, 2341.82275390625, 2341.754638671875, 2341.702880859375, 2341.669189453125, 2341.65380859375, 2341.59130859375, 2341.71875, 2341.562255859375, 2341.686279296875, 2341.910888671875, 2341.94970703125, 2342.12744140625, 2342.278564453125, 2342.3173828125, 2342.387451171875, 2342.41650390625, 2342.429931640625, 2342.424072265625, 2342.42626953125, 2342.2080078125, 2342.237060546875], "lower": [2410.783935546875, 2324.501220703125, 2271.614013671875, 2255.269287109375, 2258.235107421875, 2259.3056640625, 2267.921875, 2278.43701171875, 2284.829833984375, 2285.4111328125, 2281.181884765625, 2274.34814453125, 2267.424560546875, 2262.491943359375, 2260.306396484375, 2260.8310546875, 2261.728515625, 2261.39111328125, 2261.07763671875, 2260.526123046875, 2260.006591796875, 2259.7099609375, 2259.232177734375, 2258.41357421875, 2257.505126953125, 2256.76123046875, 2256.235107421875, 2255.713623046875, 2255.1201171875, 2254.81982421875, 2254.675048828125, 2254.68017578125, 2254.541748046875, 2254.361083984375, 2254.189453125, 2253.961181640625, 2253.60693359375, 2253.360595703125, 2253.076171875, 2252.626708984375, 2252.706298828125, 2252.87060546875, 2253.08837890625, 2253.40625, 2253.49560546875, 2253.49072265625, 2253.78662109375, 2254.137939453125, 2254.455078125, 2254.6142578125, 2254.844482421875, 2254.99609375, 2255.316162109375, 2255.537353515625, 2255.658447265625, 2255.735595703125, 2255.8056640625, 2255.9296875, 2256.007568359375, 2256.015380859375, 2256.08349609375, 2256.016845703125, 2256.057861328125, 2256.062744140625, 2255.927978515625, 2255.7578125, 2255.68115234375, 2255.58251953125, 2255.591064453125, 2255.4970703125, 2255.412109375, 2255.2431640625, 2255.136474609375, 2255.062744140625, 2254.99658203125, 2254.953125, 2254.87939453125, 2254.897705078125, 2254.817138671875, 2254.818359375, 2254.768310546875, 2254.708740234375, 2254.6826171875, 2254.6611328125, 2254.68017578125, 2254.61376953125, 2254.640869140625, 2254.696533203125, 2254.700439453125, 2254.736083984375, 2254.67041015625, 2254.651611328125, 2254.64892578125, 2254.634033203125, 2254.701904296875, 2254.678955078125, 2254.716796875, 2254.76171875, 2254.701416015625, 2254.725830078125]}