{"mean": [9648.305989583334, 9657.064778645834, 9667.727213541666, 9675.801106770834, 9688.460611979166, 9701.765950520834, 9716.736328125, 9731.203776041666, 9741.1611328125, 9747.428385416666, 9748.1748046875, 9743.167643229166, 9733.0498046875, 9718.727864583334, 9703.561848958334, 9689.975260416666, 9678.576171875, 9669.516276041666, 9662.951171875, 9659.133463541666, 9658.363932291666, 9660.3408203125, 9664.947265625, 9671.7158203125, 9679.4189453125, 9687.458658854166, 9695.376302083334, 9702.953776041666, 9710.091145833334, 9715.5322265625, 9719.286458333334, 9721.084309895834, 9721.073893229166, 9719.3291015625, 9716.1533203125, 9711.5517578125, 9706.272135416666, 9701.1328125, 9696.029622395834, 9691.520833333334, 9687.860677083334, 9685.685546875, 9685.1982421875, 9686.260416666666, 9688.757486979166, 9692.046223958334, 9695.8720703125, 9699.402018229166, 9702.1328125, 9703.8173828125, 9704.406901041666, 9704.127604166666, 9703.2353515625, 9702.1103515625, 9700.8447265625, 9699.705403645834, 9698.814778645834, 9697.970052083334, 9697.382161458334, 9697.066731770834, 9696.671875, 9696.444986979166, 9696.59375, 9697.170572916666, 9698.107421875, 9699.160807291666, 9700.4443359375, 9701.465494791666, 9702.25390625, 9702.634765625, 9702.754231770834, 9702.758463541666, 9702.5693359375, 9702.539388020834, 9702.6513671875, 9702.789713541666, 9702.969075520834, 9703.292643229166, 9703.750325520834, 9703.978515625, 9704.081705729166, 9704.0, 9703.833984375, 9703.618489583334, 9703.5791015625, 9703.749674479166, 9703.813802083334, 9704.0859375, 9704.299479166666, 9704.384114583334, 9704.395833333334, 9704.3857421875, 9704.400390625, 9704.556640625, 9704.7685546875, 9705.041341145834, 9705.266927083334, 9705.449544270834, 9705.488932291666, 9705.380208333334], "upper": [9881.9306640625, 9870.685546875, 9863.890625, 9846.869140625, 9842.416015625, 9837.806640625, 9835.646484375, 9834.2890625, 9827.767578125, 9816.0234375, 9794.4384765625, 9767.4287109375, 9739.259765625, 9722.8271484375, 9713.181640625, 9698.357421875, 9685.69140625, 9677.1279296875, 9675.328125, 9683.810546875, 9695.79296875, 9709.484375, 9724.8037109375, 9741.1103515625, 9755.53515625, 9768.4521484375, 9779.47265625, 9789.046875, 9798.296875, 9804.2080078125, 9809.052734375, 9811.9072265625, 9812.638671875, 9811.544921875, 9808.6279296875, 9802.9912109375, 9795.9306640625, 9788.7705078125, 9780.4619140625, 9772.62890625, 9765.6796875, 9760.86328125, 9758.443359375, 9758.623046875, 9761.1904296875, 9765.279296875, 9771.23046875, 9777.2490234375, 9783.623046875, 9789.1806640625, 9793.810546875, 9796.9150390625, 9798.849609375, 9799.5966796875, 9798.724609375, 9796.71875, 9794.2353515625, 9791.1513671875, 9788.458984375, 9786.3984375, 9784.37109375, 9782.9140625, 9782.16015625, 9782.3916015625, 9783.248046875, 9784.4404296875, 9786.2587890625, 9788.05859375, 9790.1142578125, 9791.9375, 9793.75390625, 9795.4697265625, 9796.4462890625, 9797.28125, 9797.6171875, 9797.5078125, 9796.9951171875, 9796.2685546875, 9795.4638671875, 9794.5673828125, 9793.685546875, 9792.9931640625, 9792.484375, 9792.1806640625, 9791.9794921875, 9792.0546875, 9791.8408203125, 9792.244140625, 9792.8564453125, 9793.33203125, 9793.9384765625, 9794.466796875, 9794.962890625, 9795.3828125, 9795.70703125, 9795.923828125, 9796.025390625, 9796.1259765625, 9796.05078125, 9795.8330078125], "lower": [9518.9013671875, 9522.1875, 9525.6337890625, 9531.232421875, 9540.4599609375, 9554.943359375, 9576.8349609375, 9603.796875, 9631.4697265625, 9660.869140625, 9689.6748046875, 9711.5703125, 9722.482421875, 9711.2548828125, 9688.8232421875, 9675.634765625, 9670.115234375, 9660.9111328125, 9643.9091796875, 9630.5556640625, 9621.8701171875, 9618.564453125, 9620.0595703125, 9625.6484375, 9634.5185546875, 9645.98828125, 9648.3095703125, 9649.1494140625, 9650.611328125, 9652.3525390625, 9653.5341796875, 9654.3505859375, 9654.4365234375, 9653.8681640625, 9652.6396484375, 9650.8583984375, 9648.1455078125, 9645.103515625, 9641.6494140625, 9637.751953125, 9633.8759765625, 9630.521484375, 9628.232421875, 9627.3505859375, 9627.4140625, 9628.2958984375, 9629.59765625, 9630.5947265625, 9630.7841796875, 9629.6728515625, 9627.5068359375, 9625.15625, 9623.060546875, 9621.65234375, 9621.4140625, 9622.0712890625, 9623.330078125, 9624.416015625, 9625.162109375, 9625.091796875, 9624.29296875, 9623.1728515625, 9622.048828125, 9621.4130859375, 9621.5361328125, 9622.3330078125, 9623.546875, 9624.7060546875, 9625.4326171875, 9625.62890625, 9625.349609375, 9624.7138671875, 9624.0263671875, 9623.701171875, 9623.767578125, 9624.16015625, 9624.7685546875, 9625.7001953125, 9626.615234375, 9626.9951171875, 9626.9482421875, 9626.51171875, 9625.810546875, 9625.1962890625, 9625.0947265625, 9625.453125, 9626.021484375, 9626.5703125, 9626.8583984375, 9626.8056640625, 9626.4375, 9625.99609375, 9625.5703125, 9625.44921875, 9625.5703125, 9625.912109375, 9626.2119140625, 9626.412109375, 9626.458984375, 9626.2060546875]}