{"mean": [959.0411580403646, 968.2060343424479, 979.3217366536459, 977.6105346679688, 977.4496256510416, 978.0088500976562, 978.9688720703125, 980.4754638671875, 982.8320719401041, 985.0835164388021, 985.7629191080729, 985.9814046223959, 986.6892496744791, 987.1299235026041, 987.4021606445312, 987.3759969075521, 987.1385498046875, 986.7893880208334, 986.4923299153646, 986.1968180338541, 985.9023234049479, 985.7182210286459, 985.7002970377604, 985.8901774088541, 986.1808064778646, 986.5672810872396, 986.9829915364584, 987.4129842122396, 987.7978312174479, 988.1532796223959, 988.4251708984375, 988.5888264973959, 988.6510416666666, 988.6149088541666, 988.4998168945312, 988.3240356445312, 988.1038411458334, 987.9029337565104, 987.6871337890625, 987.4850667317709, 987.3605753580729, 987.2967325846354, 987.3041381835938, 987.3746541341146, 987.5037434895834, 987.6562906901041, 987.8447062174479, 988.0161539713541, 988.1395874023438, 988.2164713541666, 988.2443237304688, 988.242431640625, 988.2173665364584, 988.1517537434896, 988.0962320963541, 988.0680948893229, 988.0590209960938, 988.0555013020834, 988.0624186197916, 988.0855509440104, 988.0903116861979, 988.0719807942709, 988.1009928385416, 988.1518147786459, 988.2171427408854, 988.2653198242188, 988.3561401367188, 988.4390258789062, 988.4863688151041, 988.5140584309896, 988.5276692708334, 988.5192464192709, 988.5186564127604, 988.5224202473959, 988.5480550130209, 988.5710856119791, 988.610107421875, 988.6211140950521, 988.6716512044271, 988.6992797851562, 988.7201538085938, 988.7254435221354, 988.730712890625, 988.7327677408854, 988.7461954752604, 988.7631632486979, 988.7509155273438, 988.7888387044271, 988.8124389648438, 988.8231608072916, 988.8370564778646, 988.8388671875, 988.8443603515625, 988.8616333007812, 988.875732421875, 988.9012858072916, 988.9210408528646, 988.9378051757812, 988.9389851888021, 988.936767578125], "upper": [991.77392578125, 990.4777221679688, 989.3754272460938, 988.1103515625, 989.42138671875, 991.0317993164062, 992.710205078125, 994.11474609375, 994.884521484375, 994.9979248046875, 994.5380859375, 993.6878662109375, 992.7453002929688, 991.729736328125, 990.96630859375, 990.3055419921875, 989.707763671875, 989.1232299804688, 988.6158447265625, 988.3065795898438, 988.0780029296875, 987.788818359375, 987.729248046875, 988.0009765625, 988.3382568359375, 988.8756103515625, 989.4853515625, 990.0757446289062, 990.5612182617188, 990.9620361328125, 991.3247680664062, 991.617431640625, 991.801025390625, 991.9014282226562, 991.885009765625, 991.6986083984375, 991.4703369140625, 991.2582397460938, 990.9708251953125, 990.6727294921875, 990.5262451171875, 990.4581909179688, 990.4771118164062, 990.5404052734375, 990.67041015625, 990.8317260742188, 991.0607299804688, 991.322509765625, 991.6375732421875, 991.8977661132812, 992.1597290039062, 992.3343505859375, 992.4921875, 992.5451049804688, 992.5397338867188, 992.4913330078125, 992.4410400390625, 992.3680419921875, 992.3248291015625, 992.2843017578125, 992.2298583984375, 992.193603515625, 992.197021484375, 992.2338256835938, 992.2637939453125, 992.3394775390625, 992.4444580078125, 992.5586547851562, 992.647216796875, 992.7335205078125, 992.814208984375, 992.8606567382812, 992.9304809570312, 992.9675903320312, 992.991943359375, 992.9866943359375, 992.9818725585938, 992.9762573242188, 992.961669921875, 992.9318237304688, 992.8900756835938, 992.8841552734375, 992.8681030273438, 992.8692626953125, 992.8679809570312, 992.862548828125, 992.8456420898438, 992.8720703125, 992.9144287109375, 992.9436645507812, 992.9722900390625, 993.00830078125, 993.0396728515625, 993.0621337890625, 993.076416015625, 993.0872802734375, 993.0943603515625, 993.1070556640625, 993.1031494140625, 993.091796875], "lower": [898.997802734375, 928.8131103515625, 963.0469970703125, 957.5109252929688, 956.4783935546875, 958.1322631835938, 960.5587768554688, 964.392578125, 970.80029296875, 976.6603393554688, 977.953369140625, 978.3418579101562, 980.5632934570312, 982.8016357421875, 984.952392578125, 985.2312622070312, 984.074462890625, 983.0966796875, 982.5136108398438, 982.0934448242188, 981.8211669921875, 981.8382568359375, 982.0090942382812, 982.4017944335938, 982.9285278320312, 983.5921020507812, 984.2466430664062, 984.9483642578125, 985.5297241210938, 986.1102905273438, 986.5250854492188, 986.6815795898438, 986.7286376953125, 986.5862426757812, 986.3787231445312, 986.1674194335938, 985.9447021484375, 985.7513427734375, 985.6468505859375, 985.59326171875, 985.6549682617188, 985.654296875, 985.4749755859375, 985.3826904296875, 985.375, 985.4179077148438, 985.4783935546875, 985.5183715820312, 985.5254516601562, 985.43505859375, 985.2699584960938, 985.0950927734375, 984.9515991210938, 984.8331298828125, 984.8182983398438, 984.85009765625, 984.931884765625, 984.9929809570312, 985.0418090820312, 985.0369262695312, 984.9771728515625, 984.9046020507812, 984.837158203125, 984.797607421875, 984.8016967773438, 984.8640747070312, 984.94384765625, 985.033935546875, 985.0772705078125, 985.0992431640625, 985.090087890625, 985.052490234375, 984.9984741210938, 984.987060546875, 985.0038452148438, 985.0341796875, 985.0814819335938, 985.1299438476562, 985.2026977539062, 985.232421875, 985.233642578125, 985.2008666992188, 985.153564453125, 985.116943359375, 985.1167602539062, 985.1385498046875, 985.1724243164062, 985.2244873046875, 985.2369995117188, 985.2316284179688, 985.209716796875, 985.17236328125, 985.1469116210938, 985.1431274414062, 985.1442260742188, 985.1651611328125, 985.18310546875, 985.1948852539062, 985.1917114257812, 985.1806640625]}