{"mean": [5927.7060546875, 5910.54345703125, 5900.979166666667, 5893.1025390625, 5887.366048177083, 5880.33056640625, 5875.891276041667, 5875.972493489583, 5881.152994791667, 5890.09228515625, 5901.980143229167, 5918.58740234375, 5938.939290364583, 5963.41943359375, 5992.15771484375, 6018.777018229167, 6036.931640625, 6050.020182291667, 6055.144694010417, 6063.015625, 6075.92333984375, 6090.142415364583, 6102.781087239583, 6112.329264322917, 6113.93896484375, 6099.4384765625, 6069.3232421875, 6029.772786458333, 5991.981608072917, 5966.288899739583, 5940.362141927083, 5933.16357421875, 5941.0927734375, 5961.691080729167, 5973.006022135417, 5968.150065104167, 5954.20361328125, 5940.269694010417, 5932.814615885417, 5932.490234375, 5935.276692708333, 5949.06396484375, 5959.05517578125, 5953.434244791667, 5957.096842447917, 5976.126302083333, 5991.540201822917, 5989.88037109375, 5973.30517578125, 5951.0771484375, 5940.8349609375, 5939.528157552083, 5946.91259765625, 5959.056803385417, 5961.312662760417, 5962.2255859375, 5963.939127604167, 5964.363118489583, 5964.8173828125, 5963.155436197917, 5958.151529947917, 5952.3486328125, 5949.05126953125, 5951.1630859375, 5950.57763671875, 5956.42138671875, 5963.751139322917, 5952.977213541667, 5950.890462239583, 5954.31201171875, 5960.48779296875, 5968.734049479167, 5973.762858072917, 5972.50390625, 5967.34814453125, 5951.02197265625, 5944.581868489583, 5949.416666666667, 5948.967447916667, 5953.198079427083, 5958.8837890625, 5961.624837239583, 5962.564453125, 5961.212565104167, 5957.6953125, 5956.486328125, 5955.09375, 5958.849609375, 5964.416341145833, 5960.26025390625, 5949.85888671875, 5948.036295572917, 5954.333333333333, 5964.2490234375, 5965.79833984375, 5957.079427083333, 5951.333333333333, 5946.57568359375, 5942.374674479167, 5949.1015625], "upper": [6244.17724609375, 6188.45751953125, 6154.1865234375, 6127.197265625, 6103.458984375, 6073.376953125, 6050.064453125, 6037.63037109375, 6036.65966796875, 6041.6904296875, 6046.33935546875, 6053.64208984375, 6061.03564453125, 6064.22607421875, 6059.18603515625, 6042.62060546875, 6081.68798828125, 6125.22802734375, 6160.916015625, 6189.583984375, 6218.0859375, 6241.51025390625, 6254.00390625, 6257.62890625, 6253.142578125, 6239.9755859375, 6224.451171875, 6199.3330078125, 6162.40625, 6114.05908203125, 6058.97265625, 6000.3681640625, 5967.62841796875, 6041.8359375, 6060.8515625, 6021.33935546875, 6025.16357421875, 6017.0869140625, 5983.99169921875, 5940.921875, 5980.48095703125, 6015.49169921875, 6025.30859375, 5988.06298828125, 5979.39111328125, 5995.43798828125, 6040.5224609375, 6033.677734375, 6006.701171875, 5978.32763671875, 5950.6240234375, 5968.28125, 5978.2607421875, 5975.916015625, 5971.3876953125, 5971.93896484375, 5983.43603515625, 5985.83251953125, 5979.240234375, 5983.53564453125, 5982.77880859375, 5969.89306640625, 5953.5400390625, 5962.43017578125, 5967.36669921875, 5974.66015625, 5978.3720703125, 5964.1689453125, 5972.79345703125, 5972.83056640625, 5964.72314453125, 5974.6826171875, 5985.3447265625, 5981.1650390625, 5969.34912109375, 5957.5849609375, 5954.224609375, 5957.74462890625, 5950.1240234375, 5958.39208984375, 5962.64306640625, 5971.626953125, 5973.83837890625, 5965.8046875, 5968.03173828125, 5969.7626953125, 5966.017578125, 5967.171875, 5974.15283203125, 5971.0400390625, 5961.79296875, 5957.72216796875, 5966.76904296875, 5970.4375, 5981.7412109375, 5961.236328125, 5957.66015625, 5955.60009765625, 5950.65966796875, 5957.0693359375], "lower": [5758.31591796875, 5761.49267578125, 5765.81494140625, 5768.04443359375, 5773.3740234375, 5780.64306640625, 5788.05224609375, 5793.376953125, 5799.5478515625, 5808.99169921875, 5824.74169921875, 5849.0185546875, 5874.884765625, 5901.7724609375, 5936.6591796875, 5980.35986328125, 6011.18701171875, 5973.6328125, 5933.2421875, 5912.03271484375, 5909.4892578125, 5923.0888671875, 5951.9326171875, 5989.7763671875, 6017.240234375, 6014.58984375, 5977.7060546875, 5924.3271484375, 5888.9228515625, 5884.84375, 5871.1103515625, 5895.1787109375, 5911.74951171875, 5903.25341796875, 5881.861328125, 5873.85400390625, 5876.23876953125, 5888.552734375, 5901.67431640625, 5917.2783203125, 5891.54931640625, 5872.44482421875, 5871.02880859375, 5885.369140625, 5928.26123046875, 5961.2861328125, 5940.982421875, 5927.5712890625, 5924.87548828125, 5933.59326171875, 5921.41259765625, 5916.58154296875, 5930.5810546875, 5939.53662109375, 5955.412109375, 5942.8388671875, 5942.79248046875, 5952.45458984375, 5944.994140625, 5939.9873046875, 5940.13427734375, 5942.0419921875, 5940.78271484375, 5943.04150390625, 5922.7431640625, 5928.28271484375, 5955.3525390625, 5935.947265625, 5929.845703125, 5938.06982421875, 5955.2216796875, 5957.15283203125, 5954.67822265625, 5957.75830078125, 5965.6806640625, 5942.7041015625, 5932.6748046875, 5940.96337890625, 5947.15966796875, 5949.453125, 5954.11474609375, 5956.38623046875, 5956.8798828125, 5955.93310546875, 5949.986328125, 5947.80615234375, 5943.64306640625, 5948.99951171875, 5956.30029296875, 5953.09814453125, 5936.7236328125, 5932.501953125, 5944.294921875, 5956.79443359375, 5949.63818359375, 5951.41650390625, 5941.935546875, 5933.603515625, 5937.3408203125, 5941.10107421875]}