{"mean": [2172.1813151041665, 2142.498779296875, 2125.85595703125, 2114.248331705729, 2101.7097981770835, 2089.2725830078125, 2076.6971028645835, 2064.981201171875, 2049.3141276041665, 2031.823486328125, 2019.4710693359375, 2003.4434814453125, 1989.974365234375, 1977.407470703125, 1966.1292317708333, 1952.4344889322917, 1944.3793131510417, 1938.7853597005208, 1936.28759765625, 1935.6039225260417, 1935.0711263020833, 1934.0552164713542, 1932.9789225260417, 1931.8860270182292, 1930.7992757161458, 1929.6474609375, 1928.4423014322917, 1927.1370442708333, 1925.7494303385417, 1924.239013671875, 1922.814208984375, 1921.5829264322917, 1920.5857747395833, 1919.7182210286458, 1918.9910888671875, 1918.2956949869792, 1917.7048746744792, 1917.0455729166667, 1916.2336832682292, 1915.4976806640625, 1914.7831624348958, 1914.0171305338542, 1913.2107340494792, 1912.3784586588542, 1911.5753987630208, 1910.8043212890625, 1910.0459798177083, 1909.3823649088542, 1908.7310791015625, 1908.0971272786458, 1907.5123291015625, 1906.950439453125, 1906.44482421875, 1905.9792887369792, 1905.5762125651042, 1905.21484375, 1904.8895263671875, 1904.5601806640625, 1904.3032633463542, 1904.0730387369792, 1903.8284098307292, 1903.6140543619792, 1903.4129231770833, 1903.2177327473958, 1903.0288899739583, 1902.7870686848958, 1902.5321858723958, 1902.2939860026042, 1902.0974527994792, 1901.9100748697917, 1901.7366129557292, 1901.533935546875, 1901.2893473307292, 1901.1042887369792, 1900.9617513020833, 1900.8035888671875, 1900.6978759765625, 1900.5420328776042, 1900.3987223307292, 1900.1912841796875, 1900.0087890625, 1899.8717854817708, 1899.76806640625, 1899.6241861979167, 1899.4722086588542, 1899.3048909505208, 1899.2156168619792, 1899.0228271484375, 1898.865478515625, 1898.7860921223958, 1898.6348063151042, 1898.5006510416667, 1898.4220784505208, 1898.4173583984375, 1898.2310384114583, 1898.1201985677083, 1898.1170654296875, 1898.1585286458333, 1898.1888427734375, 1898.2122802734375], "upper": [2593.92431640625, 2514.306640625, 2472.73876953125, 2442.673095703125, 2407.685546875, 2373.7158203125, 2339.2763671875, 2307.388427734375, 2263.878173828125, 2214.85693359375, 2180.9765625, 2136.351318359375, 2099.496337890625, 2065.566650390625, 2035.8101806640625, 1999.269775390625, 1979.854248046875, 1967.586181640625, 1964.638671875, 1967.1146240234375, 1969.94287109375, 1971.3968505859375, 1972.57763671875, 1973.489501953125, 1974.28076171875, 1974.73291015625, 1974.776123046875, 1974.42041015625, 1973.7083740234375, 1972.6231689453125, 1971.2264404296875, 1969.5623779296875, 1967.83837890625, 1966.0528564453125, 1964.127197265625, 1962.233154296875, 1960.236083984375, 1958.2125244140625, 1956.227783203125, 1954.322265625, 1952.2650146484375, 1950.00927734375, 1947.638427734375, 1945.1820068359375, 1942.842041015625, 1940.52392578125, 1938.31396484375, 1936.335205078125, 1934.3544921875, 1932.4617919921875, 1930.6966552734375, 1928.9967041015625, 1927.502685546875, 1926.1441650390625, 1924.940185546875, 1923.8758544921875, 1922.8763427734375, 1921.8646240234375, 1920.9110107421875, 1920.07373046875, 1919.224365234375, 1918.4962158203125, 1917.755615234375, 1917.064453125, 1916.4256591796875, 1915.782470703125, 1915.1480712890625, 1914.582763671875, 1914.078369140625, 1913.55712890625, 1913.06103515625, 1912.487060546875, 1911.9207763671875, 1911.448486328125, 1910.9876708984375, 1910.4898681640625, 1910.002197265625, 1909.4617919921875, 1909.021240234375, 1908.6048583984375, 1908.1168212890625, 1907.693359375, 1907.2685546875, 1906.8677978515625, 1906.42724609375, 1906.0828857421875, 1905.6558837890625, 1905.209228515625, 1904.8175048828125, 1904.3634033203125, 1903.9156494140625, 1903.5279541015625, 1903.296630859375, 1903.3089599609375, 1902.9000244140625, 1902.506591796875, 1902.47021484375, 1902.5364990234375, 1902.5234375, 1902.5032958984375], "lower": [1954.48583984375, 1948.8968505859375, 1944.99560546875, 1942.3392333984375, 1941.220947265625, 1939.943359375, 1938.5272216796875, 1936.8497314453125, 1934.8504638671875, 1932.9937744140625, 1931.595947265625, 1930.267333984375, 1928.9482421875, 1927.3651123046875, 1925.451171875, 1923.1722412109375, 1920.8411865234375, 1918.762451171875, 1916.7003173828125, 1914.746337890625, 1912.8154296875, 1910.9530029296875, 1909.1507568359375, 1907.4580078125, 1905.811279296875, 1904.145263671875, 1902.6966552734375, 1901.256103515625, 1899.8299560546875, 1898.5701904296875, 1897.4197998046875, 1896.6331787109375, 1896.17626953125, 1895.916015625, 1895.951416015625, 1895.977783203125, 1896.066650390625, 1896.0599365234375, 1895.7105712890625, 1895.482177734375, 1895.4400634765625, 1895.42724609375, 1895.4228515625, 1895.35693359375, 1895.335205078125, 1895.3492431640625, 1895.3245849609375, 1895.344482421875, 1895.3734130859375, 1895.38671875, 1895.428955078125, 1895.4356689453125, 1895.4464111328125, 1895.4456787109375, 1895.4580078125, 1895.472412109375, 1895.499267578125, 1895.5511474609375, 1895.7147216796875, 1895.895751953125, 1896.0400390625, 1896.1531982421875, 1896.16259765625, 1896.150146484375, 1896.1492919921875, 1896.10693359375, 1896.07373046875, 1896.0145263671875, 1895.9967041015625, 1895.9873046875, 1895.960205078125, 1895.9051513671875, 1895.7386474609375, 1895.7110595703125, 1895.7281494140625, 1895.7169189453125, 1895.8372802734375, 1895.9007568359375, 1895.894775390625, 1895.74462890625, 1895.726806640625, 1895.7755126953125, 1895.903076171875, 1895.903564453125, 1895.905029296875, 1895.7420654296875, 1895.8665771484375, 1895.725341796875, 1895.6729736328125, 1895.9129638671875, 1895.95068359375, 1895.9638671875, 1895.9759521484375, 1895.9683837890625, 1895.8388671875, 1895.92529296875, 1895.92529296875, 1895.9403076171875, 1896.0120849609375, 1895.9920654296875]}