{"mean": [1849.3858235677083, 1845.77099609375, 1840.2319742838542, 1837.6100667317708, 1838.2974039713542, 1840.6776529947917, 1845.0708821614583, 1847.056396484375, 1845.8349202473958, 1842.5277913411458, 1840.2681884765625, 1839.2908528645833, 1839.4025472005208, 1843.5471598307292, 1844.1837158203125, 1844.0448404947917, 1843.9736328125, 1843.85693359375, 1843.8955485026042, 1844.217529296875, 1844.9718831380208, 1845.8597005208333, 1846.7914632161458, 1847.3009440104167, 1847.4715983072917, 1848.5707194010417, 1848.9066975911458, 1848.6023763020833, 1847.9847412109375, 1847.0157877604167, 1846.103759765625, 1845.2958984375, 1844.9434814453125, 1844.5204671223958, 1844.7010904947917, 1845.0833333333333, 1845.7167154947917, 1846.4427897135417, 1846.8962809244792, 1847.3120524088542, 1846.4995524088542, 1845.76513671875, 1846.0067545572917, 1847.7955322265625, 1849.1162923177083, 1849.0288492838542, 1847.9108479817708, 1848.0767008463542, 1849.1083984375, 1850.6261800130208, 1850.6747639973958, 1850.6749674479167, 1849.8338216145833, 1849.6220703125, 1849.0382080078125, 1848.9788004557292, 1849.2538655598958, 1849.8568522135417, 1850.5117594401042, 1851.1483968098958, 1852.0956217447917, 1852.3388264973958, 1852.4173583984375, 1852.5109049479167, 1852.6751708984375, 1852.5750732421875, 1852.6767578125, 1852.8807779947917, 1852.95703125, 1853.11181640625, 1853.1848551432292, 1853.2263590494792, 1853.4595947265625, 1853.7613932291667, 1854.0292561848958, 1854.5343017578125, 1854.5426839192708, 1854.9213053385417, 1855.2891438802083, 1855.5432535807292, 1855.8026123046875, 1855.9664306640625, 1856.1295166015625, 1856.1161702473958, 1854.6560872395833, 1853.7228597005208, 1853.3893229166667, 1853.1361897786458, 1853.3882242838542, 1854.3547770182292, 1855.2950032552083, 1854.6024983723958, 1852.9896240234375, 1852.5916748046875, 1852.6894938151042, 1854.441162109375, 1854.2160237630208, 1852.9292399088542, 1851.7069091796875, 1851.2681884765625], "upper": [2281.747314453125, 2279.138916015625, 2268.77587890625, 2260.534912109375, 2257.591552734375, 2255.109375, 2256.177978515625, 2257.717041015625, 2258.69775390625, 2258.1416015625, 2263.024169921875, 2269.795166015625, 2278.15087890625, 2296.186279296875, 2301.6083984375, 2303.47314453125, 2304.742919921875, 2305.523681640625, 2306.300048828125, 2307.339599609375, 2308.621826171875, 2309.43603515625, 2310.3779296875, 2310.74951171875, 2311.240966796875, 2311.626220703125, 2312.02978515625, 2312.406005859375, 2313.14013671875, 2313.48486328125, 2314.04931640625, 2314.35791015625, 2315.60693359375, 2316.11376953125, 2317.602294921875, 2318.73974609375, 2320.03173828125, 2321.43798828125, 2322.6630859375, 2324.00048828125, 2321.748046875, 2319.636474609375, 2320.360595703125, 2325.5625, 2329.3642578125, 2328.9169921875, 2325.270263671875, 2325.654541015625, 2328.69677734375, 2333.48974609375, 2334.220458984375, 2334.966796875, 2333.285888671875, 2333.517578125, 2332.5693359375, 2333.158203125, 2333.27099609375, 2334.53564453125, 2335.93359375, 2337.388671875, 2339.954345703125, 2340.57177734375, 2340.992431640625, 2341.624755859375, 2342.571044921875, 2342.7705078125, 2343.69677734375, 2344.818603515625, 2345.51416015625, 2346.460693359375, 2347.04443359375, 2347.562255859375, 2348.336181640625, 2349.231689453125, 2349.8369140625, 2351.216064453125, 2351.098876953125, 2352.256591796875, 2353.410400390625, 2354.23876953125, 2355.126708984375, 2355.822265625, 2356.580078125, 2356.966552734375, 2353.00927734375, 2350.618408203125, 2350.041748046875, 2349.5615234375, 2350.48388671875, 2353.531982421875, 2356.338623046875, 2354.187255859375, 2349.478515625, 2348.53369140625, 2349.192138671875, 2354.8720703125, 2354.58984375, 2351.00341796875, 2347.589599609375, 2346.507568359375], "lower": [1615.417724609375, 1611.39599609375, 1609.4376220703125, 1609.7325439453125, 1611.241455078125, 1614.890380859375, 1622.3131103515625, 1625.0030517578125, 1622.3258056640625, 1617.7095947265625, 1613.287353515625, 1609.9515380859375, 1607.84521484375, 1606.9407958984375, 1606.3514404296875, 1605.9483642578125, 1605.7188720703125, 1605.64306640625, 1605.92041015625, 1606.62646484375, 1607.895263671875, 1609.4208984375, 1610.553955078125, 1610.877197265625, 1610.606201171875, 1609.720458984375, 1608.4466552734375, 1606.881591796875, 1605.5831298828125, 1604.7601318359375, 1604.3262939453125, 1604.1162109375, 1604.072509765625, 1604.27001953125, 1604.7939453125, 1605.3763427734375, 1605.79248046875, 1606.067138671875, 1605.8076171875, 1605.2738037109375, 1604.6119384765625, 1604.046875, 1603.603759765625, 1603.410888671875, 1603.4049072265625, 1603.58447265625, 1603.955322265625, 1604.41650390625, 1604.945068359375, 1605.224609375, 1605.26611328125, 1605.1568603515625, 1604.9111328125, 1604.6705322265625, 1604.41455078125, 1604.3084716796875, 1604.34521484375, 1604.4906005859375, 1604.7481689453125, 1605.020751953125, 1605.18212890625, 1605.2708740234375, 1605.2452392578125, 1605.1434326171875, 1605.064208984375, 1604.9967041015625, 1604.9127197265625, 1604.853515625, 1604.8580322265625, 1604.8812255859375, 1604.905517578125, 1604.9544677734375, 1604.9512939453125, 1604.9510498046875, 1604.991455078125, 1604.919677734375, 1604.8067626953125, 1604.663330078125, 1604.5509033203125, 1604.5338134765625, 1604.6007080078125, 1604.7550048828125, 1604.8846435546875, 1604.96240234375, 1605.0360107421875, 1604.9227294921875, 1604.7864990234375, 1604.659423828125, 1604.583251953125, 1604.5526123046875, 1604.6822509765625, 1604.73828125, 1604.4908447265625, 1604.16943359375, 1603.75439453125, 1603.33251953125, 1603.00634765625, 1602.7835693359375, 1602.63525390625, 1602.5274658203125]}