{"mean": [3174.917236328125, 3184.9864908854165, 3193.976806640625, 3194.2058919270835, 3194.4647623697915, 3195.3136393229165, 3196.8518880208335, 3198.35107421875, 3199.7132975260415, 3200.0677897135415, 3200.1453450520835, 3200.1250813802085, 3199.9795735677085, 3200.226318359375, 3200.5099283854165, 3200.6697591145835, 3200.8538411458335, 3200.4676106770835, 3200.8627115885415, 3201.0911458333335, 3201.471923828125, 3201.836669921875, 3202.1709798177085, 3202.54296875, 3202.7349446614585, 3202.91748046875, 3203.2298177083335, 3203.3113606770835, 3203.31005859375, 3203.2372233072915, 3203.0887858072915, 3202.869384765625, 3202.5787760416665, 3202.2987467447915, 3201.9640299479165, 3201.5611165364585, 3201.0475260416665, 3200.3243001302085, 3200.070068359375, 3200.16552734375, 3200.2486979166665, 3200.393310546875, 3200.5821940104165, 3200.72607421875, 3200.9029947916665, 3201.0663248697915, 3201.2157389322915, 3201.3582356770835, 3201.5056966145835, 3201.5900065104165, 3201.683837890625, 3201.7777506510415, 3201.8636881510415, 3201.9154459635415, 3201.9713541666665, 3202.023681640625, 3202.061279296875, 3202.1077473958335, 3202.1371256510415, 3202.1612955729165, 3202.191162109375, 3202.222412109375, 3202.258544921875, 3202.26806640625, 3202.2633463541665, 3202.2701822916665, 3202.2732747395835, 3202.2642415364585, 3202.2599283854165, 3202.2508138020835, 3202.2203776041665, 3202.212646484375, 3202.1944173177085, 3202.1915690104165, 3202.1758626302085, 3202.16845703125, 3202.158935546875, 3202.171875, 3202.1746419270835, 3202.177001953125, 3202.20703125, 3202.2147623697915, 3202.2403157552085, 3202.2470703125, 3202.2661946614585, 3202.293701171875, 3202.3125813802085, 3202.3404947916665, 3202.3741048177085, 3202.3915201822915, 3202.4170735677085, 3202.4430338541665, 3202.475830078125, 3202.5118815104165, 3202.5415852864585, 3202.5662434895835, 3202.6028645833335, 3202.6222330729165, 3202.6481119791665, 3202.6768391927085], "upper": [3213.19140625, 3213.720703125, 3214.720458984375, 3215.65478515625, 3215.436767578125, 3215.271240234375, 3215.0595703125, 3214.894775390625, 3214.78076171875, 3214.634033203125, 3214.56884765625, 3214.565673828125, 3214.509033203125, 3214.5146484375, 3214.61572265625, 3214.652099609375, 3214.550537109375, 3214.617919921875, 3214.64794921875, 3214.673583984375, 3214.745849609375, 3214.866943359375, 3215.04443359375, 3215.162353515625, 3215.315673828125, 3215.37939453125, 3215.468505859375, 3215.605224609375, 3215.705078125, 3215.837158203125, 3216.011474609375, 3216.19970703125, 3216.218994140625, 3216.446044921875, 3216.63330078125, 3216.814208984375, 3216.9794921875, 3217.19140625, 3217.392333984375, 3217.59375, 3217.67724609375, 3217.835693359375, 3218.05322265625, 3218.157958984375, 3218.27197265625, 3218.41943359375, 3218.550537109375, 3218.62060546875, 3218.685302734375, 3218.646484375, 3218.609619140625, 3218.611083984375, 3218.61328125, 3218.50927734375, 3218.46142578125, 3218.404052734375, 3218.331787109375, 3218.28515625, 3218.230712890625, 3218.16748046875, 3218.109619140625, 3218.064208984375, 3218.05615234375, 3217.99658203125, 3217.947998046875, 3217.912109375, 3217.8583984375, 3217.812255859375, 3217.77783203125, 3217.72705078125, 3217.63330078125, 3217.59326171875, 3217.549072265625, 3217.521484375, 3217.471923828125, 3217.425537109375, 3217.3857421875, 3217.379150390625, 3217.325439453125, 3217.27490234375, 3217.309326171875, 3217.277587890625, 3217.273681640625, 3217.23046875, 3217.233642578125, 3217.24072265625, 3217.22509765625, 3217.22998046875, 3217.24853515625, 3217.241455078125, 3217.25048828125, 3217.261962890625, 3217.302978515625, 3217.3154296875, 3217.33203125, 3217.343017578125, 3217.3701171875, 3217.371337890625, 3217.37646484375, 3217.3740234375], "lower": [3108.719970703125, 3138.70703125, 3164.50830078125, 3163.7060546875, 3164.056640625, 3166.28173828125, 3170.770751953125, 3175.224609375, 3179.465576171875, 3180.747802734375, 3181.242919921875, 3181.507568359375, 3181.80419921875, 3183.434326171875, 3185.267822265625, 3187.17138671875, 3189.75634765625, 3190.85791015625, 3191.31201171875, 3191.371826171875, 3191.9423828125, 3192.732177734375, 3193.468017578125, 3194.127685546875, 3194.69287109375, 3195.197998046875, 3195.568115234375, 3195.7880859375, 3195.773193359375, 3195.505859375, 3194.9814453125, 3194.271240234375, 3193.46142578125, 3192.502685546875, 3191.384033203125, 3190.08349609375, 3188.40625, 3186.07666015625, 3185.16162109375, 3185.28564453125, 3185.4814453125, 3185.73876953125, 3186.046875, 3186.322998046875, 3186.677978515625, 3186.985107421875, 3187.2783203125, 3187.57177734375, 3187.861083984375, 3188.080078125, 3188.31005859375, 3188.51953125, 3188.669921875, 3188.818115234375, 3188.94580078125, 3189.057861328125, 3189.152099609375, 3189.2197265625, 3189.27392578125, 3189.3203125, 3189.367431640625, 3189.408935546875, 3189.427001953125, 3189.43603515625, 3189.424072265625, 3189.423828125, 3189.398681640625, 3189.383056640625, 3189.376220703125, 3189.36083984375, 3189.34814453125, 3189.337890625, 3189.32666015625, 3189.32470703125, 3189.329345703125, 3189.337158203125, 3189.34326171875, 3189.371337890625, 3189.403564453125, 3189.45068359375, 3189.495361328125, 3189.55078125, 3189.615478515625, 3189.669921875, 3189.71923828125, 3189.7822265625, 3189.847412109375, 3189.908447265625, 3189.97021484375, 3190.01123046875, 3190.062744140625, 3190.1123046875, 3190.159912109375, 3190.21484375, 3190.254638671875, 3190.281982421875, 3190.323974609375, 3190.348876953125, 3190.3642578125, 3190.39013671875]}