{"mean": [10166.8193359375, 10151.8291015625, 10136.820638020834, 10119.9775390625, 10096.76171875, 10075.904296875, 10053.456380208334, 10025.4072265625, 9992.652994791666, 9958.099283854166, 9934.211588541666, 9924.7548828125, 9927.007161458334, 9933.854166666666, 9935.15625, 9938.366861979166, 9941.865559895834, 9937.353190104166, 9932.486653645834, 9929.01953125, 9929.800455729166, 9934.1572265625, 9940.851888020834, 9941.7119140625, 9941.019856770834, 9937.4521484375, 9932.731770833334, 9932.202473958334, 9932.342122395834, 9932.9814453125, 9933.685221354166, 9934.537760416666, 9935.103190104166, 9935.037760416666, 9935.257486979166, 9934.381184895834, 9933.0244140625, 9931.424153645834, 9932.38671875, 9932.328450520834, 9931.765950520834, 9931.072916666666, 9930.16015625, 9929.160807291666, 9928.0283203125, 9926.902994791666, 9925.575846354166, 9924.199544270834, 9922.562174479166, 9921.328450520834, 9920.443684895834, 9919.515950520834, 9918.704752604166, 9917.980794270834, 9917.509114583334, 9917.093098958334, 9916.451822916666, 9916.0087890625, 9915.565755208334, 9915.450520833334, 9915.381184895834, 9915.1064453125, 9915.080078125, 9914.914388020834, 9914.94140625, 9915.038736979166, 9915.020182291666, 9915.190104166666, 9915.221028645834, 9915.469075520834, 9915.81640625, 9915.889322916666, 9916.195638020834, 9916.555013020834, 9916.6123046875, 9916.8134765625, 9917.037434895834, 9916.897135416666, 9917.010091145834, 9917.094075520834, 9917.140950520834, 9916.896484375, 9916.738606770834, 9916.67578125, 9916.620442708334, 9916.4033203125, 9916.109049479166, 9915.941080729166, 9915.8369140625, 9915.715169270834, 9915.58203125, 9915.46484375, 9915.3349609375, 9915.065104166666, 9914.926432291666, 9914.8125, 9914.628580729166, 9914.509114583334, 9914.311848958334, 9914.2529296875], "upper": [10631.060546875, 10585.6376953125, 10525.5068359375, 10463.9462890625, 10411.0166015625, 10349.1953125, 10279.7724609375, 10192.705078125, 10091.615234375, 9986.150390625, 9958.412109375, 9959.490234375, 9959.8388671875, 9959.3466796875, 9958.0966796875, 9956.53125, 9956.640625, 9954.0771484375, 9951.8095703125, 9946.771484375, 9953.28125, 9959.9814453125, 9962.4052734375, 9964.12109375, 9966.84375, 9970.4404296875, 9973.693359375, 9976.1533203125, 9978.4560546875, 9981.8720703125, 9984.9560546875, 9988.2666015625, 9990.1708984375, 9990.34375, 9990.6826171875, 9987.7744140625, 9983.7021484375, 9979.025390625, 9982.0126953125, 9981.8203125, 9981.1650390625, 9980.2568359375, 9979.07421875, 9977.70703125, 9976.00390625, 9974.205078125, 9972.30078125, 9970.3330078125, 9967.9580078125, 9965.845703125, 9963.8115234375, 9961.978515625, 9960.251953125, 9958.7529296875, 9957.3466796875, 9956.3837890625, 9955.46484375, 9954.888671875, 9954.3466796875, 9954.1806640625, 9954.0595703125, 9954.1005859375, 9954.390625, 9954.7626953125, 9955.2861328125, 9955.7509765625, 9956.287109375, 9956.9775390625, 9957.4404296875, 9957.9736328125, 9958.4580078125, 9958.8876953125, 9959.3115234375, 9959.658203125, 9959.939453125, 9960.0556640625, 9960.0146484375, 9959.92578125, 9959.802734375, 9959.6533203125, 9959.400390625, 9959.0849609375, 9958.7041015625, 9958.3037109375, 9957.9267578125, 9957.43359375, 9957.06640625, 9956.7421875, 9956.27734375, 9955.88671875, 9955.4912109375, 9955.3134765625, 9955.0234375, 9954.82421875, 9954.595703125, 9954.4775390625, 9954.294921875, 9954.111328125, 9953.91796875, 9953.916015625], "lower": [9902.541015625, 9920.82421875, 9934.484375, 9931.3701171875, 9930.66015625, 9929.5283203125, 9929.841796875, 9930.67578125, 9931.3291015625, 9931.26953125, 9914.0791015625, 9885.1982421875, 9890.3740234375, 9914.8427734375, 9921.94921875, 9917.2275390625, 9915.9267578125, 9904.0244140625, 9895.453125, 9894.658203125, 9894.736328125, 9905.5126953125, 9927.31640625, 9928.7529296875, 9924.46484375, 9920.4599609375, 9907.521484375, 9906.4853515625, 9907.4287109375, 9908.234375, 9907.28515625, 9905.55859375, 9904.572265625, 9903.6884765625, 9903.45703125, 9903.220703125, 9902.9677734375, 9902.453125, 9902.2822265625, 9902.1279296875, 9900.9814453125, 9899.7646484375, 9898.279296875, 9896.7666015625, 9895.0498046875, 9893.748046875, 9891.80078125, 9889.966796875, 9887.673828125, 9886.37890625, 9885.9423828125, 9885.3115234375, 9885.0263671875, 9884.9580078125, 9885.1796875, 9885.3525390625, 9884.7783203125, 9884.5458984375, 9884.072265625, 9884.2333984375, 9884.69140625, 9884.12109375, 9884.0751953125, 9883.5361328125, 9883.3583984375, 9883.404296875, 9882.9404296875, 9882.935546875, 9882.5517578125, 9882.7890625, 9883.3330078125, 9883.1962890625, 9883.697265625, 9884.33984375, 9884.185546875, 9884.5849609375, 9885.2021484375, 9884.8154296875, 9885.1650390625, 9885.513671875, 9885.822265625, 9885.3515625, 9885.3095703125, 9885.45703125, 9885.58203125, 9885.2763671875, 9884.7099609375, 9884.5810546875, 9884.7275390625, 9884.7158203125, 9884.7568359375, 9884.58203125, 9884.4716796875, 9883.982421875, 9883.9072265625, 9883.7548828125, 9883.552734375, 9883.447265625, 9883.34375, 9883.37109375]}