{"mean": [9096.236979166666, 9083.743489583334, 9089.6396484375, 9098.856119791666, 9102.014973958334, 9105.61328125, 9109.87109375, 9114.740234375, 9120.0458984375, 9126.006184895834, 9132.298502604166, 9138.513020833334, 9145.412760416666, 9152.132161458334, 9161.843424479166, 9173.230143229166, 9186.986002604166, 9203.444661458334, 9220.263346354166, 9238.384440104166, 9260.73046875, 9273.6953125, 9279.702473958334, 9269.811848958334, 9257.8974609375, 9248.025065104166, 9240.427408854166, 9234.301432291666, 9229.823893229166, 9226.952799479166, 9225.067057291666, 9223.927083333334, 9223.435546875, 9223.553385416666, 9224.359049479166, 9225.772135416666, 9227.838216145834, 9230.44921875, 9233.675455729166, 9236.348958333334, 9237.2705078125, 9236.645833333334, 9235.408203125, 9233.2763671875, 9229.431315104166, 9223.447916666666, 9214.670572916666, 9209.509765625, 9206.556315104166, 9205.088216145834, 9204.857421875, 9205.642903645834, 9207.389322916666, 9210.075520833334, 9213.123697916666, 9213.634114583334, 9211.350260416666, 9208.532552083334, 9204.21875, 9201.1728515625, 9199.0830078125, 9197.994140625, 9197.920247395834, 9198.677408854166, 9199.2294921875, 9198.25390625, 9194.153645833334, 9190.907877604166, 9188.892252604166, 9183.181966145834, 9180.6044921875, 9179.447265625, 9170.821614583334, 9167.908854166666, 9166.927083333334, 9166.306966145834, 9166.109375, 9166.236002604166, 9166.746744791666, 9167.2548828125, 9168.05859375, 9168.979166666666, 9170.304361979166, 9172.276041666666, 9174.834309895834, 9177.741861979166, 9151.134114583334, 9186.283203125, 9189.903645833334, 9190.018880208334, 9188.135416666666, 9185.161458333334, 9182.486979166666, 9181.111979166666, 9180.560872395834, 9180.672200520834, 9181.234700520834, 9182.3486328125, 9184.192057291666, 9186.858723958334], "upper": [9275.4931640625, 9230.56640625, 9239.212890625, 9255.671875, 9250.625, 9243.69921875, 9236.4365234375, 9228.7021484375, 9220.6669921875, 9212.2568359375, 9203.1279296875, 9193.6123046875, 9184.4189453125, 9175.626953125, 9175.2412109375, 9192.2294921875, 9216.384765625, 9244.6103515625, 9271.85546875, 9303.025390625, 9348.060546875, 9356.9228515625, 9337.7099609375, 9317.84375, 9300.0869140625, 9287.91015625, 9278.814453125, 9272.3427734375, 9268.0146484375, 9265.3359375, 9263.9892578125, 9263.8232421875, 9264.7724609375, 9266.880859375, 9270.408203125, 9275.396484375, 9281.6005859375, 9288.1435546875, 9295.6796875, 9301.4833984375, 9302.5341796875, 9298.830078125, 9291.5517578125, 9282.283203125, 9273.9990234375, 9266.9453125, 9260.4609375, 9255.2041015625, 9251.3037109375, 9248.873046875, 9247.7451171875, 9247.3583984375, 9247.6044921875, 9248.17578125, 9248.2802734375, 9247.7001953125, 9247.22265625, 9246.5849609375, 9241.193359375, 9235.4736328125, 9229.9794921875, 9224.96484375, 9220.599609375, 9216.2509765625, 9208.65625, 9205.5185546875, 9202.2392578125, 9192.8740234375, 9189.986328125, 9189.7578125, 9189.490234375, 9189.240234375, 9187.595703125, 9187.7392578125, 9188.0517578125, 9187.859375, 9187.6640625, 9187.48828125, 9187.3466796875, 9187.1533203125, 9187.0439453125, 9186.8994140625, 9186.7255859375, 9186.6123046875, 9192.1279296875, 9200.35546875, 9210.3173828125, 9224.41015625, 9234.2412109375, 9233.6064453125, 9226.8310546875, 9216.712890625, 9207.67578125, 9202.654296875, 9199.5400390625, 9198.169921875, 9198.216796875, 9199.9169921875, 9203.0419921875, 9207.7919921875], "lower": [9002.31640625, 9005.662109375, 9009.8251953125, 9015.0224609375, 9021.44140625, 9029.2021484375, 9037.857421875, 9047.947265625, 9058.236328125, 9069.828125, 9083.0498046875, 9096.984375, 9111.623046875, 9125.55859375, 9138.611328125, 9152.5, 9169.8486328125, 9174.5751953125, 9174.4892578125, 9174.498046875, 9174.5625, 9174.66015625, 9174.853515625, 9175.14453125, 9175.484375, 9175.8798828125, 9176.2919921875, 9176.701171875, 9177.201171875, 9177.7412109375, 9178.2412109375, 9178.8173828125, 9179.3662109375, 9179.9287109375, 9180.4853515625, 9181.00390625, 9181.556640625, 9182.15625, 9182.7080078125, 9183.2021484375, 9183.75390625, 9184.3017578125, 9184.76953125, 9185.1396484375, 9185.6171875, 9186.033203125, 9186.53515625, 9186.4482421875, 9181.0283203125, 9178.7119140625, 9178.908203125, 9181.37109375, 9186.1181640625, 9188.626953125, 9188.806640625, 9189.1201171875, 9189.3642578125, 9189.3466796875, 9181.4970703125, 9177.630859375, 9176.76171875, 9178.416015625, 9182.5009765625, 9189.2470703125, 9190.5244140625, 9190.4150390625, 9189.9892578125, 9189.7109375, 9187.2431640625, 9170.5888671875, 9163.5712890625, 9161.126953125, 9159.556640625, 9156.9013671875, 9153.609375, 9151.021484375, 9149.19140625, 9147.8916015625, 9147.1533203125, 9146.0966796875, 9145.6025390625, 9145.2607421875, 9145.30078125, 9145.486328125, 9145.892578125, 9146.48046875, 9095.7841796875, 9148.2001953125, 9149.2431640625, 9150.24609375, 9151.3662109375, 9152.5751953125, 9154.0048828125, 9155.2236328125, 9156.9619140625, 9158.931640625, 9160.7490234375, 9162.5810546875, 9165.0849609375, 9168.4521484375]}