{"mean": [2935.489990234375, 2924.6385904947915, 2921.5384114583335, 2917.7272135416665, 2913.4474283854165, 2909.2562662760415, 2906.9243977864585, 2906.9481608072915, 2908.927734375, 2914.647216796875, 2925.1851399739585, 2939.2027180989585, 2959.1875, 2979.247802734375, 2997.5489095052085, 3012.4698079427085, 3031.1554361979165, 3053.2609049479165, 3074.1487630208335, 3081.9765625, 3089.3912760416665, 3092.9751790364585, 3096.16845703125, 3092.0004069010415, 3088.972412109375, 3088.5846354166665, 3088.1405436197915, 3087.758056640625, 3086.574951171875, 3085.2491048177085, 3084.2784830729165, 3083.6876627604165, 3083.5066731770835, 3083.3440755208335, 3083.6404622395835, 3083.8109537760415, 3084.2862955729165, 3085.0685221354165, 3086.5848795572915, 3088.9251302083335, 3091.2196451822915, 3093.0953776041665, 3095.1868489583335, 3096.9767252604165, 3097.27685546875, 3095.3824869791665, 3089.2548014322915, 3086.5753580729165, 3084.9951171875, 3084.394775390625, 3084.3854166666665, 3085.02880859375, 3086.4611002604165, 3088.8385416666665, 3091.3295084635415, 3092.8981119791665, 3092.56640625, 3091.8087565104165, 3089.85888671875, 3088.9676106770835, 3088.6199544270835, 3089.0945638020835, 3090.1746419270835, 3092.1611328125, 3093.369873046875, 3093.9336751302085, 3088.264892578125, 3086.3792317708335, 3084.8065592447915, 3081.9960123697915, 3078.39306640625, 3075.4535319010415, 3068.4181315104165, 3063.324462890625, 3058.273681640625, 3053.36474609375, 3050.173828125, 3048.679931640625, 3047.8951009114585, 3048.3359375, 3049.4232584635415, 3051.031982421875, 3053.0922037760415, 3055.5282389322915, 3057.8655598958335, 3060.9735514322915, 3048.5030924479165, 3069.0738932291665, 3072.6066080729165, 3073.6875, 3073.3479817708335, 3072.1285807291665, 3071.4903971354165, 3072.3525390625, 3073.4917805989585, 3075.439697265625, 3077.4434407552085, 3079.5044759114585, 3081.9606119791665, 3085.2035319010415], "upper": [3089.486328125, 3074.986328125, 3082.291748046875, 3089.26513671875, 3091.275634765625, 3091.906494140625, 3092.56591796875, 3092.618896484375, 3091.150146484375, 3089.87109375, 3086.81982421875, 3084.2041015625, 3083.654296875, 3079.965087890625, 3079.326904296875, 3078.78955078125, 3078.33203125, 3077.9697265625, 3097.30126953125, 3091.368896484375, 3100.452880859375, 3109.96240234375, 3117.53369140625, 3111.416259765625, 3098.173828125, 3095.527587890625, 3096.839599609375, 3096.7470703125, 3096.03515625, 3095.16650390625, 3094.657470703125, 3094.57958984375, 3094.71533203125, 3094.2958984375, 3093.92431640625, 3093.00927734375, 3091.615966796875, 3090.601318359375, 3091.630859375, 3094.408447265625, 3096.304931640625, 3100.22607421875, 3107.522705078125, 3114.329833984375, 3115.7119140625, 3110.25537109375, 3092.391845703125, 3089.485107421875, 3088.56103515625, 3088.07568359375, 3087.96484375, 3088.150146484375, 3088.924560546875, 3090.45703125, 3095.2509765625, 3096.58642578125, 3099.511962890625, 3102.0263671875, 3101.91455078125, 3101.64404296875, 3101.149658203125, 3101.58154296875, 3102.5712890625, 3103.153076171875, 3101.43603515625, 3098.737060546875, 3094.949951171875, 3089.602294921875, 3085.389404296875, 3084.666259765625, 3084.290771484375, 3084.0654296875, 3082.57763671875, 3082.662353515625, 3082.8623046875, 3082.623779296875, 3082.5185546875, 3082.3447265625, 3082.25927734375, 3082.059326171875, 3081.967529296875, 3081.776611328125, 3081.713134765625, 3081.638671875, 3081.51513671875, 3088.747802734375, 3098.109130859375, 3109.60888671875, 3117.41455078125, 3117.180908203125, 3112.510498046875, 3104.7197265625, 3097.96826171875, 3095.3193359375, 3093.554931640625, 3092.754638671875, 3093.46875, 3095.271240234375, 3098.341796875, 3101.904541015625], "lower": [2851.30712890625, 2838.897216796875, 2829.049560546875, 2822.65283203125, 2818.00830078125, 2813.651123046875, 2813.7373046875, 2808.815673828125, 2804.217529296875, 2804.791748046875, 2813.03173828125, 2828.881591796875, 2855.87060546875, 2889.786865234375, 2927.33837890625, 2957.88232421875, 2986.045654296875, 3014.224853515625, 3047.49072265625, 3077.0537109375, 3077.47998046875, 3077.473876953125, 3077.52880859375, 3077.68408203125, 3077.921875, 3078.1552734375, 3078.4677734375, 3078.697509765625, 3078.896240234375, 3079.203369140625, 3078.693603515625, 3076.62548828125, 3075.64501953125, 3075.219482421875, 3076.059814453125, 3077.23828125, 3079.73974609375, 3081.706298828125, 3082.03125, 3082.314208984375, 3082.71142578125, 3083.004638671875, 3083.38037109375, 3083.638671875, 3084.08837890625, 3084.331787109375, 3084.761962890625, 3084.961181640625, 3081.27587890625, 3079.818115234375, 3079.85791015625, 3081.5703125, 3084.89892578125, 3085.605224609375, 3085.571533203125, 3085.66845703125, 3085.90087890625, 3086.0146484375, 3081.4140625, 3079.09765625, 3078.560791015625, 3079.532470703125, 3081.85693359375, 3085.92041015625, 3085.9248046875, 3085.6416015625, 3084.4580078125, 3084.259521484375, 3084.009033203125, 3077.48828125, 3067.385986328125, 3059.3701171875, 3051.4140625, 3046.287841796875, 3042.2470703125, 3037.00048828125, 3027.92724609375, 3022.244140625, 3016.89013671875, 3013.709228515625, 3011.79833984375, 3010.852294921875, 3010.66748046875, 3011.093017578125, 3011.66845703125, 3012.7548828125, 3014.32958984375, 3016.364013671875, 3019.1025390625, 3022.62841796875, 3026.296142578125, 3030.385986328125, 3035.55517578125, 3041.023681640625, 3046.361328125, 3053.171142578125, 3058.5947265625, 3063.138427734375, 3067.50146484375, 3073.797607421875]}