{"mean": [891.1540934244791, 894.1676025390625, 892.2112223307291, 890.1915690104166, 889.9073893229166, 889.7872924804688, 889.7175089518229, 889.7703450520834, 889.8738403320312, 889.9869791666666, 890.0697021484375, 890.0617472330729, 890.0306396484375, 889.3935343424479, 888.3141682942709, 887.2533976236979, 886.1626180013021, 884.8536173502604, 881.8836263020834, 876.712646484375, 872.6398518880209, 870.0329793294271, 869.3436686197916, 869.0789184570312, 869.53369140625, 870.6652425130209, 871.832275390625, 873.2932942708334, 874.4788614908854, 875.2508341471354, 875.4882609049479, 875.2916666666666, 874.7001139322916, 873.7131144205729, 872.3371378580729, 870.7082926432291, 868.9207763671875, 867.3217569986979, 866.0644938151041, 865.0306396484375, 863.9548950195312, 862.8562622070312, 861.9271647135416, 861.1406860351562, 860.7682495117188, 860.4906412760416, 860.5537516276041, 861.2821248372396, 861.7395629882812, 861.7869669596354, 861.421630859375, 860.7423909505209, 859.8486124674479, 858.9116617838541, 858.0404459635416, 857.4996948242188, 857.2974243164062, 857.1711222330729, 857.6370442708334, 857.7809041341146, 857.5548909505209, 856.9564412434896, 856.0695190429688, 855.0133463541666, 854.0962524414062, 853.5320841471354, 853.1539510091146, 853.6024983723959, 853.9430745442709, 856.4624837239584, 858.5609537760416, 860.0314331054688, 864.3713989257812, 867.3011881510416, 869.10693359375, 870.0725504557291, 870.5767415364584, 870.7856852213541, 870.7795003255209, 870.5723266601562, 870.1410115559896, 869.4134114583334, 868.4433797200521, 867.3147583007812, 866.1846110026041, 865.0732218424479, 866.7817789713541, 863.4143880208334, 863.0947469075521, 862.9863077799479, 862.96240234375, 862.990234375, 863.1102294921875, 863.1608683268229, 862.977294921875, 862.4856770833334, 861.6758015950521, 860.6416422526041, 859.471923828125, 858.2258504231771], "upper": [904.0953979492188, 903.818115234375, 903.7176513671875, 903.7906494140625, 904.1431884765625, 904.567138671875, 905.1084594726562, 905.739501953125, 906.56005859375, 907.3818969726562, 907.9514770507812, 908.0518188476562, 907.8735961914062, 906.7994995117188, 904.9646606445312, 903.6607666015625, 902.4601440429688, 899.63623046875, 894.9611206054688, 890.54541015625, 880.2284545898438, 878.6429443359375, 878.4412841796875, 878.1477661132812, 879.3591918945312, 882.2266235351562, 884.7891235351562, 886.7913818359375, 887.9419555664062, 888.4091796875, 888.2482299804688, 887.51171875, 886.2158203125, 884.32421875, 881.8374633789062, 879.1456909179688, 876.55419921875, 874.7798461914062, 873.9527587890625, 873.42578125, 872.80517578125, 872.5206298828125, 872.39404296875, 872.3411254882812, 872.5728759765625, 873.021484375, 873.744873046875, 874.1780395507812, 874.1516723632812, 873.6686401367188, 872.7344360351562, 871.5034790039062, 870.2018432617188, 868.928466796875, 867.6259155273438, 866.2456665039062, 864.8748779296875, 863.3558959960938, 862.7877197265625, 862.1505126953125, 861.1888427734375, 859.9829711914062, 858.5345458984375, 857.0343627929688, 855.8707885742188, 854.9843139648438, 853.62451171875, 853.6311645507812, 854.5925903320312, 862.0980224609375, 868.3140869140625, 872.51171875, 875.5367431640625, 877.2003173828125, 878.0977783203125, 878.6471557617188, 878.9637451171875, 879.66259765625, 880.0490112304688, 880.2510986328125, 880.3988037109375, 880.479736328125, 880.5272827148438, 880.525390625, 880.4849243164062, 880.3929443359375, 880.2816162109375, 880.15478515625, 879.9842529296875, 879.7644653320312, 879.4268798828125, 878.9337158203125, 878.218994140625, 877.3009033203125, 876.1923217773438, 874.6210327148438, 872.5316772460938, 870.1351928710938, 867.5813598632812, 864.7451782226562], "lower": [869.1809692382812, 878.5694580078125, 872.9766845703125, 867.1353149414062, 866.0989990234375, 865.2890014648438, 864.4762573242188, 863.6793212890625, 862.89111328125, 862.0509643554688, 861.1307983398438, 860.3948974609375, 859.8824462890625, 859.230712890625, 859.2178955078125, 859.1970825195312, 859.1475219726562, 859.09619140625, 859.0263671875, 858.9464721679688, 858.8565063476562, 858.7445068359375, 858.6298828125, 858.5081787109375, 858.3628540039062, 858.2026977539062, 858.0398559570312, 857.8488159179688, 857.660400390625, 857.4806518554688, 857.2838134765625, 857.092529296875, 856.9197387695312, 856.7488403320312, 856.5440673828125, 856.3861083984375, 856.2179565429688, 856.0675659179688, 855.9183959960938, 855.741455078125, 855.6007080078125, 855.4561767578125, 855.311767578125, 855.11376953125, 854.7017211914062, 853.5447387695312, 853.0738525390625, 854.7149658203125, 854.6504516601562, 854.5783081054688, 854.4798583984375, 854.41650390625, 854.3311767578125, 853.560302734375, 852.3380737304688, 852.1701049804688, 852.9945678710938, 853.9635009765625, 853.8883056640625, 853.7824096679688, 853.7538452148438, 853.7218627929688, 853.7052001953125, 853.6517944335938, 852.775146484375, 851.9694213867188, 852.3245849609375, 853.5592041015625, 853.5963134765625, 853.6443481445312, 853.6486206054688, 853.6763305664062, 853.9664306640625, 853.9195556640625, 853.8229370117188, 853.8693237304688, 853.8988037109375, 853.9405517578125, 853.9662475585938, 853.9908447265625, 854.0235595703125, 854.0565185546875, 854.07568359375, 854.1078491210938, 854.1231079101562, 854.1469116210938, 857.9119873046875, 854.1646728515625, 854.1729125976562, 854.1737060546875, 854.1755981445312, 854.181396484375, 854.2562255859375, 854.3253784179688, 854.3871459960938, 854.4420776367188, 854.4839477539062, 854.5100708007812, 854.560546875, 854.5845336914062]}