{"mean": [8205.083170572916, 8189.575846354167, 8197.428548177084, 8208.664388020834, 8212.107259114584, 8215.825846354166, 8220.1533203125, 8224.9697265625, 8230.172526041666, 8236.01904296875, 8242.228515625, 8248.451171875, 8255.3818359375, 8262.738606770834, 8273.529296875, 8285.976888020834, 8300.823567708334, 8318.591471354166, 8338.379557291666, 8361.671549479166, 8388.0908203125, 8403.662434895834, 8410.359049479166, 8400.732747395834, 8388.3642578125, 8377.359700520834, 8368.595052083334, 8361.0078125, 8355.345052083334, 8351.701822916666, 8349.578776041666, 8348.635416666666, 8348.7353515625, 8349.840494791666, 8352.022135416666, 8355.0634765625, 8358.917317708334, 8363.127278645834, 8367.610677083334, 8371.318359375, 8373.315755208334, 8373.789713541666, 8373.481119791666, 8372.1357421875, 8368.6630859375, 8362.95703125, 8354.1171875, 8348.227864583334, 8344.817057291666, 8343.301432291666, 8343.435546875, 8344.900390625, 8347.540690104166, 8351.1640625, 8355.0830078125, 8356.134440104166, 8354.052734375, 8351.361653645834, 8346.58203125, 8343.3916015625, 8341.527994791666, 8341.0380859375, 8341.850260416666, 8343.664388020834, 8345.133138020834, 8344.722005208334, 8341.0, 8337.305989583334, 8334.948893229166, 8326.719401041666, 8322.043619791666, 8319.416015625, 8306.4501953125, 8300.607421875, 8297.8203125, 8296.234375, 8295.532552083334, 8295.4501953125, 8295.967122395834, 8296.682291666666, 8297.917317708334, 8299.565755208334, 8301.861002604166, 8304.961263020834, 8308.6494140625, 8312.668294270834, 8284.3525390625, 8322.868489583334, 8326.808919270834, 8327.032877604166, 8325.1728515625, 8322.171549479166, 8319.376302083334, 8317.951171875, 8317.583658854166, 8318.1865234375, 8319.558919270834, 8321.70703125, 8324.7197265625, 8328.633138020834], "upper": [8406.3125, 8351.9970703125, 8366.236328125, 8388.5361328125, 8384.525390625, 8378.41015625, 8371.9599609375, 8365.0224609375, 8357.7763671875, 8350.2060546875, 8341.9970703125, 8333.216796875, 8324.5361328125, 8316.396484375, 8316.0234375, 8315.763671875, 8315.5771484375, 8344.974609375, 8380.1923828125, 8422.37890625, 8469.2265625, 8478.279296875, 8459.26953125, 8447.263671875, 8427.2421875, 8408.71875, 8394.025390625, 8385.55078125, 8380.072265625, 8376.9267578125, 8375.7412109375, 8376.3115234375, 8378.556640625, 8382.556640625, 8388.5712890625, 8396.25, 8405.0458984375, 8413.36328125, 8421.7265625, 8428.0576171875, 8429.728515625, 8426.3095703125, 8419.1572265625, 8409.9423828125, 8401.42578125, 8393.923828125, 8386.716796875, 8381.0263671875, 8377.15234375, 8375.2041015625, 8375.0107421875, 8375.8544921875, 8377.4033203125, 8379.248046875, 8380.654296875, 8381.4541015625, 8382.34765625, 8383.228515625, 8378.40625, 8373.322265625, 8368.791015625, 8364.982421875, 8362.064453125, 8359.216796875, 8352.78515625, 8353.5498046875, 8349.9150390625, 8339.2578125, 8336.345703125, 8336.1123046875, 8335.841796875, 8335.564453125, 8333.62890625, 8333.8193359375, 8334.2294921875, 8333.990234375, 8333.765625, 8333.5478515625, 8333.380859375, 8333.162109375, 8333.0205078125, 8332.8427734375, 8332.650390625, 8332.5048828125, 8332.359375, 8339.6748046875, 8352.4052734375, 8368.486328125, 8379.11328125, 8378.5859375, 8371.5458984375, 8360.857421875, 8350.8203125, 8344.7978515625, 8341.1875, 8339.7763671875, 8340.205078125, 8342.63671875, 8346.767578125, 8352.4443359375], "lower": [8102.13037109375, 8105.54638671875, 8109.8857421875, 8115.3740234375, 8121.9609375, 8129.6962890625, 8138.2890625, 8148.05517578125, 8158.06640625, 8169.2998046875, 8181.9228515625, 8195.24609375, 8209.287109375, 8223.408203125, 8237.8515625, 8253.59765625, 8272.96875, 8295.3203125, 8315.462890625, 8315.5517578125, 8315.7060546875, 8315.916015625, 8316.2236328125, 8316.6357421875, 8317.1220703125, 8317.6767578125, 8318.251953125, 8318.8525390625, 8319.541015625, 8320.2607421875, 8320.95703125, 8321.7255859375, 8322.4462890625, 8323.1796875, 8323.94140625, 8324.6181640625, 8325.3388671875, 8326.0888671875, 8326.7890625, 8327.4609375, 8328.1533203125, 8328.845703125, 8329.4580078125, 8330.025390625, 8330.5869140625, 8331.126953125, 8331.6923828125, 8331.4951171875, 8324.6123046875, 8321.5986328125, 8321.857421875, 8325.0634765625, 8331.10546875, 8334.380859375, 8334.6484375, 8335.037109375, 8335.3408203125, 8335.1533203125, 8325.2626953125, 8320.220703125, 8319.0390625, 8321.251953125, 8326.53125, 8334.8935546875, 8336.8818359375, 8336.7724609375, 8336.4765625, 8336.15234375, 8332.650390625, 8308.4912109375, 8295.2568359375, 8288.615234375, 8284.0205078125, 8281.884765625, 8278.208984375, 8273.3203125, 8270.2275390625, 8268.228515625, 8267.103515625, 8265.845703125, 8265.203125, 8264.78125, 8264.7734375, 8264.9609375, 8265.4072265625, 8266.087890625, 8233.6328125, 8268.044921875, 8269.259765625, 8270.482421875, 8271.939453125, 8273.6416015625, 8275.78515625, 8277.9228515625, 8280.76953125, 8284.310546875, 8288.216796875, 8292.4462890625, 8297.5029296875, 8303.70703125]}