{"mean": [7396.7060546875, 7393.688802083333, 7383.428059895833, 7388.4951171875, 7386.41357421875, 7384.6201171875, 7382.840169270833, 7380.6083984375, 7378.223470052083, 7375.694010416667, 7373.163411458333, 7371.358723958333, 7370.3330078125, 7369.855794270833, 7369.291341145833, 7368.769694010417, 7368.227864583333, 7367.726399739583, 7367.163736979167, 7365.5654296875, 7363.366048177083, 7361.408854166667, 7360.916178385417, 7361.35009765625, 7359.611328125, 7359.06982421875, 7359.616861979167, 7361.081868489583, 7362.082682291667, 7361.647135416667, 7360.97509765625, 7360.734375, 7359.181966145833, 7357.665852864583, 7356.50341796875, 7356.3017578125, 7356.63427734375, 7357.153971354167, 7356.691569010417, 7355.48828125, 7354.2099609375, 7353.870930989583, 7354.244140625, 7354.331380208333, 7353.9169921875, 7352.64404296875, 7351.712565104167, 7351.919596354167, 7352.115885416667, 7351.8037109375, 7351.500813802083, 7351.30908203125, 7351.01025390625, 7350.89990234375, 7350.71875, 7350.6298828125, 7350.6845703125, 7350.667154947917, 7350.479817708333, 7350.270833333333, 7350.11279296875, 7350.052408854167, 7349.910481770833, 7349.696614583333, 7349.338216145833, 7349.268880208333, 7349.258951822917, 7349.22607421875, 7349.237630208333, 7349.32763671875, 7349.44921875, 7350.328450520833, 7350.622395833333, 7350.84033203125, 7351.084309895833, 7351.282552083333, 7351.4921875, 7351.647623697917, 7351.761067708333, 7351.837239583333, 7351.936848958333, 7352.017740885417, 7352.100423177083, 7352.143391927083, 7352.117513020833, 7352.132649739583, 7352.125, 7352.083984375, 7352.010416666667, 7351.92333984375, 7351.85595703125, 7351.7333984375, 7351.654296875, 7351.560384114583, 7351.439615885417, 7351.333821614583, 7351.237955729167, 7351.158365885417, 7351.11328125, 7351.078938802083], "upper": [7600.22412109375, 7594.109375, 7565.376953125, 7581.61328125, 7575.107421875, 7568.923828125, 7563.060546875, 7556.66259765625, 7550.44580078125, 7544.29931640625, 7538.15625, 7534.318359375, 7532.51806640625, 7532.35009765625, 7532.70361328125, 7532.2509765625, 7531.78173828125, 7531.27001953125, 7530.63427734375, 7526.83056640625, 7521.43310546875, 7516.63720703125, 7516.26904296875, 7518.7724609375, 7514.76513671875, 7514.54150390625, 7517.3291015625, 7523.02587890625, 7527.35595703125, 7527.3603515625, 7526.68359375, 7527.3798828125, 7524.15966796875, 7521.04296875, 7519.18310546875, 7520.3505859375, 7523.0380859375, 7525.63134765625, 7525.45849609375, 7523.20703125, 7520.62548828125, 7520.6669921875, 7522.93896484375, 7524.16748046875, 7524.05126953125, 7521.19775390625, 7519.7900390625, 7521.41796875, 7523.03125, 7522.8876953125, 7522.841796875, 7523.04541015625, 7522.8369140625, 7522.4541015625, 7522.177734375, 7522.09228515625, 7522.00390625, 7522.0205078125, 7521.95849609375, 7521.81787109375, 7521.6259765625, 7521.61083984375, 7521.64990234375, 7521.76318359375, 7521.8681640625, 7521.89697265625, 7521.93798828125, 7521.880859375, 7521.822265625, 7521.88427734375, 7522.06103515625, 7522.22314453125, 7522.31787109375, 7522.3310546875, 7522.3076171875, 7522.32861328125, 7522.4453125, 7522.552734375, 7522.53076171875, 7522.5048828125, 7522.51171875, 7522.53857421875, 7522.673828125, 7522.70703125, 7522.5888671875, 7522.62158203125, 7522.64501953125, 7522.65380859375, 7522.6357421875, 7522.60302734375, 7522.61669921875, 7522.5732421875, 7522.546875, 7522.5283203125, 7522.44970703125, 7522.4091796875, 7522.337890625, 7522.33642578125, 7522.36669921875, 7522.314453125], "lower": [7287.45751953125, 7286.166015625, 7285.51513671875, 7285.2607421875, 7285.572265625, 7286.1015625, 7286.34033203125, 7286.3701171875, 7286.19970703125, 7285.76953125, 7285.3408203125, 7284.9541015625, 7284.4287109375, 7283.8427734375, 7283.1845703125, 7282.48486328125, 7281.83349609375, 7281.19580078125, 7280.5048828125, 7279.8740234375, 7279.00927734375, 7278.25048828125, 7277.39990234375, 7276.48486328125, 7275.6484375, 7274.60498046875, 7273.7587890625, 7272.81005859375, 7271.89306640625, 7270.97021484375, 7270.05517578125, 7269.154296875, 7268.2470703125, 7267.27392578125, 7266.31201171875, 7265.35595703125, 7264.5224609375, 7264.29296875, 7263.765625, 7262.93408203125, 7262.04833984375, 7261.3857421875, 7260.90380859375, 7260.57275390625, 7260.3193359375, 7260.16796875, 7259.9814453125, 7259.91064453125, 7259.81640625, 7259.8095703125, 7259.80126953125, 7259.83251953125, 7259.92529296875, 7260.0458984375, 7260.13232421875, 7260.27880859375, 7260.4765625, 7260.66796875, 7260.8486328125, 7261.1201171875, 7261.3662109375, 7261.84814453125, 7262.07958984375, 7262.17822265625, 7262.16259765625, 7262.27001953125, 7262.39208984375, 7262.4814453125, 7262.64697265625, 7262.78515625, 7262.89501953125, 7262.97802734375, 7263.07470703125, 7263.1162109375, 7263.2236328125, 7263.25732421875, 7263.32421875, 7263.37109375, 7263.43701171875, 7263.46826171875, 7263.53076171875, 7263.56201171875, 7263.5615234375, 7263.55224609375, 7263.517578125, 7263.46728515625, 7263.400390625, 7263.2822265625, 7263.15087890625, 7263.0087890625, 7262.873046875, 7262.71728515625, 7262.67236328125, 7262.61767578125, 7262.61376953125, 7262.650390625, 7262.6767578125, 7262.70166015625, 7262.76806640625, 7262.84375]}