{"mean": [997.0849202473959, 996.58837890625, 996.8500366210938, 995.2479858398438, 994.7061564127604, 994.1710205078125, 993.6842041015625, 993.1840616861979, 992.6455281575521, 992.1315104166666, 991.5559692382812, 991.0755615234375, 990.6198323567709, 989.8728230794271, 989.9745686848959, 989.9112141927084, 989.9726969401041, 989.9921468098959, 989.9893391927084, 990.0240275065104, 990.1158650716146, 990.1216634114584, 990.1959228515625, 990.2602132161459, 990.4806518554688, 990.4882405598959, 990.2991943359375, 989.9954020182291, 989.7289225260416, 989.7256673177084, 989.8385416666666, 990.0830891927084, 990.28125, 990.2293497721354, 990.0951538085938, 989.9321695963541, 989.9347737630209, 990.0936686197916, 990.1990356445312, 990.1859334309896, 990.0495808919271, 989.95458984375, 989.9251302083334, 989.9847819010416, 990.0517985026041, 990.0734252929688, 990.0605672200521, 989.987548828125, 989.9081013997396, 989.8969319661459, 989.9416910807291, 989.9759724934896, 989.9571736653646, 989.9013264973959, 989.8833618164062, 989.9171752929688, 989.9439493815104, 989.9845174153646, 989.9781494140625, 989.9803873697916, 989.9466552734375, 989.9438273111979, 989.9432169596354, 989.9381306966146, 989.9582316080729, 989.9700927734375, 989.9652913411459, 989.9508666992188, 989.9204305013021, 989.9214070638021, 989.9211018880209, 989.9509684244791, 989.9899291992188, 989.9843139648438, 990.0182698567709, 990.0191650390625, 990.0423990885416, 990.068603515625, 990.0749104817709, 990.0711059570312, 990.07373046875, 990.0810750325521, 990.1143391927084, 990.1243896484375, 990.1193237304688, 990.1196085611979, 990.1345418294271, 990.1302490234375, 990.1318155924479, 990.1229044596354, 990.13037109375, 990.1284586588541, 990.1287638346354, 990.1277058919271, 990.1204020182291, 990.1137491861979, 990.1155598958334, 990.1103719075521, 990.1225382486979, 990.12451171875], "upper": [1009.6028442382812, 1009.489013671875, 1009.286376953125, 1009.069091796875, 1008.96533203125, 1008.752685546875, 1008.5228271484375, 1008.330078125, 1008.3671875, 1008.4688110351562, 1008.6481323242188, 1008.8639526367188, 1009.0402221679688, 1009.2042236328125, 1009.310302734375, 1009.33251953125, 1009.3474731445312, 1009.3289794921875, 1009.3079833984375, 1009.2998657226562, 1009.2081909179688, 1009.1748046875, 1009.07861328125, 1008.9737548828125, 1008.9210815429688, 1008.8114013671875, 1008.7359619140625, 1008.665283203125, 1008.5741577148438, 1008.481689453125, 1008.3973999023438, 1008.3387451171875, 1008.371337890625, 1008.4656982421875, 1008.56396484375, 1008.600830078125, 1008.6443481445312, 1008.7537841796875, 1008.7328491210938, 1008.7150268554688, 1008.6207885742188, 1008.6383666992188, 1008.6242065429688, 1008.6175537109375, 1008.5885620117188, 1008.532958984375, 1008.5938720703125, 1008.5056762695312, 1008.4463500976562, 1008.3704833984375, 1008.3611450195312, 1008.2669067382812, 1008.20947265625, 1008.1531372070312, 1008.167236328125, 1008.1754150390625, 1008.1923828125, 1008.2010498046875, 1008.1909790039062, 1008.1991577148438, 1008.1676025390625, 1008.1357421875, 1008.113037109375, 1008.0601806640625, 1008.0970458984375, 1008.094970703125, 1008.0977172851562, 1008.08203125, 1008.0755004882812, 1008.0738525390625, 1008.0594482421875, 1008.0640258789062, 1008.13134765625, 1008.195068359375, 1008.32275390625, 1008.34130859375, 1008.370361328125, 1008.3917236328125, 1008.4248046875, 1008.4430541992188, 1008.47265625, 1008.4744262695312, 1008.5081787109375, 1008.500244140625, 1008.5101318359375, 1008.532470703125, 1008.5427856445312, 1008.542724609375, 1008.5527954101562, 1008.5484619140625, 1008.5675659179688, 1008.5731201171875, 1008.5626220703125, 1008.5535888671875, 1008.54638671875, 1008.5232543945312, 1008.5288696289062, 1008.5050659179688, 1008.4984130859375, 1008.5047607421875], "lower": [976.7117919921875, 975.3734741210938, 976.605712890625, 972.2117309570312, 970.8269653320312, 969.3421630859375, 967.9185791015625, 966.3760986328125, 964.488037109375, 962.5382080078125, 960.332275390625, 958.3569946289062, 956.4758911132812, 953.7615356445312, 953.63720703125, 953.1647338867188, 953.0953979492188, 953.002685546875, 952.9071044921875, 952.914794921875, 953.2234497070312, 953.255615234375, 953.5601196289062, 953.8578491210938, 954.5911254882812, 954.7116088867188, 954.2007446289062, 953.3504028320312, 952.5861206054688, 952.59228515625, 952.919189453125, 953.6237182617188, 954.2130126953125, 954.0833129882812, 953.6444091796875, 953.1911010742188, 953.2158203125, 953.6008911132812, 953.9611206054688, 953.962158203125, 953.6968994140625, 953.3956909179688, 953.3671264648438, 953.539794921875, 953.7794799804688, 953.8848266601562, 953.774658203125, 953.64404296875, 953.4698486328125, 953.5008544921875, 953.6344604492188, 953.8389892578125, 953.8242797851562, 953.7107543945312, 953.624267578125, 953.6806030273438, 953.734619140625, 953.8441772460938, 953.8338012695312, 953.8046264648438, 953.7354736328125, 953.7360229492188, 953.76904296875, 953.8251342773438, 953.8507080078125, 953.8821411132812, 953.85302734375, 953.8414916992188, 953.7703857421875, 953.7738647460938, 953.7967529296875, 953.8687744140625, 953.8998413085938, 953.8516235351562, 953.8157958984375, 953.8164672851562, 953.8550415039062, 953.90966796875, 953.895751953125, 953.8547973632812, 953.8343505859375, 953.838623046875, 953.8988037109375, 953.9330444335938, 953.8945922851562, 953.8795166015625, 953.9130859375, 953.9134521484375, 953.9224853515625, 953.91015625, 953.91845703125, 953.9189453125, 953.925537109375, 953.9281005859375, 953.9183349609375, 953.91796875, 953.9190063476562, 953.9256591796875, 953.9615478515625, 953.96435546875]}