{"mean": [9484.75146484375, 9051.98583984375, 8491.033365885416, 7650.79052734375, 6926.739908854167, 6231.368001302083, 5669.63037109375, 5368.752522786458, 5160.955891927083, 5086.221598307292, 5093.215983072917, 5101.156656901042, 5111.836832682292, 5120.721598307292, 5127.518147786458, 5130.198404947917, 5129.473714192708, 5125.371012369792, 5118.274007161458, 5108.957438151042, 5098.5166015625, 5088.325927734375, 5076.738688151042, 5064.1123046875, 5061.289957682292, 5056.026041666667, 5042.87841796875, 5028.20703125, 5018.728515625, 5011.587809244792, 5029.802652994792, 5044.175618489583, 5037.643391927083, 5029.358154296875, 5026.256022135417, 5025.85693359375, 5018.271158854167, 5023.114095052083, 5036.305013020833, 5036.594563802083, 5036.693440755208, 5036.640787760417, 5036.469401041667, 5036.1572265625, 5035.7548828125, 5035.247151692708, 5034.683024088542, 5034.032796223958, 5033.324137369792, 5032.554443359375, 5031.7275390625, 5030.887939453125, 5030.030192057292, 5028.693033854167, 5026.664794921875, 5024.199869791667, 5021.452311197917, 5018.708740234375, 5016.487630208333, 5014.865804036458, 5013.891764322917, 5013.478597005208, 5013.551595052083, 5013.916422526042, 5014.227294921875, 5014.098958333333, 5013.460205078125, 5012.376057942708, 5010.846028645833, 5009.044270833333, 5007.209716796875, 5005.636555989583, 5004.463216145833, 5003.63671875, 5003.086507161458, 5002.702392578125, 5002.391194661458, 5001.9921875, 5001.364013671875, 5000.588704427083, 4999.736735026042, 4998.793294270833, 4997.794514973958, 4996.810872395833, 4995.969482421875, 4995.219401041667, 4994.627197265625, 4994.195393880208, 4993.804850260417, 4993.417317708333, 4992.946044921875, 4992.406005859375, 4991.586507161458, 4990.339762369792, 4989.376546223958, 4988.470703125, 4987.841715494792, 4987.487386067708, 4987.31298828125, 4987.132486979167], "upper": [10679.75390625, 9991.3935546875, 8964.03515625, 8414.818359375, 7756.1123046875, 7287.6298828125, 6780.1435546875, 6261.0234375, 5829.447265625, 5692.400390625, 5691.888671875, 5697.99853515625, 5710.49658203125, 5719.599609375, 5728.38134765625, 5727.623046875, 5717.19384765625, 5701.650390625, 5683.09228515625, 5659.3408203125, 5632.3662109375, 5609.62255859375, 5592.51806640625, 5569.6083984375, 5563.0810546875, 5557.99267578125, 5527.6845703125, 5510.65234375, 5489.849609375, 5474.3056640625, 5531.2138671875, 5587.56591796875, 5588.72412109375, 5589.73291015625, 5590.6357421875, 5591.44384765625, 5592.1025390625, 5592.6953125, 5593.16064453125, 5593.56005859375, 5593.80859375, 5593.99365234375, 5594.134765625, 5594.19091796875, 5594.1826171875, 5594.12158203125, 5594.02783203125, 5593.89306640625, 5593.7119140625, 5593.5087890625, 5593.259765625, 5592.9814453125, 5592.67724609375, 5591.07177734375, 5587.41357421875, 5582.50537109375, 5576.712890625, 5571.06103515625, 5566.8662109375, 5564.537109375, 5564.05419921875, 5565.18896484375, 5567.76171875, 5571.2451171875, 5574.44091796875, 5576.32373046875, 5576.71142578125, 5575.630859375, 5573.23486328125, 5569.9716796875, 5566.55810546875, 5563.8759765625, 5562.32958984375, 5561.91748046875, 5562.55029296875, 5563.78125, 5565.2939453125, 5566.62744140625, 5567.1513671875, 5566.8916015625, 5565.89501953125, 5564.2353515625, 5562.35400390625, 5560.55712890625, 5559.13232421875, 5558.166015625, 5557.80126953125, 5558.0009765625, 5558.451171875, 5558.998046875, 5559.3095703125, 5559.30517578125, 5558.83154296875, 5558.068359375, 5557.1474609375, 5556.1298828125, 5555.23095703125, 5554.6181640625, 5554.01708984375, 5553.58544921875], "lower": [7978.10888671875, 7768.22998046875, 7567.82470703125, 7206.65087890625, 6051.85693359375, 4871.12939453125, 4094.7919921875, 3944.515380859375, 3940.537109375, 3951.309814453125, 3962.3564453125, 3972.275146484375, 3981.939208984375, 3990.679931640625, 3998.148193359375, 4005.80078125, 4013.289306640625, 4020.840576171875, 4028.055908203125, 4035.289794921875, 4042.41845703125, 4049.315185546875, 4055.438720703125, 4061.36376953125, 4066.975341796875, 4072.24365234375, 4076.8369140625, 4080.865234375, 4084.5048828125, 4087.664306640625, 4090.408935546875, 4092.71337890625, 4094.55224609375, 4095.963623046875, 4096.951171875, 4097.45751953125, 4097.6416015625, 4097.44482421875, 4096.90771484375, 4096.04052734375, 4094.928466796875, 4093.5146484375, 4091.90673828125, 4090.0732421875, 4088.10107421875, 4085.979736328125, 4083.841064453125, 4081.545166015625, 4079.189208984375, 4076.745849609375, 4074.24462890625, 4071.765380859375, 4069.333251953125, 4066.77587890625, 4064.251708984375, 4061.77001953125, 4059.39453125, 4056.918701171875, 4054.57470703125, 4052.186767578125, 4049.89208984375, 4047.688232421875, 4045.52001953125, 4043.342041015625, 4041.276611328125, 4039.24267578125, 4037.190185546875, 4035.254638671875, 4033.30712890625, 4031.43603515625, 4029.619384765625, 4027.85205078125, 4026.15771484375, 4024.53173828125, 4022.892822265625, 4021.323974609375, 4019.797119140625, 4018.2568359375, 4016.732177734375, 4015.2626953125, 4013.872314453125, 4012.5302734375, 4011.206787109375, 4009.84326171875, 4008.562744140625, 4007.3369140625, 4006.144775390625, 4004.994384765625, 4003.82275390625, 4002.6279296875, 4001.526611328125, 4000.462646484375, 3999.358154296875, 3998.275634765625, 3997.269287109375, 3996.1708984375, 3995.189697265625, 3994.164306640625, 3993.1083984375, 3992.05517578125]}