{"mean": [30625.865885416668, 29497.130859375, 27991.445963541668, 26248.524088541668, 24102.44140625, 22462.080078125, 21534.361979166668, 20487.065104166668, 19531.824544270832, 19225.44140625, 19330.241536458332, 19457.966145833332, 19589.264322916668, 19723.940755208332, 19833.370442708332, 19922.317057291668, 19948.186197916668, 19863.6181640625, 19698.927083333332, 19466.325520833332, 19229.816731770832, 19086.3125, 19050.08984375, 19202.741536458332, 19434.484375, 19021.499348958332, 18618.9951171875, 18696.606770833332, 19224.956380208332, 18625.89453125, 18751.588541666668, 18857.977213541668, 18619.6806640625, 18412.997395833332, 18462.411458333332, 18781.682942708332, 18022.220052083332, 17850.50390625, 18200.8359375, 18211.44921875, 18220.771484375, 18228.977864583332, 18236.227864583332, 18242.513671875, 18248.046875, 18252.907552083332, 18257.1328125, 18260.741861979168, 18263.767578125, 18266.367513020832, 18268.544921875, 18270.4267578125, 18272.001302083332, 18267.5078125, 18253.012044270832, 18231.624348958332, 18205.794270833332, 18179.515625, 18159.552408854168, 18148.600911458332, 18147.465169270832, 18154.968098958332, 18169.789713541668, 18188.291015625, 18204.4326171875, 18214.520182291668, 18217.626953125, 18213.64453125, 18203.812174479168, 18189.8115234375, 18174.925130208332, 18162.988606770832, 18156.319661458332, 18154.043619791668, 18155.401692708332, 18158.054036458332, 18160.98046875, 18162.051106770832, 18161.057291666668, 18158.103515625, 18155.841796875, 18153.819010416668, 18151.195963541668, 18148.602864583332, 18147.367838541668, 18146.705403645832, 18147.35546875, 18149.912760416668, 18152.625651041668, 18154.480143229168, 18154.599934895832, 18154.076171875, 18147.814778645832, 18131.377604166668, 18122.437174479168, 18116.060546875, 18116.106119791668, 18122.492838541668, 18134.295572916668, 18146.884440104168], "upper": [32788.6953125, 30887.8046875, 29579.298828125, 29512.1015625, 27571.513671875, 25483.69140625, 25391.90625, 22555.30078125, 21566.72265625, 21855.1953125, 21888.10546875, 21889.296875, 21924.69140625, 21978.56640625, 22024.58984375, 22079.125, 22087.6328125, 22020.115234375, 21909.462890625, 21614.759765625, 21262.20703125, 21021.46875, 20743.306640625, 20973.6015625, 21710.96875, 20460.73046875, 20413.7421875, 20564.51953125, 20940.22265625, 21520.4296875, 21777.04296875, 21112.02734375, 20361.8359375, 19711.19921875, 19833.40234375, 20769.181640625, 19205.890625, 19219.07421875, 19230.97265625, 19241.87890625, 19251.7109375, 19260.57421875, 19268.7890625, 19276.33203125, 19283.10546875, 19289.48046875, 19295.046875, 19300.126953125, 19304.6953125, 19309.09765625, 19312.923828125, 19316.474609375, 19319.75390625, 19305.41015625, 19261.423828125, 19198.603515625, 19141.1015625, 19140.451171875, 19139.66015625, 19138.80078125, 19137.779296875, 19136.55078125, 19135.396484375, 19134.140625, 19151.38671875, 19185.57421875, 19198.705078125, 19190.583984375, 19164.92578125, 19126.6953125, 19123.9140625, 19122.29296875, 19120.56640625, 19114.23046875, 19101.83203125, 19085.439453125, 19112.5390625, 19137.833984375, 19152.8125, 19155.7890625, 19149.525390625, 19134.0078125, 19115.30078125, 19096.732421875, 19083.2578125, 19077.208984375, 19079.21875, 19090.22265625, 19104.91796875, 19120.0078125, 19131.638671875, 19138.876953125, 19139.50390625, 19135.84375, 19129.26171875, 19121.6875, 19116.046875, 19113.962890625, 19112.70703125, 19113.75], "lower": [28218.234375, 27906.92578125, 26930.1015625, 23282.533203125, 20235.23828125, 17727.865234375, 16290.69921875, 16453.71875, 15732.8896484375, 15381.01171875, 15330.462890625, 15373.30859375, 15427.85546875, 15483.669921875, 15548.7578125, 15618.052734375, 15690.626953125, 15762.5322265625, 15830.580078125, 15895.228515625, 15957.1201171875, 16015.625, 16071.37109375, 16123.474609375, 16170.29296875, 16211.001953125, 16245.7802734375, 16275.2109375, 16300.23828125, 16320.875, 16338.298828125, 16352.599609375, 16363.9013671875, 16372.900390625, 16379.71484375, 16384.7421875, 16388.21875, 16390.90234375, 16392.42578125, 16393.224609375, 16393.2421875, 16392.5390625, 16391.41015625, 16389.642578125, 16387.5625, 16385.09765625, 16382.541015625, 16379.6943359375, 16376.615234375, 16373.2880859375, 16370.021484375, 16366.8994140625, 16363.8046875, 16360.705078125, 16357.6220703125, 16354.6796875, 16351.6953125, 16348.595703125, 16345.6806640625, 16342.822265625, 16339.9326171875, 16337.181640625, 16334.39453125, 16331.64453125, 16328.9462890625, 16326.400390625, 16324.009765625, 16321.673828125, 16319.3349609375, 16317.1103515625, 16315.07421875, 16313.0166015625, 16311.029296875, 16309.181640625, 16307.396484375, 16305.6953125, 16304.099609375, 16302.3583984375, 16300.70703125, 16299.146484375, 16297.609375, 16296.11328125, 16294.666015625, 16293.12109375, 16291.71484375, 16290.3681640625, 16288.87890625, 16287.841796875, 16286.4453125, 16284.9677734375, 16283.6142578125, 16282.3203125, 16280.7177734375, 16279.28125, 16277.7529296875, 16276.201171875, 16274.658203125, 16273.05078125, 16271.21875, 16269.4501953125]}