{"mean": [20000.782552083332, 19956.015625, 19897.329427083332, 19865.409505208332, 19846.271484375, 19784.904947916668, 19682.052734375, 19518.625, 19319.819010416668, 19176.611979166668, 19182.920572916668, 19184.804036458332, 19195.159505208332, 19203.567708333332, 19211.718098958332, 19212.777994791668, 19215.676432291668, 19207.121744791668, 19199.776692708332, 19188.623697916668, 19184.05078125, 19188.423828125, 19190.860677083332, 19192.907552083332, 19192.348958333332, 19184.921875, 19159.845703125, 19126.236328125, 19095.414713541668, 19103.080729166668, 19144.293619791668, 19222.442057291668, 19227.755208333332, 19219.096354166668, 19196.53125, 19205.724609375, 19190.200520833332, 19188.559895833332, 19281.686197916668, 19284.388671875, 19286.766927083332, 19288.722005208332, 19290.320963541668, 19291.670572916668, 19292.744791666668, 19293.61328125, 19294.321614583332, 19294.765625, 19295.086588541668, 19295.199869791668, 19295.194661458332, 19295.126302083332, 19294.987630208332, 19292.966796875, 19287.912760416668, 19280.80859375, 19272.134765625, 19263.646484375, 19257.48046875, 19253.875, 19253.06640625, 19254.738932291668, 19258.510416666668, 19263.680989583332, 19268.360026041668, 19271.186848958332, 19271.804036458332, 19270.337890625, 19266.977213541668, 19262.404947916668, 19257.604817708332, 19253.807291666668, 19251.728515625, 19250.938802083332, 19251.313802083332, 19252.125651041668, 19253.099609375, 19253.55859375, 19253.299479166668, 19252.432291666668, 19251.686197916668, 19250.946614583332, 19249.981119791668, 19249.071614583332, 19248.537109375, 19248.324869791668, 19248.598958333332, 19249.473958333332, 19250.413411458332, 19251.212239583332, 19251.486979166668, 19251.561848958332, 19249.955729166668, 19245.430338541668, 19242.956380208332, 19241.419921875, 19241.580078125, 19243.604166666668, 19247.102213541668, 19250.822916666668], "upper": [20495.091796875, 20410.06640625, 20367.654296875, 20352.501953125, 20356.4453125, 20251.517578125, 20234.087890625, 20031.3125, 19629.69921875, 19451.208984375, 19480.890625, 19499.87890625, 19524.73828125, 19534.203125, 19539.861328125, 19520.09375, 19500.09765625, 19460.375, 19438.767578125, 19414.779296875, 19400.1640625, 19391.72265625, 19396.76171875, 19406.294921875, 19386.072265625, 19349.755859375, 19268.287109375, 19228.80078125, 19219.30078125, 19221.234375, 19238.658203125, 19409.134765625, 19414.279296875, 19419.0078125, 19423.26953125, 19427.18359375, 19430.7734375, 19434.07421875, 19437.02734375, 19439.69921875, 19442.080078125, 19444.2265625, 19446.119140625, 19447.830078125, 19449.337890625, 19450.677734375, 19451.876953125, 19452.912109375, 19453.8515625, 19454.646484375, 19455.34375, 19455.984375, 19456.46875, 19451.60546875, 19437.744140625, 19418.94140625, 19418.861328125, 19418.75390625, 19418.6171875, 19418.474609375, 19418.310546875, 19418.111328125, 19417.93359375, 19417.744140625, 19417.498046875, 19417.27734375, 19417.01953125, 19416.80078125, 19416.55078125, 19416.27734375, 19416.013671875, 19415.779296875, 19415.517578125, 19413.90234375, 19410.7578125, 19406.322265625, 19401.1484375, 19395.654296875, 19395.697265625, 19396.365234375, 19394.044921875, 19392.38671875, 19396.087890625, 19399.7421875, 19403.099609375, 19404.84375, 19405.458984375, 19405.07421875, 19403.826171875, 19401.841796875, 19399.34765625, 19397.630859375, 19392.935546875, 19385.896484375, 19383.521484375, 19380.923828125, 19378.86328125, 19382.87109375, 19393.84375, 19404.744140625], "lower": [19253.984375, 19261.076171875, 19190.34765625, 19117.3515625, 18981.134765625, 18870.42578125, 18865.845703125, 18866.263671875, 18876.953125, 18840.318359375, 18822.724609375, 18821.5703125, 18826.47265625, 18834.84765625, 18845.529296875, 18856.95703125, 18868.365234375, 18879.283203125, 18890.90625, 18902.61328125, 18913.93359375, 18925.359375, 18936.67578125, 18947.236328125, 18957.181640625, 18966.908203125, 18975.935546875, 18984.525390625, 18992.408203125, 18999.49609375, 19005.8046875, 19011.65234375, 19016.630859375, 19020.669921875, 19024.146484375, 19026.828125, 19028.916015625, 19030.408203125, 19031.373046875, 19031.701171875, 19031.849609375, 19031.43359375, 19030.59765625, 19029.55078125, 19028.16015625, 19026.607421875, 19025.048828125, 19023.111328125, 19021.06640625, 19018.87109375, 19016.623046875, 19014.28125, 19012.14453125, 19009.818359375, 19007.5390625, 19005.439453125, 19003.244140625, 19000.962890625, 18998.91015625, 18996.8359375, 18994.861328125, 18992.984375, 18991.181640625, 18989.43359375, 18987.73828125, 18986.15625, 18984.615234375, 18983.25, 18981.81640625, 18980.591796875, 18979.400390625, 18978.25, 18977.388671875, 18976.53515625, 18975.8203125, 18975.10546875, 18974.40625, 18973.67578125, 18972.95703125, 18972.375, 18971.92578125, 18971.55859375, 18971.05078125, 18970.720703125, 18970.29296875, 18970.029296875, 18969.82421875, 18969.78515625, 18969.658203125, 18969.611328125, 18969.58203125, 18969.609375, 18969.615234375, 18969.6640625, 18969.546875, 18969.5390625, 18969.765625, 18969.943359375, 18970.1171875, 18970.30078125]}