{"mean": [26259.669270833332, 25974.4765625, 25609.113932291668, 25082.911458333332, 24640.920572916668, 24170.587890625, 23743.709635416668, 23417.258463541668, 23106.660807291668, 22918.76171875, 22933.714192708332, 22943.33984375, 22963.764973958332, 22984.301432291668, 23002.177734375, 23011.879557291668, 23018.052083333332, 23008.76953125, 22998.44921875, 22983.195963541668, 22973.63671875, 22972.026692708332, 22967.048828125, 22958.869140625, 22955.822916666668, 22942.4765625, 22903.470052083332, 22855.764973958332, 22809.206380208332, 22800.744791666668, 22841.701822916668, 22924.0, 22923.071614583332, 22909.376953125, 22884.639973958332, 22890.422526041668, 22861.313802083332, 22856.388671875, 22960.917317708332, 22964.036458333332, 22966.71875, 22968.887369791668, 22970.60546875, 22971.992838541668, 22973.069010416668, 22973.860677083332, 22974.450520833332, 22974.710286458332, 22974.784505208332, 22974.646484375, 22974.31640625, 22973.94921875, 22973.483072916668, 22970.853515625, 22964.686848958332, 22956.143229166668, 22945.764973958332, 22935.721354166668, 22928.321614583332, 22923.826822916668, 22922.55859375, 22924.137369791668, 22928.167317708332, 22933.722005208332, 22938.83203125, 22941.755859375, 22942.180989583332, 22940.173828125, 22936.009114583332, 22930.384765625, 22924.565104166668, 22919.914713541668, 22917.234375, 22916.030598958332, 22916.177734375, 22916.858723958332, 22917.712890625, 22917.990234375, 22917.440104166668, 22916.156901041668, 22915.015625, 22913.830729166668, 22912.410807291668, 22911.053385416668, 22910.16015625, 22909.682942708332, 22909.7265625, 22910.498046875, 22911.322916666668, 22911.985677083332, 22912.032552083332, 22911.862630208332, 22909.779947916668, 22904.395182291668, 22901.352864583332, 22899.336588541668, 22899.259765625, 22901.2890625, 22904.997395833332, 22908.952473958332], "upper": [26798.61328125, 26494.703125, 26174.609375, 25838.22265625, 25520.62890625, 25298.59375, 24993.455078125, 24471.64453125, 23794.240234375, 23525.765625, 23557.412109375, 23580.65625, 23617.03125, 23642.08984375, 23665.951171875, 23663.990234375, 23646.0234375, 23599.7734375, 23568.060546875, 23530.69921875, 23499.953125, 23473.11328125, 23458.8359375, 23446.767578125, 23425.373046875, 23379.9375, 23268.25390625, 23209.0625, 23180.841796875, 23169.75390625, 23180.8359375, 23341.673828125, 23347.44921875, 23352.6953125, 23357.486328125, 23361.919921875, 23365.95703125, 23369.65625, 23372.96875, 23375.98046875, 23378.60546875, 23380.966796875, 23383.041015625, 23384.939453125, 23386.580078125, 23388.0625, 23389.3359375, 23390.423828125, 23391.390625, 23392.26953125, 23392.931640625, 23393.607421875, 23394.107421875, 23388.435546875, 23372.314453125, 23349.431640625, 23321.798828125, 23295.3203125, 23276.703125, 23276.45703125, 23276.15625, 23275.80078125, 23289.31640625, 23309.15625, 23327.51171875, 23339.22265625, 23343.38671875, 23339.99609375, 23330.2265625, 23315.9453125, 23300.96484375, 23289.373046875, 23283.39453125, 23283.380859375, 23289.009765625, 23297.642578125, 23307.6640625, 23316.345703125, 23321.2734375, 23321.904296875, 23319.1015625, 23312.9375, 23305.7265625, 23298.630859375, 23293.318359375, 23290.8203125, 23291.189453125, 23294.595703125, 23299.3203125, 23304.296875, 23308.025390625, 23310.123046875, 23309.873046875, 23308.111328125, 23305.287109375, 23302.193359375, 23299.67578125, 23298.564453125, 23297.712890625, 23297.68359375], "lower": [25693.91796875, 25518.65234375, 25254.501953125, 24117.52734375, 23276.30078125, 22460.880859375, 22015.767578125, 21971.46484375, 21994.623046875, 21969.6171875, 21966.078125, 21975.70703125, 21988.70703125, 22004.380859375, 22021.421875, 22038.875, 22055.8203125, 22072.248046875, 22089.33203125, 22106.62890625, 22123.39453125, 22140.283203125, 22156.6171875, 22171.890625, 22185.96484375, 22199.455078125, 22211.7578125, 22223.2578125, 22233.72265625, 22243.078125, 22251.388671875, 22258.916015625, 22265.333984375, 22270.541015625, 22274.939453125, 22278.23828125, 22280.7109375, 22282.40625, 22283.34765625, 22283.46484375, 22283.296875, 22282.359375, 22280.91015625, 22279.078125, 22276.861328125, 22274.380859375, 22271.828125, 22268.83203125, 22265.630859375, 22262.248046875, 22258.78125, 22255.259765625, 22251.943359375, 22248.4296875, 22244.966796875, 22241.712890625, 22238.359375, 22234.88671875, 22231.7265625, 22228.462890625, 22225.421875, 22222.4921875, 22219.734375, 22216.91015625, 22214.2890625, 22211.740234375, 22209.294921875, 22207.056640625, 22204.75390625, 22202.638671875, 22200.6171875, 22198.689453125, 22197.076171875, 22195.47265625, 22194.033203125, 22192.638671875, 22191.259765625, 22189.85546875, 22188.46875, 22187.2421875, 22186.15234375, 22185.20703125, 22184.14453125, 22183.20703125, 22182.23046875, 22181.486328125, 22180.763671875, 22180.26171875, 22179.64453125, 22179.08984375, 22178.58203125, 22178.1796875, 22177.6953125, 22177.36328125, 22176.837890625, 22176.40234375, 22176.255859375, 22176.03125, 22175.755859375, 22175.51171875]}