{"mean": [6258.887532552083, 6018.4609375, 5711.784505208333, 5217.50146484375, 4794.650065104167, 4385.682779947917, 4061.657470703125, 3898.6334635416665, 3786.8418782552085, 3742.1492513020835, 3750.793701171875, 3758.5362141927085, 3768.60498046875, 3780.7334798177085, 3790.4596354166665, 3799.1016438802085, 3802.375244140625, 3801.6481119791665, 3798.6722819010415, 3794.5724283854165, 3789.5858561197915, 3783.6031901041665, 3776.18798828125, 3765.9608561197915, 3763.474365234375, 3757.55517578125, 3743.62451171875, 3729.5282389322915, 3713.7920735677085, 3697.6638997395835, 3697.4081217447915, 3701.55810546875, 3695.317138671875, 3690.2802734375, 3688.1089680989585, 3684.6979166666665, 3671.113525390625, 3667.8286946614585, 3679.2306315104165, 3679.6480305989585, 3679.9521484375, 3680.1646321614585, 3680.2840169270835, 3680.322509765625, 3680.3246256510415, 3680.246826171875, 3680.1290690104165, 3679.9444173177085, 3679.6976725260415, 3679.4462076822915, 3679.12158203125, 3678.8229166666665, 3678.4951985677085, 3677.8866373697915, 3676.774169921875, 3675.3343098958335, 3673.630615234375, 3672.0745442708335, 3670.841064453125, 3669.9518229166665, 3669.4916178385415, 3669.3982747395835, 3669.6569010416665, 3670.041259765625, 3670.471923828125, 3670.5686848958335, 3670.3767903645835, 3669.8359375, 3669.031982421875, 3667.9803059895835, 3666.95947265625, 3666.1073404947915, 3665.506103515625, 3665.0922037760415, 3664.864013671875, 3664.733154296875, 3664.6129557291665, 3664.4322102864585, 3664.1407063802085, 3663.7240397135415, 3663.3290201822915, 3662.8837076822915, 3662.429443359375, 3661.9820149739585, 3661.6228841145835, 3661.35791015625, 3661.1283365885415, 3661.0240071614585, 3660.9095052083335, 3660.7733561197915, 3660.5453287760415, 3660.30078125, 3659.8245442708335, 3658.9650065104165, 3658.3961588541665, 3657.916748046875, 3657.6796875, 3657.68505859375, 3657.8951009114585, 3658.129638671875], "upper": [7032.49267578125, 6648.99755859375, 6064.154296875, 5711.8466796875, 5319.3955078125, 5047.07666015625, 4759.36767578125, 4440.33203125, 4164.54150390625, 4074.5556640625, 4076.521728515625, 4080.777587890625, 4092.293212890625, 4107.88671875, 4126.09033203125, 4143.896484375, 4145.92578125, 4139.3994140625, 4129.29345703125, 4115.92041015625, 4099.78955078125, 4081.390869140625, 4062.073974609375, 4040.471923828125, 4039.301513671875, 4030.181884765625, 3999.96728515625, 3980.2607421875, 3961.541259765625, 3948.518798828125, 3942.1767578125, 3932.5390625, 3933.1708984375, 3933.686767578125, 3934.217529296875, 3934.736083984375, 3935.18408203125, 3935.58203125, 3935.941162109375, 3936.28076171875, 3936.5263671875, 3936.739501953125, 3936.92138671875, 3937.10986328125, 3937.242919921875, 3937.38427734375, 3937.459228515625, 3937.510986328125, 3937.538330078125, 3937.6220703125, 3937.58740234375, 3937.62255859375, 3937.637939453125, 3936.830322265625, 3934.570068359375, 3931.38671875, 3927.499267578125, 3924.096923828125, 3921.62109375, 3920.245361328125, 3920.069580078125, 3920.99755859375, 3922.90087890625, 3925.291015625, 3927.66748046875, 3929.094970703125, 3929.608642578125, 3929.033203125, 3927.662109375, 3925.6005859375, 3923.56396484375, 3921.981201171875, 3921.1162109375, 3921.001953125, 3921.64697265625, 3922.693603515625, 3923.920166015625, 3925.000244140625, 3925.576171875, 3925.53857421875, 3925.056884765625, 3924.043212890625, 3922.9208984375, 3921.879150390625, 3921.099609375, 3920.718017578125, 3920.67626953125, 3921.033447265625, 3921.564208984375, 3922.1123046875, 3922.493408203125, 3922.678466796875, 3922.556640625, 3922.215087890625, 3921.765625, 3921.27001953125, 3920.812255859375, 3920.56591796875, 3920.366455078125, 3920.259765625], "lower": [5198.8271484375, 5108.58544921875, 5030.576171875, 4940.48193359375, 4295.1669921875, 3590.45458984375, 3149.922119140625, 3105.20166015625, 3117.67041015625, 3129.29833984375, 3143.35302734375, 3154.1376953125, 3162.2333984375, 3169.533447265625, 3175.892578125, 3181.91796875, 3187.4541015625, 3192.964111328125, 3198.4248046875, 3204.01513671875, 3209.46044921875, 3214.923828125, 3219.94140625, 3224.6533203125, 3228.7841796875, 3232.547607421875, 3235.821533203125, 3238.73193359375, 3241.314697265625, 3243.581787109375, 3245.584228515625, 3247.26416015625, 3248.703857421875, 3249.87158203125, 3250.79345703125, 3251.410888671875, 3251.794677734375, 3251.997802734375, 3251.9736328125, 3251.763916015625, 3251.44775390625, 3250.9248046875, 3250.312255859375, 3249.526611328125, 3248.70068359375, 3247.77294921875, 3246.779296875, 3245.72021484375, 3244.56494140625, 3243.376953125, 3242.15869140625, 3240.978515625, 3239.799560546875, 3238.61083984375, 3237.42822265625, 3236.272705078125, 3235.1162109375, 3233.92333984375, 3232.817138671875, 3231.627197265625, 3230.560302734375, 3229.507080078125, 3228.552490234375, 3227.476806640625, 3226.55029296875, 3225.58447265625, 3224.68017578125, 3223.80712890625, 3222.93701171875, 3222.046630859375, 3221.2158203125, 3220.439208984375, 3219.68798828125, 3218.9384765625, 3218.212646484375, 3217.532958984375, 3216.85302734375, 3216.180419921875, 3215.512451171875, 3214.866455078125, 3214.225830078125, 3213.64794921875, 3213.09375, 3212.486083984375, 3211.93701171875, 3211.45703125, 3210.940185546875, 3210.47607421875, 3209.986572265625, 3209.478515625, 3209.0, 3208.569580078125, 3208.08056640625, 3207.69970703125, 3207.29052734375, 3206.86279296875, 3206.489990234375, 3206.088134765625, 3205.638671875, 3205.210693359375]}