{"mean": [15520.1201171875, 14814.930338541666, 13880.386067708334, 12683.497395833334, 11329.730794270834, 10252.3798828125, 9637.865559895834, 9155.2734375, 8741.068196614584, 8660.393229166666, 8721.831705729166, 8795.361490885416, 8869.463216145834, 8947.712239583334, 9010.870279947916, 9067.180989583334, 9089.595865885416, 9057.822428385416, 8986.6044921875, 8882.328287760416, 8778.655598958334, 8722.327962239584, 8722.420572916666, 8813.996256510416, 8954.364095052084, 8784.828287760416, 8631.9619140625, 8728.041666666666, 9037.921061197916, 8797.318196614584, 8918.6337890625, 9008.83544921875, 8904.5048828125, 8833.460123697916, 8906.771158854166, 9104.350260416666, 8778.8798828125, 8770.9404296875, 8982.318359375, 8988.61962890625, 8994.14501953125, 8999.011555989584, 9003.304524739584, 9007.029296875, 9010.311197916666, 9013.16064453125, 9015.622884114584, 9017.741861979166, 9019.46435546875, 9020.9716796875, 9022.15185546875, 9023.187825520834, 9024.036295572916, 9021.249186197916, 9012.427734375, 8999.436197916666, 8983.710123697916, 8967.860188802084, 8955.893880208334, 8949.2685546875, 8948.493489583334, 8952.874348958334, 8961.6376953125, 8972.6318359375, 8982.326171875, 8988.365234375, 8990.219889322916, 8987.76806640625, 8981.7939453125, 8973.263997395834, 8964.203450520834, 8956.998372395834, 8952.944498697916, 8951.53857421875, 8952.323079427084, 8953.922688802084, 8955.682779947916, 8956.349609375, 8955.776041666666, 8953.97509765625, 8952.545735677084, 8951.214680989584, 8949.527506510416, 8947.881673177084, 8947.05712890625, 8946.639973958334, 8946.986490885416, 8948.4755859375, 8950.077311197916, 8951.201497395834, 8951.279622395834, 8950.940104166666, 8947.201497395834, 8937.5322265625, 8932.232747395834, 8928.423665364584, 8928.39208984375, 8932.09423828125, 8938.97998046875, 8946.359049479166], "upper": [17373.16796875, 16519.009765625, 14992.41796875, 14630.0732421875, 13238.8837890625, 11854.0390625, 11593.7646484375, 10029.91015625, 9517.455078125, 9539.6875, 9560.62890625, 9572.4814453125, 9601.8583984375, 9641.3623046875, 9751.5673828125, 9850.7587890625, 9869.6669921875, 9745.0419921875, 9639.478515625, 9505.9638671875, 9345.763671875, 9233.9638671875, 9125.4599609375, 9471.9111328125, 9900.326171875, 9368.259765625, 9004.4052734375, 9103.7060546875, 9743.021484375, 9622.6015625, 9774.1533203125, 9476.8671875, 9472.9833984375, 9485.24609375, 9496.255859375, 9697.904296875, 9514.4970703125, 9522.0791015625, 9528.9345703125, 9535.2314453125, 9540.8310546875, 9545.8662109375, 9550.4931640625, 9554.7724609375, 9558.59765625, 9562.181640625, 9565.28125, 9568.0869140625, 9570.572265625, 9572.9892578125, 9574.97265625, 9576.884765625, 9578.634765625, 9569.765625, 9543.09375, 9504.9736328125, 9459.890625, 9414.642578125, 9400.3642578125, 9399.8310546875, 9399.142578125, 9398.365234375, 9407.4794921875, 9442.8544921875, 9474.1650390625, 9494.5712890625, 9502.330078125, 9497.158203125, 9481.4248046875, 9458.0595703125, 9433.107421875, 9413.60546875, 9403.599609375, 9404.169921875, 9414.869140625, 9430.3193359375, 9447.9091796875, 9463.001953125, 9471.8330078125, 9473.4140625, 9469.33984375, 9459.697265625, 9448.1376953125, 9436.78125, 9428.4638671875, 9424.6474609375, 9425.6669921875, 9432.0205078125, 9440.6630859375, 9449.53125, 9456.3310546875, 9460.48046875, 9460.6669921875, 9458.2490234375, 9454.1171875, 9449.33203125, 9445.7158203125, 9444.228515625, 9443.2666015625, 9443.66015625], "lower": [12227.1591796875, 12098.587890625, 11930.853515625, 11231.203125, 10257.9873046875, 8637.796875, 7683.962890625, 7870.125, 7543.28271484375, 7423.619140625, 7437.296875, 7482.07470703125, 7526.4482421875, 7568.2822265625, 7613.13037109375, 7659.3515625, 7706.37353515625, 7751.48193359375, 7793.75, 7832.42138671875, 7868.3515625, 7901.81494140625, 7933.505859375, 7962.85498046875, 7988.51025390625, 8011.03173828125, 8030.455078125, 8046.8251953125, 8060.69482421875, 8072.21533203125, 8082.1669921875, 8090.31884765625, 8096.8408203125, 8102.06787109375, 8106.1455078125, 8109.1279296875, 8111.2890625, 8112.990234375, 8114.0009765625, 8114.58642578125, 8114.69970703125, 8114.33544921875, 8113.81005859375, 8112.8251953125, 8111.6484375, 8110.20654296875, 8108.63330078125, 8107.0029296875, 8105.12939453125, 8103.1455078125, 8101.11376953125, 8099.18359375, 8097.26904296875, 8095.37060546875, 8093.4951171875, 8091.712890625, 8089.93798828125, 8088.06494140625, 8086.3291015625, 8084.5498046875, 8082.8876953125, 8081.3369140625, 8079.826171875, 8078.2666015625, 8076.822265625, 8075.412109375, 8074.16064453125, 8072.93603515625, 8071.73046875, 8070.513671875, 8069.384765625, 8068.33984375, 8067.30615234375, 8066.35009765625, 8065.42333984375, 8064.56103515625, 8063.72412109375, 8062.8076171875, 8061.9658203125, 8061.16357421875, 8060.41064453125, 8059.70556640625, 8059.00927734375, 8058.21923828125, 8057.56787109375, 8056.990234375, 8056.28759765625, 8055.822265625, 8055.22412109375, 8054.5751953125, 8054.0390625, 8053.4306640625, 8052.6611328125, 8052.064453125, 8051.38671875, 8050.66943359375, 8050.02685546875, 8049.29931640625, 8048.43994140625, 8047.5966796875]}