{"mean": [2662.4921061197915, 2621.7828776041665, 2590.8334147135415, 2583.1908365885415, 2581.4202473958335, 2570.3985188802085, 2563.66455078125, 2557.4921061197915, 2549.3193359375, 2540.51806640625, 2536.9585774739585, 2537.2250162760415, 2535.9632161458335, 2535.7603352864585, 2539.176025390625, 2546.3975423177085, 2555.2308756510415, 2558.3069661458335, 2560.7989908854165, 2562.5951334635415, 2562.7569986979165, 2560.0338541666665, 2553.8775227864585, 2553.2197265625, 2561.787109375, 2577.935546875, 2603.409912109375, 2634.443359375, 2664.1837565104165, 2684.2001953125, 2690.8565266927085, 2690.4849446614585, 2699.7303873697915, 2713.4291178385415, 2718.8858235677085, 2716.7384440104165, 2712.9100748697915, 2709.196533203125, 2707.64599609375, 2710.91552734375, 2715.1620279947915, 2721.4120279947915, 2728.48486328125, 2733.421875, 2739.2246907552085, 2744.6753743489585, 2750.5386555989585, 2755.3770345052085, 2757.3440755208335, 2766.349609375, 2772.14990234375, 2770.0986328125, 2767.1559244791665, 2769.0817057291665, 2777.4893391927085, 2802.8421223958335, 2843.9970703125, 2870.5491536458335, 2866.439453125, 2872.7071940104165, 2888.734619140625, 2883.222900390625, 2871.623046875, 2865.9666341145835, 2865.4564615885415, 2865.5655110677085, 2863.59912109375, 2861.0633138020835, 2859.4269205729165, 2856.6748046875, 2853.6134440104165, 2852.0010579427085, 2856.1541341145835, 2857.1104329427085, 2857.4088541666665, 2856.356201171875, 2855.98681640625, 2842.1883951822915, 2837.087890625, 2832.2552083333335, 2826.3177083333335, 2820.566650390625, 2814.2156575520835, 2812.1748860677085, 2812.654541015625, 2815.5602213541665, 2814.3068033854165, 2814.023193359375, 2818.1145833333335, 2826.5364583333335, 2836.059326171875, 2846.7919108072915, 2849.4966634114585, 2847.6927897135415, 2844.2277018229165, 2837.1670735677085, 2829.7923990885415, 2824.318359375, 2818.9935709635415, 2815.789306640625], "upper": [2983.84130859375, 2953.09375, 2935.01025390625, 2945.46630859375, 2968.199951171875, 2988.896240234375, 3012.565673828125, 3014.325439453125, 3001.74267578125, 2986.27490234375, 2972.25439453125, 2967.9912109375, 2961.651123046875, 2958.67431640625, 2959.885986328125, 2964.025146484375, 2971.2724609375, 2971.015869140625, 2971.09326171875, 2971.166259765625, 2971.3115234375, 2971.69970703125, 2971.828857421875, 2972.338623046875, 2972.61865234375, 2973.37109375, 2973.867431640625, 2974.5703125, 2975.208984375, 2975.72705078125, 2976.20068359375, 2976.771484375, 2977.526611328125, 2977.864013671875, 2978.662109375, 2978.7939453125, 2979.45654296875, 2979.7578125, 2980.0283203125, 2980.53955078125, 2980.771484375, 2980.94482421875, 2981.447021484375, 2981.358154296875, 2981.75390625, 2982.104736328125, 2982.498779296875, 2982.24853515625, 2982.832275390625, 2983.186279296875, 2983.650390625, 2983.9013671875, 2984.29345703125, 2984.514404296875, 2984.695068359375, 2985.109375, 2985.449951171875, 2985.43603515625, 2985.789306640625, 2985.9873046875, 2986.363525390625, 2986.147705078125, 2986.277587890625, 2984.38330078125, 2986.6728515625, 2986.81201171875, 2986.794189453125, 2985.37841796875, 2986.95263671875, 2986.7255859375, 2986.609619140625, 2987.12841796875, 2986.9111328125, 2986.327392578125, 2985.58935546875, 2983.982421875, 2985.1220703125, 2944.64599609375, 2926.332763671875, 2905.44287109375, 2881.81591796875, 2862.105224609375, 2861.983154296875, 2864.839111328125, 2865.43701171875, 2863.109619140625, 2859.83251953125, 2877.039794921875, 2906.111083984375, 2941.214599609375, 2977.808349609375, 3016.016357421875, 3032.00341796875, 3032.501708984375, 3028.99267578125, 3013.643310546875, 2996.012939453125, 2981.972412109375, 2971.23876953125, 2965.90966796875], "lower": [2410.781494140625, 2324.52880859375, 2272.0576171875, 2259.5, 2261.1337890625, 2266.682861328125, 2276.235595703125, 2290.542724609375, 2308.050537109375, 2311.208740234375, 2303.19677734375, 2301.425537109375, 2301.29833984375, 2305.4267578125, 2318.831787109375, 2333.550537109375, 2329.585693359375, 2324.26171875, 2318.32958984375, 2312.809326171875, 2307.646484375, 2301.71337890625, 2296.43994140625, 2293.097900390625, 2293.146240234375, 2295.5615234375, 2299.360107421875, 2303.57373046875, 2306.27587890625, 2306.64013671875, 2304.77587890625, 2304.05908203125, 2305.74072265625, 2311.49169921875, 2318.559814453125, 2325.399658203125, 2329.301025390625, 2332.372314453125, 2336.91796875, 2341.975341796875, 2351.030029296875, 2366.856689453125, 2385.4716796875, 2398.856201171875, 2413.572509765625, 2423.26806640625, 2430.24609375, 2439.40234375, 2439.04443359375, 2458.538330078125, 2475.04150390625, 2471.037353515625, 2463.734130859375, 2468.9072265625, 2491.74951171875, 2566.885009765625, 2689.541015625, 2769.190673828125, 2756.826904296875, 2776.74951171875, 2826.87548828125, 2814.15478515625, 2784.432861328125, 2776.009521484375, 2780.6025390625, 2789.151123046875, 2793.410888671875, 2796.846435546875, 2790.62841796875, 2779.68017578125, 2769.844970703125, 2760.964599609375, 2753.714599609375, 2746.43798828125, 2743.0556640625, 2739.98583984375, 2738.431396484375, 2738.25390625, 2738.892333984375, 2739.097900390625, 2738.870361328125, 2738.9375, 2738.41796875, 2737.96533203125, 2738.461181640625, 2741.412841796875, 2726.40283203125, 2710.2041015625, 2700.310546875, 2698.29443359375, 2697.771728515625, 2699.546875, 2698.42431640625, 2698.0712890625, 2695.8818359375, 2694.863525390625, 2695.5, 2698.471435546875, 2701.22509765625, 2705.6953125]}