{"mean": [6184.769368489583, 6121.576334635417, 6065.528971354167, 6021.5888671875, 5989.530436197917, 5958.249837239583, 5934.284993489583, 5907.374674479167, 5874.974772135417, 5841.19140625, 5821.611328125, 5812.131510416667, 5807.662272135417, 5804.687174479167, 5804.86328125, 5807.145670572917, 5821.38330078125, 5830.444661458333, 5835.392740885417, 5835.236328125, 5827.755859375, 5812.076822916667, 5785.817545572917, 5753.311197916667, 5715.3203125, 5657.72998046875, 5586.4638671875, 5523.751139322917, 5455.929036458333, 5380.065592447917, 5302.386067708333, 5234.629557291667, 5173.980794270833, 5133.189127604167, 5129.856608072917, 5153.80615234375, 5185.107747395833, 5213.691243489583, 5242.700846354167, 5266.777018229167, 5283.740397135417, 5295.821614583333, 5298.700032552083, 5289.223795572917, 5278.198404947917, 5257.646809895833, 5227.33544921875, 5186.319498697917, 5127.10400390625, 5064.355631510417, 5046.419108072917, 5061.177083333333, 5097.691080729167, 5105.570475260417, 5084.275390625, 5021.922037760417, 4933.956868489583, 4815.51953125, 4706.242838541667, 4614.124348958333, 4573.396809895833, 4590.983723958333, 4630.18896484375, 4668.069010416667, 4702.838704427083, 4723.336751302083, 4731.288411458333, 4725.441569010417, 4711.054850260417, 4689.390787760417, 4663.968098958333, 4637.463541666667, 4616.231282552083, 4600.2158203125, 4592.691243489583, 4588.43896484375, 4591.047526041667, 4614.340169270833, 4650.87060546875, 4683.272623697917, 4716.7802734375, 4746.210611979167, 4768.450358072917, 4783.250162760417, 4787.611002604167, 4783.965983072917, 4765.82470703125, 4737.051595052083, 4707.677734375, 4678.788411458333, 4660.618815104167, 4660.51220703125, 4671.404947916667, 4676.325358072917, 4679.623697916667, 4681.67236328125, 4691.6591796875, 4702.914225260417, 4712.671712239583, 4718.698404947917], "upper": [7171.25390625, 7155.2958984375, 7117.271484375, 7070.14306640625, 7007.32177734375, 6914.09619140625, 6811.63623046875, 6709.755859375, 6659.81640625, 6694.46533203125, 6716.4951171875, 6727.71142578125, 6731.013671875, 6725.2734375, 6714.63916015625, 6703.22802734375, 6696.71240234375, 6688.287109375, 6685.62451171875, 6695.32763671875, 6683.65771484375, 6651.1044921875, 6632.2392578125, 6622.0478515625, 6621.400390625, 6626.11181640625, 6634.8798828125, 6643.65673828125, 6648.43603515625, 6646.8544921875, 6638.55615234375, 6633.02734375, 6633.70849609375, 6644.701171875, 6657.39453125, 6667.36279296875, 6668.0615234375, 6664.08544921875, 6659.7919921875, 6653.41650390625, 6651.11474609375, 6655.0205078125, 6655.66943359375, 6642.37109375, 6640.9296875, 6621.060546875, 6571.24658203125, 6497.68408203125, 6370.35693359375, 6221.27880859375, 6198.42529296875, 6260.8466796875, 6370.81591796875, 6379.650390625, 6289.38623046875, 6067.634765625, 5762.22607421875, 5367.1171875, 5007.681640625, 5002.609375, 5017.2900390625, 5020.20849609375, 5011.4052734375, 4993.865234375, 5001.267578125, 5084.169921875, 5130.02978515625, 5133.8173828125, 5105.66015625, 5054.38525390625, 4987.53515625, 4913.68896484375, 4861.54345703125, 4862.416015625, 4871.6806640625, 4882.6455078125, 4895.20947265625, 4911.15966796875, 4927.55908203125, 4945.1884765625, 4963.1337890625, 4977.53173828125, 4984.2578125, 4982.31640625, 4975.146484375, 4971.046875, 4950.42333984375, 4927.99951171875, 4906.25048828125, 4888.43359375, 4878.72021484375, 4879.91015625, 4886.45361328125, 4894.03076171875, 4900.04833984375, 4906.20556640625, 4915.2744140625, 4921.10400390625, 4923.3935546875, 4937.36865234375], "lower": [4515.18994140625, 4494.017578125, 4491.01904296875, 4467.248046875, 4442.73876953125, 4422.13427734375, 4417.10107421875, 4396.02783203125, 4365.66650390625, 4339.3798828125, 4323.62255859375, 4310.48876953125, 4284.77587890625, 4246.40380859375, 4199.458984375, 4149.7373046875, 4145.2373046875, 4143.77001953125, 4142.57470703125, 4141.54931640625, 4140.59619140625, 4139.90087890625, 4138.80419921875, 4138.25830078125, 4137.33056640625, 4136.88037109375, 4136.3154296875, 4135.87841796875, 4135.58837890625, 4135.22119140625, 4134.73681640625, 4134.3173828125, 4134.1435546875, 4133.6181640625, 4133.66162109375, 4133.1787109375, 4133.1875, 4132.9140625, 4132.64404296875, 4132.79931640625, 4132.5908203125, 4132.36083984375, 4132.3525390625, 4131.9541015625, 4131.96728515625, 4131.93994140625, 4131.84912109375, 4131.5009765625, 4131.69921875, 4131.6708984375, 4131.84375, 4131.92431640625, 4132.06591796875, 4131.94091796875, 4132.0888671875, 4132.44140625, 4132.7314453125, 4132.61279296875, 4132.79638671875, 4132.84619140625, 4133.2265625, 4132.9931640625, 4132.8291015625, 4131.3447265625, 4133.4287109375, 4133.046875, 4133.15283203125, 4132.39306640625, 4135.11279296875, 4136.46142578125, 4136.9921875, 4137.2158203125, 4136.0185546875, 4133.96875, 4131.74169921875, 4130.0048828125, 4131.6357421875, 4176.20654296875, 4250.2578125, 4307.21630859375, 4354.8486328125, 4390.830078125, 4409.97607421875, 4420.33349609375, 4421.78271484375, 4414.8125, 4397.72021484375, 4374.9443359375, 4350.79833984375, 4322.3466796875, 4298.31201171875, 4309.73095703125, 4334.34033203125, 4336.38671875, 4328.96923828125, 4310.78076171875, 4301.0546875, 4298.57568359375, 4300.5546875, 4301.98876953125]}