{"mean": [1667.3448079427083, 1624.0167236328125, 1618.9191080729167, 1621.53271484375, 1630.63623046875, 1620.7693277994792, 1627.3792317708333, 1620.0336100260417, 1595.0448811848958, 1584.1626790364583, 1573.0440673828125, 1565.5759684244792, 1563.8205973307292, 1562.6149495442708, 1567.4662272135417, 1567.4040120442708, 1569.3861897786458, 1567.5722249348958, 1570.9001057942708, 1570.0100911458333, 1564.1397298177083, 1559.8947347005208, 1560.4977213541667, 1552.1860758463542, 1539.6763102213542, 1540.1458740234375, 1545.1268310546875, 1555.3888753255208, 1564.8026936848958, 1567.5048014322917, 1569.9053141276042, 1573.5981038411458, 1582.7080891927083, 1589.3510335286458, 1590.2720540364583, 1586.7814534505208, 1581.9029134114583, 1577.4590250651042, 1568.9149983723958, 1565.10400390625, 1558.504638671875, 1556.2451985677083, 1555.0989176432292, 1543.3167317708333, 1529.9856770833333, 1529.0167643229167, 1524.6784261067708, 1532.1746826171875, 1510.95361328125, 1512.231689453125, 1513.6700439453125, 1512.3805745442708, 1513.3306884765625, 1512.0014241536458, 1511.1845703125, 1517.2028401692708, 1530.0791829427083, 1543.0125325520833, 1550.7721761067708, 1561.6527099609375, 1570.0968424479167, 1568.1067708333333, 1562.3995768229167, 1557.52734375, 1553.2783203125, 1551.1508382161458, 1550.7793375651042, 1552.4494222005208, 1554.9449462890625, 1558.1936442057292, 1562.0556640625, 1566.4188232421875, 1570.1131998697917, 1572.8163248697917, 1573.9378662109375, 1574.7879638671875, 1575.8568115234375, 1564.4234619140625, 1556.6536051432292, 1551.5278727213542, 1551.9219156901042, 1548.2625325520833, 1545.4187418619792, 1543.9567464192708, 1544.0575358072917, 1545.5885823567708, 1548.7042643229167, 1553.7593180338542, 1559.8692220052083, 1568.3121337890625, 1578.3678385416667, 1590.6334228515625, 1597.2222086588542, 1597.3660481770833, 1594.9961751302083, 1588.4223225911458, 1582.02978515625, 1576.3258056640625, 1573.1269938151042, 1571.47021484375], "upper": [1727.72314453125, 1640.3853759765625, 1638.167724609375, 1640.57568359375, 1665.26513671875, 1700.66357421875, 1716.69580078125, 1714.1903076171875, 1698.6561279296875, 1681.640869140625, 1667.011474609375, 1658.6470947265625, 1656.6265869140625, 1643.955322265625, 1650.1890869140625, 1665.9075927734375, 1675.115234375, 1675.4080810546875, 1675.7762451171875, 1676.201416015625, 1676.6861572265625, 1677.2347412109375, 1677.7977294921875, 1678.4500732421875, 1679.0904541015625, 1679.77978515625, 1680.5103759765625, 1681.20751953125, 1681.944091796875, 1682.6534423828125, 1683.3597412109375, 1684.0836181640625, 1684.7086181640625, 1685.3143310546875, 1685.9569091796875, 1686.536865234375, 1687.0638427734375, 1687.5435791015625, 1687.9737548828125, 1688.4136962890625, 1688.8045654296875, 1689.137939453125, 1689.482421875, 1689.7646484375, 1690.0718994140625, 1690.334228515625, 1690.62255859375, 1691.00244140625, 1691.332275390625, 1691.643310546875, 1691.9869384765625, 1692.3475341796875, 1692.6690673828125, 1693.00537109375, 1693.3587646484375, 1693.6837158203125, 1694.0386962890625, 1694.316162109375, 1694.5758056640625, 1694.7474365234375, 1695.0526123046875, 1695.2347412109375, 1695.3306884765625, 1695.8607177734375, 1695.70654296875, 1695.71435546875, 1695.89697265625, 1696.4180908203125, 1695.96533203125, 1695.3751220703125, 1695.2255859375, 1695.8271484375, 1695.857421875, 1695.6724853515625, 1694.994384765625, 1693.8338623046875, 1696.0770263671875, 1647.441162109375, 1626.37109375, 1613.3785400390625, 1619.2672119140625, 1612.131103515625, 1607.8013916015625, 1606.2347412109375, 1606.8966064453125, 1609.8485107421875, 1615.0645751953125, 1623.2384033203125, 1634.8865966796875, 1652.91845703125, 1678.793212890625, 1714.2701416015625, 1733.7064208984375, 1734.3623046875, 1729.175537109375, 1712.4078369140625, 1696.2763671875, 1682.829345703125, 1674.756591796875, 1670.883056640625], "lower": [1634.855224609375, 1592.3795166015625, 1589.367431640625, 1584.828857421875, 1587.73388671875, 1573.37890625, 1566.5723876953125, 1548.5457763671875, 1490.8494873046875, 1462.226318359375, 1443.9813232421875, 1429.936767578125, 1426.4241943359375, 1434.8597412109375, 1442.52099609375, 1440.5389404296875, 1437.7984619140625, 1432.6951904296875, 1443.028076171875, 1440.824951171875, 1423.6834716796875, 1422.6680908203125, 1424.649169921875, 1400.012939453125, 1363.2928466796875, 1365.75634765625, 1381.873291015625, 1413.56689453125, 1442.220703125, 1450.008544921875, 1456.220458984375, 1466.4937744140625, 1493.950439453125, 1515.1072998046875, 1519.5628662109375, 1510.971435546875, 1497.79931640625, 1486.1361083984375, 1474.205322265625, 1465.085693359375, 1459.68603515625, 1457.0291748046875, 1457.528564453125, 1463.073486328125, 1417.7037353515625, 1407.8919677734375, 1404.01025390625, 1402.4044189453125, 1331.1414794921875, 1328.823486328125, 1328.0377197265625, 1320.4002685546875, 1321.8306884765625, 1318.602294921875, 1318.3140869140625, 1338.735107421875, 1381.3648681640625, 1422.9837646484375, 1448.9593505859375, 1483.572021484375, 1505.6986083984375, 1503.0062255859375, 1484.1702880859375, 1466.5113525390625, 1451.384521484375, 1442.517578125, 1438.9481201171875, 1440.9892578125, 1446.8043212890625, 1455.4349365234375, 1465.893310546875, 1477.59130859375, 1488.588623046875, 1496.122802734375, 1501.0560302734375, 1505.17041015625, 1507.162841796875, 1522.803955078125, 1521.784912109375, 1520.4722900390625, 1517.36669921875, 1514.483154296875, 1511.0579833984375, 1507.98046875, 1506.829833984375, 1507.774169921875, 1510.511474609375, 1513.685791015625, 1516.339111328125, 1518.78564453125, 1520.6976318359375, 1520.668701171875, 1520.7391357421875, 1520.84716796875, 1520.43701171875, 1519.69677734375, 1519.8455810546875, 1519.009033203125, 1519.4010009765625, 1520.90380859375]}