{"mean": [959.0420532226562, 967.7511393229166, 970.2800496419271, 966.4926961263021, 958.1078694661459, 952.3093058268229, 949.7904256184896, 947.9687093098959, 947.3248494466146, 948.0248006184896, 949.9689127604166, 950.8188680013021, 949.7367553710938, 946.9301554361979, 942.8510131835938, 936.5415852864584, 934.1402994791666, 933.6905721028646, 933.2215169270834, 932.7246907552084, 932.1804606119791, 931.5526936848959, 930.8027140299479, 930.1410929361979, 929.1872355143229, 928.0218098958334, 927.1575927734375, 925.7847086588541, 923.076416015625, 918.8329264322916, 914.8722941080729, 911.5498860677084, 911.0159708658854, 911.6651814778646, 911.7618815104166, 911.1493733723959, 910.6178181966146, 910.6648356119791, 910.8610026041666, 911.5010579427084, 911.875732421875, 912.1172485351562, 912.1981811523438, 912.0090942382812, 911.6932169596354, 911.3761189778646, 911.0227457682291, 910.4319864908854, 909.8360392252604, 909.7461344401041, 909.465087890625, 909.0392659505209, 908.6853230794271, 908.1467488606771, 907.1275838216146, 905.8018391927084, 903.5817667643229, 898.1436564127604, 892.8249308268229, 891.0543009440104, 892.9471028645834, 892.5419921875, 891.6876017252604, 891.8335571289062, 892.7255045572916, 893.534423828125, 894.0667317708334, 894.1212158203125, 894.2056070963541, 894.0246175130209, 893.5907185872396, 893.0557861328125, 893.0763753255209, 893.0754191080729, 893.1169840494791, 893.3158976236979, 893.312255859375, 905.4070841471354, 914.6788330078125, 921.5274251302084, 925.8419596354166, 928.8753662109375, 930.7516886393229, 931.8513590494791, 932.1781819661459, 931.7860107421875, 930.1175130208334, 927.48681640625, 923.2531331380209, 916.1676432291666, 908.781982421875, 903.8821411132812, 902.952880859375, 903.13525390625, 903.3553873697916, 904.6974283854166, 906.6923217773438, 909.0338134765625, 911.0992635091146, 912.1409708658854], "upper": [991.7755126953125, 990.857177734375, 989.7977905273438, 988.6026611328125, 987.1071166992188, 987.2559814453125, 987.3204345703125, 987.4052124023438, 987.741943359375, 988.128173828125, 988.4163208007812, 988.6969604492188, 988.7982788085938, 988.7939453125, 988.6904296875, 988.5259399414062, 988.1613159179688, 987.7316284179688, 987.2887573242188, 986.7271728515625, 986.2276000976562, 985.7045288085938, 985.2215576171875, 984.7828979492188, 984.31640625, 983.9075927734375, 983.5377807617188, 983.2107543945312, 982.9498291015625, 982.7217407226562, 982.53515625, 982.3331909179688, 982.1069946289062, 981.695556640625, 981.3287963867188, 980.8629150390625, 980.3739013671875, 979.7960205078125, 979.0797729492188, 978.4369506835938, 977.851806640625, 977.2633056640625, 976.859619140625, 976.4663696289062, 976.1357421875, 975.8355102539062, 975.4788208007812, 975.047607421875, 974.0731811523438, 974.1903076171875, 973.6456298828125, 972.2823486328125, 971.0145874023438, 969.2310791015625, 965.8888549804688, 961.4305419921875, 954.3233032226562, 936.7403564453125, 931.499267578125, 932.1514282226562, 932.6571044921875, 932.782470703125, 932.5977172851562, 932.1845703125, 931.7005615234375, 931.152099609375, 930.46435546875, 929.9939575195312, 929.54931640625, 929.0424194335938, 928.6929321289062, 928.4525146484375, 928.4036254882812, 928.5087890625, 928.6376953125, 928.873046875, 929.2498168945312, 929.68505859375, 930.1834716796875, 930.8004760742188, 931.6121826171875, 932.4609375, 932.6295776367188, 933.0305786132812, 933.6519165039062, 932.471923828125, 931.0238647460938, 930.0335693359375, 929.390625, 929.1060791015625, 929.1151123046875, 929.2139892578125, 929.354736328125, 929.5767211914062, 929.7440795898438, 929.8193969726562, 930.1428833007812, 930.1519775390625, 930.1416015625, 930.49169921875], "lower": [898.9986572265625, 927.0711669921875, 935.4791259765625, 924.2979125976562, 900.1439208984375, 884.5454711914062, 878.2932739257812, 874.1577758789062, 872.8548583984375, 874.98486328125, 880.5897827148438, 883.373046875, 880.9638061523438, 873.6927490234375, 862.6515502929688, 844.6761474609375, 838.2767944335938, 837.8613891601562, 837.39013671875, 836.9381713867188, 836.446044921875, 835.9899291992188, 835.4655151367188, 834.9813232421875, 834.4686279296875, 834.0245361328125, 833.5205688476562, 833.0874633789062, 832.6917114257812, 832.2781372070312, 831.9090576171875, 831.5330200195312, 831.2298583984375, 830.8833618164062, 830.6647338867188, 830.3819580078125, 830.1729125976562, 829.9325561523438, 829.7445678710938, 829.5687866210938, 829.4002075195312, 829.2105102539062, 829.056640625, 828.8798828125, 828.7384643554688, 828.6616821289062, 828.5389404296875, 828.2998657226562, 828.1932983398438, 828.0526123046875, 827.9172973632812, 827.7776489257812, 827.6629028320312, 827.5184936523438, 827.42138671875, 827.3271484375, 827.2496337890625, 827.1038818359375, 827.0690307617188, 827.0244140625, 826.9249267578125, 826.8220825195312, 826.7349853515625, 826.3145141601562, 826.6939697265625, 826.6471557617188, 826.613525390625, 826.2322998046875, 826.8491821289062, 827.2913818359375, 827.3922119140625, 827.2259521484375, 827.0640258789062, 826.8541259765625, 826.8185424804688, 827.0253295898438, 826.3563232421875, 861.7774658203125, 888.3065185546875, 907.5064086914062, 919.0101928710938, 926.3014526367188, 928.8414916992188, 930.0214233398438, 930.8065795898438, 930.9370727539062, 928.7937622070312, 922.8102416992188, 912.048583984375, 891.930419921875, 870.0927124023438, 855.6519775390625, 852.5872802734375, 852.7809448242188, 853.0740356445312, 856.8009643554688, 861.9666748046875, 868.0015258789062, 873.187255859375, 875.9141845703125]}