{"mean": [3100.4613444010415, 3058.1031901041665, 3026.4098307291665, 3020.1798502604165, 3023.0442708333335, 3011.44775390625, 3002.8208821614585, 2995.6075032552085, 2986.0818684895835, 2975.0581868489585, 2969.6697591145835, 2968.1781412760415, 2965.266357421875, 2961.9111328125, 2960.5176595052085, 2962.712646484375, 2967.31689453125, 2967.25, 2966.6610514322915, 2965.6224772135415, 2963.7084147135415, 2960.045166015625, 2954.5453287760415, 2953.4867350260415, 2958.9573567708335, 2970.079345703125, 2990.31201171875, 3017.8848470052085, 3046.4651692708335, 3066.91015625, 3070.3958333333335, 3061.4302571614585, 3057.1480305989585, 3059.5965983072915, 3061.930419921875, 3061.8563639322915, 3061.9566243489585, 3062.2860514322915, 3064.0536295572915, 3066.2202962239585, 3067.869384765625, 3069.5457356770835, 3070.21435546875, 3068.4651692708335, 3065.3291829427085, 3061.477294921875, 3059.989501953125, 3059.0519205729165, 3058.065185546875, 3066.7216796875, 3069.0170084635415, 3062.8744303385415, 3056.3033040364585, 3058.362060546875, 3069.450439453125, 3099.5274251302085, 3146.5469563802085, 3186.4437662760415, 3185.0469563802085, 3174.5301106770835, 3178.9393717447915, 3176.8048502604165, 3175.64404296875, 3178.36376953125, 3183.648193359375, 3186.0794270833335, 3186.8600260416665, 3186.26318359375, 3185.142822265625, 3182.62451171875, 3178.9650065104165, 3175.38330078125, 3174.64306640625, 3172.66552734375, 3171.40673828125, 3169.9540201822915, 3170.2237955729165, 3162.2945963541665, 3159.9803059895835, 3157.1114908854165, 3153.71337890625, 3150.993896484375, 3147.8461100260415, 3147.593017578125, 3149.169677734375, 3152.570556640625, 3153.0460611979165, 3156.6177571614585, 3165.3321940104165, 3175.1524251302085, 3182.8943684895835, 3196.459228515625, 3200.334716796875, 3199.984619140625, 3198.046875, 3192.7252604166665, 3185.2540690104165, 3179.5010579427085, 3176.391357421875, 3174.920654296875], "upper": [3361.734130859375, 3316.83642578125, 3291.549560546875, 3308.8544921875, 3349.6884765625, 3364.6767578125, 3380.06689453125, 3380.74365234375, 3367.34814453125, 3346.094482421875, 3329.514892578125, 3322.26025390625, 3313.86669921875, 3305.57275390625, 3299.517822265625, 3298.3564453125, 3304.358642578125, 3304.24755859375, 3304.31640625, 3304.471435546875, 3304.650146484375, 3305.001953125, 3305.082763671875, 3305.52734375, 3305.7099609375, 3306.2431640625, 3306.597412109375, 3307.09033203125, 3307.619873046875, 3308.0302734375, 3308.38427734375, 3308.802734375, 3309.328369140625, 3309.5322265625, 3310.136962890625, 3310.184326171875, 3310.623046875, 3310.822509765625, 3310.9541015625, 3311.32861328125, 3311.433349609375, 3311.518310546875, 3311.805908203125, 3311.674560546875, 3311.931884765625, 3312.195068359375, 3312.439453125, 3312.241943359375, 3312.6787109375, 3312.8193359375, 3313.16943359375, 3313.358154296875, 3313.628173828125, 3313.75390625, 3313.91064453125, 3314.289306640625, 3314.625244140625, 3314.589111328125, 3314.87451171875, 3314.990234375, 3315.380126953125, 3315.234375, 3315.268310546875, 3314.19580078125, 3315.78173828125, 3315.64599609375, 3315.77783203125, 3315.23681640625, 3316.180908203125, 3316.352783203125, 3316.39599609375, 3316.852783203125, 3316.466552734375, 3315.716796875, 3314.94140625, 3313.78515625, 3315.195068359375, 3289.845703125, 3277.60205078125, 3260.830078125, 3242.045166015625, 3227.545166015625, 3212.799560546875, 3206.369384765625, 3206.818603515625, 3213.527587890625, 3226.45751953125, 3248.14794921875, 3280.272216796875, 3310.67626953125, 3335.0244140625, 3375.603515625, 3389.092041015625, 3389.556640625, 3386.976318359375, 3374.1787109375, 3354.583984375, 3338.93212890625, 3332.093505859375, 3328.963623046875], "lower": [2871.104248046875, 2799.509033203125, 2755.08544921875, 2744.201171875, 2746.36279296875, 2752.93115234375, 2763.703857421875, 2778.884033203125, 2794.104736328125, 2766.04931640625, 2754.907470703125, 2750.7705078125, 2747.76611328125, 2747.850830078125, 2754.347900390625, 2767.67431640625, 2779.943115234375, 2785.72021484375, 2790.502685546875, 2793.616943359375, 2792.45654296875, 2785.162353515625, 2778.49755859375, 2773.619140625, 2771.759765625, 2772.095947265625, 2773.81689453125, 2775.946044921875, 2776.941162109375, 2776.124267578125, 2773.732666015625, 2772.150390625, 2772.345947265625, 2775.17529296875, 2778.41748046875, 2780.543701171875, 2779.3916015625, 2776.495361328125, 2773.1220703125, 2769.064697265625, 2766.584228515625, 2767.07080078125, 2767.761474609375, 2763.928466796875, 2757.08251953125, 2746.92822265625, 2740.32763671875, 2740.409912109375, 2741.10546875, 2766.447265625, 2774.68896484375, 2756.389892578125, 2734.939453125, 2737.588623046875, 2765.694091796875, 2851.855224609375, 2990.0458984375, 3107.620361328125, 3101.81396484375, 3069.4638671875, 3082.763671875, 3077.6748046875, 3076.017822265625, 3088.05859375, 3106.301513671875, 3117.728759765625, 3121.11865234375, 3117.92431640625, 3114.1103515625, 3110.246826171875, 3106.593017578125, 3103.330322265625, 3100.63037109375, 3098.130615234375, 3097.243408203125, 3096.244384765625, 3096.099609375, 3096.782958984375, 3097.8916015625, 3098.4091796875, 3097.925048828125, 3097.284912109375, 3096.6875, 3097.343505859375, 3099.5498046875, 3103.99169921875, 3094.626708984375, 3085.7783203125, 3082.58984375, 3084.929931640625, 3086.971435546875, 3089.791015625, 3089.7998046875, 3089.47607421875, 3087.585693359375, 3085.789794921875, 3084.369140625, 3084.59814453125, 3085.2109375, 3087.0693359375]}