{"mean": [6292.41650390625, 6168.112487792969, 5952.621643066406, 5802.1241455078125, 5784.641906738281, 5776.302001953125, 5779.74462890625, 5796.217224121094, 5832.835510253906, 5835.906799316406, 5837.3759765625, 5838.6944580078125, 5839.890563964844, 5840.9716796875, 5841.9095458984375, 5842.70703125, 5843.3812255859375, 5843.9049072265625, 5844.375427246094, 5844.764404296875, 5845.0162353515625, 5845.792663574219, 5848.804382324219, 5854.579772949219, 5864.216369628906, 5879.364440917969, 5899.7032470703125, 5919.9130859375, 5930.878479003906, 5925.261474609375, 5909.046203613281, 5889.783874511719, 5872.672912597656, 5860.620849609375, 5853.176513671875, 5849.168273925781, 5848.074951171875, 5849.668212890625, 5854.010009765625, 5861.249816894531, 5870.843688964844, 5880.816650390625, 5887.831298828125, 5890.527648925781, 5888.614990234375, 5882.937438964844, 5875.059509277344, 5868.547302246094, 5864.0970458984375, 5862.5611572265625, 5863.4747314453125, 5866.393798828125, 5871.3057861328125, 5877.871398925781, 5883.817687988281, 5888.827575683594, 5893.0970458984375, 5895.442443847656, 5893.347473144531, 5887.989440917969, 5884.0274658203125, 5884.405456542969, 5887.63623046875, 5889.6026611328125, 5889.306335449219, 5887.54736328125, 5884.564636230469, 5882.525451660156, 5881.917907714844, 5883.222961425781, 5886.798095703125, 5889.177551269531, 5888.180603027344, 5884.722595214844, 5882.908020019531, 5883.7308349609375, 5885.750793457031, 5889.925231933594, 5895.135192871094, 5897.516357421875, 5896.7261962890625, 5894.9625244140625, 5892.595764160156, 5890.31103515625, 5891.6458740234375, 5895.0020751953125, 5898.0526123046875, 5897.891662597656, 5896.303894042969, 5894.988342285156, 5895.751647949219, 5895.697448730469, 5895.379150390625, 5894.323303222656, 5895.007873535156, 5896.4854736328125, 5896.388916015625, 5895.1650390625, 5895.1041259765625, 5896.70263671875], "upper": [6292.4267578125, 6168.12353515625, 5952.62939453125, 5802.13720703125, 5784.650390625, 5776.32958984375, 5779.79931640625, 5796.6328125, 5833.55810546875, 5836.4755859375, 5838.126953125, 5839.51806640625, 5840.796875, 5841.96923828125, 5842.91015625, 5843.720703125, 5844.462890625, 5845.0224609375, 5845.4453125, 5845.7705078125, 5846.2333984375, 5846.703125, 5851.5302734375, 5858.92822265625, 5872.09228515625, 5891.0517578125, 5911.12255859375, 5927.9140625, 5935.30615234375, 5927.44677734375, 5912.0439453125, 5893.6962890625, 5876.53662109375, 5864.01025390625, 5856.2607421875, 5851.8671875, 5850.453125, 5851.87744140625, 5855.86865234375, 5864.06884765625, 5873.86376953125, 5883.51171875, 5891.07080078125, 5894.21240234375, 5893.0693359375, 5887.45458984375, 5879.47802734375, 5871.2353515625, 5865.08447265625, 5864.9150390625, 5867.068359375, 5871.138671875, 5876.60595703125, 5882.11474609375, 5886.1357421875, 5892.79736328125, 5900.81982421875, 5900.42822265625, 5895.9091796875, 5891.037109375, 5885.9755859375, 5889.021484375, 5891.6650390625, 5892.8857421875, 5901.27001953125, 5902.74560546875, 5893.61962890625, 5887.23974609375, 5885.40771484375, 5887.98681640625, 5891.625, 5894.15625, 5904.1943359375, 5897.63671875, 5886.8857421875, 5887.77001953125, 5892.283203125, 5896.02978515625, 5901.21484375, 5904.5849609375, 5906.1669921875, 5903.31298828125, 5898.6806640625, 5896.0869140625, 5899.1826171875, 5899.80419921875, 5901.1416015625, 5904.21142578125, 5905.052734375, 5899.48876953125, 5900.6953125, 5904.634765625, 5902.564453125, 5904.9482421875, 5900.9892578125, 5901.27001953125, 5902.978515625, 5904.30712890625, 5902.20458984375, 5901.0419921875], "lower": [6292.40869140625, 6168.1064453125, 5952.61181640625, 5802.1142578125, 5784.63134765625, 5776.2587890625, 5779.68408203125, 5795.60888671875, 5831.48876953125, 5835.60888671875, 5837.01953125, 5838.31494140625, 5839.4814453125, 5840.55126953125, 5841.4765625, 5842.2236328125, 5842.880859375, 5843.3720703125, 5843.9677734375, 5844.3017578125, 5844.56005859375, 5845.3681640625, 5847.5546875, 5852.255859375, 5859.93896484375, 5873.1201171875, 5891.84326171875, 5911.63916015625, 5925.70361328125, 5918.7685546875, 5899.52734375, 5882.27880859375, 5867.72412109375, 5857.59326171875, 5851.0146484375, 5847.224609375, 5846.31494140625, 5848.19384765625, 5852.57568359375, 5859.2958984375, 5868.7412109375, 5878.60791015625, 5883.3994140625, 5884.791015625, 5882.759765625, 5877.650390625, 5871.9541015625, 5867.14990234375, 5862.2197265625, 5860.7353515625, 5861.6982421875, 5863.47900390625, 5867.58837890625, 5874.27001953125, 5881.0400390625, 5885.1162109375, 5885.04052734375, 5884.01806640625, 5882.86865234375, 5882.76220703125, 5876.68701171875, 5876.423828125, 5882.71337890625, 5885.30419921875, 5884.55908203125, 5881.32666015625, 5877.64404296875, 5879.4267578125, 5869.52685546875, 5870.30419921875, 5879.5068359375, 5884.85302734375, 5882.8125, 5881.2177734375, 5880.3203125, 5877.994140625, 5877.1865234375, 5885.17822265625, 5887.806640625, 5889.8486328125, 5891.49853515625, 5887.77978515625, 5881.84423828125, 5879.74951171875, 5885.28759765625, 5891.4814453125, 5895.07958984375, 5890.84375, 5890.3603515625, 5889.92919921875, 5891.1201171875, 5889.638671875, 5889.966796875, 5887.22021484375, 5891.10791015625, 5892.6728515625, 5891.70849609375, 5889.86669921875, 5888.63134765625, 5890.4443359375]}