{"mean": [2546.35205078125, 2430.8167114257812, 2282.084991455078, 2294.0752563476562, 2349.7725830078125, 2380.7049560546875, 2387.977081298828, 2381.164520263672, 2362.9649963378906, 2362.7484741210938, 2362.813018798828, 2362.6065979003906, 2362.0997009277344, 2361.3074951171875, 2360.1732482910156, 2358.745361328125, 2357.0048217773438, 2354.794891357422, 2352.0643615722656, 2348.5352172851562, 2343.7723388671875, 2336.8800354003906, 2326.2915649414062, 2311.6460876464844, 2294.1611938476562, 2277.166748046875, 2267.655242919922, 2267.7846069335938, 2268.2745971679688, 2263.41455078125, 2255.2791442871094, 2250.27734375, 2251.9159240722656, 2256.0738525390625, 2259.3448486328125, 2260.313446044922, 2258.6202087402344, 2254.614990234375, 2248.792266845703, 2242.2803344726562, 2237.1676635742188, 2234.4866638183594, 2234.555908203125, 2235.4691467285156, 2236.3924560546875, 2237.969696044922, 2241.486053466797, 2246.1040649414062, 2250.489776611328, 2253.538848876953, 2254.711639404297, 2253.397003173828, 2249.4293212890625, 2244.9432067871094, 2242.796844482422, 2241.7319946289062, 2241.1140747070312, 2240.5997009277344, 2240.3439025878906, 2240.560791015625, 2240.7637939453125, 2239.572540283203, 2237.835968017578, 2236.736602783203, 2236.2039794921875, 2236.1050415039062, 2236.478302001953, 2236.9210205078125, 2237.5633850097656, 2237.7120971679688, 2237.3336181640625, 2237.5821228027344, 2238.88525390625, 2240.8832397460938, 2242.5728759765625, 2243.6332092285156, 2244.1907653808594, 2243.814208984375, 2243.4371032714844, 2243.6610412597656, 2244.7915954589844, 2246.26416015625, 2247.8180541992188, 2249.4725952148438, 2249.834747314453, 2249.3778686523438, 2249.1768493652344, 2249.8201599121094, 2250.779266357422, 2251.535400390625, 2251.5856323242188, 2252.0110473632812, 2252.5665588378906, 2253.474151611328, 2253.6625061035156, 2253.747039794922, 2254.537811279297, 2255.7850036621094, 2256.5347900390625, 2256.5911560058594], "upper": [2546.363525390625, 2430.842041015625, 2282.10791015625, 2294.09033203125, 2349.798828125, 2381.057861328125, 2388.490234375, 2381.757568359375, 2363.92578125, 2364.078857421875, 2364.412109375, 2364.39453125, 2364.0595703125, 2363.399658203125, 2362.394287109375, 2361.106201171875, 2359.533935546875, 2357.462646484375, 2354.895751953125, 2351.77197265625, 2347.305908203125, 2341.267822265625, 2331.891357421875, 2318.190185546875, 2301.379638671875, 2283.467041015625, 2270.58837890625, 2269.520263671875, 2269.813232421875, 2265.293701171875, 2258.00439453125, 2252.00244140625, 2254.48828125, 2258.48583984375, 2261.781982421875, 2263.09033203125, 2261.449462890625, 2257.132568359375, 2251.239990234375, 2244.29345703125, 2238.649658203125, 2235.531982421875, 2235.44775390625, 2236.404296875, 2237.261962890625, 2238.78857421875, 2242.626953125, 2247.42919921875, 2251.941650390625, 2255.25732421875, 2256.6640625, 2256.455078125, 2252.532470703125, 2246.589599609375, 2244.25390625, 2243.813720703125, 2243.9736328125, 2244.090087890625, 2243.78271484375, 2242.740234375, 2242.408203125, 2241.576904296875, 2238.653564453125, 2237.181396484375, 2236.811279296875, 2237.09130859375, 2237.6630859375, 2239.05224609375, 2243.712646484375, 2244.133056640625, 2241.34521484375, 2238.90966796875, 2240.674560546875, 2242.410888671875, 2245.1826171875, 2250.637451171875, 2252.623291015625, 2250.84765625, 2249.312744140625, 2247.74853515625, 2247.926025390625, 2250.478759765625, 2252.541748046875, 2253.69970703125, 2253.343017578125, 2251.892822265625, 2251.740234375, 2252.927978515625, 2253.87939453125, 2253.92919921875, 2253.512939453125, 2254.284912109375, 2255.950439453125, 2255.93896484375, 2255.933349609375, 2255.73876953125, 2258.413818359375, 2260.985595703125, 2260.314208984375, 2258.944580078125], "lower": [2546.3427734375, 2430.801513671875, 2282.061767578125, 2294.063232421875, 2349.739990234375, 2380.453857421875, 2387.615234375, 2380.888671875, 2362.54345703125, 2362.060546875, 2362.03955078125, 2361.763427734375, 2361.14501953125, 2360.27734375, 2359.04296875, 2357.584716796875, 2355.690673828125, 2353.31640625, 2350.320556640625, 2346.341796875, 2340.806396484375, 2332.068603515625, 2319.1640625, 2302.615234375, 2284.489013671875, 2270.52099609375, 2266.317138671875, 2265.730224609375, 2266.529541015625, 2260.83984375, 2253.240234375, 2249.49365234375, 2249.787353515625, 2253.29736328125, 2256.613525390625, 2257.605224609375, 2255.537841796875, 2251.301025390625, 2245.595458984375, 2239.4931640625, 2235.2734375, 2232.91259765625, 2232.828369140625, 2233.58837890625, 2234.892333984375, 2237.3310546875, 2239.7421875, 2244.21044921875, 2248.526611328125, 2250.61279296875, 2251.271484375, 2249.38720703125, 2246.081787109375, 2242.66650390625, 2240.1875, 2238.79052734375, 2238.64111328125, 2238.58642578125, 2238.7978515625, 2239.562744140625, 2239.986083984375, 2238.63427734375, 2237.385009765625, 2236.3408203125, 2234.814453125, 2234.322265625, 2235.266357421875, 2235.47509765625, 2235.505615234375, 2234.979736328125, 2234.498779296875, 2235.234619140625, 2236.900634765625, 2238.739990234375, 2239.65478515625, 2239.923828125, 2240.667724609375, 2241.1611328125, 2241.4326171875, 2241.715576171875, 2242.993896484375, 2242.798828125, 2242.84423828125, 2244.256591796875, 2245.679931640625, 2245.99560546875, 2246.369140625, 2246.83056640625, 2247.646484375, 2248.4521484375, 2249.546875, 2250.114013671875, 2249.237548828125, 2250.789306640625, 2251.5673828125, 2250.898681640625, 2250.617919921875, 2252.346923828125, 2253.35693359375, 2253.757080078125]}