{"mean": [5325.498474121094, 5202.919250488281, 5002.085144042969, 4857.9541015625, 4835.0865478515625, 4826.303955078125, 4829.1343994140625, 4843.847717285156, 4875.343994140625, 4877.871826171875, 4879.067321777344, 4880.18359375, 4881.239990234375, 4882.24658203125, 4883.1781005859375, 4884.035461425781, 4884.827087402344, 4885.54248046875, 4886.276184082031, 4886.9952392578125, 4887.6573486328125, 4888.9261474609375, 4892.472106933594, 4899.078186035156, 4910.120788574219, 4927.110900878906, 4948.9649658203125, 4969.837707519531, 4981.2315673828125, 4976.513366699219, 4961.3128662109375, 4942.514404296875, 4925.4437255859375, 4913.296569824219, 4906.033447265625, 4902.30078125, 4901.612487792969, 4903.710754394531, 4908.6492919921875, 4916.5958251953125, 4926.9151611328125, 4937.234924316406, 4944.26123046875, 4946.8397216796875, 4944.6668701171875, 4938.582458496094, 4930.114807128906, 4922.831237792969, 4917.715637207031, 4915.701477050781, 4916.319396972656, 4919.249450683594, 4924.539794921875, 4931.4940185546875, 4937.574951171875, 4942.578857421875, 4946.759582519531, 4949.005615234375, 4946.802062988281, 4941.371826171875, 4937.3829345703125, 4937.816711425781, 4941.028259277344, 4942.888122558594, 4942.4747314453125, 4940.59375, 4937.5032958984375, 4935.3134765625, 4934.4244384765625, 4935.3807373046875, 4938.4910888671875, 4940.3594970703125, 4938.9876708984375, 4935.258239746094, 4933.132995605469, 4933.5361328125, 4935.1051025390625, 4938.750793457031, 4943.398620605469, 4945.400573730469, 4944.384826660156, 4942.429626464844, 4939.8974609375, 4937.4405517578125, 4938.462219238281, 4941.4088134765625, 4944.0623779296875, 4943.657653808594, 4941.906799316406, 4940.451477050781, 4940.958679199219, 4940.698913574219, 4940.209167480469, 4939.0155029296875, 4939.478515625, 4940.692199707031, 4940.4356689453125, 4939.120849609375, 4938.914123535156, 4940.2747802734375], "upper": [5325.50537109375, 5202.92822265625, 5002.09130859375, 4857.9619140625, 4835.095703125, 4826.34912109375, 4829.17236328125, 4844.0859375, 4875.77392578125, 4878.1494140625, 4879.44677734375, 4880.58935546875, 4881.69384765625, 4882.75244140625, 4883.69189453125, 4884.54833984375, 4885.38916015625, 4886.12841796875, 4886.77392578125, 4887.38916015625, 4888.24169921875, 4890.0869140625, 4895.47412109375, 4904.04443359375, 4918.88330078125, 4939.5810546875, 4960.74755859375, 4977.748046875, 4985.7275390625, 4978.65380859375, 4964.39892578125, 4946.3173828125, 4929.14453125, 4916.6484375, 4909.166015625, 4905.15673828125, 4904.25341796875, 4906.2744140625, 4910.90380859375, 4919.5751953125, 4930.02685546875, 4939.91357421875, 4947.43994140625, 4950.5625, 4949.19189453125, 4943.2138671875, 4934.7373046875, 4925.828125, 4919.021484375, 4918.447265625, 4920.32470703125, 4924.52490234375, 4930.255859375, 4935.8427734375, 4939.8466796875, 4946.7880859375, 4954.66064453125, 4954.04345703125, 4949.4248046875, 4944.376953125, 4939.36669921875, 4942.43212890625, 4945.248046875, 4945.88818359375, 4953.8349609375, 4954.9384765625, 4945.8046875, 4939.65771484375, 4937.7255859375, 4940.98486328125, 4944.2255859375, 4944.2587890625, 4953.408203125, 4946.6962890625, 4936.03515625, 4937.7265625, 4941.61474609375, 4944.77587890625, 4948.88671875, 4952.1474609375, 4952.513671875, 4949.90380859375, 4945.875, 4943.5302734375, 4945.33984375, 4945.70068359375, 4947.052734375, 4950.24658203125, 4949.8359375, 4944.62353515625, 4944.98486328125, 4948.2880859375, 4946.7568359375, 4948.88037109375, 4945.01416015625, 4944.48046875, 4946.9931640625, 4947.26025390625, 4945.15966796875, 4943.6435546875], "lower": [5325.49267578125, 5202.9140625, 5002.07666015625, 4857.94384765625, 4835.07568359375, 4826.22998046875, 4829.078125, 4843.3759765625, 4874.30029296875, 4877.7197265625, 4878.88330078125, 4879.9892578125, 4881.04296875, 4882.04052734375, 4882.958984375, 4883.77587890625, 4884.56591796875, 4885.2587890625, 4886.130859375, 4886.79248046875, 4887.41650390625, 4888.4638671875, 4891.09375, 4896.521484375, 4905.4169921875, 4920.39208984375, 4940.8623046875, 4961.658203125, 4976.19775390625, 4970.20556640625, 4951.751953125, 4934.79541015625, 4920.181640625, 4910.06982421875, 4903.69873046875, 4900.13916015625, 4899.60107421875, 4901.97705078125, 4906.94677734375, 4914.56298828125, 4924.75146484375, 4935.0048828125, 4940.17138671875, 4941.3876953125, 4939.08984375, 4933.529296875, 4927.22119140625, 4921.31494140625, 4915.69287109375, 4913.7021484375, 4914.37109375, 4916.28466796875, 4920.7734375, 4927.927734375, 4934.92724609375, 4938.70361328125, 4938.52490234375, 4937.36474609375, 4936.169921875, 4936.1142578125, 4929.9521484375, 4929.69384765625, 4935.96533203125, 4938.5107421875, 4937.9150390625, 4934.56689453125, 4931.23486328125, 4931.6591796875, 4921.43310546875, 4921.84228515625, 4930.62109375, 4935.744140625, 4933.36474609375, 4931.404296875, 4930.1962890625, 4927.03857421875, 4925.93212890625, 4933.31396484375, 4937.2880859375, 4938.83251953125, 4939.12353515625, 4935.8271484375, 4929.93798828125, 4927.70703125, 4932.84765625, 4937.88720703125, 4941.162109375, 4936.2763671875, 4935.59716796875, 4935.84716796875, 4936.9619140625, 4935.90771484375, 4934.81982421875, 4932.01123046875, 4936.7119140625, 4937.41552734375, 4936.3740234375, 4933.50341796875, 4933.1787109375, 4934.712890625]}