{"mean": [2154.297882080078, 2041.383529663086, 1832.188003540039, 1799.5362091064453, 1856.70458984375, 1874.7437286376953, 1869.9556427001953, 1847.5474243164062, 1812.0457916259766, 1810.221206665039, 1809.4547882080078, 1808.7388610839844, 1808.0177612304688, 1807.2756958007812, 1806.4178161621094, 1805.5068664550781, 1804.5093994140625, 1803.226821899414, 1801.6012725830078, 1799.5235748291016, 1796.5782470703125, 1792.3131866455078, 1786.3199005126953, 1779.742446899414, 1775.9929809570312, 1778.1739044189453, 1788.7485656738281, 1798.646484375, 1805.1991882324219, 1801.1976013183594, 1791.3027801513672, 1781.6719512939453, 1772.906234741211, 1771.4176330566406, 1771.4866180419922, 1771.8015441894531, 1771.7586669921875, 1771.2806701660156, 1770.8465270996094, 1770.6880493164062, 1772.7740478515625, 1778.3776245117188, 1782.284439086914, 1783.685073852539, 1782.6556549072266, 1779.2262573242188, 1774.3899383544922, 1772.1288604736328, 1771.5469360351562, 1771.6062316894531, 1771.75, 1771.857406616211, 1772.2428436279297, 1774.428466796875, 1775.8905487060547, 1775.3503112792969, 1774.05322265625, 1772.1582336425781, 1770.3134307861328, 1769.1323547363281, 1768.132568359375, 1765.732437133789, 1763.0895080566406, 1761.4519653320312, 1760.2721252441406, 1759.0619201660156, 1757.6692352294922, 1756.3413696289062, 1755.5762023925781, 1754.5127563476562, 1753.5365905761719, 1753.0699768066406, 1752.672134399414, 1752.1221313476562, 1751.7108154296875, 1751.7385864257812, 1751.8501892089844, 1751.7072143554688, 1752.1243438720703, 1752.4249572753906, 1752.5164184570312, 1752.3902130126953, 1752.1317901611328, 1752.0698699951172, 1752.005111694336, 1751.930160522461, 1752.106185913086, 1751.8957061767578, 1751.5518951416016, 1751.1464233398438, 1750.8952026367188, 1750.6727447509766, 1750.5409240722656, 1750.5090637207031, 1750.31787109375, 1750.3952178955078, 1750.6028594970703, 1750.8250427246094, 1751.0088195800781, 1751.156753540039], "upper": [2154.310546875, 2041.417724609375, 1832.219970703125, 1799.550537109375, 1856.7310791015625, 1874.87158203125, 1870.0523681640625, 1848.0294189453125, 1812.8072509765625, 1810.252685546875, 1809.5076904296875, 1808.8214111328125, 1808.1385498046875, 1807.4000244140625, 1806.5819091796875, 1805.7598876953125, 1804.891357421875, 1803.7135009765625, 1802.23828125, 1800.43115234375, 1797.607421875, 1793.9132080078125, 1788.385498046875, 1781.7052001953125, 1776.604736328125, 1783.5135498046875, 1794.35400390625, 1803.0723876953125, 1808.5185546875, 1802.61962890625, 1792.976318359375, 1783.9031982421875, 1774.0869140625, 1771.487548828125, 1771.7073974609375, 1772.351806640625, 1772.3304443359375, 1771.5440673828125, 1770.953857421875, 1770.903076171875, 1774.0447998046875, 1779.9415283203125, 1783.9976806640625, 1785.4708251953125, 1784.9603271484375, 1781.8851318359375, 1776.7314453125, 1772.7564697265625, 1771.62255859375, 1771.6961669921875, 1771.9176025390625, 1772.36669921875, 1774.0087890625, 1776.4853515625, 1777.1282958984375, 1776.86279296875, 1776.402099609375, 1775.512939453125, 1774.255859375, 1772.55712890625, 1770.10791015625, 1766.9619140625, 1764.6990966796875, 1763.2041015625, 1761.7139892578125, 1760.6337890625, 1760.6407470703125, 1758.8323974609375, 1757.7021484375, 1756.8681640625, 1756.21875, 1755.2611083984375, 1754.195556640625, 1753.622802734375, 1752.9161376953125, 1753.796875, 1754.6025390625, 1753.724853515625, 1754.001708984375, 1755.297119140625, 1755.13916015625, 1753.939697265625, 1753.90283203125, 1754.2418212890625, 1754.4339599609375, 1754.577392578125, 1754.732177734375, 1754.09375, 1753.2122802734375, 1751.943359375, 1751.4898681640625, 1751.845703125, 1751.9302978515625, 1752.1787109375, 1751.0830078125, 1751.12646484375, 1751.408447265625, 1751.87109375, 1752.022216796875, 1752.204833984375], "lower": [2154.28857421875, 2041.3599853515625, 1832.1578369140625, 1799.526611328125, 1856.6610107421875, 1874.644775390625, 1869.897705078125, 1847.3587646484375, 1811.7679443359375, 1810.190185546875, 1809.435302734375, 1808.7149658203125, 1807.9560546875, 1807.159912109375, 1806.230224609375, 1805.296142578125, 1804.1468505859375, 1802.6732177734375, 1800.81591796875, 1798.318603515625, 1794.74755859375, 1789.3642578125, 1782.595703125, 1776.7725830078125, 1775.6846923828125, 1776.495849609375, 1784.0623779296875, 1794.101318359375, 1801.6055908203125, 1796.7044677734375, 1786.6685791015625, 1776.9735107421875, 1771.6932373046875, 1771.3221435546875, 1771.3062744140625, 1771.370849609375, 1771.2803955078125, 1770.9892578125, 1770.709716796875, 1770.613525390625, 1771.971923828125, 1776.9542236328125, 1780.1336669921875, 1780.7939453125, 1779.63037109375, 1776.024169921875, 1773.071533203125, 1771.7535400390625, 1771.43310546875, 1771.489501953125, 1771.609130859375, 1771.2679443359375, 1771.220947265625, 1772.701171875, 1774.011962890625, 1772.0223388671875, 1770.9591064453125, 1769.3990478515625, 1767.2952880859375, 1767.2327880859375, 1766.26025390625, 1764.188232421875, 1761.76513671875, 1760.108642578125, 1758.7611083984375, 1757.4886474609375, 1756.31982421875, 1755.0157470703125, 1753.5716552734375, 1752.3812255859375, 1751.774169921875, 1751.209716796875, 1750.6959228515625, 1750.37109375, 1750.258056640625, 1750.3775634765625, 1750.604736328125, 1750.771728515625, 1751.52392578125, 1751.409912109375, 1751.119873046875, 1750.3951416015625, 1750.1419677734375, 1750.2236328125, 1750.3231201171875, 1749.7939453125, 1750.2962646484375, 1749.96240234375, 1750.4534912109375, 1750.7352294921875, 1750.35986328125, 1749.726318359375, 1749.5328369140625, 1749.74658203125, 1749.8084716796875, 1750.0791015625, 1749.889892578125, 1749.7437744140625, 1749.793212890625, 1749.9716796875]}