{"mean": [4700.64990234375, 4472.200256347656, 4114.27294921875, 4093.6114501953125, 4206.477294921875, 4255.44873046875, 4257.932678222656, 4228.711975097656, 4175.0108642578125, 4172.9697265625, 4172.267822265625, 4171.345397949219, 4170.117431640625, 4168.583190917969, 4166.591064453125, 4164.252258300781, 4161.514221191406, 4158.021728515625, 4153.665588378906, 4148.058776855469, 4140.350524902344, 4129.193176269531, 4112.611511230469, 4091.3885498046875, 4070.1542053222656, 4055.3406372070312, 4056.403839111328, 4066.4310913085938, 4073.4737854003906, 4064.6121520996094, 4046.5819396972656, 4031.9493408203125, 4024.8222045898438, 4027.4915161132812, 4030.8314514160156, 4032.114959716797, 4030.378936767578, 4025.8956909179688, 4019.6387634277344, 4012.9684448242188, 4009.941680908203, 4012.864288330078, 4016.840301513672, 4019.1542053222656, 4019.048095703125, 4017.1959533691406, 4015.8759765625, 4018.232940673828, 4022.0366821289062, 4025.1451110839844, 4026.4616088867188, 4025.254425048828, 4021.672149658203, 4019.3717041015625, 4018.6874084472656, 4017.082305908203, 4015.167266845703, 4012.7579040527344, 4010.6573486328125, 4009.693145751953, 4008.8963317871094, 4005.3049926757812, 4000.9254455566406, 3998.1885681152344, 3996.4761352539062, 3995.166961669922, 3994.1475524902344, 3993.2623901367188, 3993.1395568847656, 3992.224853515625, 3990.8702392578125, 3990.652099609375, 3991.557403564453, 3993.005340576172, 3994.283660888672, 3995.371795654297, 3996.0409545898438, 3995.5213928222656, 3995.5614318847656, 3996.085968017578, 3997.3080139160156, 3998.6543579101562, 3999.9498291015625, 4001.542449951172, 4001.839813232422, 4001.3079833984375, 4001.2830810546875, 4001.715850830078, 4002.3312072753906, 4002.681854248047, 4002.4808044433594, 4002.6837768554688, 4003.107452392578, 4003.983184814453, 4003.9804077148438, 4004.1422119140625, 4005.1406860351562, 4006.610076904297, 4007.5435791015625, 4007.7479553222656], "upper": [4700.673828125, 4472.259765625, 4114.328125, 4093.63671875, 4206.52978515625, 4255.9296875, 4258.5, 4229.1162109375, 4175.7734375, 4174.33154296875, 4173.919921875, 4173.2158203125, 4172.1982421875, 4170.7998046875, 4168.97607421875, 4166.8662109375, 4164.42529296875, 4161.17626953125, 4157.1337890625, 4152.203125, 4144.9130859375, 4135.18115234375, 4120.27685546875, 4099.7255859375, 4077.767822265625, 4060.751708984375, 4061.99755859375, 4072.5927734375, 4078.140625, 4066.719970703125, 4050.980712890625, 4035.90576171875, 4026.181640625, 4029.903564453125, 4033.4892578125, 4035.442138671875, 4033.77978515625, 4028.6767578125, 4022.19384765625, 4014.97509765625, 4010.9208984375, 4014.734375, 4019.208984375, 4021.600830078125, 4021.6162109375, 4019.291015625, 4016.861328125, 4019.532470703125, 4023.552734375, 4026.884765625, 4028.408203125, 4028.4892578125, 4024.515625, 4020.581787109375, 4020.808349609375, 4020.676513671875, 4020.375732421875, 4019.60302734375, 4018.03857421875, 4015.29736328125, 4010.984619140625, 4008.00927734375, 4002.083984375, 3999.6220703125, 3997.74755859375, 3996.8828125, 3998.0166015625, 3995.185546875, 4000.53271484375, 3999.50830078125, 3993.870361328125, 3991.460205078125, 3992.62255859375, 3994.099853515625, 3997.275146484375, 4004.434326171875, 4007.225830078125, 4004.572509765625, 4003.314453125, 4003.045654296875, 4002.404052734375, 4003.5986328125, 4006.444580078125, 4007.94140625, 4007.654541015625, 4006.47021484375, 4005.725341796875, 4005.125244140625, 4004.3330078125, 4004.66455078125, 4004.828125, 4004.9560546875, 4006.39111328125, 4006.38623046875, 4006.328857421875, 4005.89208984375, 4009.52587890625, 4012.856689453125, 4012.33642578125, 4011.0546875], "lower": [4700.63427734375, 4472.16162109375, 4114.2197265625, 4093.58984375, 4206.40087890625, 4255.0986328125, 4257.541015625, 4228.43359375, 4174.57177734375, 4172.2509765625, 4171.474609375, 4170.478515625, 4169.10107421875, 4167.4375, 4165.2734375, 4162.880859375, 4159.83740234375, 4155.98974609375, 4151.13671875, 4144.66015625, 4135.5537109375, 4121.4326171875, 4101.759765625, 4079.3876953125, 4061.09375, 4052.77978515625, 4052.44775390625, 4059.83154296875, 4068.13525390625, 4057.54443359375, 4039.90869140625, 4028.28662109375, 4023.70556640625, 4024.61962890625, 4027.919921875, 4028.97607421875, 4026.818359375, 4022.290283203125, 4016.30517578125, 4010.21630859375, 4008.08984375, 4010.26318359375, 4012.9619140625, 4014.38232421875, 4014.522705078125, 4013.355224609375, 4014.131103515625, 4016.966796875, 4020.014404296875, 4022.209716796875, 4023.13037109375, 4021.75390625, 4018.31640625, 4016.70703125, 4014.199462890625, 4010.81298828125, 4009.60009765625, 4007.9853515625, 4006.09326171875, 4006.79541015625, 4006.246337890625, 4003.3623046875, 3999.601318359375, 3996.700927734375, 3995.41650390625, 3993.86279296875, 3991.7197265625, 3990.4931640625, 3989.53125, 3988.8955078125, 3989.00341796875, 3989.712158203125, 3990.81591796875, 3992.124755859375, 3992.57080078125, 3992.37255859375, 3992.924560546875, 3992.98046875, 3993.01025390625, 3993.677734375, 3994.427734375, 3994.28759765625, 3994.443115234375, 3995.5087890625, 3996.1787109375, 3996.217529296875, 3996.66552734375, 3997.5947265625, 4000.4443359375, 4000.3955078125, 4000.32861328125, 4000.275634765625, 3999.07470703125, 4000.77490234375, 4001.5595703125, 4001.20556640625, 4001.465087890625, 4003.419921875, 4004.40478515625, 4005.23388671875]}