{
    "particle_has_naninf": false,
    "point_distance_sr": 14986.4140625,
    "point_distance_rs": 1611.787841796875,
    "chamfer_loss_pcd": 16598.201171875,
    "particle_distance_sr": 5210.18212890625,
    "particle_distance_rs": 5614.94580078125,
    "chamfer_loss_particle": 10825.1279296875,
    "final_height_map": null,
    "height_map_loss_pcd": 2306.849609375,
    "emd_point_distance_loss": 1722.6160888671875,
    "emd_particle_distance_loss": 9630.0556640625,
    "total_loss": 0.0
}