{"mean": [26482.84765625, 23330.556640625, 19901.2177734375, 18270.738606770832, 18501.132486979168, 18446.397135416668, 18043.915364583332, 18022.555338541668, 18210.0849609375, 17931.7451171875, 17649.767903645832, 17542.594075520832, 17609.250325520832, 17497.06640625, 17217.0458984375, 17097.433268229168, 17122.353190104168, 17154.8505859375, 16989.782877604168, 16797.033854166668, 16702.748046875, 16681.478515625, 16573.83984375, 16352.712239583334, 16198.535481770834, 16150.205729166666, 16124.854166666666, 16004.477864583334, 15842.3154296875, 15758.937825520834, 15731.684895833334, 15667.722005208334, 15566.125651041666, 15427.098958333334, 15365.204752604166, 15308.600260416666, 15170.824869791666, 14826.927083333334, 14953.601888020834, 14592.8134765625, 14415.310546875, 14376.0185546875, 14464.8544921875, 14746.427408854166, 14190.8798828125, 14027.353841145834, 14590.314778645834, 14943.5322265625, 14068.096354166666, 13948.986002604166, 14572.9189453125, 14982.834635416666, 14244.005208333334, 13840.244791666666, 13593.124674479166, 13714.92578125, 14115.7314453125, 14787.095377604166, 14699.306640625, 14238.401692708334, 14052.130208333334, 13893.757486979166, 13920.140625, 13842.273111979166, 13893.5732421875, 14128.216145833334, 14170.738606770834, 14073.238606770834, 14012.53515625, 13909.128580729166, 13862.354166666666, 13885.293294270834, 13929.640299479166, 13993.171875, 14030.7802734375, 13996.941731770834, 13942.732421875, 13937.391927083334, 13986.278645833334, 14076.439778645834, 14176.161458333334, 14220.151692708334, 14164.800130208334, 14067.687174479166, 14061.874674479166, 14075.330729166666, 14166.942708333334, 14186.914388020834, 14272.519856770834, 14069.21484375, 14414.306966145834, 14472.021809895834, 14360.748697916666, 14059.4033203125, 13956.402018229166, 13948.6796875, 14097.6279296875, 14416.027669270834, 14450.267578125, 14150.608072916666], "upper": [31785.287109375, 24861.142578125, 21756.927734375, 21503.25, 21333.439453125, 21234.666015625, 21141.783203125, 21006.3671875, 20809.21875, 20560.212890625, 20265.435546875, 19971.34765625, 19744.904296875, 19620.94921875, 19461.431640625, 19384.85546875, 19338.19921875, 19283.328125, 19197.86328125, 19087.51171875, 18942.01171875, 18762.724609375, 18580.298828125, 18409.80078125, 18265.96484375, 18159.080078125, 18127.833984375, 18155.4453125, 18141.4453125, 18070.30078125, 18027.9609375, 17994.57421875, 17912.0078125, 17740.7890625, 17608.4921875, 17468.732421875, 17226.03125, 16864.0546875, 16547.224609375, 16249.2021484375, 15959.552734375, 15963.048828125, 15990.064453125, 15587.7216796875, 15054.0126953125, 14957.494140625, 16044.751953125, 17388.40625, 14802.4697265625, 14797.5361328125, 16702.0234375, 18051.8984375, 15903.51953125, 14796.4150390625, 14142.3125, 14303.408203125, 15531.24609375, 17508.4609375, 17090.294921875, 15723.380859375, 15179.4755859375, 14477.84765625, 14359.7421875, 14387.90625, 14599.591796875, 15234.435546875, 15408.087890625, 14975.634765625, 14633.0078125, 14493.99609375, 14433.287109375, 14442.392578125, 14559.6328125, 14663.4091796875, 14660.7919921875, 14675.5166015625, 14608.5771484375, 14553.4267578125, 14666.9267578125, 14842.1123046875, 15103.1337890625, 15352.798828125, 15228.8095703125, 14889.3828125, 14799.103515625, 14828.0166015625, 15109.1923828125, 15386.3173828125, 15324.869140625, 14976.955078125, 14860.5869140625, 14968.20703125, 15242.46484375, 15325.5283203125, 15131.140625, 14971.107421875, 15006.3115234375, 15193.423828125, 15275.3857421875, 15128.19921875], "lower": [22234.9921875, 21865.447265625, 16268.6748046875, 12163.1044921875, 13351.5615234375, 13797.0859375, 12768.296875, 12898.447265625, 13584.9755859375, 13064.0693359375, 12668.1396484375, 12809.9111328125, 13401.3134765625, 13357.693359375, 12860.9638671875, 12775.6826171875, 13075.6083984375, 13362.5947265625, 13141.5126953125, 12833.69921875, 12882.65234375, 13206.265625, 13260.869140625, 12970.330078125, 12849.2841796875, 13026.408203125, 13224.814453125, 13089.775390625, 12887.7587890625, 12939.345703125, 13138.8818359375, 13126.255859375, 12938.5126953125, 12902.9755859375, 13062.7197265625, 13120.8037109375, 12972.8525390625, 12907.6044921875, 13019.1943359375, 13084.2314453125, 12987.544921875, 12919.3935546875, 13001.7021484375, 13067.01171875, 12993.87890625, 12931.7080078125, 12996.93359375, 13053.486328125, 12990.2099609375, 12944.9306640625, 13008.138671875, 13040.9267578125, 12973.0546875, 12966.6533203125, 13035.34375, 13019.3720703125, 12966.13671875, 13004.2177734375, 13052.40625, 12999.486328125, 12981.8330078125, 13046.2119140625, 13044.7138671875, 12990.77734375, 13025.9794921875, 13074.7333984375, 13019.052734375, 13021.2099609375, 13082.6083984375, 13053.453125, 13037.8681640625, 13091.2333984375, 13091.615234375, 13055.1640625, 13100.4833984375, 13117.1103515625, 13087.2060546875, 13129.373046875, 13132.9677734375, 13116.8017578125, 13166.7314453125, 13158.037109375, 13152.8505859375, 13194.986328125, 13198.380859375, 13188.26953125, 13260.9365234375, 13097.5, 13415.4990234375, 13096.88671875, 14173.3291015625, 14120.5, 13782.564453125, 12807.552734375, 12648.208984375, 12714.818359375, 13150.96484375, 13978.337890625, 14031.3359375, 13268.8134765625]}