{"mean": [5641.797444661458, 5090.48974609375, 4402.299641927083, 3935.4830729166665, 3752.7545572916665, 3718.9785970052085, 3670.0836588541665, 3628.2406412760415, 3622.7810872395835, 3592.3516438802085, 3621.1112467447915, 3593.6918131510415, 3611.8772786458335, 3652.71533203125, 3670.073974609375, 3684.193359375, 3660.96142578125, 3680.50244140625, 3618.2312825520835, 3612.7494303385415, 3612.1605631510415, 3560.6732584635415, 3551.0771484375, 3487.77490234375, 3516.268798828125, 3457.0771484375, 3478.654541015625, 3496.763671875, 3556.750244140625, 3549.9637858072915, 3561.20361328125, 3533.917724609375, 3503.5185546875, 3511.6298014322915, 3497.19384765625, 3473.302490234375, 3451.1388346354165, 3451.318115234375, 3404.6925455729165, 3475.6865234375, 3573.6309407552085, 3626.075927734375, 3689.2726236979165, 3594.2501627604165, 3588.048583984375, 3584.457763671875, 3775.9585774739585, 3891.880859375, 3768.56201171875, 3610.7926432291665, 3607.1931966145835, 3603.4734700520835, 3622.3108723958335, 3644.2549641927085, 3616.486572265625, 3728.9593098958335, 3860.0000813802085, 3926.318603515625, 3918.4747721354165, 3820.6588541666665, 3777.1092122395835, 3704.99267578125, 3689.0711263020835, 3661.2823893229165, 3618.1365559895835, 3606.0457356770835, 3602.44873046875, 3598.9734700520835, 3603.6830240885415, 3654.5304361979165, 3641.9901529947915, 3655.610107421875, 3674.5182291666665, 3694.2376302083335, 3687.24462890625, 3675.203125, 3668.901611328125, 3654.0755208333335, 3632.4708658854165, 3607.268310546875, 3595.2540690104165, 3599.5526529947915, 3625.2677408854165, 3617.5298665364585, 3636.8153483072915, 3623.3948567708335, 3611.659423828125, 3609.893310546875, 3609.706298828125, 3621.6997884114585, 3653.924560546875, 3629.786865234375, 3636.97265625, 3631.4890950520835, 3683.2125651041665, 3643.125, 3607.0118815104165, 3631.1719563802085, 3615.072265625, 3613.97705078125], "upper": [7164.41748046875, 6122.5625, 4713.15869140625, 4358.0302734375, 4043.643310546875, 3905.88720703125, 3868.728271484375, 3781.951171875, 3727.736572265625, 3771.364501953125, 3737.59814453125, 3788.55322265625, 3794.51123046875, 3809.001708984375, 3817.37744140625, 3824.35498046875, 3777.20556640625, 3775.580078125, 3773.178955078125, 3765.77197265625, 3705.874755859375, 3614.15673828125, 3616.55029296875, 3518.728759765625, 3575.236328125, 3565.6015625, 3612.185546875, 3697.037841796875, 3780.843017578125, 3752.650146484375, 3774.94970703125, 3726.37158203125, 3591.6494140625, 3602.822265625, 3611.095703125, 3595.304443359375, 3574.502685546875, 3637.6435546875, 3503.80810546875, 3722.388916015625, 3797.25927734375, 3770.923095703125, 3851.744140625, 3659.0244140625, 3786.1708984375, 3909.033203125, 4528.22802734375, 4719.474609375, 4189.6123046875, 3773.430908203125, 3842.630126953125, 3853.167236328125, 3750.939697265625, 3781.42431640625, 3886.978271484375, 4056.625244140625, 4473.23828125, 4768.17724609375, 4743.93359375, 4449.93212890625, 4284.3291015625, 4028.160400390625, 3919.422607421875, 3826.752197265625, 3706.28173828125, 3687.05126953125, 3717.689697265625, 3692.282958984375, 3772.870849609375, 3743.047119140625, 3747.310546875, 3787.62353515625, 3810.82861328125, 3848.24267578125, 3833.682861328125, 3812.489990234375, 3782.60888671875, 3763.30322265625, 3711.14599609375, 3718.13037109375, 3718.56982421875, 3714.574462890625, 3743.1796875, 3708.99755859375, 3731.514892578125, 3692.4140625, 3736.658447265625, 3720.89208984375, 3702.733642578125, 3694.22705078125, 3691.868896484375, 3710.20947265625, 3699.59033203125, 3698.134033203125, 3723.953857421875, 3693.895263671875, 3684.09130859375, 3667.396728515625, 3678.033935546875, 3665.14501953125], "lower": [3992.695556640625, 3952.83251953125, 3863.1982421875, 3685.419677734375, 3527.159912109375, 3510.00341796875, 3451.51025390625, 3442.244384765625, 3491.426513671875, 3452.65185546875, 3523.5927734375, 3465.553955078125, 3495.1376953125, 3498.606201171875, 3470.030517578125, 3480.2275390625, 3456.8642578125, 3507.7255859375, 3453.413818359375, 3457.0966796875, 3467.1806640625, 3458.093994140625, 3485.703369140625, 3468.684814453125, 3473.6142578125, 3349.65234375, 3342.790771484375, 3338.486083984375, 3391.33837890625, 3404.89111328125, 3441.682861328125, 3427.029541015625, 3426.29638671875, 3435.0126953125, 3419.166015625, 3373.58251953125, 3303.1298828125, 3217.005126953125, 3243.42431640625, 3252.2880859375, 3450.189453125, 3488.3935546875, 3459.97802734375, 3468.47802734375, 3469.599609375, 3364.45751953125, 3329.58056640625, 3477.64501953125, 3485.34375, 3484.463623046875, 3477.883056640625, 3478.1884765625, 3488.12451171875, 3488.407958984375, 3480.83984375, 3471.05126953125, 3485.965087890625, 3476.4912109375, 3481.337890625, 3473.87646484375, 3488.23681640625, 3463.951904296875, 3466.69482421875, 3473.765625, 3480.891357421875, 3464.211181640625, 3479.01416015625, 3478.91845703125, 3451.057861328125, 3479.127197265625, 3480.946533203125, 3472.49267578125, 3473.4609375, 3507.746826171875, 3480.619384765625, 3475.549072265625, 3515.680419921875, 3495.93408203125, 3495.975830078125, 3513.030029296875, 3520.781494140625, 3533.581298828125, 3551.1904296875, 3532.322265625, 3532.358642578125, 3539.010009765625, 3489.615478515625, 3547.81396484375, 3527.616943359375, 3562.062255859375, 3587.8271484375, 3584.625, 3602.858642578125, 3585.924072265625, 3610.50830078125, 3564.071533203125, 3552.427001953125, 3612.4345703125, 3566.96337890625, 3567.27392578125]}