{"mean": [15276.073567708334, 14339.194986979166, 13421.598307291666, 13022.623046875, 12888.928059895834, 12836.5087890625, 12797.0244140625, 12778.538411458334, 12783.444986979166, 12774.359049479166, 12764.548502604166, 12750.76171875, 12748.169921875, 12763.279622395834, 12775.203450520834, 12778.014973958334, 12773.186848958334, 12774.711263020834, 12767.589518229166, 12772.7724609375, 12768.760091145834, 12758.8525390625, 12748.061197916666, 12739.742838541666, 12744.101236979166, 12749.623697916666, 12758.1474609375, 12766.258463541666, 12782.917643229166, 12801.441731770834, 12809.7275390625, 12816.118815104166, 12824.976236979166, 12830.841145833334, 12841.052083333334, 12850.23046875, 12859.330078125, 12849.345703125, 12872.373372395834, 12848.261067708334, 12863.296223958334, 12923.1123046875, 12967.748046875, 13011.163411458334, 12931.185872395834, 12964.947916666666, 13116.682291666666, 13235.854817708334, 13099.357747395834, 13017.762369791666, 13066.733072916666, 13130.566080729166, 13086.3818359375, 13070.667317708334, 13079.169921875, 13102.1435546875, 13182.642252604166, 13278.7255859375, 13229.173502604166, 13124.548828125, 13079.491536458334, 13023.528645833334, 13017.091471354166, 12970.001302083334, 12926.386067708334, 12923.768229166666, 12932.331380208334, 12931.0126953125, 12928.576822916666, 12906.998697916666, 12894.125325520834, 12898.012044270834, 12918.378580729166, 12946.579752604166, 12945.117513020834, 12911.264973958334, 12888.377278645834, 12879.463216145834, 12882.44921875, 12901.862630208334, 12908.8955078125, 12909.425130208334, 12905.077799479166, 12905.9443359375, 12922.338216145834, 12926.236979166666, 12911.1083984375, 12911.873697916666, 12905.789388020834, 12916.818033854166, 12940.9375, 12939.139973958334, 12920.004557291666, 12934.8525390625, 12948.939453125, 12958.2607421875, 12942.0302734375, 12936.9306640625, 12933.475911458334, 12935.9541015625], "upper": [18346.59765625, 16347.4658203125, 14254.21875, 13442.271484375, 13399.7255859375, 13421.73046875, 13368.982421875, 13366.65234375, 13385.3984375, 13369.87890625, 13375.876953125, 13376.845703125, 13369.115234375, 13367.4208984375, 13374.6220703125, 13376.458984375, 13366.744140625, 13369.328125, 13367.3076171875, 13379.1669921875, 13378.2841796875, 13371.306640625, 13373.6513671875, 13378.123046875, 13384.8388671875, 13379.046875, 13379.537109375, 13380.908203125, 13389.0029296875, 13388.1484375, 13385.626953125, 13387.2958984375, 13392.470703125, 13395.1591796875, 13392.4443359375, 13394.0380859375, 13396.8212890625, 13400.2626953125, 13398.2666015625, 13399.0947265625, 13401.3349609375, 13404.29296875, 13402.7666015625, 13403.12109375, 13404.6357421875, 13407.076171875, 13507.466796875, 13807.720703125, 13408.048828125, 13409.7646484375, 13409.173828125, 13409.072265625, 13411.111328125, 13411.5869140625, 13410.8779296875, 13411.6728515625, 13413.044921875, 13760.701171875, 13661.7421875, 13413.5634765625, 13414.4453125, 13413.681640625, 13414.0390625, 13415.517578125, 13415.0341796875, 13414.8974609375, 13416.01171875, 13416.359375, 13415.5419921875, 13416.35546875, 13417.1337890625, 13416.482421875, 13416.5458984375, 13418.2685546875, 13417.2109375, 13417.390625, 13418.341796875, 13417.326171875, 13417.5390625, 13418.4736328125, 13417.8544921875, 13418.5595703125, 13419.2353515625, 13418.70703125, 13418.9931640625, 13420.1875, 13408.318359375, 13426.326171875, 13410.162109375, 13427.271484375, 13477.7724609375, 13491.8310546875, 13453.771484375, 13495.9033203125, 13520.2548828125, 13518.806640625, 13475.474609375, 13477.2216796875, 13473.201171875, 13476.0283203125], "lower": [12888.525390625, 12744.4970703125, 12639.4482421875, 12563.849609375, 12498.416015625, 12468.7900390625, 12468.8291015625, 12463.9853515625, 12446.8603515625, 12418.2099609375, 12380.0576171875, 12342.21875, 12331.6708984375, 12377.455078125, 12410.513671875, 12437.921875, 12447.787109375, 12445.2236328125, 12433.8994140625, 12422.955078125, 12408.064453125, 12382.9521484375, 12343.646484375, 12313.4140625, 12320.87890625, 12342.150390625, 12364.7421875, 12386.8271484375, 12412.9453125, 12435.701171875, 12446.1123046875, 12469.53515625, 12469.86328125, 12454.0009765625, 12452.7900390625, 12442.4091796875, 12428.58984375, 12395.6298828125, 12363.60546875, 12319.5390625, 12322.029296875, 12464.908203125, 12564.37109375, 12546.0234375, 12402.267578125, 12412.0107421875, 12436.3046875, 12493.505859375, 12662.7890625, 12640.884765625, 12649.34765625, 12704.5205078125, 12802.7958984375, 12856.0078125, 12857.181640625, 12854.2109375, 12786.326171875, 12662.5244140625, 12613.228515625, 12593.2646484375, 12608.7890625, 12691.03515625, 12752.1865234375, 12654.6923828125, 12581.1513671875, 12570.681640625, 12594.283203125, 12662.486328125, 12676.64453125, 12631.2587890625, 12585.341796875, 12577.474609375, 12598.775390625, 12654.869140625, 12681.3115234375, 12627.64453125, 12588.8955078125, 12587.36328125, 12613.421875, 12622.6708984375, 12646.18359375, 12618.267578125, 12602.7861328125, 12611.7392578125, 12649.4111328125, 12664.197265625, 12634.3994140625, 12607.9609375, 12613.3642578125, 12649.7236328125, 12671.84765625, 12653.166015625, 12624.296875, 12623.8525390625, 12656.9755859375, 12661.6728515625, 12662.3125, 12662.515625, 12649.45703125, 12665.15625]}