{"mean": [5763.73486328125, 5725.594889322917, 5714.439615885417, 5713.49755859375, 5720.47021484375, 5732.6015625, 5736.09326171875, 5732.573079427083, 5725.371744791667, 5724.0205078125, 5729.200358072917, 5738.25390625, 5759.6416015625, 5781.129720052083, 5796.320149739583, 5803.88134765625, 5810.098470052083, 5814.751953125, 5819.10888671875, 5824.461588541667, 5830.745930989583, 5846.729329427083, 5883.251953125, 5881.731770833333, 5863.45068359375, 5843.104817708333, 5830.150553385417, 5825.854329427083, 5828.175455729167, 5834.07275390625, 5841.1201171875, 5849.02880859375, 5858.011881510417, 5863.634928385417, 5869.1328125, 5874.724934895833, 5878.139811197917, 5882.773111979167, 5886.065755208333, 5887.727213541667, 5888.123372395833, 5886.14111328125, 5885.812662760417, 5892.40283203125, 5903.75146484375, 5918.4033203125, 5933.4267578125, 5945.743489583333, 5950.82177734375, 5954.4853515625, 5961.968098958333, 5964.160807291667, 5970.36474609375, 5987.216959635417, 5988.154134114583, 5990.959309895833, 5993.83251953125, 5995.410970052083, 5994.167154947917, 5985.790364583333, 5978.21533203125, 5978.96826171875, 5982.922526041667, 5988.719401041667, 5992.480305989583, 5990.819010416667, 5987.705403645833, 5984.700520833333, 5981.316731770833, 5981.270833333333, 5988.031575520833, 5989.492838541667, 5985.455240885417, 5982.47802734375, 5985.886881510417, 5985.842447916667, 5981.443033854167, 5980.907063802083, 5984.205729166667, 5987.076334635417, 5987.473795572917, 5985.03662109375, 5984.159342447917, 5985.687662760417, 5987.377604166667, 5988.9111328125, 5987.53662109375, 5985.151529947917, 5987.161783854167, 5986.51953125, 5982.52392578125, 5984.010579427083, 5987.569986979167, 5986.636555989583, 5987.75537109375, 5987.371419270833, 5982.59619140625, 5982.20263671875, 5987.900716145833, 5988.650065104167], "upper": [6041.04248046875, 5946.66015625, 5927.21826171875, 5933.31201171875, 5967.275390625, 6015.46044921875, 6032.98828125, 6025.55419921875, 5998.89404296875, 5974.62109375, 5965.1435546875, 5960.85302734375, 5977.4775390625, 5994.59912109375, 5997.31201171875, 5989.3935546875, 5981.25927734375, 5971.220703125, 5972.97607421875, 5982.4287109375, 5993.88427734375, 6003.79931640625, 6057.33203125, 6066.087890625, 6026.4248046875, 5980.05517578125, 5971.86279296875, 5970.4697265625, 5978.326171875, 5988.67041015625, 5995.4599609375, 5997.9404296875, 5996.18603515625, 5991.87841796875, 5999.1787109375, 6007.33837890625, 6003.83154296875, 5999.67626953125, 5993.28369140625, 5995.8818359375, 5993.05615234375, 5985.6318359375, 5977.89990234375, 5978.39208984375, 5986.02783203125, 5992.625, 5994.22119140625, 5994.29296875, 5991.59423828125, 5987.62890625, 5984.1337890625, 5990.111328125, 5991.6591796875, 5999.86328125, 6001.70703125, 6002.54736328125, 6003.0009765625, 6002.4140625, 6002.21044921875, 5994.7744140625, 5985.544921875, 5982.06640625, 5986.9775390625, 5990.87158203125, 5993.7939453125, 5994.783203125, 5992.01416015625, 5987.642578125, 5984.03271484375, 5984.7978515625, 5989.796875, 5993.88671875, 5993.14892578125, 5989.25634765625, 5988.12451171875, 5989.166015625, 5982.21142578125, 5983.408203125, 5986.08837890625, 5990.2158203125, 5994.3125, 5990.7353515625, 5986.11181640625, 5990.2138671875, 5993.41259765625, 5991.84375, 5994.416015625, 5991.595703125, 5988.6455078125, 5988.51416015625, 5985.9853515625, 5984.9794921875, 5989.16943359375, 5990.8125, 5990.55078125, 5988.220703125, 5984.8076171875, 5985.17431640625, 5991.5439453125, 5991.791015625], "lower": [5618.609375, 5606.171875, 5594.77392578125, 5588.1025390625, 5583.869140625, 5583.0029296875, 5585.62451171875, 5584.83544921875, 5582.9384765625, 5576.275390625, 5573.79541015625, 5578.23486328125, 5587.09130859375, 5598.6728515625, 5610.73779296875, 5622.6767578125, 5630.33935546875, 5630.70263671875, 5624.17919921875, 5613.5537109375, 5602.39697265625, 5592.2470703125, 5583.92578125, 5577.01025390625, 5572.4658203125, 5569.6865234375, 5569.193359375, 5570.72900390625, 5574.29345703125, 5579.265625, 5585.494140625, 5592.6513671875, 5601.2841796875, 5611.40283203125, 5622.4228515625, 5634.24658203125, 5646.98876953125, 5660.0712890625, 5672.29833984375, 5683.42041015625, 5693.67431640625, 5700.2783203125, 5707.44482421875, 5722.3837890625, 5742.20751953125, 5772.787109375, 5812.39013671875, 5854.173828125, 5879.1357421875, 5896.87890625, 5918.55859375, 5921.35546875, 5938.52294921875, 5977.7392578125, 5972.76416015625, 5974.90380859375, 5983.20361328125, 5990.46044921875, 5983.14501953125, 5976.48876953125, 5973.8134765625, 5977.28173828125, 5977.41845703125, 5984.80224609375, 5991.35986328125, 5987.939453125, 5984.35791015625, 5980.10400390625, 5979.3134765625, 5978.65234375, 5985.69921875, 5984.8740234375, 5980.642578125, 5976.04833984375, 5982.3076171875, 5984.05126953125, 5980.5068359375, 5978.6962890625, 5982.0791015625, 5985.43896484375, 5983.54052734375, 5981.67724609375, 5982.43505859375, 5981.583984375, 5982.31884765625, 5985.8828125, 5983.328125, 5980.1865234375, 5985.59814453125, 5984.55224609375, 5979.8984375, 5982.9931640625, 5985.32275390625, 5982.35791015625, 5985.1396484375, 5986.0830078125, 5978.2275390625, 5977.79150390625, 5986.033203125, 5986.30712890625]}