{"mean": [1077.0723063151042, 1081.2628173828125, 1084.7116292317708, 1086.2320963541667, 1087.2759195963542, 1087.9892171223958, 1088.4158121744792, 1088.6391194661458, 1088.9242350260417, 1089.442138671875, 1090.3282063802083, 1090.7542724609375, 1090.4381917317708, 1089.997314453125, 1089.7931315104167, 1089.9969889322917, 1090.3025716145833, 1090.7630615234375, 1091.1979573567708, 1091.6506754557292, 1092.21630859375, 1092.6706949869792, 1093.0413411458333, 1093.4266357421875, 1093.8043619791667, 1094.1692708333333, 1094.4929606119792, 1094.8283284505208, 1095.1151936848958, 1095.4462076822917, 1095.6705322265625, 1095.8455403645833, 1096.0139567057292, 1096.183837890625, 1096.3490804036458, 1096.5518798828125, 1096.690185546875, 1096.7598876953125, 1096.8354899088542, 1096.7917073567708, 1096.8043212890625, 1096.7820231119792, 1096.6302490234375, 1096.4718424479167, 1096.3561604817708, 1096.343505859375, 1096.2795817057292, 1096.1754150390625, 1096.0712890625, 1095.9740804036458, 1096.008056640625, 1095.8682454427083, 1095.7816569010417, 1095.4776611328125, 1095.4761962890625, 1095.5037027994792, 1095.652099609375, 1095.7574462890625, 1096.0146891276042, 1096.2403971354167, 1096.1922200520833, 1096.1967366536458, 1096.2171223958333, 1096.2320556640625, 1074.3454182942708, 1096.1596272786458, 1096.1558430989583, 1096.1706136067708, 1096.1826171875, 1096.1189778645833, 1096.0170084635417, 1096.0491943359375, 1096.0737711588542, 1096.3233235677083, 1096.5059814453125, 1096.6900227864583, 1096.991455078125, 1097.130615234375, 1097.226806640625, 1097.27685546875, 1097.3352864583333, 1097.3863118489583, 1097.4228515625, 1097.458251953125, 1097.4745686848958, 1097.4923909505208, 1097.5004069010417, 1097.5016276041667, 1097.49365234375, 1097.4816080729167, 1097.457275390625, 1097.4376220703125, 1097.41748046875, 1097.3932291666667, 1097.3577067057292, 1097.3269856770833, 1097.2762858072917, 1097.2293701171875, 1097.1443277994792, 1097.02978515625], "upper": [1103.134521484375, 1103.72998046875, 1104.4732666015625, 1105.052490234375, 1105.3404541015625, 1105.661376953125, 1105.9029541015625, 1106.1572265625, 1106.4102783203125, 1106.630615234375, 1106.8016357421875, 1106.96484375, 1107.1397705078125, 1107.3084716796875, 1107.4578857421875, 1107.567626953125, 1107.5809326171875, 1107.7261962890625, 1107.7303466796875, 1107.7789306640625, 1107.89208984375, 1107.9189453125, 1107.9378662109375, 1108.022705078125, 1108.0150146484375, 1108.04248046875, 1107.994384765625, 1108.06201171875, 1108.0555419921875, 1108.011474609375, 1107.93896484375, 1107.915771484375, 1107.8543701171875, 1107.8121337890625, 1107.75244140625, 1107.78515625, 1107.693603515625, 1107.4110107421875, 1107.1900634765625, 1106.76953125, 1106.5791015625, 1106.4176025390625, 1106.020263671875, 1105.5721435546875, 1105.28466796875, 1105.31298828125, 1105.1854248046875, 1104.9801025390625, 1104.8818359375, 1104.8826904296875, 1104.9576416015625, 1105.0255126953125, 1105.200439453125, 1105.4129638671875, 1105.72412109375, 1106.0244140625, 1106.3753662109375, 1106.62255859375, 1106.9073486328125, 1107.2042236328125, 1107.4676513671875, 1107.20654296875, 1106.9906005859375, 1106.7489013671875, 1093.260009765625, 1106.554931640625, 1106.530517578125, 1106.53173828125, 1106.5421142578125, 1106.5198974609375, 1106.4813232421875, 1106.4488525390625, 1106.425048828125, 1106.3951416015625, 1106.375, 1106.3626708984375, 1106.3450927734375, 1106.31982421875, 1106.31884765625, 1106.3038330078125, 1106.2933349609375, 1106.280029296875, 1106.2642822265625, 1106.2574462890625, 1106.219482421875, 1106.20849609375, 1106.20458984375, 1106.2032470703125, 1106.2080078125, 1106.20654296875, 1106.208251953125, 1106.2100830078125, 1106.22216796875, 1106.255859375, 1106.2596435546875, 1106.268798828125, 1106.281494140625, 1106.291259765625, 1106.30078125, 1106.304931640625], "lower": [1030.3336181640625, 1041.8099365234375, 1051.33984375, 1055.2431640625, 1058.1119384765625, 1060.048828125, 1061.3956298828125, 1062.2950439453125, 1063.218994140625, 1064.9124755859375, 1068.20361328125, 1070.5203857421875, 1071.01171875, 1071.2733154296875, 1071.8599853515625, 1072.787109375, 1073.609619140625, 1074.330322265625, 1075.2879638671875, 1076.189697265625, 1077.1434326171875, 1078.1121826171875, 1078.886962890625, 1079.5596923828125, 1080.1697998046875, 1080.771240234375, 1081.4228515625, 1082.0172119140625, 1082.61572265625, 1083.410400390625, 1083.9449462890625, 1084.3070068359375, 1084.708984375, 1085.1346435546875, 1085.5899658203125, 1086.0860595703125, 1086.531005859375, 1086.981201171875, 1087.406494140625, 1087.72314453125, 1087.99462890625, 1088.174072265625, 1088.22607421875, 1088.3447265625, 1088.4306640625, 1088.4876708984375, 1088.5726318359375, 1088.6552734375, 1088.69921875, 1088.773193359375, 1088.8258056640625, 1088.888427734375, 1088.927978515625, 1088.76806640625, 1088.8419189453125, 1088.885009765625, 1088.9033203125, 1088.8792724609375, 1089.0037841796875, 1088.972900390625, 1089.0643310546875, 1089.1241455078125, 1089.1732177734375, 1089.200439453125, 1040.5574951171875, 1089.21435546875, 1089.2037353515625, 1089.172119140625, 1089.117919921875, 1089.0625, 1088.9739990234375, 1088.8656005859375, 1088.83544921875, 1089.2601318359375, 1089.5069580078125, 1089.66943359375, 1090.13720703125, 1090.3358154296875, 1090.4716796875, 1090.6485595703125, 1090.826416015625, 1090.98681640625, 1091.118408203125, 1091.2244873046875, 1091.32275390625, 1091.3837890625, 1091.4117431640625, 1091.420654296875, 1091.390625, 1091.3492431640625, 1091.2923583984375, 1091.214111328125, 1091.135986328125, 1091.037353515625, 1090.9256591796875, 1090.8189697265625, 1090.662353515625, 1090.510009765625, 1090.2366943359375, 1089.908203125]}