{"mean": [1810.1988118489583, 1816.3253173828125, 1819.3292236328125, 1817.6929931640625, 1816.1476643880208, 1815.6673583984375, 1816.9686279296875, 1817.9782307942708, 1815.4600830078125, 1810.5005289713542, 1809.978515625, 1805.6706949869792, 1804.4626871744792, 1801.3782145182292, 1802.4934488932292, 1802.2645263671875, 1806.4585367838542, 1808.7700602213542, 1810.62060546875, 1814.8816324869792, 1819.0668538411458, 1820.6614176432292, 1822.605224609375, 1824.4529215494792, 1824.8036295572917, 1825.2713623046875, 1824.7853190104167, 1824.7737223307292, 1824.6461588541667, 1825.9040120442708, 1825.5343424479167, 1825.2942301432292, 1825.5787760416667, 1825.9503987630208, 1825.488525390625, 1825.9661458333333, 1825.805419921875, 1826.297119140625, 1826.8275553385417, 1827.821044921875, 1827.4637044270833, 1828.1600341796875, 1827.805419921875, 1828.00634765625, 1827.62890625, 1827.2685139973958, 1826.5714518229167, 1825.08837890625, 1824.4054361979167, 1823.1409098307292, 1821.7403971354167, 1822.2549641927083, 1820.7135823567708, 1819.2652994791667, 1818.0121256510417, 1817.1215413411458, 1815.6104736328125, 1815.2447509765625, 1815.1786702473958, 1815.3536783854167, 1814.6543375651042, 1814.2620035807292, 1814.3870849609375, 1813.3482666015625, 1785.6659342447917, 1812.9532470703125, 1812.32275390625, 1812.1240234375, 1811.6280517578125, 1811.5146077473958, 1813.1313883463542, 1812.6438395182292, 1812.4200032552083, 1812.1278889973958, 1812.2266031901042, 1812.6702067057292, 1810.8118489583333, 1810.4208577473958, 1810.423095703125, 1810.1043701171875, 1811.0526529947917, 1810.8758138020833, 1811.214111328125, 1811.2133382161458, 1811.1871744791667, 1811.1842041015625, 1811.2056884765625, 1810.9307454427083, 1811.3078206380208, 1811.2960205078125, 1810.9509684244792, 1811.256103515625, 1811.1540934244792, 1811.1356608072917, 1811.1626790364583, 1811.0917154947917, 1811.0758870442708, 1811.6274820963542, 1811.1714680989583, 1809.9111735026042], "upper": [1860.6029052734375, 1861.011474609375, 1865.4327392578125, 1866.395751953125, 1866.0667724609375, 1867.113525390625, 1869.79052734375, 1868.6318359375, 1868.0810546875, 1868.150146484375, 1870.7359619140625, 1870.9864501953125, 1872.1103515625, 1872.6749267578125, 1871.7099609375, 1873.956787109375, 1874.13330078125, 1874.561279296875, 1876.214111328125, 1875.494140625, 1875.8505859375, 1876.09765625, 1874.7711181640625, 1874.7987060546875, 1875.083984375, 1873.8173828125, 1873.1329345703125, 1873.223876953125, 1872.166015625, 1872.53857421875, 1871.11572265625, 1870.8118896484375, 1870.8017578125, 1871.43505859375, 1867.677001953125, 1867.0164794921875, 1866.17333984375, 1867.197265625, 1867.031982421875, 1867.54931640625, 1866.1920166015625, 1865.3648681640625, 1862.2794189453125, 1862.13623046875, 1861.867919921875, 1860.6180419921875, 1858.9097900390625, 1855.669921875, 1852.2301025390625, 1851.137939453125, 1849.125244140625, 1847.6123046875, 1846.6512451171875, 1845.8944091796875, 1843.04345703125, 1843.3350830078125, 1839.091552734375, 1839.0933837890625, 1839.44140625, 1839.6434326171875, 1839.1546630859375, 1839.3250732421875, 1840.216796875, 1840.508056640625, 1803.69140625, 1839.8443603515625, 1839.234375, 1839.095703125, 1839.3115234375, 1839.1021728515625, 1839.156005859375, 1839.201416015625, 1839.1517333984375, 1839.2569580078125, 1839.1878662109375, 1839.3394775390625, 1839.375732421875, 1839.4012451171875, 1839.4248046875, 1839.432373046875, 1842.1734619140625, 1842.1915283203125, 1842.2047119140625, 1842.209228515625, 1842.2125244140625, 1842.2109375, 1842.2100830078125, 1842.2095947265625, 1842.2127685546875, 1842.212158203125, 1842.2103271484375, 1842.211181640625, 1842.2110595703125, 1842.2080078125, 1842.2073974609375, 1842.1982421875, 1842.1890869140625, 1842.179931640625, 1840.8031005859375, 1839.4310302734375], "lower": [1718.607666015625, 1735.7396240234375, 1738.26953125, 1727.6329345703125, 1723.918212890625, 1724.1376953125, 1726.922119140625, 1731.853759765625, 1731.4224853515625, 1719.3087158203125, 1714.2138671875, 1707.738525390625, 1710.189208984375, 1705.81591796875, 1712.369140625, 1712.6341552734375, 1727.8253173828125, 1737.370849609375, 1743.7568359375, 1759.6968994140625, 1772.330322265625, 1777.7579345703125, 1782.0057373046875, 1788.50341796875, 1788.800537109375, 1790.48486328125, 1789.75732421875, 1788.2620849609375, 1790.3853759765625, 1793.8709716796875, 1793.35205078125, 1793.0472412109375, 1792.99169921875, 1793.1934814453125, 1795.26806640625, 1796.306884765625, 1796.983642578125, 1797.5634765625, 1798.887451171875, 1800.74755859375, 1801.6156005859375, 1803.1187744140625, 1804.9215087890625, 1805.077880859375, 1804.057861328125, 1804.273681640625, 1804.662841796875, 1804.7225341796875, 1805.5213623046875, 1805.40380859375, 1805.205810546875, 1804.720458984375, 1804.412841796875, 1803.9718017578125, 1803.982666015625, 1803.88671875, 1803.858154296875, 1802.70947265625, 1801.8450927734375, 1802.3104248046875, 1800.208251953125, 1799.9891357421875, 1799.34814453125, 1795.96484375, 1757.939453125, 1795.0858154296875, 1794.2882080078125, 1794.2025146484375, 1792.6502685546875, 1792.512451171875, 1797.2933349609375, 1795.7738037109375, 1795.929443359375, 1794.127685546875, 1793.3017578125, 1793.9654541015625, 1788.6622314453125, 1787.3919677734375, 1787.58984375, 1787.5833740234375, 1787.5802001953125, 1786.6160888671875, 1787.584716796875, 1787.5831298828125, 1787.59130859375, 1787.5894775390625, 1787.5828857421875, 1786.613037109375, 1787.587646484375, 1787.5762939453125, 1786.612548828125, 1787.5853271484375, 1787.5936279296875, 1787.591796875, 1787.5838623046875, 1787.5806884765625, 1787.58447265625, 1787.586181640625, 1787.59716796875, 1786.6168212890625]}