{"mean": [28255.064453125, 28232.052083333332, 28226.936197916668, 28229.10546875, 28236.416015625, 28248.495442708332, 28263.458333333332, 28279.374348958332, 28295.705729166668, 28311.6484375, 28327.838541666668, 28334.482421875, 28335.4140625, 28331.404947916668, 28329.160807291668, 28325.313802083332, 28319.912760416668, 28313.409505208332, 28306.40234375, 28299.645833333332, 28293.279947916668, 28287.654947916668, 28282.6171875, 28278.481770833332, 28275.401692708332, 28273.188802083332, 28271.906901041668, 28271.505859375, 28271.821614583332, 28272.766276041668, 28274.22265625, 28276.078125, 28278.12109375, 28280.38671875, 28282.899088541668, 28285.31640625, 28288.039713541668, 28290.315755208332, 28292.211588541668, 28293.821614583332, 28295.102864583332, 28296.37890625, 28297.613932291668, 28298.58203125, 28299.556640625, 28300.072916666668, 28300.665364583332, 28301.221354166668, 28301.65625, 28301.962890625, 28301.96875, 28301.8671875, 28301.384114583332, 28300.914713541668, 28300.151041666668, 28299.614583333332, 28298.674479166668, 28298.061848958332, 28297.715494791668, 28297.294270833332, 28296.624348958332, 28296.319661458332, 28296.277994791668, 28296.315104166668, 28295.8984375, 28296.194010416668, 28296.460286458332, 28296.397135416668, 28296.8515625, 28296.947265625, 28296.98046875, 28296.938802083332, 28297.207682291668, 28187.78125, 28297.471354166668, 28297.470052083332, 28297.531901041668, 28297.744791666668, 28297.610026041668, 28297.444661458332, 28297.159505208332, 28296.77734375, 28296.42578125, 28295.923177083332, 28295.504557291668, 28295.028645833332, 28294.581380208332, 28294.072916666668, 28293.611328125, 28293.391927083332, 28293.19140625, 28292.861328125, 28292.899739583332, 28292.966145833332, 28293.0703125, 28293.430338541668, 28293.872395833332, 28294.3046875, 28294.565755208332, 28294.896484375], "upper": [28637.2109375, 28547.21875, 28508.294921875, 28485.30078125, 28470.294921875, 28462.931640625, 28458.77734375, 28454.587890625, 28452.265625, 28451.87890625, 28454.55078125, 28440.919921875, 28422.990234375, 28403.845703125, 28399.357421875, 28397.388671875, 28395.6484375, 28393.75390625, 28392.25, 28391.00390625, 28389.91796875, 28389.08203125, 28388.83203125, 28388.693359375, 28388.64453125, 28388.90625, 28389.369140625, 28390.041015625, 28390.552734375, 28391.419921875, 28392.2109375, 28393.08984375, 28394.083984375, 28395.103515625, 28396.142578125, 28396.990234375, 28397.939453125, 28398.81640625, 28399.734375, 28400.642578125, 28401.4453125, 28402.28515625, 28402.984375, 28403.62109375, 28404.1875, 28404.56640625, 28405.130859375, 28405.8125, 28406.40234375, 28407.2109375, 28407.83203125, 28408.74609375, 28409.146484375, 28409.51171875, 28409.5625, 28410.232421875, 28410.1953125, 28410.181640625, 28410.197265625, 28410.18359375, 28409.8828125, 28409.763671875, 28409.607421875, 28409.576171875, 28409.353515625, 28409.365234375, 28409.314453125, 28409.17578125, 28409.037109375, 28408.90234375, 28408.64453125, 28408.69140625, 28408.55859375, 28408.46484375, 28408.294921875, 28408.26171875, 28408.71875, 28409.541015625, 28409.7109375, 28410.216796875, 28410.509765625, 28410.8203125, 28411.029296875, 28411.052734375, 28410.94921875, 28410.9453125, 28410.73046875, 28410.63671875, 28410.4375, 28410.0234375, 28409.880859375, 28409.5703125, 28409.55078125, 28409.091796875, 28408.951171875, 28408.767578125, 28408.6875, 28408.38671875, 28408.44921875, 28408.474609375], "lower": [28055.5390625, 28064.62890625, 28074.451171875, 28087.6328125, 28103.845703125, 28122.109375, 28143.25, 28167.546875, 28192.623046875, 28218.392578125, 28245.771484375, 28268.6875, 28286.376953125, 28294.47265625, 28288.2421875, 28279.77734375, 28270.35546875, 28261.091796875, 28252.017578125, 28243.498046875, 28235.8046875, 28229.125, 28222.892578125, 28217.890625, 28214.447265625, 28211.52734375, 28209.626953125, 28208.59375, 28208.552734375, 28209.1640625, 28210.61328125, 28212.2109375, 28213.90234375, 28215.890625, 28218.2265625, 28221.166015625, 28225.23046875, 28228.876953125, 28231.724609375, 28234.185546875, 28236.208984375, 28238.26953125, 28240.23046875, 28242.12109375, 28243.845703125, 28245.12109375, 28246.728515625, 28247.3828125, 28248.625, 28248.625, 28248.755859375, 28248.388671875, 28247.4765625, 28246.5390625, 28245.3203125, 28244.298828125, 28242.677734375, 28241.85546875, 28241.166015625, 28240.1171875, 28239.12109375, 28238.392578125, 28237.873046875, 28237.22265625, 28236.7109375, 28236.3984375, 28236.4921875, 28236.77734375, 28237.181640625, 28237.126953125, 28237.5, 28238.03125, 28239.015625, 27910.783203125, 28240.51953125, 28240.9921875, 28241.626953125, 28241.798828125, 28241.26171875, 28240.90234375, 28240.400390625, 28239.5625, 28238.7109375, 28237.685546875, 28236.7890625, 28235.583984375, 28234.404296875, 28233.5859375, 28232.388671875, 28231.73828125, 28231.234375, 28230.96875, 28230.8984375, 28231.029296875, 28231.416015625, 28232.447265625, 28233.482421875, 28234.4609375, 28235.08203125, 28235.958984375]}