{"mean": [3264.294677734375, 3272.4718424479165, 3277.5131022135415, 3278.114501953125, 3277.2921549479165, 3275.6783040364585, 3273.1598307291665, 3269.7779947916665, 3264.8623046875, 3258.3653971354165, 3253.47705078125, 3251.1680501302085, 3250.0001627604165, 3249.1136881510415, 3248.780517578125, 3249.07666015625, 3249.4471028645835, 3249.8717447916665, 3250.3024088541665, 3250.7005208333335, 3251.0128580729165, 3251.2744954427085, 3251.609375, 3251.9134928385415, 3252.160400390625, 3252.2884928385415, 3252.3656412760415, 3252.402099609375, 3252.4158528645835, 3252.38232421875, 3252.29248046875, 3252.2161458333335, 3252.0696614583335, 3251.870361328125, 3251.6549479166665, 3251.4012858072915, 3251.1541341145835, 3250.892578125, 3250.6521809895835, 3250.4629720052085, 3250.2872721354165, 3250.1016438802085, 3249.9120279947915, 3249.7567545572915, 3249.6001790364585, 3249.4388020833335, 3249.2942708333335, 3249.2124837239585, 3249.1114095052085, 3249.0018717447915, 3248.8749186197915, 3248.8155924479165, 3248.8028157552085, 3248.87158203125, 3248.868408203125, 3248.9637044270835, 3248.9851888020835, 3249.024169921875, 3249.0789388020835, 3249.1358235677085, 3249.2251790364585, 3249.2932942708335, 3249.396484375, 3249.44970703125, 3249.50634765625, 3249.533447265625, 3249.608642578125, 3249.662841796875, 3249.697021484375, 3249.7388509114585, 3249.7093912760415, 3249.71484375, 3249.6825358072915, 3280.3263346354165, 3249.6807454427085, 3249.6517740885415, 3249.5580240885415, 3249.5113118489585, 3249.5125325520835, 3249.4960123697915, 3249.45458984375, 3249.4476725260415, 3249.491943359375, 3249.5087890625, 3249.5118001302085, 3249.5597330729165, 3249.6192220052085, 3249.640625, 3249.6971028645835, 3249.75537109375, 3249.7806803385415, 3249.8065592447915, 3249.8590494791665, 3249.8681640625, 3249.8523763020835, 3249.8468424479165, 3249.7993977864585, 3249.7589518229165, 3249.7294921875, 3249.7149251302085], "upper": [3312.61865234375, 3310.8779296875, 3309.541748046875, 3308.692626953125, 3308.35107421875, 3308.442626953125, 3308.872802734375, 3309.83154296875, 3311.04541015625, 3311.818115234375, 3312.136474609375, 3312.2041015625, 3311.94775390625, 3311.778076171875, 3311.585205078125, 3311.384765625, 3311.42138671875, 3311.55419921875, 3311.639892578125, 3311.691650390625, 3311.6513671875, 3311.57666015625, 3311.6884765625, 3311.85791015625, 3312.083251953125, 3312.190185546875, 3312.306396484375, 3312.44140625, 3312.599365234375, 3312.676513671875, 3312.736328125, 3312.78466796875, 3312.75634765625, 3312.58203125, 3312.367919921875, 3312.050537109375, 3311.799560546875, 3311.51708984375, 3311.270751953125, 3311.079833984375, 3310.9130859375, 3310.71923828125, 3310.50146484375, 3310.293701171875, 3310.048583984375, 3309.796875, 3309.507080078125, 3309.386962890625, 3309.329345703125, 3309.130126953125, 3309.043701171875, 3309.10400390625, 3309.0234375, 3309.15087890625, 3309.115966796875, 3309.17724609375, 3309.2197265625, 3309.284912109375, 3309.32470703125, 3309.338134765625, 3309.456787109375, 3309.558837890625, 3309.677734375, 3309.6123046875, 3309.667724609375, 3309.644775390625, 3309.676025390625, 3309.711669921875, 3309.702392578125, 3309.615966796875, 3309.583251953125, 3309.5263671875, 3309.49169921875, 3401.275390625, 3309.530517578125, 3309.481201171875, 3309.47119140625, 3309.432373046875, 3309.54150390625, 3309.531494140625, 3309.509521484375, 3309.48876953125, 3309.586669921875, 3309.556640625, 3309.620361328125, 3309.690185546875, 3309.799072265625, 3309.884521484375, 3309.959228515625, 3310.0205078125, 3310.069091796875, 3310.11181640625, 3310.15625, 3310.14892578125, 3310.116943359375, 3310.03076171875, 3309.890625, 3309.7578125, 3309.696044921875, 3309.62353515625], "lower": [3179.1220703125, 3208.24755859375, 3226.411865234375, 3231.121826171875, 3230.737548828125, 3227.334716796875, 3220.56494140625, 3209.76416015625, 3194.145751953125, 3174.58056640625, 3159.644287109375, 3151.976318359375, 3148.00048828125, 3144.86083984375, 3143.3955078125, 3143.7197265625, 3144.1982421875, 3144.702880859375, 3145.244140625, 3145.76025390625, 3146.058349609375, 3146.221435546875, 3146.267822265625, 3146.11474609375, 3145.8193359375, 3145.4052734375, 3144.958984375, 3144.414794921875, 3143.806884765625, 3143.2314453125, 3142.556640625, 3141.92822265625, 3141.243408203125, 3140.602783203125, 3139.972412109375, 3139.296875, 3138.628173828125, 3137.888427734375, 3137.171630859375, 3136.5546875, 3135.961669921875, 3135.4052734375, 3134.844482421875, 3134.35595703125, 3133.890625, 3133.44482421875, 3133.091552734375, 3132.72314453125, 3132.336669921875, 3131.9873046875, 3131.5478515625, 3131.180908203125, 3130.952392578125, 3130.75634765625, 3130.5224609375, 3130.4970703125, 3130.257568359375, 3130.06396484375, 3129.9404296875, 3129.8798828125, 3129.859619140625, 3129.815673828125, 3129.79833984375, 3129.8623046875, 3129.884765625, 3129.8759765625, 3129.890380859375, 3129.95263671875, 3129.96484375, 3130.0224609375, 3129.9765625, 3130.134521484375, 3130.135986328125, 3130.143798828125, 3130.14306640625, 3130.19677734375, 3129.973388671875, 3129.9052734375, 3129.779541015625, 3129.6923828125, 3129.5556640625, 3129.479248046875, 3129.443115234375, 3129.443115234375, 3129.36376953125, 3129.44873046875, 3129.4873046875, 3129.49560546875, 3129.599853515625, 3129.64013671875, 3129.745849609375, 3129.820068359375, 3129.895751953125, 3129.8798828125, 3129.998291015625, 3130.0283203125, 3130.054931640625, 3130.0849609375, 3130.078125, 3130.150634765625]}