{
    "particle_has_naninf": false,
    "point_distance_sr": 14845.158203125,
    "point_distance_rs": 1616.4375,
    "chamfer_loss_pcd": 16461.595703125,
    "particle_distance_sr": 5460.939453125,
    "particle_distance_rs": 5737.55078125,
    "chamfer_loss_particle": 11198.490234375,
    "final_height_map": null,
    "height_map_loss_pcd": 2700.571044921875,
    "emd_point_distance_loss": 1726.01220703125,
    "emd_particle_distance_loss": 11743.0546875,
    "total_loss": 0.0
}