{"mean": [1849.3662109375, 1851.0260009765625, 1852.9801432291667, 1856.4702962239583, 1861.2876790364583, 1868.5574544270833, 1878.7351481119792, 1893.4969889322917, 1911.3859049479167, 1932.61279296875, 1957.6033121744792, 1986.2421875, 2022.0736897786458, 2065.2015787760415, 2111.086629231771, 2166.3084716796875, 2219.9148763020835, 2265.9900716145835, 2305.3623046875, 2311.8006184895835, 2331.349609375, 2367.7840983072915, 2418.5601399739585, 2424.5111490885415, 2430.2489420572915, 2435.92041015625, 2442.6621907552085, 2453.3274739583335, 2465.143310546875, 2463.5077311197915, 2461.80712890625, 2460.0458170572915, 2457.878662109375, 2455.5430501302085, 2453.9091796875, 2453.9522298177085, 2453.37060546875, 2452.824462890625, 2452.3134765625, 2451.6270345052085, 2450.2594401041665, 2448.4852701822915, 2445.9857584635415, 2442.2626953125, 2437.4098307291665, 2430.7637532552085, 2422.9827473958335, 2415.8373209635415, 2415.7010091145835, 2415.11279296875, 2414.12060546875, 2413.1798502604165, 2412.2589518229165, 2411.3502604166665, 2410.5128580729165, 2409.6764322916665, 2408.968994140625, 2408.1874186197915, 2407.451904296875, 2406.8094889322915, 2406.242919921875, 2405.78125, 2405.322265625, 2405.3807779947915, 2405.9805501302085, 2406.6283365885415, 2407.22509765625, 2407.744140625, 2408.124755859375, 2408.5157063802085, 2408.9534505208335, 2409.2532552083335, 2409.345458984375, 2409.4334309895835, 2409.324951171875, 2408.9940592447915, 2408.481201171875, 2407.8090006510415, 2406.822998046875, 2405.4773763020835, 2402.7635904947915, 2397.8190104166665, 2390.6700032552085, 2381.7716471354165, 2377.473388671875, 2381.0524088541665, 2381.059326171875, 2381.0572102864585, 2381.0625813802085, 2381.0533040364585, 2381.05859375, 2381.0694173177085, 2381.056396484375, 2381.0570475260415, 2381.0508626302085, 2381.0629069010415, 2381.0594075520835, 2381.05712890625, 2381.0647786458335, 2381.0501302083335], "upper": [2281.892822265625, 2289.98095703125, 2297.74560546875, 2305.843994140625, 2313.229736328125, 2320.05810546875, 2327.248779296875, 2335.0166015625, 2343.1923828125, 2352.22900390625, 2361.365478515625, 2370.57568359375, 2379.052978515625, 2386.20166015625, 2393.59814453125, 2402.2197265625, 2410.60986328125, 2419.186767578125, 2427.909423828125, 2437.081787109375, 2444.971435546875, 2452.710205078125, 2460.83984375, 2473.39990234375, 2484.8037109375, 2496.01025390625, 2509.9169921875, 2535.154052734375, 2564.025390625, 2552.436279296875, 2540.721435546875, 2528.987060546875, 2517.0390625, 2504.774169921875, 2494.79052734375, 2490.21533203125, 2485.555908203125, 2480.925537109375, 2476.27587890625, 2471.670166015625, 2467.203125, 2462.80078125, 2458.511474609375, 2454.24267578125, 2449.97509765625, 2445.701171875, 2441.56396484375, 2437.46435546875, 2434.0478515625, 2434.912109375, 2435.888671875, 2437.05859375, 2438.200439453125, 2439.3388671875, 2440.5654296875, 2441.802490234375, 2443.181640625, 2444.488525390625, 2445.74560546875, 2447.196044921875, 2448.731689453125, 2450.53857421875, 2452.240966796875, 2454.03466796875, 2455.841064453125, 2457.768310546875, 2459.572021484375, 2461.1044921875, 2462.242431640625, 2463.453125, 2464.757568359375, 2465.636474609375, 2465.911376953125, 2466.175048828125, 2465.858642578125, 2464.85498046875, 2463.330810546875, 2461.309814453125, 2458.3466796875, 2454.318115234375, 2446.185791015625, 2431.36181640625, 2409.88330078125, 2383.201416015625, 2381.061279296875, 2381.055908203125, 2381.06494140625, 2381.060302734375, 2381.0712890625, 2381.05712890625, 2381.065185546875, 2381.079833984375, 2381.0634765625, 2381.07275390625, 2381.055419921875, 2381.07177734375, 2381.065673828125, 2381.060546875, 2381.06787109375, 2381.052490234375], "lower": [1615.4766845703125, 1616.5721435546875, 1618.8507080078125, 1620.92724609375, 1622.9989013671875, 1626.3614501953125, 1631.0107421875, 1636.350830078125, 1646.457763671875, 1663.744140625, 1689.1580810546875, 1725.1622314453125, 1775.1156005859375, 1841.1904296875, 1928.3897705078125, 2038.6324462890625, 2088.514404296875, 2114.84912109375, 2144.946044921875, 2153.8876953125, 2178.117431640625, 2233.276611328125, 2376.170166015625, 2379.69482421875, 2383.329833984375, 2386.6806640625, 2390.2265625, 2393.953857421875, 2397.539306640625, 2401.205810546875, 2404.93994140625, 2408.678955078125, 2411.640869140625, 2414.3681640625, 2417.2177734375, 2420.16796875, 2421.861328125, 2423.835693359375, 2426.09765625, 2428.6044921875, 2429.577392578125, 2429.56494140625, 2429.87255859375, 2430.39892578125, 2430.876220703125, 2415.052978515625, 2395.079345703125, 2376.88525390625, 2379.695556640625, 2381.057861328125, 2381.062255859375, 2381.05029296875, 2381.05615234375, 2381.056640625, 2381.066650390625, 2381.056396484375, 2381.055908203125, 2381.05224609375, 2381.054443359375, 2381.060546875, 2381.050537109375, 2381.047119140625, 2381.0810546875, 2381.05224609375, 2381.0419921875, 2381.05810546875, 2381.04443359375, 2381.0537109375, 2381.06298828125, 2381.038330078125, 2381.0380859375, 2381.06103515625, 2381.0615234375, 2381.05712890625, 2381.056640625, 2381.0546875, 2381.05322265625, 2381.054443359375, 2381.0546875, 2381.05126953125, 2381.044921875, 2381.043701171875, 2381.0625, 2381.0556640625, 2370.316650390625, 2381.047119140625, 2381.05517578125, 2381.05224609375, 2381.053955078125, 2381.050048828125, 2381.0546875, 2381.056640625, 2381.049560546875, 2381.0478515625, 2381.0478515625, 2381.05712890625, 2381.05615234375, 2381.051513671875, 2381.062744140625, 2381.048828125]}