{"mean": [7396.7001953125, 7398.612141927083, 7400.641927083333, 7402.844563802083, 7405.25439453125, 7408.05126953125, 7411.284016927083, 7415.240071614583, 7419.4228515625, 7424.286783854167, 7430.3935546875, 7438.121256510417, 7447.982096354167, 7460.116373697917, 7474.836100260417, 7492.3857421875, 7511.346028645833, 7534.753580729167, 7564.5419921875, 7595.877278645833, 7629.688151041667, 7665.817545572917, 7684.954752604167, 7688.166178385417, 7692.276529947917, 7696.571614583333, 7701.853190104167, 7708.562174479167, 7714.9814453125, 7720.14013671875, 7725.47607421875, 7731.292805989583, 7737.070963541667, 7743.051595052083, 7748.671549479167, 7753.1328125, 7757.53173828125, 7762.138020833333, 7766.972819010417, 7772.086588541667, 7776.999348958333, 7782.299641927083, 7787.892578125, 7794.080891927083, 7800.928873697917, 7808.3466796875, 7816.40673828125, 7826.193522135417, 7840.238932291667, 7846.615071614583, 7848.9921875, 7851.392415364583, 7853.795735677083, 7856.228678385417, 7858.679036458333, 7861.151529947917, 7863.708658854167, 7866.25634765625, 7868.81787109375, 7871.403971354167, 7873.9580078125, 7876.522135416667, 7879.14306640625, 7881.152506510417, 7882.52587890625, 7883.99169921875, 7885.559244791667, 7887.197102864583, 7888.44677734375, 7889.746744791667, 7891.160970052083, 7892.584147135417, 7894.061848958333, 7895.695149739583, 7897.474609375, 7899.430501302083, 7901.50732421875, 7903.783365885417, 7906.45849609375, 7909.775065104167, 7913.632486979167, 7918.36865234375, 7924.044270833333, 7930.7509765625, 7941.455240885417, 7949.19677734375, 7949.200032552083, 7949.19384765625, 7949.193522135417, 7949.193196614583, 7949.19384765625, 7949.191569010417, 7949.195963541667, 7949.198404947917, 7949.195963541667, 7949.196126302083, 7949.19482421875, 7949.195963541667, 7949.195638020833, 7949.200520833333], "upper": [7600.62353515625, 7607.3232421875, 7613.607421875, 7619.74267578125, 7625.7119140625, 7631.47900390625, 7636.96142578125, 7642.40673828125, 7647.79296875, 7653.1328125, 7658.52001953125, 7663.97412109375, 7669.19775390625, 7674.25732421875, 7678.87060546875, 7683.6083984375, 7688.2587890625, 7692.78271484375, 7697.40771484375, 7702.2978515625, 7707.30908203125, 7726.51806640625, 7727.71875, 7729.41796875, 7731.6494140625, 7737.4580078125, 7747.20263671875, 7761.06298828125, 7773.45947265625, 7781.810546875, 7790.3369140625, 7799.89453125, 7809.0634765625, 7818.607421875, 7826.576171875, 7830.9736328125, 7835.375, 7839.76904296875, 7844.1513671875, 7848.548828125, 7852.982421875, 7857.4423828125, 7861.89794921875, 7866.2705078125, 7870.650390625, 7875.02880859375, 7880.1162109375, 7902.29443359375, 7937.2509765625, 7949.1904296875, 7949.19287109375, 7949.20263671875, 7949.19677734375, 7949.19580078125, 7949.19873046875, 7949.19873046875, 7949.19140625, 7949.19775390625, 7949.1962890625, 7949.201171875, 7949.1982421875, 7949.19384765625, 7949.19677734375, 7949.19677734375, 7949.19873046875, 7949.1923828125, 7949.19921875, 7949.1962890625, 7949.203125, 7949.20703125, 7949.20556640625, 7949.1943359375, 7949.1982421875, 7949.19677734375, 7949.19384765625, 7949.19677734375, 7949.19482421875, 7949.19677734375, 7949.19482421875, 7949.20263671875, 7949.1962890625, 7949.1943359375, 7949.19580078125, 7949.19921875, 7949.1962890625, 7949.2060546875, 7949.205078125, 7949.1962890625, 7949.1953125, 7949.19384765625, 7949.19873046875, 7949.19189453125, 7949.1982421875, 7949.2001953125, 7949.2041015625, 7949.19970703125, 7949.19873046875, 7949.19873046875, 7949.197265625, 7949.20361328125], "lower": [7287.388671875, 7288.083984375, 7289.24365234375, 7290.390625, 7291.43896484375, 7292.45556640625, 7293.3564453125, 7294.0166015625, 7294.6904296875, 7296.19970703125, 7298.53466796875, 7302.6220703125, 7309.22900390625, 7319.3134765625, 7336.01416015625, 7363.599609375, 7403.42529296875, 7454.240234375, 7470.1396484375, 7488.84228515625, 7517.77978515625, 7558.16796875, 7608.7275390625, 7611.81689453125, 7614.8486328125, 7617.95361328125, 7621.09228515625, 7624.2529296875, 7627.634765625, 7631.14306640625, 7634.71240234375, 7638.45947265625, 7642.376953125, 7646.400390625, 7650.52001953125, 7654.41015625, 7657.88720703125, 7661.72998046875, 7665.66064453125, 7669.779296875, 7673.04931640625, 7675.83984375, 7678.626953125, 7681.33837890625, 7684.12109375, 7686.89208984375, 7689.71044921875, 7692.5439453125, 7695.40625, 7698.306640625, 7701.20947265625, 7704.13916015625, 7707.08203125, 7710.1162109375, 7713.24658203125, 7716.423828125, 7719.79833984375, 7723.189453125, 7726.6435546875, 7730.1923828125, 7733.75, 7737.35498046875, 7741.15380859375, 7745.07177734375, 7749.1865234375, 7753.59228515625, 7758.28271484375, 7763.2001953125, 7766.939453125, 7770.83740234375, 7775.0791015625, 7779.3662109375, 7783.7919921875, 7788.69580078125, 7794.0380859375, 7799.9013671875, 7806.1357421875, 7812.95849609375, 7820.99072265625, 7830.92822265625, 7842.50830078125, 7856.71826171875, 7873.7451171875, 7893.859375, 7925.97509765625, 7949.19091796875, 7949.1923828125, 7949.1904296875, 7949.19189453125, 7949.1923828125, 7949.18994140625, 7949.19091796875, 7949.193359375, 7949.197265625, 7949.19091796875, 7949.1943359375, 7949.1904296875, 7949.193359375, 7949.1923828125, 7949.1943359375]}