{"mean": [4746.665364583333, 4747.96923828125, 4749.484700520833, 4751.9765625, 4754.98486328125, 4758.76953125, 4763.8408203125, 4771.25439453125, 4780.058919270833, 4789.518880208333, 4799.080891927083, 4807.1240234375, 4816.327962239583, 4825.806966145833, 4832.885904947917, 4844.454752604167, 4852.215494791667, 4846.182454427083, 4830.13330078125, 4786.967122395833, 4749.330403645833, 4709.411458333333, 4692.594075520833, 4708.988932291667, 4726.102213541667, 4746.653971354167, 4773.365559895833, 4812.207682291667, 4859.932291666667, 4866.636881510417, 4873.75, 4881.663411458333, 4889.408528645833, 4897.342610677083, 4905.1943359375, 4912.0869140625, 4918.494466145833, 4925.759765625, 4934.084147135417, 4943.728515625, 4954.93798828125, 4966.65576171875, 4979.537434895833, 4994.21435546875, 5011.233561197917, 5031.601399739583, 5058.405110677083, 5096.84033203125, 5162.047526041667, 5181.356119791667, 5185.045247395833, 5188.75537109375, 5192.55224609375, 5196.375162760417, 5200.25, 5204.177408854167, 5208.21240234375, 5212.23974609375, 5216.427734375, 5220.6669921875, 5224.9736328125, 5229.441731770833, 5233.970703125, 5237.999837239583, 5241.461588541667, 5245.112630208333, 5248.97705078125, 5252.991373697917, 5256.15673828125, 5259.442545572917, 5263.037760416667, 5266.908040364583, 5270.90283203125, 5275.471516927083, 5280.4765625, 5286.040690104167, 5292.2763671875, 5300.5380859375, 5310.119954427083, 5321.170247395833, 5333.997884114583, 5350.2451171875, 5371.239583333333, 5402.605631510417, 5460.014973958333, 5503.486328125, 5503.496419270833, 5503.485188802083, 5503.489095052083, 5503.48291015625, 5503.486002604167, 5503.49267578125, 5503.4873046875, 5503.49267578125, 5503.484700520833, 5503.492350260417, 5503.49072265625, 5503.490234375, 5503.49609375, 5503.493001302083], "upper": [4840.5458984375, 4833.884765625, 4827.82275390625, 4827.25439453125, 4826.7255859375, 4826.068359375, 4826.0576171875, 4836.44287109375, 4846.83837890625, 4854.5126953125, 4857.95751953125, 4863.3212890625, 4884.38330078125, 4908.10546875, 4936.65185546875, 4966.9384765625, 4990.5234375, 4984.11181640625, 4955.00390625, 4867.94482421875, 4852.59423828125, 4877.72998046875, 4908.6630859375, 4951.06884765625, 4994.15673828125, 5046.4404296875, 5116.0458984375, 5220.95751953125, 5351.64697265625, 5358.439453125, 5365.4794921875, 5374.2919921875, 5382.34716796875, 5390.193359375, 5396.3818359375, 5399.3427734375, 5402.33447265625, 5405.509765625, 5408.73046875, 5411.96923828125, 5415.30517578125, 5418.65966796875, 5422.17236328125, 5425.8310546875, 5429.52685546875, 5433.2060546875, 5437.0146484375, 5440.8564453125, 5456.458984375, 5503.482421875, 5503.4892578125, 5503.49462890625, 5503.486328125, 5503.4921875, 5503.49609375, 5503.494140625, 5503.48388671875, 5503.48876953125, 5503.4912109375, 5503.49853515625, 5503.49072265625, 5503.48095703125, 5503.50341796875, 5503.48486328125, 5503.4921875, 5503.4853515625, 5503.48876953125, 5503.4990234375, 5503.50341796875, 5503.4970703125, 5503.501953125, 5503.48974609375, 5503.49853515625, 5503.4970703125, 5503.4853515625, 5503.49853515625, 5503.4921875, 5503.50634765625, 5503.49072265625, 5503.4931640625, 5503.49560546875, 5503.4873046875, 5503.4912109375, 5503.49169921875, 5503.4912109375, 5503.4970703125, 5503.4990234375, 5503.49169921875, 5503.49853515625, 5503.4833984375, 5503.490234375, 5503.49755859375, 5503.48974609375, 5503.49658203125, 5503.4951171875, 5503.494140625, 5503.494140625, 5503.4990234375, 5503.49755859375, 5503.49951171875], "lower": [4569.60888671875, 4581.59326171875, 4593.8642578125, 4606.4033203125, 4617.99658203125, 4628.51220703125, 4639.59423828125, 4651.30908203125, 4664.18994140625, 4677.95703125, 4692.01123046875, 4706.28466796875, 4719.8583984375, 4732.3017578125, 4745.33447265625, 4760.203125, 4775.61962890625, 4762.26171875, 4725.1162109375, 4662.673828125, 4591.44580078125, 4497.7763671875, 4417.1162109375, 4422.99951171875, 4428.9609375, 4434.921875, 4441.11376953125, 4447.48779296875, 4454.00732421875, 4460.810546875, 4467.9501953125, 4475.25732421875, 4482.291015625, 4489.0556640625, 4496.1923828125, 4502.94580078125, 4507.24267578125, 4512.2548828125, 4517.93798828125, 4524.16357421875, 4530.43798828125, 4536.806640625, 4543.44091796875, 4550.23779296875, 4557.03076171875, 4563.912109375, 4570.904296875, 4577.89306640625, 4584.9208984375, 4591.939453125, 4599.04296875, 4606.2353515625, 4613.63134765625, 4621.162109375, 4628.7314453125, 4636.46533203125, 4644.4736328125, 4652.525390625, 4660.96337890625, 4669.53759765625, 4678.3427734375, 4687.6845703125, 4697.1015625, 4707.03564453125, 4717.4169921875, 4728.369140625, 4739.9541015625, 4751.986328125, 4761.4677734375, 4771.33642578125, 4782.1201171875, 4793.7451171875, 4805.72412109375, 4819.4306640625, 4834.462890625, 4851.134765625, 4869.8583984375, 4894.6201171875, 4923.3828125, 4956.52490234375, 4995.02099609375, 5043.76513671875, 5106.7421875, 5200.8349609375, 5373.07080078125, 5503.47900390625, 5503.4931640625, 5503.47705078125, 5503.48046875, 5503.482421875, 5503.48388671875, 5503.48583984375, 5503.4853515625, 5503.48486328125, 5503.47705078125, 5503.4892578125, 5503.48681640625, 5503.484375, 5503.49462890625, 5503.48291015625]}