{"mean": [2172.516072591146, 2175.367472330729, 2178.309326171875, 2182.52587890625, 2187.754353841146, 2195.0592041015625, 2204.903564453125, 2219.0349934895835, 2235.8824869791665, 2255.79541015625, 2279.575154622396, 2306.992431640625, 2341.851806640625, 2382.70849609375, 2427.2486979166665, 2481.23046875, 2534.4375, 2581.6824544270835, 2626.2316080729165, 2642.8477376302085, 2669.0581868489585, 2711.2351888020835, 2764.740478515625, 2774.07568359375, 2783.1582845052085, 2792.7056477864585, 2803.8802083333335, 2817.46142578125, 2829.5159505208335, 2830.9300944010415, 2832.4446614583335, 2833.9884440104165, 2835.3902994791665, 2836.7360026041665, 2838.5074055989585, 2840.960693359375, 2842.839599609375, 2844.9596354166665, 2847.3919270833335, 2849.9527180989585, 2852.4663899739585, 2854.0970052083335, 2855.2978515625, 2856.5314127604165, 2857.5829264322915, 2857.9192708333335, 2858.42919921875, 2860.5230305989585, 2869.0648600260415, 2871.8059895833335, 2872.2923177083335, 2872.8433430989585, 2873.4778645833335, 2874.1494954427085, 2874.873291015625, 2875.6353352864585, 2876.55126953125, 2877.4312337239585, 2878.3702799479165, 2879.3540852864585, 2880.3572591145835, 2881.513916015625, 2882.6736653645835, 2883.9888509114585, 2885.355224609375, 2886.77685546875, 2888.2224934895835, 2889.720458984375, 2890.8214518229165, 2891.9042154947915, 2893.103271484375, 2894.253173828125, 2895.2721354166665, 2896.3861490885415, 2897.5587565104165, 2898.76171875, 2899.83984375, 2901.4043782552085, 2903.0018717447915, 2904.122802734375, 2904.598876953125, 2905.098388671875, 2904.62939453125, 2904.565673828125, 2909.91748046875, 2916.8750813802085, 2916.8826497395835, 2916.87646484375, 2916.8804524739585, 2916.8740234375, 2916.8780110677085, 2916.88623046875, 2916.8779296875, 2916.8800455729165, 2916.872802734375, 2916.882568359375, 2916.87939453125, 2916.8779296875, 2916.8846842447915, 2916.8773600260415], "upper": [2594.76806640625, 2605.780517578125, 2616.27099609375, 2626.9228515625, 2636.74609375, 2646.07421875, 2655.709716796875, 2665.970458984375, 2676.57568359375, 2688.061279296875, 2699.7431640625, 2711.550048828125, 2722.606689453125, 2732.5107421875, 2742.491943359375, 2753.519287109375, 2764.4375, 2775.617919921875, 2787.099609375, 2798.89697265625, 2811.048095703125, 2824.358154296875, 2839.654541015625, 2860.6494140625, 2880.13134765625, 2900.687255859375, 2925.532958984375, 2956.890625, 2983.58349609375, 2977.94775390625, 2972.303466796875, 2966.6640625, 2961.06689453125, 2955.347900390625, 2950.767822265625, 2948.599365234375, 2946.4365234375, 2944.31982421875, 2942.20556640625, 2940.155029296875, 2938.26708984375, 2936.390380859375, 2934.640380859375, 2933.0126953125, 2931.423095703125, 2929.865478515625, 2928.476318359375, 2927.184814453125, 2925.969970703125, 2924.78564453125, 2923.667724609375, 2922.599853515625, 2921.67919921875, 2920.828125, 2920.117919921875, 2919.44091796875, 2918.98486328125, 2918.509765625, 2918.110595703125, 2917.7470703125, 2917.433837890625, 2917.17822265625, 2916.953369140625, 2916.87646484375, 2916.8798828125, 2916.87744140625, 2916.878173828125, 2916.892333984375, 2916.888916015625, 2916.87841796875, 2916.885986328125, 2916.880859375, 2916.8828125, 2916.888671875, 2916.877197265625, 2916.89111328125, 2916.881591796875, 2916.88671875, 2916.88232421875, 2916.880615234375, 2916.882080078125, 2916.873779296875, 2916.882568359375, 2916.878173828125, 2916.88134765625, 2916.87646484375, 2916.88330078125, 2916.880615234375, 2916.889892578125, 2916.875244140625, 2916.880126953125, 2916.8935546875, 2916.883056640625, 2916.88916015625, 2916.875, 2916.888427734375, 2916.881591796875, 2916.881103515625, 2916.88720703125, 2916.8818359375], "lower": [1954.4451904296875, 1955.39794921875, 1957.5396728515625, 1959.682373046875, 1961.587646484375, 1964.3076171875, 1968.06640625, 1972.31982421875, 1980.803955078125, 1995.941650390625, 2018.8150634765625, 2051.822998046875, 2098.215576171875, 2158.638427734375, 2240.34765625, 2341.9775390625, 2369.42626953125, 2392.026123046875, 2424.470703125, 2437.7470703125, 2465.731689453125, 2525.6611328125, 2669.446533203125, 2674.2294921875, 2679.07421875, 2683.74462890625, 2688.63330078125, 2693.766357421875, 2698.7822265625, 2704.039794921875, 2709.446533203125, 2714.895263671875, 2719.9130859375, 2724.680908203125, 2729.6669921875, 2734.49072265625, 2737.85498046875, 2741.72314453125, 2745.90234375, 2750.361083984375, 2753.2490234375, 2755.035888671875, 2757.07080078125, 2759.287353515625, 2761.443359375, 2763.802001953125, 2766.25, 2768.73828125, 2771.300537109375, 2773.7568359375, 2776.328857421875, 2779.05322265625, 2781.87744140625, 2784.74169921875, 2787.617431640625, 2790.585205078125, 2793.793212890625, 2796.908203125, 2800.12255859375, 2803.4306640625, 2806.763671875, 2810.4951171875, 2814.171142578125, 2818.218994140625, 2822.32080078125, 2826.57666015625, 2830.918212890625, 2835.39306640625, 2838.6884765625, 2841.96142578125, 2845.555419921875, 2848.998779296875, 2852.052001953125, 2855.3916015625, 2858.924560546875, 2862.5166015625, 2865.766357421875, 2870.4501953125, 2875.24658203125, 2878.6103515625, 2880.049072265625, 2881.5546875, 2880.126220703125, 2879.940673828125, 2896.003662109375, 2916.87353515625, 2916.881591796875, 2916.869140625, 2916.871826171875, 2916.872314453125, 2916.87548828125, 2916.87646484375, 2916.873291015625, 2916.874755859375, 2916.869140625, 2916.878662109375, 2916.878173828125, 2916.873779296875, 2916.8828125, 2916.87109375]}