{"mean": [997.1357218424479, 997.4319254557291, 997.6007080078125, 997.7867838541666, 997.9215494791666, 998.0646769205729, 998.16796875, 998.2575887044271, 998.2679036458334, 998.2517903645834, 998.2831827799479, 998.4207967122396, 998.7100423177084, 998.8549397786459, 999.0169474283854, 999.5118001302084, 999.3191528320312, 998.7923787434896, 997.9841715494791, 995.6260986328125, 992.5998128255209, 991.2468465169271, 991.6542358398438, 992.9024251302084, 994.4072265625, 996.1820475260416, 998.5998942057291, 1002.3757120768229, 1007.8313802083334, 1009.2425333658854, 1010.7057088216146, 1012.1871541341146, 1013.7016398111979, 1015.2677815755209, 1016.6876424153646, 1017.7005411783854, 1018.7664184570312, 1019.9045817057291, 1021.1520792643229, 1022.4883219401041, 1024.0497436523438, 1025.6314697265625, 1027.336201985677, 1029.340087890625, 1031.6126302083333, 1034.4829508463542, 1038.2563883463542, 1042.9129638671875, 1051.3658854166667, 1054.3876546223958, 1054.9847412109375, 1055.5812174479167, 1056.1692301432292, 1056.7688395182292, 1057.38134765625, 1057.9777018229167, 1058.604248046875, 1059.2540079752605, 1059.9001871744792, 1060.5680338541667, 1061.2344156901042, 1061.9134724934895, 1062.59130859375, 1063.1215209960938, 1063.5045166015625, 1063.9195963541667, 1064.3501790364583, 1064.7901204427083, 1065.1230061848958, 1065.4923909505208, 1065.8934529622395, 1066.317606608073, 1066.765645345052, 1067.2967732747395, 1067.8692423502605, 1068.5152384440105, 1069.2633056640625, 1070.2145385742188, 1071.360371907552, 1072.7047119140625, 1074.32373046875, 1076.3420003255208, 1079.0883382161458, 1083.267822265625, 1089.958984375, 1096.1412760416667, 1096.1422119140625, 1096.1403401692708, 1096.1410319010417, 1096.1407063802083, 1096.1409505208333, 1096.1400553385417, 1096.1415608723958, 1096.1402587890625, 1096.1405436197917, 1096.1415608723958, 1096.14111328125, 1096.1404622395833, 1096.1417236328125, 1096.1425374348958], "upper": [1009.6158447265625, 1009.4102783203125, 1009.1011352539062, 1008.7578735351562, 1008.3534545898438, 1007.9523315429688, 1007.442626953125, 1006.8291015625, 1006.20849609375, 1005.7623291015625, 1005.4828491210938, 1005.6907958984375, 1006.2639770507812, 1006.76904296875, 1007.7869262695312, 1009.7544555664062, 1010.1544799804688, 1009.7725830078125, 1008.9478149414062, 1004.8270263671875, 1003.4285888671875, 1005.4644165039062, 1008.0499267578125, 1011.0473022460938, 1014.64794921875, 1018.9710693359375, 1025.0716552734375, 1035.1170654296875, 1050.1414794921875, 1052.9677734375, 1055.861328125, 1058.71728515625, 1061.5985107421875, 1064.541015625, 1066.85546875, 1067.837890625, 1068.8253173828125, 1069.814208984375, 1070.8282470703125, 1071.8128662109375, 1072.83935546875, 1073.8485107421875, 1074.8548583984375, 1075.8497314453125, 1076.85205078125, 1077.8814697265625, 1078.8916015625, 1079.9114990234375, 1088.793212890625, 1096.1400146484375, 1096.1407470703125, 1096.14111328125, 1096.1419677734375, 1096.142578125, 1096.1417236328125, 1096.142578125, 1096.140869140625, 1096.1416015625, 1096.1416015625, 1096.141845703125, 1096.1412353515625, 1096.1424560546875, 1096.142822265625, 1096.14111328125, 1096.142822265625, 1096.140380859375, 1096.142822265625, 1096.1416015625, 1096.1434326171875, 1096.1427001953125, 1096.14208984375, 1096.140869140625, 1096.14404296875, 1096.1424560546875, 1096.1405029296875, 1096.1416015625, 1096.140869140625, 1096.142333984375, 1096.1416015625, 1096.1417236328125, 1096.142822265625, 1096.1412353515625, 1096.142578125, 1096.1431884765625, 1096.142333984375, 1096.1431884765625, 1096.142578125, 1096.14111328125, 1096.141845703125, 1096.14111328125, 1096.143798828125, 1096.140625, 1096.142822265625, 1096.14111328125, 1096.1414794921875, 1096.14208984375, 1096.1419677734375, 1096.14111328125, 1096.1424560546875, 1096.1434326171875], "lower": [976.8463745117188, 977.9536743164062, 979.0021362304688, 980.0891723632812, 981.1546020507812, 982.1803588867188, 983.2349853515625, 984.3692016601562, 985.598876953125, 986.8978881835938, 988.1756591796875, 989.509521484375, 990.8394775390625, 992.2418212890625, 993.702392578125, 993.6258544921875, 991.09619140625, 988.482666015625, 985.2677001953125, 980.5441284179688, 974.5170288085938, 968.4925537109375, 967.110595703125, 967.6802978515625, 968.2564086914062, 968.7921142578125, 969.3978881835938, 970.0095825195312, 970.5950927734375, 971.2120971679688, 971.844970703125, 972.5177612304688, 973.1990356445312, 973.90234375, 974.6327514648438, 975.3092651367188, 975.9456176757812, 976.682373046875, 977.400390625, 978.1280517578125, 978.86083984375, 979.5882568359375, 980.2688598632812, 980.9146728515625, 981.5618896484375, 982.2431640625, 982.91796875, 983.606201171875, 984.3287353515625, 985.0350341796875, 985.7989501953125, 986.5196533203125, 987.236572265625, 987.9647216796875, 988.73974609375, 989.5037841796875, 990.3447265625, 991.2201538085938, 992.1134033203125, 993.0606689453125, 994.001953125, 994.9962768554688, 996.0003662109375, 997.0830688476562, 998.2296142578125, 999.478271484375, 1000.7674560546875, 1002.0872802734375, 1003.0823974609375, 1004.1927490234375, 1005.3964233398438, 1006.6720581054688, 1008.0119018554688, 1009.6077270507812, 1011.3269653320312, 1013.2626342773438, 1015.5103759765625, 1018.3596801757812, 1021.8001098632812, 1025.8316650390625, 1030.6883544921875, 1036.7440185546875, 1044.983154296875, 1057.519775390625, 1077.5927734375, 1096.1400146484375, 1096.1417236328125, 1096.1390380859375, 1096.1405029296875, 1096.1400146484375, 1096.1387939453125, 1096.139404296875, 1096.1402587890625, 1096.1395263671875, 1096.139892578125, 1096.140625, 1096.140380859375, 1096.1400146484375, 1096.140380859375, 1096.141357421875]}