{"mean": [1805.7481689453125, 1798.635498046875, 1791.8942464192708, 1791.44580078125, 1788.7236735026042, 1781.6850179036458, 1782.5120442708333, 1773.6288248697917, 1766.3878173828125, 1767.790771484375, 1767.4656982421875, 1758.8588460286458, 1764.6395263671875, 1761.9169921875, 1760.2410481770833, 1763.8987223307292, 1769.7307535807292, 1788.4135335286458, 1790.6691080729167, 1780.3122965494792, 1778.6566162109375, 1773.8741048177083, 1779.4913330078125, 1775.1109212239583, 1779.1624348958333, 1790.7263997395833, 1803.2801513671875, 1818.6551920572917, 1829.1725260416667, 1835.1879069010417, 1838.94775390625, 1842.1023763020833, 1846.3579508463542, 1850.5343017578125, 1853.5771077473958, 1856.1724446614583, 1859.7549235026042, 1858.4722493489583, 1865.224365234375, 1868.4270426432292, 1871.9956461588542, 1873.6715494791667, 1879.0176188151042, 1883.8369547526042, 1886.6465657552083, 1889.7495524088542, 1902.6534016927083, 1921.2013346354167, 1950.2819417317708, 1950.5814208984375, 1947.8181966145833, 1947.2135416666667, 1948.8455810546875, 1949.971923828125, 1950.3072102864583, 1947.79443359375, 1948.8587239583333, 1950.1307779947917, 1951.1532796223958, 1952.4638264973958, 1953.7836507161458, 1955.5831705729167, 1956.9420572916667, 1957.9822184244792, 1958.452392578125, 1958.944091796875, 1959.7244059244792, 1960.5612386067708, 1961.17724609375, 1962.54541015625, 1963.29248046875, 1967.4337158203125, 1968.312255859375, 1969.2825113932292, 1970.3506266276042, 1972.2898763020833, 1973.6420084635417, 1974.8566080729167, 1975.4295247395833, 1978.3889973958333, 1985.4197184244792, 1988.9269205729167, 1993.047119140625, 2003.7508138020833, 2031.9181722005208, 2048.477294921875, 2048.47900390625, 2048.4765625, 2048.4771321614585, 2048.47705078125, 2048.4766438802085, 2048.4765625, 2048.476806640625, 2048.4778645833335, 2048.47705078125, 2048.4771321614585, 2048.4769694010415, 2048.4765625, 2048.4773763020835, 2048.4794921875], "upper": [1836.603515625, 1832.129638671875, 1814.017578125, 1814.3411865234375, 1811.9373779296875, 1800.6005859375, 1801.902099609375, 1793.3511962890625, 1791.126220703125, 1789.2454833984375, 1788.0650634765625, 1772.7235107421875, 1772.2802734375, 1767.9111328125, 1763.1627197265625, 1778.9112548828125, 1792.4166259765625, 1819.256591796875, 1847.0958251953125, 1804.2381591796875, 1808.6483154296875, 1811.97119140625, 1820.2933349609375, 1816.3604736328125, 1828.9566650390625, 1860.3682861328125, 1892.4901123046875, 1937.539306640625, 1965.14404296875, 1968.8623046875, 1976.390625, 1981.1572265625, 1986.793701171875, 1994.67724609375, 1999.2540283203125, 2001.826904296875, 2004.4432373046875, 2007.072265625, 2007.11181640625, 2009.7332763671875, 2012.3253173828125, 2014.946044921875, 2017.55419921875, 2020.1815185546875, 2021.654052734375, 2024.2578125, 2026.8232421875, 2026.4857177734375, 2051.143310546875, 2048.47509765625, 2048.4775390625, 2048.47998046875, 2048.476806640625, 2048.47705078125, 2048.477783203125, 2048.477783203125, 2048.475830078125, 2048.47705078125, 2048.47705078125, 2048.4794921875, 2048.4775390625, 2048.476318359375, 2048.476806640625, 2048.477294921875, 2048.478271484375, 2048.47607421875, 2048.478759765625, 2048.47705078125, 2048.479248046875, 2048.48095703125, 2048.480712890625, 2048.4765625, 2048.478759765625, 2048.4775390625, 2048.475341796875, 2048.478271484375, 2048.476318359375, 2048.47900390625, 2048.47705078125, 2048.479248046875, 2048.47802734375, 2048.47705078125, 2048.476318359375, 2048.477294921875, 2048.47802734375, 2048.4794921875, 2048.480224609375, 2048.4775390625, 2048.478515625, 2048.4775390625, 2048.478515625, 2048.47705078125, 2048.477783203125, 2048.478759765625, 2048.479736328125, 2048.478271484375, 2048.478271484375, 2048.4775390625, 2048.47802734375, 2048.480712890625], "lower": [1748.7132568359375, 1750.1893310546875, 1753.2781982421875, 1759.2786865234375, 1749.1087646484375, 1752.240234375, 1752.83935546875, 1741.15966796875, 1743.516357421875, 1746.806640625, 1747.715087890625, 1750.91748046875, 1754.2008056640625, 1757.628662109375, 1756.159912109375, 1751.20263671875, 1738.767333984375, 1764.36962890625, 1726.984375, 1736.4979248046875, 1726.218505859375, 1737.933837890625, 1746.906494140625, 1748.3634033203125, 1746.9912109375, 1748.90380859375, 1752.319580078125, 1751.1259765625, 1752.6143798828125, 1754.3194580078125, 1755.3543701171875, 1757.1396484375, 1761.2845458984375, 1763.1871337890625, 1765.124267578125, 1766.5966796875, 1768.498779296875, 1757.817138671875, 1761.0087890625, 1763.0723876953125, 1765.865478515625, 1768.17822265625, 1768.9281005859375, 1769.671875, 1770.50439453125, 1770.1788330078125, 1770.59130859375, 1771.5467529296875, 1770.646728515625, 1771.6629638671875, 1772.735107421875, 1771.91943359375, 1774.3172607421875, 1775.215576171875, 1776.44970703125, 1766.4556884765625, 1767.2093505859375, 1768.58544921875, 1769.242431640625, 1770.7601318359375, 1772.3568115234375, 1773.3482666015625, 1775.0919189453125, 1776.9935302734375, 1778.403076171875, 1779.880859375, 1782.2174072265625, 1784.7301025390625, 1786.57373046875, 1790.678955078125, 1792.9189453125, 1805.3485107421875, 1807.981689453125, 1810.8931884765625, 1814.1011962890625, 1819.9140625, 1823.9736328125, 1827.6142578125, 1829.336181640625, 1838.2119140625, 1859.3043212890625, 1869.8271484375, 1882.189697265625, 1914.29833984375, 1998.7996826171875, 2048.47607421875, 2048.4765625, 2048.47509765625, 2048.475830078125, 2048.476806640625, 2048.47509765625, 2048.47607421875, 2048.47607421875, 2048.476318359375, 2048.4755859375, 2048.476318359375, 2048.47607421875, 2048.47607421875, 2048.476806640625, 2048.477294921875]}