{"mean": [8363.1650390625, 8365.3818359375, 8367.617838541666, 8369.9931640625, 8372.486979166666, 8375.3388671875, 8378.5673828125, 8382.5107421875, 8386.5751953125, 8391.350911458334, 8397.4091796875, 8405.154947916666, 8415.232747395834, 8427.5849609375, 8442.430013020834, 8460.068359375, 8478.374674479166, 8501.069661458334, 8530.3525390625, 8559.274739583334, 8589.920247395834, 8624.036783854166, 8643.220377604166, 8647.517903645834, 8652.933268229166, 8658.795247395834, 8666.166666666666, 8676.115234375, 8687.218424479166, 8693.536458333334, 8700.075520833334, 8707.113932291666, 8714.125325520834, 8721.3779296875, 8728.137369791666, 8733.3544921875, 8738.557291666666, 8744.041666666666, 8749.883138020834, 8756.109375, 8762.346354166666, 8768.95703125, 8775.935546875, 8783.7314453125, 8792.3759765625, 8802.119466145834, 8813.192708333334, 8826.693033854166, 8848.142252604166, 8857.226888020834, 8860.064453125, 8862.923177083334, 8865.787109375, 8868.690104166666, 8871.60546875, 8874.534505208334, 8877.589518229166, 8880.6494140625, 8883.714192708334, 8886.824869791666, 8889.8974609375, 8893.008463541666, 8896.176106770834, 8898.609049479166, 8900.2607421875, 8902.032552083334, 8903.931966145834, 8905.93359375, 8907.460286458334, 8909.060221354166, 8910.813802083334, 8912.601888020834, 8914.477864583334, 8916.5927734375, 8918.890950520834, 8921.423502604166, 8924.158854166666, 8927.280924479166, 8930.975911458334, 8935.454427083334, 8940.658528645834, 8947.017252604166, 8954.974283854166, 8964.998046875, 8981.464192708334, 8994.801432291666, 8994.805989583334, 8994.798177083334, 8994.798502604166, 8994.797200520834, 8994.798828125, 8994.795572916666, 8994.801106770834, 8994.802734375, 8994.800130208334, 8994.801432291666, 8994.7998046875, 8994.80078125, 8994.801106770834, 8994.806966145834], "upper": [8548.345703125, 8555.97265625, 8563.18359375, 8570.2373046875, 8577.0498046875, 8583.5673828125, 8589.7607421875, 8595.9716796875, 8602.08984375, 8608.1640625, 8614.3037109375, 8620.6015625, 8626.6669921875, 8632.6044921875, 8638.1875, 8643.8955078125, 8649.6279296875, 8655.201171875, 8661.0830078125, 8667.421875, 8674.0361328125, 8690.556640625, 8691.7900390625, 8696.6708984375, 8706.962890625, 8718.033203125, 8733.166015625, 8755.779296875, 8781.2490234375, 8792.0283203125, 8803.0439453125, 8815.080078125, 8826.716796875, 8838.7509765625, 8848.646484375, 8853.755859375, 8858.880859375, 8863.998046875, 8869.1435546875, 8874.3232421875, 8879.55078125, 8884.771484375, 8889.9765625, 8895.1025390625, 8900.263671875, 8905.4560546875, 8910.6171875, 8920.267578125, 8976.0517578125, 8994.7939453125, 8994.7978515625, 8994.80859375, 8994.802734375, 8994.8017578125, 8994.8046875, 8994.8046875, 8994.7958984375, 8994.8037109375, 8994.8017578125, 8994.806640625, 8994.8037109375, 8994.7998046875, 8994.8037109375, 8994.8017578125, 8994.8046875, 8994.796875, 8994.8056640625, 8994.80078125, 8994.810546875, 8994.8125, 8994.8115234375, 8994.7978515625, 8994.806640625, 8994.8037109375, 8994.7978515625, 8994.8017578125, 8994.7998046875, 8994.802734375, 8994.7998046875, 8994.80859375, 8994.8037109375, 8994.798828125, 8994.802734375, 8994.806640625, 8994.802734375, 8994.8125, 8994.8115234375, 8994.80078125, 8994.80078125, 8994.7978515625, 8994.806640625, 8994.796875, 8994.8046875, 8994.8046875, 8994.80859375, 8994.8056640625, 8994.8046875, 8994.8037109375, 8994.8037109375, 8994.810546875], "lower": [8265.728515625, 8266.224609375, 8267.0966796875, 8267.916015625, 8268.556640625, 8269.1962890625, 8269.607421875, 8269.66015625, 8269.673828125, 8270.6396484375, 8272.6044921875, 8276.7138671875, 8283.70703125, 8294.5263671875, 8312.513671875, 8341.853515625, 8381.6865234375, 8413.2421875, 8426.72265625, 8442.3935546875, 8466.2236328125, 8500.2705078125, 8548.744140625, 8552.271484375, 8555.7412109375, 8559.2333984375, 8562.8349609375, 8566.44921875, 8570.255859375, 8574.23046875, 8578.255859375, 8582.484375, 8586.8603515625, 8591.3701171875, 8595.9794921875, 8600.2841796875, 8604.1103515625, 8608.4072265625, 8612.779296875, 8617.3603515625, 8621.14453125, 8624.45703125, 8627.7392578125, 8630.9140625, 8634.138671875, 8637.3974609375, 8640.6962890625, 8644.03125, 8647.421875, 8650.841796875, 8654.2890625, 8657.7333984375, 8661.203125, 8664.76171875, 8668.4248046875, 8672.1376953125, 8676.1220703125, 8680.134765625, 8684.208984375, 8688.4267578125, 8692.642578125, 8696.9736328125, 8701.50390625, 8706.232421875, 8711.1796875, 8716.505859375, 8722.189453125, 8728.2001953125, 8732.765625, 8737.56640625, 8742.8251953125, 8748.2109375, 8753.826171875, 8760.177734375, 8767.0791015625, 8774.669921875, 8782.8828125, 8792.2392578125, 8803.3349609375, 8816.755859375, 8832.375, 8851.4560546875, 8875.3251953125, 8905.3876953125, 8954.791015625, 8994.7939453125, 8994.7978515625, 8994.7939453125, 8994.796875, 8994.796875, 8994.79296875, 8994.794921875, 8994.796875, 8994.80078125, 8994.7939453125, 8994.798828125, 8994.794921875, 8994.798828125, 8994.796875, 8994.7998046875]}