{"mean": [31256.328776041668, 25208.439453125, 27753.284505208332, 24969.749348958332, 25434.6357421875, 31659.337890625, 32136.536458333332, 31757.858723958332, 30846.224609375, 28838.633463541668, 27445.532552083332, 25716.217447916668, 24310.149739583332, 22809.276692708332, 26895.270833333332, 29080.283854166668, 30117.378255208332, 30743.876302083332, 30706.057291666668, 30243.380208333332, 30028.611979166668, 30225.826822916668, 30335.003255208332, 30007.392578125, 29578.994791666668, 29542.775390625, 29715.92578125, 29502.3125, 29074.263671875, 29052.34375, 29295.807942708332, 29138.561848958332, 28833.960286458332, 28901.758463541668, 29039.412109375, 28665.654296875, 28323.26171875, 28377.600911458332, 28354.304036458332, 27909.885416666668, 27639.22265625, 27714.486328125, 27508.572265625, 27135.838541666668, 27066.092447916668, 27100.468098958332, 26929.91015625, 26853.001953125, 26927.869140625, 26874.870442708332, 26717.802083333332, 26852.040364583332, 26955.931640625, 26797.119791666668, 26797.317708333332, 26923.16015625, 26875.057291666668, 26809.588541666668, 26901.597005208332, 26877.96875, 26759.53125, 26817.147786458332, 26796.186197916668, 26660.260416666668, 26657.764322916668, 26645.205729166668, 26525.32421875, 26490.973307291668, 26506.018880208332, 26422.617838541668, 26398.123046875, 26442.442057291668, 26376.293619791668, 26373.236328125, 26422.663411458332, 26365.333984375, 26373.70703125, 26407.399739583332, 26361.333333333332, 26361.955729166668, 26375.906901041668, 26335.201822916668, 26328.987630208332, 26314.749348958332, 26257.061848958332, 26238.663411458332, 26193.524739583332, 26131.03515625, 26117.743489583332, 26048.15625, 25993.250651041668, 25961.05078125, 25891.858723958332, 25828.758463541668, 25757.407552083332, 25656.659505208332, 25573.948567708332, 25454.03515625, 25311.35546875, 25111.027994791668], "upper": [32631.7890625, 31346.177734375, 30750.298828125, 30398.60546875, 31024.798828125, 36407.71875, 34555.2265625, 35073.828125, 33974.37890625, 31197.177734375, 29259.2734375, 29230.318359375, 29213.1640625, 29243.294921875, 29288.77734375, 34599.4765625, 36797.8984375, 37388.421875, 37670.7265625, 37827.57421875, 37923.89453125, 37971.8046875, 37979.953125, 37965.87890625, 37934.109375, 37888.33984375, 37829.96875, 37765.7578125, 37694.00390625, 37619.1171875, 37540.73828125, 37462.171875, 37385.69140625, 37308.05078125, 37231.8203125, 37159.21484375, 37086.73046875, 37017.8359375, 36951.21875, 36887.140625, 36826.30859375, 36769.2578125, 36715.48828125, 36665.8203125, 36619.39453125, 36576.6796875, 36535.77734375, 36497.171875, 36459.61328125, 36423.03515625, 36387.546875, 36353.37890625, 36319.421875, 36286.74609375, 36253.16015625, 36219.8515625, 36187.07421875, 36154.0390625, 36121.96875, 36090.91796875, 36059.78125, 36028.92578125, 35998.90625, 35969.08984375, 35939.84375, 35910.67578125, 35883.921875, 35856.53515625, 35830.875, 35806.1328125, 35782.2734375, 35760.12890625, 35738.4609375, 35716.76953125, 35693.6953125, 35670.34375, 35644.5703125, 35616.76953125, 35585.82421875, 35549.25, 35511.859375, 35470.27734375, 35420.47265625, 35355.6328125, 35280.99609375, 35192.04296875, 35097.49609375, 34995.37109375, 34904.33984375, 34775.5625, 34640.70703125, 34495.890625, 34347.41796875, 34137.5, 33905.22265625, 33638.86328125, 33333.1484375, 32999.84375, 32569.69921875, 31939.083984375], "lower": [28737.275390625, 15348.787109375, 25121.08984375, 16605.490234375, 15211.1259765625, 28773.47265625, 29600.806640625, 29470.703125, 29190.375, 26015.390625, 24066.287109375, 23832.6640625, 17325.65625, 12970.712890625, 24380.984375, 23317.443359375, 24210.23046875, 25504.71484375, 25175.205078125, 23789.177734375, 23292.4140625, 24134.212890625, 24776.560546875, 24120.853515625, 23166.05859375, 23391.966796875, 24265.07421875, 23976.72265625, 22995.595703125, 23160.5, 24033.30859375, 23640.134765625, 22819.5859375, 23192.943359375, 23932.134765625, 23273.7109375, 22741.326171875, 23337.900390625, 23704.453125, 22953.412109375, 22865.189453125, 22838.671875, 22447.822265625, 21951.5859375, 21469.56640625, 21203.138671875, 21234.6328125, 21214.796875, 20968.0625, 20927.25390625, 20923.349609375, 21085.1171875, 21187.3359375, 21132.443359375, 21184.44921875, 21235.458984375, 21317.92578125, 21375.525390625, 21349.71484375, 21331.16015625, 21301.43359375, 21279.216796875, 21143.240234375, 21031.013671875, 20949.49609375, 20778.640625, 20662.396484375, 20556.90234375, 20455.82421875, 20402.71484375, 20352.240234375, 20345.9296875, 20323.572265625, 20327.248046875, 20364.830078125, 20358.580078125, 20384.63671875, 20406.90625, 20425.1953125, 20430.89453125, 20436.521484375, 20460.759765625, 20442.05078125, 20433.103515625, 20408.33203125, 20384.45703125, 20352.025390625, 20312.955078125, 20295.3046875, 20263.94921875, 20243.15625, 20233.84765625, 20238.23046875, 20226.865234375, 20232.755859375, 20238.373046875, 20244.4765625, 20250.576171875, 20252.4609375, 20253.77734375]}