{"mean": [3817.48876953125, 3456.4930826822915, 3622.0541178385415, 3444.1561686197915, 3490.7435709635415, 3953.2229817708335, 3931.39697265625, 3895.3326009114585, 3850.839111328125, 3734.5469563802085, 3620.2596842447915, 3498.337646484375, 3552.2855631510415, 3463.48291015625, 3764.677734375, 3882.6927897135415, 4027.4219563802085, 4123.1708984375, 4132.849039713542, 4076.2635091145835, 4067.5547688802085, 4117.620279947917, 4138.7158203125, 4106.039794921875, 4064.0867513020835, 4070.85205078125, 4106.11962890625, 4089.4957682291665, 4056.6068522135415, 4057.0135904947915, 4092.9593912760415, 4074.645751953125, 4043.2488606770835, 4063.95556640625, 4101.961751302083, 4063.2443033854165, 4037.52197265625, 4062.276123046875, 4091.393310546875, 4102.835530598958, 4059.9034830729165, 4054.4547526041665, 4064.9899088541665, 4066.8623860677085, 4093.9513346354165, 4127.009440104167, 4052.87255859375, 4032.554443359375, 4090.67578125, 4109.080647786458, 4103.969401041667, 4056.0361328125, 4075.0321451822915, 4079.1245930989585, 4103.079345703125, 4094.3685709635415, 4078.4991861979165, 4060.3297526041665, 4092.3399251302085, 4083.3761393229165, 4080.8177897135415, 4051.8544108072915, 4093.1060384114585, 4112.076985677083, 4080.0037434895835, 4075.7386881510415, 4106.30029296875, 4074.5568033854165, 4077.0641276041665, 4100.189127604167, 4080.36767578125, 4062.3164876302085, 4080.677978515625, 4069.7770182291665, 4071.7759602864585, 4069.000244140625, 4084.7442220052085, 4074.2020670572915, 4079.0415852864585, 4082.4524739583335, 4064.11962890625, 4072.9280598958335, 4074.264892578125, 4071.4931640625, 4061.3017578125, 4057.61865234375, 4063.640380859375, 4052.614501953125, 4043.2813313802085, 4054.4082845052085, 4047.337646484375, 4044.2779134114585, 4053.5987955729165, 4036.7316080729165, 4039.566650390625, 4046.9156901041665, 4043.3670247395835, 4027.7623697916665, 4010.5962727864585, 4014.5668131510415], "upper": [3921.75048828125, 3779.59814453125, 3641.5859375, 3794.9970703125, 4097.78125, 4700.7431640625, 4574.7138671875, 4221.64111328125, 4162.06494140625, 4023.775390625, 3855.068115234375, 3790.8369140625, 4131.58203125, 4126.46142578125, 3942.30029296875, 4420.6259765625, 4678.6162109375, 4763.04931640625, 4801.919921875, 4838.6201171875, 4856.87744140625, 4859.8642578125, 4860.400390625, 4866.50439453125, 4864.7265625, 4862.984375, 4837.26708984375, 4809.8525390625, 4805.00537109375, 4798.353515625, 4786.9091796875, 4799.59814453125, 4797.875, 4793.6123046875, 4791.3330078125, 4780.0234375, 4781.599609375, 4781.07568359375, 4760.29296875, 4757.4111328125, 4757.14306640625, 4747.72314453125, 4747.87060546875, 4749.81494140625, 4748.734375, 4747.4658203125, 4745.36376953125, 4734.8720703125, 4735.53466796875, 4736.84228515625, 4732.75732421875, 4731.35888671875, 4734.5439453125, 4731.28564453125, 4711.21728515625, 4710.56884765625, 4712.46533203125, 4713.26611328125, 4695.7412109375, 4690.59423828125, 4668.13818359375, 4669.8447265625, 4667.99853515625, 4666.02783203125, 4667.646484375, 4668.654296875, 4667.18994140625, 4667.95068359375, 4668.75634765625, 4649.1513671875, 4638.31982421875, 4619.40771484375, 4619.58447265625, 4620.25244140625, 4620.43505859375, 4621.90185546875, 4622.54248046875, 4625.62841796875, 4626.23388671875, 4612.82470703125, 4607.5400390625, 4608.4921875, 4619.28466796875, 4607.7158203125, 4573.453125, 4556.57275390625, 4553.3779296875, 4539.3955078125, 4524.33203125, 4519.5146484375, 4502.74267578125, 4503.244140625, 4509.33349609375, 4486.06640625, 4484.25439453125, 4482.57080078125, 4468.8837890625, 4448.9111328125, 4406.2685546875, 4381.97119140625], "lower": [3670.68701171875, 2921.7880859375, 3603.345947265625, 3018.30859375, 2940.033935546875, 3337.6962890625, 3294.5048828125, 3298.004150390625, 3303.87939453125, 3312.20068359375, 3282.48828125, 3290.08203125, 3158.664306640625, 2860.939453125, 3458.4111328125, 3462.726318359375, 3465.802490234375, 3470.96240234375, 3472.468505859375, 3464.598388671875, 3450.9892578125, 3449.246826171875, 3427.779296875, 3396.939453125, 3384.479248046875, 3354.4892578125, 3362.90771484375, 3363.344482421875, 3409.104736328125, 3367.5302734375, 3380.803466796875, 3391.25830078125, 3381.759765625, 3364.76318359375, 3377.16259765625, 3374.038330078125, 3362.140869140625, 3381.27294921875, 3415.385498046875, 3521.013427734375, 3409.9833984375, 3333.1767578125, 3414.655517578125, 3445.7587890625, 3494.410888671875, 3543.5185546875, 3367.880859375, 3340.17138671875, 3485.2236328125, 3553.737060546875, 3556.626708984375, 3407.53466796875, 3433.448486328125, 3464.52783203125, 3556.212890625, 3531.940185546875, 3492.44384765625, 3427.401611328125, 3548.69580078125, 3526.75, 3532.4990234375, 3454.49365234375, 3578.48974609375, 3628.47998046875, 3524.858642578125, 3525.513916015625, 3608.638916015625, 3508.22265625, 3529.097900390625, 3605.876220703125, 3557.192626953125, 3535.959228515625, 3576.296142578125, 3540.808349609375, 3563.020263671875, 3538.715087890625, 3583.269287109375, 3564.816162109375, 3564.318359375, 3585.948974609375, 3552.291015625, 3565.63671875, 3554.675048828125, 3574.38671875, 3565.455078125, 3567.10302734375, 3588.170166015625, 3574.22900390625, 3572.409912109375, 3598.943603515625, 3594.864501953125, 3596.674560546875, 3606.908935546875, 3575.06982421875, 3585.1220703125, 3613.420166015625, 3611.696044921875, 3585.16015625, 3576.33251953125, 3612.262939453125]}