{"mean": [24255.010416666668, 21149.488932291668, 20630.762369791668, 21132.565755208332, 21581.239583333332, 21613.13671875, 21303.324869791668, 20867.035807291668, 20385.211588541668, 19920.089192708332, 19547.2421875, 19280.689127604168, 19169.673177083332, 19220.580403645832, 19140.1953125, 18891.588541666668, 18591.549479166668, 18327.2294921875, 18114.9697265625, 17954.463541666668, 17781.1708984375, 17530.026041666668, 17407.728190104168, 17163.0087890625, 17030.8759765625, 16881.900716145832, 16707.367513020832, 16498.0478515625, 16216.378580729166, 15954.352864583334, 15703.369140625, 15514.173828125, 15364.234700520834, 15233.183919270834, 15120.3515625, 15075.7705078125, 15132.3232421875, 15250.138671875, 15299.068684895834, 15288.719075520834, 15226.962239583334, 15166.3642578125, 15168.641276041666, 15191.7919921875, 15243.233723958334, 15319.241536458334, 15394.172200520834, 15456.893229166666, 15518.328450520834, 15578.981770833334, 15622.026692708334, 15670.408203125, 15687.806966145834, 15702.611328125, 15717.532552083334, 15683.751627604166, 15660.906901041666, 15639.693033854166, 15634.997721354166, 15556.105794270834, 15449.26171875, 15322.2734375, 15241.091796875, 15214.777994791666, 15228.478841145834, 15245.35546875, 15241.931966145834, 15260.101888020834, 15272.005208333334, 15282.046223958334, 15280.0009765625, 15283.439127604166, 15304.409830729166, 15345.812174479166, 15388.497721354166, 15410.703125, 15413.810221354166, 15422.426106770834, 15387.108072916666, 15396.5302734375, 15400.469075520834, 15398.301106770834, 15382.966145833334, 15362.3369140625, 15352.44140625, 15333.3662109375, 15296.501953125, 15276.060872395834, 15245.19921875, 15204.734700520834, 15174.791341145834, 15148.790364583334, 15132.513020833334, 15127.171549479166, 15131.451171875, 15144.0185546875, 15158.127278645834, 15166.215169270834, 15172.544596354166, 15181.697591145834], "upper": [26205.939453125, 24883.126953125, 24484.185546875, 24146.66796875, 23855.72265625, 23618.57421875, 23437.505859375, 23285.5625, 23106.31640625, 22917.796875, 22628.158203125, 22220.57421875, 21747.818359375, 21706.513671875, 21468.76171875, 21075.265625, 20785.802734375, 20576.08984375, 20380.501953125, 20157.435546875, 19861.140625, 19513.802734375, 19189.54296875, 18837.1796875, 18654.4296875, 18406.412109375, 18152.083984375, 17916.49609375, 17570.3828125, 17269.119140625, 16932.67578125, 16651.318359375, 16311.4755859375, 16029.248046875, 15773.70703125, 15603.435546875, 15852.22265625, 16091.0595703125, 16193.78515625, 16168.0908203125, 16065.5322265625, 15951.931640625, 15875.48046875, 15834.4892578125, 15816.998046875, 15829.5986328125, 15846.9658203125, 15930.6572265625, 15989.6806640625, 16016.23046875, 16031.7568359375, 16050.67578125, 16055.8544921875, 16050.7802734375, 16048.103515625, 16037.0927734375, 16031.14453125, 16016.1826171875, 15980.607421875, 15929.8076171875, 15866.0498046875, 15803.208984375, 15763.193359375, 15747.51171875, 15743.1064453125, 15751.1328125, 15715.71484375, 15771.8408203125, 15811.982421875, 15844.4990234375, 15871.6533203125, 15903.5419921875, 15935.6455078125, 15970.0263671875, 16003.5927734375, 16025.634765625, 16036.376953125, 16047.845703125, 16057.912109375, 16058.9853515625, 16055.7099609375, 16058.900390625, 16045.84375, 16023.5361328125, 16006.1884765625, 15995.5556640625, 15981.146484375, 15963.20703125, 15943.0478515625, 15922.7314453125, 15914.3681640625, 15911.541015625, 15915.42578125, 15922.01171875, 15924.9609375, 15927.2548828125, 15934.1357421875, 15949.54296875, 15959.3564453125, 15965.8984375], "lower": [20983.119140625, 17517.349609375, 16769.0859375, 18636.52734375, 20175.001953125, 20584.794921875, 20078.078125, 18894.044921875, 17612.388671875, 16478.091796875, 15667.341796875, 15302.6259765625, 15487.77734375, 15732.3837890625, 15775.67578125, 15531.181640625, 15102.513671875, 14753.0185546875, 14604.6298828125, 14661.923828125, 14743.6748046875, 14617.578125, 14848.8681640625, 14719.8740234375, 14767.7783203125, 14855.1337890625, 14864.2939453125, 14775.8505859375, 14616.1494140625, 14461.48046875, 14331.869140625, 14239.6015625, 14215.6337890625, 14204.9091796875, 14158.7861328125, 14057.384765625, 14019.1865234375, 14062.2060546875, 14077.484375, 14188.248046875, 14224.068359375, 14284.658203125, 14364.0947265625, 14393.1845703125, 14439.5966796875, 14472.53125, 14517.5283203125, 14570.85546875, 14669.96875, 14798.4521484375, 14886.4248046875, 14979.4501953125, 15004.740234375, 15049.0654296875, 15107.259765625, 15046.54296875, 15030.083984375, 15050.75, 15130.0322265625, 15101.6650390625, 14960.0166015625, 14706.2255859375, 14523.373046875, 14418.2548828125, 14372.412109375, 14340.50390625, 14314.15234375, 14293.740234375, 14278.08984375, 14263.2373046875, 14234.267578125, 14227.2763671875, 14251.87109375, 14285.0830078125, 14302.1279296875, 14274.365234375, 14239.806640625, 14255.1884765625, 14215.7421875, 14226.7021484375, 14235.509765625, 14240.71875, 14245.7001953125, 14252.5380859375, 14267.0673828125, 14282.6240234375, 14299.779296875, 14309.8642578125, 14308.2041015625, 14298.892578125, 14289.0986328125, 14284.84765625, 14285.4677734375, 14288.017578125, 14295.3486328125, 14306.6142578125, 14321.6328125, 14334.8515625, 14344.025390625, 14336.25]}