{"mean": [2469.5562337239585, 2248.4449869791665, 2200.133544921875, 2217.37255859375, 2239.632568359375, 2237.8685709635415, 2218.0865071614585, 2194.4151204427085, 2167.8447265625, 2143.4107259114585, 2117.2220865885415, 2101.798583984375, 2098.015625, 2103.9772135416665, 2099.2571614583335, 2083.0050455729165, 2065.0919596354165, 2047.3603922526042, 2035.7818603515625, 2029.9080810546875, 2023.62109375, 2012.7238362630208, 2010.4795735677083, 1998.060302734375, 1997.7743733723958, 1994.2301839192708, 1988.7379557291667, 1979.9296875, 1965.9815673828125, 1955.7396647135417, 1950.1118570963542, 1951.6459147135417, 1958.7025146484375, 1951.1934000651042, 1935.6441243489583, 1924.6767171223958, 1922.772216796875, 1926.2960611979167, 1928.4840901692708, 1927.576171875, 1922.912841796875, 1922.8765462239583, 1923.470947265625, 1921.8544921875, 1921.73876953125, 1923.25390625, 1925.3798828125, 1925.7329915364583, 1925.1814778645833, 1925.28369140625, 1924.3521728515625, 1925.415771484375, 1926.0652669270833, 1926.6742350260417, 1927.0370279947917, 1923.3478190104167, 1921.6907958984375, 1921.0389404296875, 1922.6444091796875, 1923.44287109375, 1923.8633219401042, 1921.9092610677083, 1918.8316650390625, 1916.9723714192708, 1916.5326334635417, 1916.4773763020833, 1915.5430908203125, 1915.0085856119792, 1914.2368977864583, 1913.4443766276042, 1912.5213623046875, 1911.9475911458333, 1912.626220703125, 1913.8005777994792, 1914.472900390625, 1913.9897867838542, 1912.6202799479167, 1912.4088541666667, 1910.2460530598958, 1909.7600504557292, 1909.2108968098958, 1908.8616129557292, 1908.4056803385417, 1908.1670328776042, 1908.0466715494792, 1907.598388671875, 1906.9971923828125, 1906.1819254557292, 1905.037841796875, 1903.6919759114583, 1903.1761474609375, 1903.1188557942708, 1902.8402913411458, 1902.1872965494792, 1901.52294921875, 1901.0342610677083, 1900.7285970052083, 1900.417236328125, 1900.2301839192708, 1899.982421875], "upper": [2856.053466796875, 2356.316162109375, 2330.212890625, 2312.01025390625, 2298.385498046875, 2320.3193359375, 2288.27880859375, 2246.30712890625, 2225.158203125, 2204.0849609375, 2172.735595703125, 2148.6162109375, 2125.427734375, 2123.55810546875, 2112.9189453125, 2088.001220703125, 2078.421142578125, 2070.6767578125, 2060.192626953125, 2050.21728515625, 2040.3603515625, 2031.525390625, 2022.7803955078125, 2014.7479248046875, 2005.55126953125, 2004.1697998046875, 2004.8443603515625, 1997.097900390625, 1982.2227783203125, 1971.5303955078125, 1978.438232421875, 1993.4832763671875, 2024.6278076171875, 2010.0321044921875, 1981.884521484375, 1971.1517333984375, 1978.3924560546875, 1983.3751220703125, 1985.3153076171875, 1982.735107421875, 1977.8515625, 1974.505615234375, 1970.82275390625, 1971.0628662109375, 1974.745361328125, 1979.3785400390625, 1983.2205810546875, 1984.653076171875, 1983.3360595703125, 1980.291015625, 1976.2520751953125, 1972.99365234375, 1971.7415771484375, 1971.475830078125, 1971.632568359375, 1971.26611328125, 1970.622802734375, 1969.8212890625, 1970.66455078125, 1973.2711181640625, 1979.91357421875, 1984.982421875, 1980.3599853515625, 1973.546630859375, 1971.666748046875, 1972.343505859375, 1972.6414794921875, 1972.17529296875, 1970.8675537109375, 1969.7174072265625, 1969.283447265625, 1969.9151611328125, 1972.0076904296875, 1974.6400146484375, 1976.364013671875, 1976.86572265625, 1976.0323486328125, 1974.273193359375, 1971.8861083984375, 1970.0770263671875, 1967.9547119140625, 1967.3631591796875, 1967.0872802734375, 1966.881591796875, 1967.480224609375, 1967.34375, 1966.894287109375, 1966.409912109375, 1966.460205078125, 1966.7578125, 1967.6446533203125, 1968.45654296875, 1968.58203125, 1968.02392578125, 1967.0064697265625, 1966.030029296875, 1965.1551513671875, 1964.5728759765625, 1964.1246337890625, 1963.7813720703125], "lower": [2151.052734375, 2150.9912109375, 2121.603515625, 2120.4013671875, 2127.283447265625, 2117.51904296875, 2104.25439453125, 2104.374755859375, 2102.355224609375, 2095.83056640625, 2086.739990234375, 2063.504150390625, 2077.063720703125, 2089.80078125, 2088.81884765625, 2076.255615234375, 2041.221435546875, 2004.9139404296875, 1988.7154541015625, 1990.1551513671875, 1994.150390625, 1985.5455322265625, 2000.8492431640625, 1987.0811767578125, 1991.9788818359375, 1981.812744140625, 1971.0064697265625, 1960.8392333984375, 1943.1412353515625, 1929.30419921875, 1917.724365234375, 1916.5401611328125, 1911.20849609375, 1907.621337890625, 1894.6265869140625, 1880.4866943359375, 1871.04541015625, 1876.244384765625, 1881.6578369140625, 1877.0831298828125, 1869.4639892578125, 1871.611572265625, 1876.9215087890625, 1873.9022216796875, 1870.88232421875, 1872.5753173828125, 1876.6097412109375, 1878.201416015625, 1877.932373046875, 1877.1448974609375, 1876.7950439453125, 1879.32861328125, 1882.9888916015625, 1883.20654296875, 1880.3780517578125, 1876.677001953125, 1874.0965576171875, 1873.123779296875, 1872.389404296875, 1871.0155029296875, 1869.5771484375, 1868.1273193359375, 1867.12451171875, 1866.3831787109375, 1865.54833984375, 1864.803466796875, 1862.072021484375, 1861.5157470703125, 1861.1231689453125, 1860.62255859375, 1860.086669921875, 1859.5843505859375, 1859.0328369140625, 1858.5914306640625, 1858.5406494140625, 1859.394775390625, 1859.4273681640625, 1859.7657470703125, 1858.0706787109375, 1857.8818359375, 1857.729248046875, 1856.83642578125, 1855.43408203125, 1854.7042236328125, 1853.198486328125, 1851.2939453125, 1849.364990234375, 1847.2176513671875, 1844.2841796875, 1840.9617919921875, 1839.36572265625, 1838.9017333984375, 1838.1812744140625, 1837.21826171875, 1836.3466796875, 1836.0325927734375, 1835.7894287109375, 1835.285400390625, 1835.250732421875, 1835.365478515625]}