{"mean": [14428.998046875, 14138.074544270834, 14033.836263020834, 14029.772135416666, 14043.246419270834, 14044.155598958334, 14029.3193359375, 13994.066080729166, 13941.9580078125, 13877.979817708334, 13832.614583333334, 13820.1513671875, 13824.445963541666, 13880.278971354166, 13891.520833333334, 13862.1318359375, 13846.057291666666, 13833.156575520834, 13833.782877604166, 13851.732096354166, 13866.984700520834, 13873.258463541666, 13898.145182291666, 13916.546549479166, 13956.2197265625, 13981.1337890625, 14001.041341145834, 14016.349283854166, 14025.290690104166, 14044.858072916666, 14090.393229166666, 14149.208984375, 14217.0244140625, 14229.383463541666, 14207.275065104166, 14179.727213541666, 14164.8076171875, 14166.2431640625, 14161.798177083334, 14152.660481770834, 14135.187174479166, 14125.0791015625, 14111.218424479166, 14085.1171875, 14058.609375, 14032.868489583334, 14011.3994140625, 13988.442708333334, 13965.908203125, 13949.006510416666, 13936.56640625, 13930.492838541666, 13930.971354166666, 13937.127604166666, 13947.097981770834, 13941.451497395834, 13938.011067708334, 13944.613606770834, 13958.386067708334, 13984.593424479166, 14011.853190104166, 14032.357421875, 14043.444986979166, 14047.1767578125, 14046.908854166666, 14047.125, 14042.687174479166, 14036.3974609375, 14028.555013020834, 14017.9931640625, 14007.888346354166, 13998.6455078125, 13990.4814453125, 13980.168294270834, 13969.412434895834, 13956.855794270834, 13948.4169921875, 13944.822265625, 13940.399088541666, 13938.03125, 13938.060221354166, 13940.832682291666, 13946.915690104166, 13954.130208333334, 13960.046223958334, 13965.655924479166, 13972.4677734375, 13976.616861979166, 13982.9326171875, 13990.849934895834, 13998.494140625, 14006.762044270834, 14013.0859375, 14015.5146484375, 14015.462565104166, 14013.117513020834, 14009.1865234375, 14005.34375, 14001.615559895834, 13996.524088541666], "upper": [16279.4814453125, 15395.5439453125, 15321.8857421875, 15503.5546875, 15626.2578125, 15660.33984375, 15589.990234375, 15471.68359375, 15335.6318359375, 15206.255859375, 15144.134765625, 15079.47265625, 15075.4296875, 15116.1416015625, 15134.6904296875, 15127.4619140625, 15099.30078125, 15065.2314453125, 15056.546875, 15094.666015625, 15111.3974609375, 15084.171875, 15094.06640625, 15047.0771484375, 15022.314453125, 15015.9560546875, 15004.697265625, 14983.3564453125, 14954.2724609375, 14931.271484375, 14914.853515625, 14898.26171875, 14880.962890625, 14860.908203125, 14834.7568359375, 14801.8466796875, 14769.595703125, 14745.216796875, 14713.30078125, 14694.341796875, 14660.3564453125, 14627.185546875, 14593.0283203125, 14553.7626953125, 14519.3623046875, 14486.185546875, 14457.380859375, 14427.76171875, 14401.8701171875, 14388.6171875, 14376.765625, 14373.7314453125, 14371.958984375, 14383.142578125, 14407.1708984375, 14379.1552734375, 14352.3642578125, 14346.20703125, 14358.232421875, 14374.34375, 14392.2041015625, 14406.57421875, 14431.5048828125, 14460.4404296875, 14483.8828125, 14502.583984375, 14515.005859375, 14522.1015625, 14525.9365234375, 14525.44140625, 14518.8896484375, 14511.7451171875, 14508.3779296875, 14506.140625, 14502.568359375, 14494.1455078125, 14487.3642578125, 14486.7119140625, 14478.6201171875, 14476.5517578125, 14474.4765625, 14472.69140625, 14470.3544921875, 14466.9609375, 14464.7685546875, 14462.6845703125, 14459.7607421875, 14456.4609375, 14454.447265625, 14453.93359375, 14453.4853515625, 14453.6376953125, 14453.0546875, 14450.1494140625, 14446.4609375, 14442.1826171875, 14438.03515625, 14434.8671875, 14433.654296875, 14434.0185546875], "lower": [13476.6826171875, 13366.953125, 13285.810546875, 13230.607421875, 13194.244140625, 13174.369140625, 13153.55859375, 13136.17578125, 13119.2724609375, 13095.53125, 13089.76171875, 13133.8515625, 13159.67578125, 13233.15625, 13237.740234375, 13209.0390625, 13177.2607421875, 13158.740234375, 13151.91796875, 13145.9189453125, 13152.33203125, 13172.3408203125, 13212.8671875, 13283.8095703125, 13391.015625, 13423.41796875, 13435.955078125, 13449.92578125, 13440.828125, 13433.5595703125, 13483.8251953125, 13554.9775390625, 13625.3994140625, 13696.65625, 13726.171875, 13731.7880859375, 13742.1123046875, 13779.376953125, 13811.5029296875, 13821.03515625, 13825.7431640625, 13844.7216796875, 13846.8857421875, 13817.0537109375, 13775.263671875, 13728.8505859375, 13690.89453125, 13655.1513671875, 13625.3564453125, 13602.39453125, 13586.474609375, 13577.5048828125, 13580.498046875, 13581.8251953125, 13577.8232421875, 13577.5361328125, 13581.966796875, 13593.091796875, 13606.5546875, 13621.2255859375, 13636.6650390625, 13649.90234375, 13657.00390625, 13658.42578125, 13655.6748046875, 13649.53125, 13638.4619140625, 13630.5576171875, 13625.126953125, 13618.4091796875, 13616.302734375, 13615.4736328125, 13609.4638671875, 13592.189453125, 13573.109375, 13551.1201171875, 13537.15234375, 13531.923828125, 13529.4462890625, 13522.6064453125, 13521.080078125, 13526.16015625, 13538.08984375, 13554.77734375, 13569.0234375, 13586.494140625, 13609.6328125, 13625.232421875, 13645.2265625, 13667.8115234375, 13690.8173828125, 13715.611328125, 13737.080078125, 13749.75, 13754.5361328125, 13752.25, 13745.5341796875, 13740.0595703125, 13731.80859375, 13717.3388671875]}