{"mean": [4144.330322265625, 3764.2805989583335, 3712.6493326822915, 3738.7403971354165, 3762.3033854166665, 3745.6146647135415, 3719.0589192708335, 3676.6621907552085, 3650.6236165364585, 3582.4938151041665, 3551.817626953125, 3530.7880859375, 3516.710693359375, 3519.9898274739585, 3519.8883463541665, 3498.927001953125, 3478.124267578125, 3444.1277669270835, 3446.5297037760415, 3457.4930826822915, 3448.8077799479165, 3420.8920084635415, 3435.8273111979165, 3428.0706380208335, 3429.1814778645835, 3425.6590983072915, 3420.5411783854165, 3412.4312337239585, 3385.6240234375, 3370.6927083333335, 3363.4807942708335, 3370.21875, 3356.6764322916665, 3357.0592447916665, 3346.3427734375, 3321.5359700520835, 3317.9563802083335, 3342.1123860677085, 3346.2405598958335, 3341.4591471354165, 3325.0528157552085, 3320.9517415364585, 3323.7432454427085, 3316.2235514322915, 3303.5277506510415, 3299.8486328125, 3297.2645670572915, 3305.1033528645835, 3300.5520833333335, 3298.0594889322915, 3306.413330078125, 3314.110595703125, 3301.0485026041665, 3298.5686848958335, 3303.6610514322915, 3295.530517578125, 3293.1253255208335, 3297.7981770833335, 3308.8998209635415, 3312.6660970052085, 3315.3627115885415, 3300.3972981770835, 3295.2494303385415, 3293.00244140625, 3302.5533040364585, 3309.5669759114585, 3312.3525390625, 3310.5387369791665, 3305.1239420572915, 3300.6021321614585, 3295.3599446614585, 3290.2643229166665, 3290.1634928385415, 3293.5118001302085, 3299.7044270833335, 3296.4698893229165, 3297.5836588541665, 3301.11328125, 3302.0030924479165, 3306.287109375, 3306.9485677083335, 3307.308349609375, 3307.7434895833335, 3308.9739583333335, 3306.2498372395835, 3305.1542154947915, 3302.3189290364585, 3300.7776692708335, 3297.0629069010415, 3292.0765787760415, 3289.9376627604165, 3291.5326334635415, 3289.943359375, 3291.1522623697915, 3289.2777506510415, 3288.8610026041665, 3286.3234049479165, 3288.72705078125, 3291.0414225260415, 3292.42236328125], "upper": [4743.3115234375, 3933.1806640625, 3877.8076171875, 3831.036865234375, 3958.052978515625, 3995.793701171875, 3963.088623046875, 3860.42236328125, 3815.58056640625, 3683.02197265625, 3616.608154296875, 3571.696044921875, 3559.906005859375, 3558.980224609375, 3559.76025390625, 3532.49755859375, 3495.240478515625, 3461.697998046875, 3457.2021484375, 3481.7578125, 3482.52099609375, 3447.15771484375, 3498.58740234375, 3479.0712890625, 3463.03662109375, 3454.40673828125, 3458.042724609375, 3455.00244140625, 3420.12255859375, 3395.234619140625, 3406.84228515625, 3431.193115234375, 3429.673583984375, 3436.94921875, 3409.891845703125, 3402.318603515625, 3403.665771484375, 3432.2431640625, 3443.779052734375, 3434.976318359375, 3415.713134765625, 3410.1357421875, 3414.7705078125, 3391.8720703125, 3379.413330078125, 3384.6884765625, 3384.7646484375, 3390.95263671875, 3387.239501953125, 3370.9150390625, 3377.05078125, 3397.562744140625, 3394.131591796875, 3398.91552734375, 3406.433349609375, 3408.230224609375, 3414.802734375, 3403.57470703125, 3403.9482421875, 3391.529541015625, 3388.90478515625, 3391.147705078125, 3393.2841796875, 3402.361083984375, 3413.196533203125, 3418.89111328125, 3413.42822265625, 3412.889892578125, 3413.93017578125, 3414.985595703125, 3403.3232421875, 3397.52294921875, 3386.329833984375, 3383.93505859375, 3383.333251953125, 3380.3203125, 3384.897705078125, 3381.599853515625, 3384.242919921875, 3386.47705078125, 3383.389404296875, 3381.31591796875, 3385.006591796875, 3386.995361328125, 3389.8486328125, 3392.57666015625, 3393.62841796875, 3392.244384765625, 3387.0859375, 3384.31103515625, 3378.8232421875, 3371.449462890625, 3365.02783203125, 3370.056396484375, 3375.30517578125, 3371.17919921875, 3378.28369140625, 3384.483642578125, 3385.101318359375, 3385.985107421875], "lower": [3652.813232421875, 3612.837646484375, 3587.96826171875, 3574.91455078125, 3588.370361328125, 3550.290283203125, 3493.89453125, 3491.629638671875, 3488.091796875, 3454.338623046875, 3455.187255859375, 3460.513916015625, 3466.7470703125, 3460.557373046875, 3464.162841796875, 3457.951904296875, 3453.8193359375, 3433.74072265625, 3438.675048828125, 3440.908447265625, 3428.319580078125, 3403.94580078125, 3393.08056640625, 3397.393798828125, 3399.60302734375, 3397.3671875, 3398.3603515625, 3389.46533203125, 3343.228271484375, 3328.95166015625, 3300.9208984375, 3294.428955078125, 3259.20849609375, 3261.218017578125, 3260.397216796875, 3222.718505859375, 3198.23828125, 3228.876220703125, 3244.9111328125, 3233.386962890625, 3214.402099609375, 3220.522216796875, 3217.48486328125, 3217.655517578125, 3210.107421875, 3203.2041015625, 3207.496337890625, 3212.251220703125, 3219.675537109375, 3217.47119140625, 3211.086181640625, 3217.839111328125, 3208.129638671875, 3200.659423828125, 3208.75927734375, 3212.923828125, 3201.95947265625, 3211.756591796875, 3208.6796875, 3205.55517578125, 3205.87890625, 3203.36572265625, 3202.337890625, 3199.64599609375, 3196.6826171875, 3194.463623046875, 3185.767578125, 3180.446044921875, 3179.602783203125, 3177.689697265625, 3172.949951171875, 3169.619140625, 3170.119873046875, 3168.1484375, 3181.82568359375, 3179.44287109375, 3176.4208984375, 3184.139892578125, 3183.68408203125, 3186.74560546875, 3186.922607421875, 3189.117431640625, 3178.346923828125, 3180.94091796875, 3182.73486328125, 3179.666259765625, 3164.485595703125, 3161.510009765625, 3155.32958984375, 3145.263427734375, 3140.8505859375, 3152.9423828125, 3154.26416015625, 3156.189208984375, 3144.21630859375, 3145.947509765625, 3141.59033203125, 3143.80224609375, 3151.03759765625, 3151.0126953125]}