{"mean": [8372.719401041666, 7752.386555989583, 7637.791341145833, 7738.13330078125, 7785.185221354167, 7793.756184895833, 7695.163248697917, 7628.49267578125, 7523.0751953125, 7410.633626302083, 7306.769856770833, 7198.0, 7135.642903645833, 7113.447265625, 7080.240234375, 7033.810546875, 6993.891438802083, 6943.070475260417, 6961.818196614583, 6940.054361979167, 6894.72705078125, 6847.311197916667, 6830.08349609375, 6767.92919921875, 6746.651692708333, 6718.498697916667, 6681.929361979167, 6655.016438802083, 6620.286783854167, 6633.188802083333, 6640.186360677083, 6631.281412760417, 6643.343424479167, 6612.728190104167, 6559.04296875, 6507.34326171875, 6461.42041015625, 6445.375325520833, 6441.764322916667, 6456.598307291667, 6470.3623046875, 6489.177734375, 6513.641764322917, 6535.29833984375, 6554.448079427083, 6567.893880208333, 6579.274251302083, 6587.868815104167, 6594.519368489583, 6606.569010416667, 6613.327962239583, 6624.217936197917, 6626.151529947917, 6624.727376302083, 6617.748046875, 6594.731119791667, 6580.479329427083, 6571.84033203125, 6563.603841145833, 6564.13525390625, 6564.940592447917, 6562.592936197917, 6557.364908854167, 6550.6591796875, 6540.295084635417, 6531.17578125, 6522.09228515625, 6519.472819010417, 6520.777669270833, 6526.110188802083, 6533.777506510417, 6542.581380208333, 6552.60400390625, 6557.788248697917, 6558.4794921875, 6555.828776041667, 6554.341471354167, 6555.656575520833, 6544.428385416667, 6541.184407552083, 6534.873209635417, 6526.170735677083, 6517.92236328125, 6512.151041666667, 6510.608723958333, 6508.559407552083, 6507.270182291667, 6509.192220052083, 6509.65673828125, 6510.603841145833, 6513.395345052083, 6515.822265625, 6514.6787109375, 6510.67333984375, 6505.842936197917, 6500.990397135417, 6496.813313802083, 6494.521321614583, 6495.380208333333, 6497.1357421875], "upper": [8832.9580078125, 8620.810546875, 8535.087890625, 8458.2763671875, 8388.2607421875, 8338.0234375, 8284.0732421875, 8220.392578125, 8132.2041015625, 8023.08984375, 7864.552734375, 7716.8046875, 7593.3076171875, 7452.056640625, 7381.08251953125, 7341.33203125, 7314.5576171875, 7302.4609375, 7281.3330078125, 7257.3642578125, 7211.26953125, 7143.453125, 7053.0966796875, 6964.31591796875, 6924.91943359375, 6896.8779296875, 6850.5029296875, 6817.8896484375, 6807.98046875, 6833.40576171875, 6860.9853515625, 6886.82373046875, 6928.26025390625, 6857.3662109375, 6764.27734375, 6703.03125, 6644.6005859375, 6623.97802734375, 6624.88720703125, 6622.13525390625, 6626.8544921875, 6661.4150390625, 6702.77294921875, 6759.15185546875, 6811.23974609375, 6848.34228515625, 6870.1689453125, 6876.01416015625, 6866.77490234375, 6847.6865234375, 6825.7099609375, 6803.416015625, 6780.34912109375, 6756.48779296875, 6737.51171875, 6727.2822265625, 6727.60595703125, 6739.32568359375, 6756.4873046875, 6781.41455078125, 6799.78662109375, 6802.654296875, 6785.00048828125, 6754.40576171875, 6713.38525390625, 6681.7744140625, 6664.25927734375, 6662.35009765625, 6675.91845703125, 6702.37890625, 6737.31396484375, 6771.82958984375, 6798.7568359375, 6816.63818359375, 6826.1787109375, 6827.64892578125, 6822.962890625, 6812.55517578125, 6799.89404296875, 6786.00048828125, 6767.5927734375, 6747.80908203125, 6732.11376953125, 6724.99609375, 6725.8466796875, 6729.37060546875, 6738.17578125, 6752.20849609375, 6766.5234375, 6780.88525390625, 6790.6513671875, 6797.7978515625, 6800.056640625, 6797.95361328125, 6792.6494140625, 6786.5439453125, 6779.1630859375, 6770.791015625, 6764.5283203125, 6760.3935546875], "lower": [7543.5947265625, 7067.3701171875, 6947.677734375, 7278.0830078125, 7443.63623046875, 7473.5849609375, 7388.62841796875, 7302.0048828125, 7096.23876953125, 6872.27392578125, 6696.416015625, 6524.80908203125, 6474.873046875, 6563.9560546875, 6550.97900390625, 6480.3447265625, 6429.21435546875, 6331.494140625, 6445.7138671875, 6446.2431640625, 6411.53076171875, 6394.728515625, 6478.146484375, 6404.150390625, 6400.927734375, 6374.54736328125, 6354.80712890625, 6339.28515625, 6317.7509765625, 6337.064453125, 6332.60986328125, 6252.1611328125, 6226.087890625, 6225.18603515625, 6220.21728515625, 6204.7255859375, 6200.66455078125, 6223.33935546875, 6240.35009765625, 6282.93408203125, 6289.2724609375, 6301.48779296875, 6317.89892578125, 6317.5673828125, 6324.06201171875, 6328.32666015625, 6334.65478515625, 6340.89794921875, 6352.18310546875, 6380.62841796875, 6388.22216796875, 6411.88232421875, 6417.521484375, 6433.07568359375, 6444.443359375, 6409.23681640625, 6394.6171875, 6381.6875, 6355.20556640625, 6339.1689453125, 6322.666015625, 6307.34716796875, 6306.08154296875, 6314.56005859375, 6323.9296875, 6331.0546875, 6331.85546875, 6328.0380859375, 6320.85888671875, 6309.62060546875, 6294.11083984375, 6283.25537109375, 6287.00927734375, 6288.73681640625, 6288.990234375, 6280.38525390625, 6276.193359375, 6281.97607421875, 6270.9453125, 6272.0751953125, 6272.3837890625, 6271.37744140625, 6268.60400390625, 6263.5625, 6259.900390625, 6257.341796875, 6254.60498046875, 6253.94775390625, 6254.591796875, 6258.74267578125, 6266.14794921875, 6271.9072265625, 6274.93896484375, 6274.44775390625, 6273.21337890625, 6270.2734375, 6266.43994140625, 6264.21044921875, 6266.32080078125, 6268.82373046875]}