{"mean": [3100.4523111979165, 3054.028564453125, 2994.3133138020835, 2963.1650390625, 2950.84033203125, 2933.916748046875, 2914.5716145833335, 2892.227294921875, 2856.6767578125, 2815.8317057291665, 2781.6888834635415, 2762.595947265625, 2764.0318196614585, 2774.5294596354165, 2784.7383626302085, 2790.9087727864585, 2792.217529296875, 2790.8861490885415, 2788.6094563802085, 2785.0984700520835, 2780.2124837239585, 2773.7323404947915, 2767.1346028645835, 2762.1891276041665, 2757.6519368489585, 2754.2093912760415, 2751.8229166666665, 2750.839111328125, 2751.0819498697915, 2751.7250162760415, 2752.482177734375, 2752.8939615885415, 2752.6255696614585, 2751.7896321614585, 2750.6344401041665, 2749.1983235677085, 2747.9983723958335, 2747.232177734375, 2746.6129557291665, 2746.6171061197915, 2747.398681640625, 2748.4656575520835, 2748.9978841145835, 2748.7698567708335, 2747.9795735677085, 2746.7779134114585, 2745.7965494791665, 2745.041748046875, 2744.79638671875, 2744.5955403645835, 2744.5763346354165, 2744.4930013020835, 2744.4271647135415, 2744.2987467447915, 2744.1077473958335, 2743.8636067708335, 2743.756103515625, 2743.7811686197915, 2743.9628092447915, 2744.076171875, 2744.2010091145835, 2744.3235677083335, 2744.4423828125, 2744.5305989583335, 2744.5111490885415, 2744.4906412760415, 2744.4104817708335, 2744.3290201822915, 2744.25048828125, 2744.2128092447915, 2744.1221516927085, 2744.066162109375, 2744.0528157552085, 2744.0743815104165, 2744.1407063802085, 2744.1333821614585, 2744.1834309895835, 2744.2711588541665, 2744.2984212239585, 2744.379638671875, 2744.4530436197915, 2744.52099609375, 2744.575927734375, 2744.628662109375, 2744.63525390625, 2744.6731770833335, 2744.6549479166665, 2744.71142578125, 2744.7225748697915, 2744.71484375, 2744.697021484375, 2744.6805826822915, 2744.653564453125, 2744.65673828125, 2744.6436360677085, 2744.642822265625, 2744.6328125, 2744.651611328125, 2744.5550944010415, 2744.5708821614585], "upper": [3361.6953125, 3324.30615234375, 3216.6826171875, 3165.6513671875, 3171.235107421875, 3176.35498046875, 3160.823486328125, 3117.304443359375, 3036.438720703125, 2934.45263671875, 2838.580810546875, 2778.341552734375, 2779.083251953125, 2810.97119140625, 2848.940673828125, 2877.468505859375, 2890.985595703125, 2893.34033203125, 2887.148193359375, 2873.70166015625, 2855.267333984375, 2833.676025390625, 2814.18505859375, 2802.27001953125, 2792.894287109375, 2786.3408203125, 2781.5712890625, 2779.42236328125, 2779.78515625, 2780.687744140625, 2782.386474609375, 2783.86962890625, 2784.552490234375, 2783.9892578125, 2782.566650390625, 2779.6416015625, 2776.784423828125, 2774.615478515625, 2772.7890625, 2773.08203125, 2775.7734375, 2779.572998046875, 2781.89794921875, 2782.109619140625, 2780.601806640625, 2777.405029296875, 2774.522216796875, 2772.207275390625, 2771.273193359375, 2770.960205078125, 2771.33740234375, 2771.78857421875, 2772.057861328125, 2772.01708984375, 2771.596923828125, 2770.940673828125, 2770.623779296875, 2770.555908203125, 2771.1259765625, 2771.58935546875, 2772.041015625, 2772.51416015625, 2772.748291015625, 2772.8740234375, 2772.7119140625, 2772.430908203125, 2772.01513671875, 2771.615966796875, 2771.24072265625, 2771.04296875, 2770.7646484375, 2770.5791015625, 2770.44970703125, 2770.42822265625, 2770.458740234375, 2770.407958984375, 2770.45849609375, 2770.579345703125, 2770.6728515625, 2770.7470703125, 2770.89794921875, 2771.0546875, 2771.144287109375, 2771.22119140625, 2771.27685546875, 2771.343994140625, 2771.21923828125, 2771.23046875, 2771.248046875, 2771.178955078125, 2771.126220703125, 2771.099365234375, 2770.994873046875, 2770.9521484375, 2770.898681640625, 2770.890625, 2770.87841796875, 2770.881103515625, 2770.74609375, 2770.86181640625], "lower": [2871.100830078125, 2799.48095703125, 2754.59716796875, 2738.19189453125, 2737.984130859375, 2738.000244140625, 2744.844970703125, 2753.55810546875, 2758.831298828125, 2753.854736328125, 2750.95458984375, 2749.718017578125, 2743.979248046875, 2740.282958984375, 2739.02490234375, 2740.189453125, 2741.74755859375, 2736.917724609375, 2735.658935546875, 2738.1650390625, 2741.685791015625, 2743.686767578125, 2743.548095703125, 2741.372802734375, 2738.213623046875, 2735.43359375, 2734.01123046875, 2734.221923828125, 2735.695556640625, 2736.80419921875, 2736.039306640625, 2735.438232421875, 2734.7587890625, 2734.105712890625, 2733.50390625, 2732.857666015625, 2732.227294921875, 2731.6611328125, 2731.011962890625, 2730.260498046875, 2729.811767578125, 2729.440673828125, 2729.049560546875, 2728.70654296875, 2728.2109375, 2727.68359375, 2727.38671875, 2727.179443359375, 2726.99658203125, 2726.655029296875, 2726.378173828125, 2726.044921875, 2725.86474609375, 2725.702880859375, 2725.5390625, 2725.41552734375, 2725.365234375, 2725.3935546875, 2725.402099609375, 2725.34326171875, 2725.298583984375, 2725.22705078125, 2725.228271484375, 2725.260009765625, 2725.252685546875, 2725.29443359375, 2725.409423828125, 2725.524169921875, 2725.687744140625, 2725.749267578125, 2725.81201171875, 2725.816162109375, 2725.86181640625, 2725.912841796875, 2725.983154296875, 2726.01953125, 2726.07373046875, 2726.207275390625, 2726.224609375, 2726.2900390625, 2726.2861328125, 2726.2724609375, 2726.263427734375, 2726.2705078125, 2726.3017578125, 2726.2900390625, 2726.318115234375, 2726.378173828125, 2726.386962890625, 2726.417236328125, 2726.353515625, 2726.328125, 2726.31689453125, 2726.30810546875, 2726.3447265625, 2726.31591796875, 2726.320556640625, 2726.3466796875, 2726.276123046875, 2726.274658203125]}