{"mean": [17001.318033854168, 16584.216471354168, 16743.705078125, 16712.6083984375, 16513.033528645832, 16386.472330729168, 16454.259440104168, 16457.603515625, 16394.964518229168, 16272.4501953125, 16249.027994791666, 16300.018229166666, 16354.197265625, 16347.615559895834, 16288.512044270834, 16205.4091796875, 16099.5224609375, 16085.825846354166, 16076.6328125, 16100.501953125, 16096.812825520834, 16067.487630208334, 16041.396484375, 16041.869791666666, 16031.3759765625, 16057.154622395834, 16035.387369791666, 16026.032877604166, 16028.2890625, 16020.478515625, 16013.84375, 16012.059895833334, 15999.459635416666, 15993.423828125, 16001.264973958334, 16005.368489583334, 16024.457682291666, 16054.661458333334, 16065.8583984375, 16045.0712890625, 16023.092447916666, 16007.951822916666, 15997.1435546875, 15983.172526041666, 15964.190104166666, 15945.088216145834, 15924.353190104166, 15910.365234375, 15903.543619791666, 15900.98046875, 15896.130208333334, 15886.7490234375, 15875.319010416666, 15865.640625, 15855.077473958334, 15850.7890625, 15848.744791666666, 15844.6142578125, 15843.4814453125, 15846.667317708334, 15849.326822916666, 15851.30078125, 15850.769205729166, 15848.665690104166, 15845.798828125, 15842.936197916666, 15839.848307291666, 15834.822591145834, 15830.082682291666, 15827.210286458334, 15824.151692708334, 15821.7607421875, 15819.440755208334, 15818.7080078125, 15815.6484375, 15811.093098958334, 15808.041666666666, 15806.795572916666, 15808.159830729166, 15809.618815104166, 15808.683268229166, 15806.666666666666, 15806.146484375, 15802.6943359375, 15801.288411458334, 15803.378580729166, 15803.0478515625, 15803.983723958334, 15806.872395833334, 15804.98046875, 15803.523111979166, 15803.4033203125, 15802.541015625, 15802.68359375, 15803.2041015625, 15805.710286458334, 15806.592122395834, 15804.830403645834, 15802.630533854166, 15799.909830729166], "upper": [18512.33203125, 17304.23828125, 17782.474609375, 17787.69140625, 17268.9765625, 16992.345703125, 17282.66796875, 17358.8125, 17246.630859375, 16950.853515625, 16931.052734375, 17119.755859375, 17326.048828125, 17358.46875, 17241.517578125, 17055.984375, 16794.265625, 16805.125, 16822.5625, 16920.970703125, 16920.8359375, 16829.34375, 16741.75390625, 16731.85546875, 16686.462890625, 16752.552734375, 16679.021484375, 16650.126953125, 16663.91015625, 16652.935546875, 16640.525390625, 16634.65625, 16623.822265625, 16611.892578125, 16598.48046875, 16585.759765625, 16572.890625, 16560.6953125, 16550.265625, 16537.826171875, 16521.39453125, 16504.34765625, 16494.205078125, 16482.8828125, 16467.9140625, 16456.529296875, 16444.966796875, 16430.1484375, 16409.90625, 16391.529296875, 16371.33984375, 16347.73828125, 16320.1142578125, 16298.5029296875, 16273.013671875, 16245.533203125, 16216.5390625, 16190.251953125, 16169.5458984375, 16156.009765625, 16148.9404296875, 16147.712890625, 16151.03125, 16155.95703125, 16162.267578125, 16167.376953125, 16171.0322265625, 16172.2353515625, 16170.869140625, 16167.7646484375, 16161.7822265625, 16153.779296875, 16145.423828125, 16143.357421875, 16141.7958984375, 16135.3427734375, 16125.2392578125, 16119.5302734375, 16120.443359375, 16120.765625, 16116.3271484375, 16112.3828125, 16116.4423828125, 16111.697265625, 16108.162109375, 16111.240234375, 16104.1328125, 16098.4677734375, 16100.830078125, 16093.181640625, 16087.779296875, 16087.6611328125, 16084.451171875, 16079.71875, 16074.720703125, 16074.7158203125, 16070.1533203125, 16063.7548828125, 16062.478515625, 16058.23828125], "lower": [16219.4296875, 16179.1875, 16135.4619140625, 16106.9736328125, 16110.931640625, 16030.2939453125, 16016.6669921875, 15996.654296875, 15953.4482421875, 15909.3720703125, 15885.6904296875, 15876.4296875, 15861.841796875, 15837.6279296875, 15801.630859375, 15757.123046875, 15722.06640625, 15688.73828125, 15662.18359375, 15645.84765625, 15638.318359375, 15645.8974609375, 15660.669921875, 15680.169921875, 15700.154296875, 15679.9951171875, 15653.302734375, 15625.2451171875, 15601.1767578125, 15584.5751953125, 15578.7939453125, 15583.275390625, 15565.06640625, 15567.9091796875, 15613.48046875, 15648.84375, 15729.1015625, 15761.3056640625, 15751.689453125, 15743.7568359375, 15738.046875, 15726.873046875, 15711.32421875, 15691.7294921875, 15674.681640625, 15661.099609375, 15654.62109375, 15641.728515625, 15630.71875, 15630.63671875, 15632.8212890625, 15631.8125, 15631.2138671875, 15630.349609375, 15625.998046875, 15637.5625, 15656.8046875, 15668.3046875, 15678.291015625, 15679.865234375, 15680.611328125, 15680.4560546875, 15677.8408203125, 15673.60546875, 15668.115234375, 15662.03515625, 15657.45703125, 15652.2265625, 15650.0830078125, 15653.6787109375, 15652.875, 15649.7666015625, 15649.2578125, 15651.978515625, 15646.2119140625, 15638.58203125, 15637.5791015625, 15638.7744140625, 15642.505859375, 15648.375, 15654.349609375, 15649.9453125, 15644.708984375, 15641.2880859375, 15639.640625, 15639.6630859375, 15641.5537109375, 15643.587890625, 15645.1953125, 15646.50390625, 15646.630859375, 15646.62890625, 15646.6337890625, 15646.232421875, 15645.603515625, 15644.7900390625, 15644.626953125, 15644.2900390625, 15642.869140625, 15640.1015625]}