{"mean": [3675.9168294270835, 3683.8810221354165, 3683.66357421875, 3679.1940104166665, 3671.7069498697915, 3661.9480794270835, 3653.2450358072915, 3647.2460123697915, 3642.9379069010415, 3641.2440592447915, 3642.149658203125, 3642.9365234375, 3643.09326171875, 3642.84375, 3641.4564615885415, 3639.2350260416665, 3635.8153483072915, 3632.2478841145835, 3628.2333984375, 3624.1187337239585, 3618.9419759114585, 3612.5545247395835, 3600.454833984375, 3588.479736328125, 3586.2093912760415, 3587.992919921875, 3592.7732747395835, 3598.3733723958335, 3601.9506022135415, 3602.4164225260415, 3601.0557454427085, 3598.9297688802085, 3597.1961263020835, 3596.1033528645835, 3595.4444173177085, 3594.6874186197915, 3593.98583984375, 3594.1875813802085, 3593.8111165364585, 3593.0970052083335, 3592.5309244791665, 3592.3688151041665, 3592.276123046875, 3592.5059407552085, 3593.22216796875, 3593.8492024739585, 3593.8716634114585, 3593.114501953125, 3592.1353352864585, 3591.3042805989585, 3591.08154296875, 3591.1848958333335, 3591.3382975260415, 3591.2736002604165, 3591.3580729166665, 3591.3990885416665, 3591.5067545572915, 3591.1652018229165, 3590.6153971354165, 3590.2716471354165, 3590.3251953125, 3590.7853190104165, 3591.5824381510415, 3592.2147623697915, 3592.1300455729165, 3591.569091796875, 3590.8408203125, 3589.9544270833335, 3589.541748046875, 3589.86767578125, 3590.6695149739585, 3591.8004557291665, 3592.5152180989585, 3592.4728190104165, 3591.830078125, 3591.230224609375, 3590.665283203125, 3590.4291178385415, 3590.1786295572915, 3590.04443359375, 3590.54638671875, 3591.1546223958335, 3591.457275390625, 3591.288330078125, 3591.0808919270835, 3590.8284505208335, 3590.4689127604165, 3589.9480794270835, 3590.019287109375, 3590.65673828125, 3590.9046223958335, 3590.9435221354165, 3590.8658040364585, 3590.8349609375, 3591.0335286458335, 3591.109375, 3591.1551106770835, 3591.1858723958335, 3591.3209635416665, 3591.0581868489585], "upper": [3742.25537109375, 3740.5791015625, 3739.044677734375, 3737.6298828125, 3736.695068359375, 3736.25341796875, 3736.27392578125, 3736.491943359375, 3736.806884765625, 3737.045166015625, 3737.160888671875, 3737.302978515625, 3737.74560546875, 3737.967529296875, 3738.17041015625, 3738.23291015625, 3738.02294921875, 3737.3076171875, 3736.594970703125, 3735.89111328125, 3735.23388671875, 3733.962890625, 3732.946533203125, 3731.93994140625, 3730.847412109375, 3729.772216796875, 3728.867919921875, 3727.9423828125, 3727.24267578125, 3727.07763671875, 3727.47265625, 3727.8271484375, 3728.32763671875, 3728.913818359375, 3729.341552734375, 3729.6630859375, 3730.20751953125, 3730.853271484375, 3731.34912109375, 3731.67724609375, 3731.72119140625, 3731.6455078125, 3731.3046875, 3730.781005859375, 3730.228759765625, 3729.385986328125, 3728.813720703125, 3727.99853515625, 3727.38623046875, 3727.011474609375, 3726.848388671875, 3726.72900390625, 3726.526123046875, 3726.357177734375, 3726.361572265625, 3726.36083984375, 3726.559326171875, 3726.795166015625, 3726.96923828125, 3727.19775390625, 3727.352783203125, 3727.380615234375, 3727.3740234375, 3727.310546875, 3727.166748046875, 3727.022705078125, 3726.8427734375, 3726.64208984375, 3726.37109375, 3726.213134765625, 3726.072509765625, 3725.99853515625, 3725.95654296875, 3725.9677734375, 3725.984375, 3726.015380859375, 3726.0595703125, 3726.113037109375, 3726.153076171875, 3726.167724609375, 3726.147705078125, 3726.109619140625, 3726.0830078125, 3726.041015625, 3726.00341796875, 3725.94091796875, 3725.907470703125, 3725.908203125, 3725.9091796875, 3725.93798828125, 3725.968994140625, 3726.028564453125, 3726.07177734375, 3726.126708984375, 3726.19287109375, 3726.23388671875, 3726.285888671875, 3726.357421875, 3726.37939453125, 3726.380615234375], "lower": [3557.585205078125, 3587.224853515625, 3593.149658203125, 3587.103515625, 3572.119873046875, 3549.060791015625, 3530.53857421875, 3523.142822265625, 3521.1396484375, 3525.195556640625, 3530.58251953125, 3534.22119140625, 3536.062744140625, 3537.1884765625, 3537.25, 3536.712890625, 3534.97412109375, 3534.11474609375, 3532.085693359375, 3529.234375, 3525.070068359375, 3520.92724609375, 3517.760986328125, 3516.703857421875, 3509.580078125, 3511.795166015625, 3522.1923828125, 3531.91845703125, 3533.2373046875, 3530.810546875, 3526.556884765625, 3522.29296875, 3519.650634765625, 3519.328857421875, 3521.369140625, 3524.4501953125, 3524.5517578125, 3522.469970703125, 3520.578857421875, 3519.1591796875, 3519.535888671875, 3521.906982421875, 3520.211181640625, 3518.126708984375, 3519.020263671875, 3521.662109375, 3523.499755859375, 3524.56689453125, 3523.902587890625, 3521.9765625, 3522.130615234375, 3523.36865234375, 3522.219482421875, 3520.60205078125, 3520.379150390625, 3521.044677734375, 3522.58203125, 3523.068359375, 3520.457763671875, 3518.96337890625, 3519.401611328125, 3521.230712890625, 3523.55224609375, 3523.577880859375, 3523.777587890625, 3523.240234375, 3520.904296875, 3518.857666015625, 3518.397216796875, 3519.97900390625, 3522.303955078125, 3524.36865234375, 3524.9228515625, 3524.5439453125, 3523.707275390625, 3523.46142578125, 3521.849365234375, 3520.48486328125, 3519.9638671875, 3520.2861328125, 3521.54443359375, 3522.61962890625, 3523.848876953125, 3523.739990234375, 3523.35302734375, 3522.1044921875, 3520.68212890625, 3519.82666015625, 3520.26416015625, 3521.72705078125, 3522.297119140625, 3522.272216796875, 3522.33447265625, 3522.32177734375, 3522.297119140625, 3522.4091796875, 3522.92724609375, 3523.22802734375, 3522.75244140625, 3522.065185546875]}