{"mean": [4256.263671875, 4243.763346354167, 4239.64794921875, 4227.58935546875, 4222.10009765625, 4209.65234375, 4205.934244791667, 4195.11767578125, 4183.65283203125, 4171.469563802083, 4169.723388671875, 4172.0546875, 4166.193033854167, 4166.246663411458, 4171.72509765625, 4174.955403645833, 4170.955810546875, 4163.888590494792, 4171.199869791667, 4183.281412760417, 4195.334635416667, 4207.366048177083, 4210.28662109375, 4216.322428385417, 4214.086100260417, 4214.243489583333, 4205.038248697917, 4196.517578125, 4197.68701171875, 4197.58251953125, 4196.323567708333, 4197.551920572917, 4194.72216796875, 4198.531575520833, 4196.117838541667, 4195.356119791667, 4195.010904947917, 4193.279459635417, 4195.424967447917, 4197.1728515625, 4195.144694010417, 4197.05712890625, 4198.791178385417, 4199.76220703125, 4198.57275390625, 4196.899251302083, 4194.544759114583, 4192.937337239583, 4191.7490234375, 4192.8994140625, 4192.057291666667, 4193.2880859375, 4192.866536458333, 4194.493977864583, 4192.591471354167, 4191.943522135417, 4191.067220052083, 4194.021321614583, 4195.83544921875, 4196.635579427083, 4196.40283203125, 4197.329752604167, 4193.536783854167, 4193.072102864583, 4194.627604166667, 4195.923828125, 4197.236490885417, 4198.71630859375, 4199.201171875, 4199.581868489583, 4198.367838541667, 4196.68017578125, 4196.101236979167, 4196.558756510417, 4195.620930989583, 4197.418782552083, 4199.34716796875, 4200.02099609375, 4199.103515625, 4200.693196614583, 4199.599446614583, 4198.53173828125, 4197.384440104167, 4197.33984375, 4198.098958333333, 4198.192220052083, 4199.011067708333, 4199.725260416667, 4199.680826822917, 4198.72119140625, 4198.700032552083, 4198.665690104167, 4198.77685546875, 4198.349283854167, 4199.415364583333, 4199.96630859375, 4199.425455729167, 4198.796223958333, 4199.1220703125, 4199.777994791667], "upper": [4279.15234375, 4268.94580078125, 4270.09375, 4257.17529296875, 4251.38720703125, 4240.2412109375, 4239.5341796875, 4241.07568359375, 4238.2451171875, 4242.998046875, 4258.2421875, 4266.24609375, 4265.95654296875, 4267.283203125, 4274.2109375, 4276.90234375, 4278.32421875, 4274.77001953125, 4273.3271484375, 4275.13720703125, 4275.3701171875, 4274.96044921875, 4280.2685546875, 4279.83837890625, 4275.3876953125, 4273.19140625, 4269.5087890625, 4264.80517578125, 4264.9443359375, 4260.22802734375, 4255.97705078125, 4252.85205078125, 4251.77880859375, 4249.65673828125, 4247.9658203125, 4247.3369140625, 4244.82861328125, 4241.3798828125, 4240.9658203125, 4241.17333984375, 4240.6953125, 4239.05322265625, 4240.64501953125, 4241.44873046875, 4239.9658203125, 4236.822265625, 4232.7255859375, 4231.5126953125, 4225.7470703125, 4227.7548828125, 4226.05810546875, 4228.44140625, 4228.8935546875, 4229.11279296875, 4227.333984375, 4226.544921875, 4229.09033203125, 4233.3466796875, 4236.1953125, 4237.59765625, 4238.83251953125, 4241.41259765625, 4240.9775390625, 4240.75439453125, 4241.14208984375, 4241.43408203125, 4241.66943359375, 4243.6337890625, 4243.1201171875, 4244.0419921875, 4244.05029296875, 4244.1533203125, 4244.02685546875, 4243.24560546875, 4242.48388671875, 4242.0263671875, 4241.76416015625, 4243.04638671875, 4242.7890625, 4242.693359375, 4242.70703125, 4242.806640625, 4241.25390625, 4241.3681640625, 4241.73193359375, 4241.8203125, 4242.24853515625, 4242.8876953125, 4242.9609375, 4242.89453125, 4243.0517578125, 4243.12939453125, 4242.5810546875, 4242.271484375, 4242.0810546875, 4243.767578125, 4243.48974609375, 4243.36474609375, 4243.36474609375, 4243.29150390625], "lower": [4229.54931640625, 4223.57275390625, 4224.23095703125, 4209.02880859375, 4202.14013671875, 4190.486328125, 4185.1015625, 4149.8515625, 4126.9912109375, 4098.2880859375, 4083.333251953125, 4085.81005859375, 4074.74267578125, 4063.787353515625, 4069.4072265625, 4076.0107421875, 4065.720458984375, 4054.907958984375, 4073.56787109375, 4111.43798828125, 4143.6591796875, 4169.63037109375, 4171.04833984375, 4184.13623046875, 4178.4658203125, 4175.98486328125, 4171.53125, 4157.28466796875, 4161.3427734375, 4162.68310546875, 4159.99951171875, 4164.7138671875, 4155.5205078125, 4168.849609375, 4166.0009765625, 4164.427734375, 4165.78271484375, 4168.46875, 4168.19287109375, 4169.8310546875, 4168.419921875, 4175.56494140625, 4174.7470703125, 4177.21337890625, 4176.5654296875, 4176.59814453125, 4173.265625, 4170.1513671875, 4171.3544921875, 4172.00390625, 4173.87353515625, 4174.83837890625, 4173.6640625, 4173.74462890625, 4168.7783203125, 4168.49755859375, 4166.3525390625, 4172.77587890625, 4175.25, 4174.64111328125, 4172.8857421875, 4174.66357421875, 4166.0029296875, 4164.84814453125, 4167.96630859375, 4172.48046875, 4173.29541015625, 4173.6142578125, 4174.0673828125, 4175.896484375, 4175.2119140625, 4171.00927734375, 4169.65283203125, 4170.26123046875, 4167.80810546875, 4172.5322265625, 4177.4755859375, 4176.86669921875, 4176.96728515625, 4177.29248046875, 4177.27099609375, 4175.8564453125, 4173.71435546875, 4173.03759765625, 4175.48095703125, 4176.123046875, 4175.974609375, 4177.6357421875, 4177.45654296875, 4176.2265625, 4175.3232421875, 4175.4150390625, 4176.1689453125, 4175.45068359375, 4178.017578125, 4177.95751953125, 4176.0927734375, 4175.216796875, 4176.38525390625, 4177.95751953125]}