{"mean": [3675.1214192708335, 3683.203369140625, 3689.5081380208335, 3690.37353515625, 3689.8372395833335, 3688.9188639322915, 3687.5763346354165, 3685.6837565104165, 3682.7618815104165, 3679.5498860677085, 3676.587158203125, 3673.2852376302085, 3669.6966145833335, 3666.1768391927085, 3661.3191731770835, 3656.2278645833335, 3651.6714680989585, 3649.5848795572915, 3651.20703125, 3654.179443359375, 3658.736328125, 3663.4055989583335, 3666.7030436197915, 3668.204833984375, 3668.5890299479165, 3668.1765950520835, 3667.6700032552085, 3666.2979329427085, 3664.154052734375, 3661.448974609375, 3658.6814778645835, 3656.4515787760415, 3654.9361979166665, 3654.7030436197915, 3655.8523763020835, 3657.2928059895835, 3658.8248697916665, 3659.7706705729165, 3660.6417643229165, 3660.734130859375, 3660.5281575520835, 3660.2176920572915, 3659.70166015625, 3658.5579427083335, 3657.4434407552085, 3657.0166829427085, 3657.1608072916665, 3657.502197265625, 3658.046875, 3661.31201171875, 3662.9597981770835, 3663.5613606770835, 3663.696533203125, 3663.3760579427085, 3662.35107421875, 3660.418701171875, 3657.3350423177085, 3654.3653157552085, 3651.7832845052085, 3651.0623372395835, 3652.7631022135415, 3655.448486328125, 3658.4560546875, 3660.6053059895835, 3662.2206217447915, 3662.9724934895835, 3663.0738118489585, 3664.2102864583335, 3664.68310546875, 3664.84375, 3664.8296712239585, 3664.6510416666665, 3664.2301432291665, 3663.6031087239585, 3662.3839518229165, 3660.445556640625, 3658.765625, 3656.87353515625, 3655.6857096354165, 3655.6459147135415, 3656.5209147135415, 3657.55419921875, 3658.7943522135415, 3659.865234375, 3660.9112141927085, 3661.5814615885415, 3661.7469889322915, 3661.9313151041665, 3664.067138671875, 3665.1610514322915, 3665.7125651041665, 3665.9132486979165, 3665.8599446614585, 3665.5626627604165, 3665.0562337239585, 3664.2814127604165, 3662.9944661458335, 3661.2355143229165, 3659.033447265625, 3656.9641927083335], "upper": [3742.179443359375, 3740.63720703125, 3738.744140625, 3737.06494140625, 3735.95361328125, 3735.089111328125, 3734.34765625, 3733.652099609375, 3732.80419921875, 3732.02783203125, 3731.393798828125, 3731.1142578125, 3730.959716796875, 3730.83349609375, 3730.638916015625, 3730.3994140625, 3730.406005859375, 3730.31494140625, 3730.0859375, 3729.8154296875, 3729.234375, 3728.580078125, 3728.073486328125, 3727.4970703125, 3726.952392578125, 3726.414794921875, 3725.9345703125, 3725.016845703125, 3724.33251953125, 3723.547607421875, 3722.82568359375, 3722.09228515625, 3721.3974609375, 3720.692626953125, 3719.97509765625, 3719.172119140625, 3718.181640625, 3717.169189453125, 3716.36328125, 3715.933837890625, 3715.71630859375, 3715.77783203125, 3716.021484375, 3716.43994140625, 3716.882080078125, 3717.2392578125, 3717.45947265625, 3717.491455078125, 3717.388427734375, 3717.071533203125, 3716.72900390625, 3716.360107421875, 3715.916259765625, 3715.453857421875, 3715.068359375, 3714.858154296875, 3714.77490234375, 3714.85791015625, 3714.998046875, 3715.171630859375, 3715.298583984375, 3715.486083984375, 3715.537841796875, 3715.53759765625, 3715.5029296875, 3715.40576171875, 3715.21435546875, 3715.0478515625, 3714.941162109375, 3714.779541015625, 3714.68359375, 3714.70361328125, 3714.807861328125, 3715.025146484375, 3715.11962890625, 3715.204833984375, 3715.260986328125, 3715.264404296875, 3715.241943359375, 3715.199462890625, 3715.22998046875, 3715.3837890625, 3715.58349609375, 3715.7490234375, 3715.83154296875, 3715.869140625, 3715.854248046875, 3715.822998046875, 3715.88818359375, 3716.016845703125, 3716.078857421875, 3716.080322265625, 3716.00048828125, 3715.8720703125, 3715.884521484375, 3715.942138671875, 3716.02734375, 3716.12158203125, 3716.1533203125, 3716.1494140625], "lower": [3555.220947265625, 3585.322265625, 3610.117919921875, 3617.75830078125, 3620.31298828125, 3620.63330078125, 3619.096923828125, 3616.01171875, 3611.29296875, 3605.849365234375, 3599.961669921875, 3591.97314453125, 3582.09814453125, 3571.85595703125, 3557.30029296875, 3541.60595703125, 3526.97119140625, 3519.3642578125, 3522.691650390625, 3530.146728515625, 3542.58935546875, 3555.558837890625, 3564.6318359375, 3568.832275390625, 3570.0, 3569.183837890625, 3568.27734375, 3565.59228515625, 3560.453369140625, 3553.590576171875, 3546.60498046875, 3541.1728515625, 3538.04443359375, 3538.8837890625, 3543.550537109375, 3549.01953125, 3554.809326171875, 3560.11572265625, 3564.5107421875, 3565.815673828125, 3565.685546875, 3564.675048828125, 3562.607177734375, 3558.3330078125, 3553.95849609375, 3551.640380859375, 3551.105224609375, 3551.468994140625, 3552.521728515625, 3562.01708984375, 3566.739013671875, 3568.364501953125, 3568.659423828125, 3567.598876953125, 3564.510498046875, 3558.51953125, 3548.9609375, 3539.57177734375, 3531.2314453125, 3528.419677734375, 3532.8916015625, 3540.329345703125, 3548.811767578125, 3554.723388671875, 3559.087646484375, 3561.0478515625, 3561.33154296875, 3564.794189453125, 3566.238037109375, 3566.74267578125, 3566.617431640625, 3565.850341796875, 3564.2626953125, 3561.88037109375, 3557.93701171875, 3551.8857421875, 3546.688720703125, 3540.99365234375, 3537.439697265625, 3537.295166015625, 3539.7568359375, 3542.5224609375, 3545.86962890625, 3548.7890625, 3551.7646484375, 3553.698486328125, 3554.194091796875, 3554.700927734375, 3560.924560546875, 3563.92529296875, 3565.367431640625, 3565.869384765625, 3565.75634765625, 3564.999267578125, 3563.472412109375, 3561.005859375, 3557.008544921875, 3551.685791015625, 3545.135498046875, 3539.03955078125]}