{
    "particle_has_naninf": false,
    "point_distance_sr": 8912.115234375,
    "point_distance_rs": 2467.63037109375,
    "chamfer_loss_pcd": 11379.74609375,
    "particle_distance_sr": 3868.220458984375,
    "particle_distance_rs": 6005.29541015625,
    "chamfer_loss_particle": 9873.515625,
    "final_height_map": null,
    "height_map_loss_pcd": 4517.240234375,
    "emd_point_distance_loss": 2774.912109375,
    "emd_particle_distance_loss": 14488.40234375,
    "total_loss": 0.0
}