{"mean": [3675.9173177083335, 3686.4475911458335, 3695.836669921875, 3699.4881998697915, 3701.908935546875, 3703.28759765625, 3704.0741373697915, 3704.3531087239585, 3704.456787109375, 3705.0480143229165, 3707.173583984375, 3708.2716471354165, 3707.8441569010415, 3706.8068033854165, 3707.2445475260415, 3708.0096028645835, 3709.1360677083335, 3709.9527994791665, 3711.0909830729165, 3712.0787760416665, 3713.3881022135415, 3714.8277180989585, 3716.2338053385415, 3717.2826334635415, 3718.1947428385415, 3718.9481608072915, 3719.4195149739585, 3719.7955729166665, 3720.1866048177085, 3720.564453125, 3720.971435546875, 3721.434326171875, 3721.8499348958335, 3722.1957194010415, 3722.4305013020835, 3722.6725260416665, 3722.77197265625, 3722.8014322916665, 3722.7901204427085, 3722.727294921875, 3722.5174153645835, 3722.418701171875, 3722.3289388020835, 3722.275146484375, 3722.23095703125, 3722.2054850260415, 3722.1643880208335, 3722.1703287760415, 3722.1368001302085, 3722.1224772135415, 3722.1363118489585, 3722.1610514322915, 3722.2098795572915, 3722.2036946614585, 3722.25830078125, 3722.2840169270835, 3722.3375651041665, 3722.2938639322915, 3722.3194986979165, 3722.5082194010415, 3722.6258138020835, 3722.6897786458335, 3722.712158203125, 3722.6892903645835, 3722.6260579427085, 3722.5201822916665, 3722.392578125, 3722.25, 3722.1136067708335, 3721.94921875, 3721.8245442708335, 3721.7242024739585, 3721.631103515625, 3721.5519205729165, 3721.48388671875, 3721.4669596354165, 3721.4764811197915, 3721.473876953125, 3721.531005859375, 3721.6133626302085, 3721.8466796875, 3721.9784342447915, 3722.1980794270835, 3722.3936360677085, 3722.527099609375, 3722.6363932291665, 3722.7036946614585, 3722.7249348958335, 3722.7014973958335, 3722.6465657552085, 3722.5765787760415, 3722.4610188802085, 3722.3755696614585, 3722.2809244791665, 3722.1434733072915, 3722.0397135416665, 3721.961669921875, 3721.9532063802085, 3721.9752604166665, 3722.0167643229165], "upper": [3742.25634765625, 3743.269287109375, 3744.831298828125, 3746.065673828125, 3746.535888671875, 3747.1220703125, 3747.6630859375, 3748.18310546875, 3748.793212890625, 3749.091064453125, 3749.341552734375, 3749.393310546875, 3749.686767578125, 3749.76318359375, 3749.917236328125, 3750.184326171875, 3750.323486328125, 3750.328369140625, 3750.560302734375, 3750.5791015625, 3750.59814453125, 3750.738037109375, 3750.8740234375, 3750.97900390625, 3751.09619140625, 3751.17236328125, 3751.22998046875, 3751.278076171875, 3751.30810546875, 3751.3095703125, 3751.32958984375, 3751.365478515625, 3751.405517578125, 3751.430908203125, 3751.42578125, 3751.43359375, 3751.4287109375, 3751.3935546875, 3751.4130859375, 3751.39990234375, 3751.382080078125, 3751.373046875, 3751.35009765625, 3751.341064453125, 3751.302001953125, 3751.279052734375, 3751.21875, 3751.21826171875, 3751.165283203125, 3751.152099609375, 3751.135009765625, 3751.09228515625, 3751.0712890625, 3751.01025390625, 3750.95703125, 3750.9208984375, 3750.905517578125, 3750.875, 3750.8486328125, 3750.80859375, 3750.764892578125, 3750.70166015625, 3750.662841796875, 3750.631103515625, 3750.62060546875, 3750.587890625, 3750.569091796875, 3750.52587890625, 3750.50146484375, 3750.429443359375, 3750.396484375, 3750.389404296875, 3750.354736328125, 3750.3408203125, 3750.292724609375, 3750.26611328125, 3750.235595703125, 3750.17529296875, 3750.17626953125, 3750.150634765625, 3750.110107421875, 3750.09423828125, 3750.056640625, 3750.027587890625, 3749.9736328125, 3749.97607421875, 3749.956787109375, 3749.934326171875, 3749.90625, 3749.884521484375, 3749.866943359375, 3749.82373046875, 3749.811279296875, 3749.822265625, 3749.799560546875, 3749.78466796875, 3749.782958984375, 3749.767578125, 3749.75341796875, 3749.7490234375], "lower": [3557.586669921875, 3587.231201171875, 3613.5244140625, 3622.61474609375, 3628.801025390625, 3632.220458984375, 3634.485595703125, 3635.4619140625, 3635.303466796875, 3637.676513671875, 3645.84228515625, 3651.713623046875, 3653.631103515625, 3653.88623046875, 3656.25537109375, 3658.32421875, 3660.141845703125, 3661.7490234375, 3664.19140625, 3666.9375, 3670.566162109375, 3674.6796875, 3678.845458984375, 3682.3232421875, 3685.469970703125, 3688.39892578125, 3690.58935546875, 3692.454345703125, 3694.269775390625, 3695.97509765625, 3697.593017578125, 3699.044189453125, 3700.327392578125, 3701.35205078125, 3702.0830078125, 3702.810791015625, 3703.154296875, 3703.272705078125, 3703.217529296875, 3703.03515625, 3702.466796875, 3702.18310546875, 3701.927734375, 3701.800048828125, 3701.708740234375, 3701.660888671875, 3701.68505859375, 3701.7783203125, 3701.920654296875, 3702.148193359375, 3702.450927734375, 3702.83984375, 3703.30419921875, 3703.67431640625, 3704.244384765625, 3704.7490234375, 3705.3291015625, 3705.662109375, 3705.928466796875, 3706.160888671875, 3706.31201171875, 3706.391845703125, 3706.390625, 3706.321044921875, 3706.1865234375, 3706.02880859375, 3705.81884765625, 3705.606689453125, 3705.41015625, 3705.201904296875, 3705.0654296875, 3704.997802734375, 3704.96728515625, 3704.998779296875, 3705.06201171875, 3705.211181640625, 3705.37744140625, 3705.539306640625, 3705.80224609375, 3706.096923828125, 3706.39892578125, 3706.66455078125, 3706.88037109375, 3707.073974609375, 3707.16650390625, 3707.21875, 3707.171875, 3707.123046875, 3707.0322265625, 3706.942626953125, 3706.8486328125, 3706.679443359375, 3706.588623046875, 3706.504150390625, 3706.398193359375, 3706.32275390625, 3706.35205078125, 3706.465087890625, 3706.60400390625, 3706.74658203125]}