{
    "particle_has_naninf": false,
    "point_distance_sr": 13965.2490234375,
    "point_distance_rs": 1488.477783203125,
    "chamfer_loss_pcd": 15453.7265625,
    "particle_distance_sr": 6520.89404296875,
    "particle_distance_rs": 4004.045166015625,
    "chamfer_loss_particle": 10524.939453125,
    "final_height_map": null,
    "height_map_loss_pcd": 2403.77197265625,
    "emd_point_distance_loss": 1590.2203369140625,
    "emd_particle_distance_loss": 7679.16259765625,
    "total_loss": 0.0
}