{"mean": [922.7260538736979, 926.2301432291666, 929.4781290690104, 930.2356974283854, 930.9284464518229, 931.3782145182291, 931.9679972330729, 932.7047526041666, 933.3125610351562, 933.5484415690104, 933.8233032226562, 934.0713500976562, 934.3921915690104, 934.7750447591146, 935.1979777018229, 935.6273600260416, 936.0225626627604, 936.4192504882812, 936.8272501627604, 937.2574666341146, 937.66259765625, 938.0719401041666, 938.5219319661459, 938.7852783203125, 939.019287109375, 939.1901652018229, 939.3802083333334, 939.5732421875, 939.7410278320312, 939.8527018229166, 939.9286295572916, 939.9660847981771, 939.8449300130209, 939.7601928710938, 939.6775105794271, 939.5670572916666, 939.4171956380209, 939.2240600585938, 938.9900919596354, 938.7434692382812, 938.4243367513021, 938.0380655924479, 937.5190633138021, 936.7013956705729, 935.4936726888021, 933.5809122721354, 931.0780029296875, 931.0979410807291, 931.123046875, 931.1409505208334, 931.1468912760416, 931.1623738606771, 931.1766357421875, 931.1818440755209, 931.1890258789062, 931.1888427734375, 931.1771036783854, 931.164306640625, 931.1442464192709, 931.1172078450521, 931.0992228190104, 931.0742594401041, 931.0491333007812, 931.021240234375, 930.9808756510416, 930.9354044596354, 930.889404296875, 930.8426717122396, 930.7926432291666, 930.7418619791666, 930.7039998372396, 930.6740112304688, 930.6362101236979, 930.6004638671875, 930.5638020833334, 930.5265909830729, 930.5035400390625, 930.47265625, 930.4432983398438, 930.4108683268229, 930.3845418294271, 930.3533121744791, 930.3236083984375, 930.2971394856771, 930.2744547526041, 930.2526652018229, 930.2288818359375, 930.2043863932291, 930.1806844075521, 930.153564453125, 930.1253865559896, 930.1039428710938, 930.0797932942709, 930.0604858398438, 930.0377604166666, 930.0125528971354, 929.9927978515625, 929.9687093098959, 929.9426472981771, 929.9151000976562], "upper": [939.7005615234375, 940.2130737304688, 940.6659545898438, 941.0741577148438, 941.3718872070312, 941.5867919921875, 941.677978515625, 941.778076171875, 941.9480590820312, 942.0755615234375, 942.1934814453125, 942.326416015625, 942.42578125, 942.5337524414062, 942.6417236328125, 942.7500610351562, 942.8546142578125, 942.96337890625, 943.07568359375, 943.1976928710938, 943.3272705078125, 943.4642333984375, 943.5762939453125, 943.7258911132812, 943.8787841796875, 944.02783203125, 944.1651611328125, 944.2950439453125, 944.3807983398438, 944.435791015625, 944.4898071289062, 944.5380249023438, 944.57958984375, 944.6162109375, 944.6346435546875, 944.6527709960938, 944.6671752929688, 944.681396484375, 944.7079467773438, 944.7685546875, 944.8162841796875, 944.8668212890625, 944.9061889648438, 944.9371337890625, 944.9669189453125, 945.002197265625, 945.0120239257812, 945.04345703125, 945.0867309570312, 945.1201782226562, 945.1414794921875, 945.1597900390625, 945.1825561523438, 945.1837158203125, 945.2020263671875, 945.2080078125, 945.2109985351562, 945.2230224609375, 945.223876953125, 945.212646484375, 945.2101440429688, 945.204345703125, 945.2006225585938, 945.189697265625, 945.180419921875, 945.1598510742188, 945.1390991210938, 945.12158203125, 945.1024780273438, 945.0979614257812, 945.1071166992188, 945.1361083984375, 945.1433715820312, 945.150146484375, 945.1531982421875, 945.1555786132812, 945.1583251953125, 945.155517578125, 945.142333984375, 945.130859375, 945.1222534179688, 945.115478515625, 945.1024780273438, 945.1107177734375, 945.1209716796875, 945.136962890625, 945.1480712890625, 945.1507568359375, 945.1529541015625, 945.1533203125, 945.1515502929688, 945.1490478515625, 945.13623046875, 945.1320190429688, 945.1207885742188, 945.11962890625, 945.1290893554688, 945.13671875, 945.1344604492188, 945.13037109375], "lower": [893.3049926757812, 902.5919189453125, 911.2583618164062, 912.5828857421875, 913.8529052734375, 914.5313110351562, 915.8323974609375, 917.6130981445312, 918.980712890625, 919.3125, 919.832275390625, 920.26513671875, 921.0004272460938, 921.917724609375, 922.9478759765625, 924.1691284179688, 925.2544555664062, 926.327392578125, 927.4112548828125, 928.5536499023438, 929.6224365234375, 930.6763305664062, 931.850830078125, 932.407470703125, 932.8800048828125, 933.135986328125, 933.4434814453125, 933.76806640625, 934.0567626953125, 934.2013549804688, 934.2329711914062, 934.1380615234375, 933.5855712890625, 933.1478271484375, 932.720703125, 932.2161254882812, 931.5880737304688, 930.8334350585938, 929.9622802734375, 928.9844360351562, 927.8234252929688, 926.4437255859375, 924.6677856445312, 922.0026245117188, 918.2091674804688, 912.3582763671875, 904.7052001953125, 904.6326293945312, 904.5626831054688, 904.4918823242188, 904.412841796875, 904.3380126953125, 904.2573852539062, 904.169921875, 904.0764770507812, 903.97998046875, 903.8807983398438, 903.7803955078125, 903.6774291992188, 903.571533203125, 903.4678955078125, 903.3588256835938, 903.251953125, 903.1389770507812, 903.025390625, 902.9146728515625, 902.8073120117188, 902.6974487304688, 902.5883178710938, 902.48388671875, 902.3785400390625, 902.2771606445312, 902.1742553710938, 902.0744018554688, 901.9727783203125, 901.8668212890625, 901.7625732421875, 901.6578369140625, 901.5593872070312, 901.4685668945312, 901.3837890625, 901.2966918945312, 901.2164306640625, 901.1331787109375, 901.0524291992188, 900.97412109375, 900.89794921875, 900.8251953125, 900.7591552734375, 900.6887817382812, 900.6206665039062, 900.5552368164062, 900.4903564453125, 900.425537109375, 900.3519287109375, 900.279296875, 900.2097778320312, 900.1409301757812, 900.0702514648438, 900.0028686523438]}