{"mean": [5676.463541666667, 5671.11376953125, 5656.726236979167, 5642.960286458333, 5630.35107421875, 5616.0888671875, 5598.38671875, 5577.841471354167, 5557.406575520833, 5539.228678385417, 5529.267578125, 5526.49462890625, 5528.408040364583, 5532.812825520833, 5536.9912109375, 5539.963541666667, 5539.091471354167, 5538.4541015625, 5538.223958333333, 5535.371907552083, 5532.83203125, 5529.970865885417, 5526.397786458333, 5527.20166015625, 5528.099772135417, 5529.421223958333, 5530.140299479167, 5530.28662109375, 5530.156901041667, 5529.84423828125, 5528.908365885417, 5526.970377604167, 5525.769368489583, 5526.050618489583, 5526.149088541667, 5525.997721354167, 5525.458170572917, 5524.615071614583, 5524.08154296875, 5523.875162760417, 5524.176106770833, 5525.35302734375, 5527.93212890625, 5533.395182291667, 5544.2451171875, 5568.797037760417, 5625.617350260417, 5625.923665364583, 5626.215494791667, 5626.520345052083, 5626.866536458333, 5627.255045572917, 5627.62890625, 5627.9609375, 5628.323567708333, 5628.670572916667, 5629.009440104167, 5629.4228515625, 5629.836588541667, 5630.111328125, 5630.442708333333, 5630.799153645833, 5631.131998697917, 5631.490885416667, 5632.32470703125, 5633.141438802083, 5633.980631510417, 5634.786458333333, 5635.592447916667, 5636.39599609375, 5637.180989583333, 5637.958821614583, 5638.717122395833, 5639.44091796875, 5640.126302083333, 5640.82568359375, 5641.50390625, 5642.166015625, 5642.812662760417, 5643.44189453125, 5644.061848958333, 5644.643229166667, 5645.209798177083, 5645.751139322917, 5646.26806640625, 5646.794270833333, 5647.292154947917, 5647.788736979167, 5648.286946614583, 5648.740234375, 5649.196614583333, 5649.64404296875, 5650.046875, 5650.434895833333, 5650.85791015625, 5651.249837239583, 5651.634602864583, 5652.0537109375, 5652.4267578125, 5652.785319010417], "upper": [5958.5048828125, 5933.9677734375, 5888.67138671875, 5841.5068359375, 5799.634765625, 5756.5576171875, 5707.45068359375, 5650.66455078125, 5590.0751953125, 5543.185546875, 5542.79443359375, 5542.62548828125, 5542.5634765625, 5542.60791015625, 5542.7412109375, 5542.728515625, 5542.63671875, 5542.5830078125, 5542.4482421875, 5542.01806640625, 5542.80615234375, 5543.59423828125, 5544.16259765625, 5544.76611328125, 5545.322265625, 5545.8193359375, 5546.28466796875, 5546.66162109375, 5546.9033203125, 5547.05615234375, 5547.0947265625, 5547.04150390625, 5546.95703125, 5546.63232421875, 5546.07666015625, 5545.4375, 5544.64892578125, 5543.8388671875, 5542.90478515625, 5541.76416015625, 5540.34423828125, 5538.7529296875, 5536.96142578125, 5548.90478515625, 5584.1533203125, 5660.0078125, 5832.2177734375, 5834.00537109375, 5835.95458984375, 5837.97998046875, 5840.0537109375, 5842.21923828125, 5844.40380859375, 5846.6640625, 5848.9873046875, 5851.3310546875, 5853.71875, 5856.1435546875, 5858.59716796875, 5861.05810546875, 5863.54541015625, 5866.0634765625, 5868.58935546875, 5871.0927734375, 5873.64208984375, 5876.1396484375, 5878.6630859375, 5881.115234375, 5883.5400390625, 5885.9267578125, 5888.2763671875, 5890.59912109375, 5892.85498046875, 5895.046875, 5897.20703125, 5899.255859375, 5901.296875, 5903.3056640625, 5905.228515625, 5907.1328125, 5909.009765625, 5910.798828125, 5912.54931640625, 5914.25390625, 5915.837890625, 5917.4189453125, 5918.94921875, 5920.4462890625, 5921.91552734375, 5923.3017578125, 5924.70458984375, 5926.02783203125, 5927.322265625, 5928.5546875, 5929.7978515625, 5931.02197265625, 5932.18798828125, 5933.3583984375, 5934.4814453125, 5935.5546875], "lower": [5519.181640625, 5530.111328125, 5539.19482421875, 5539.3310546875, 5538.63671875, 5538.1025390625, 5538.06640625, 5538.23046875, 5538.3984375, 5535.93408203125, 5506.2783203125, 5498.0380859375, 5503.81640625, 5516.81640625, 5529.10693359375, 5537.92919921875, 5535.07470703125, 5532.66259765625, 5531.1875, 5522.08935546875, 5514.2646484375, 5505.62890625, 5495.38818359375, 5498.697265625, 5502.58984375, 5507.9150390625, 5511.77685546875, 5514.11328125, 5515.015625, 5514.896484375, 5512.91357421875, 5508.087890625, 5505.62744140625, 5507.6572265625, 5509.083984375, 5509.861328125, 5509.716796875, 5508.9013671875, 5509.02587890625, 5510.31494140625, 5513.50927734375, 5517.93017578125, 5516.99462890625, 5516.0615234375, 5515.01806640625, 5513.9609375, 5513.55322265625, 5513.71875, 5513.82763671875, 5513.7548828125, 5513.7373046875, 5513.64697265625, 5513.607421875, 5513.4296875, 5513.318359375, 5513.15234375, 5512.94384765625, 5512.7978515625, 5512.64453125, 5512.36083984375, 5512.2197265625, 5512.125, 5511.99609375, 5511.3828125, 5511.44384765625, 5511.52001953125, 5511.55078125, 5511.59814453125, 5511.5810546875, 5511.5419921875, 5511.5283203125, 5511.5751953125, 5511.59228515625, 5511.61865234375, 5511.578125, 5511.59130859375, 5511.57177734375, 5511.541015625, 5511.55419921875, 5511.5263671875, 5511.48291015625, 5511.4453125, 5511.41162109375, 5511.36572265625, 5511.35009765625, 5511.3359375, 5511.3154296875, 5511.279296875, 5511.3125, 5511.2900390625, 5511.27685546875, 5511.28515625, 5511.24462890625, 5511.19482421875, 5511.21923828125, 5511.19384765625, 5511.1865234375, 5511.23388671875, 5511.22802734375, 5511.2158203125]}