{"mean": [5379.707356770833, 5423.842122395833, 5461.990397135417, 5495.53759765625, 5527.055501302083, 5555.371907552083, 5583.387044270833, 5610.402018229167, 5635.659505208333, 5659.223958333333, 5681.62841796875, 5702.242350260417, 5720.8701171875, 5737.3076171875, 5752.605143229167, 5766.040201822917, 5776.644694010417, 5783.29052734375, 5788.474934895833, 5792.370279947917, 5795.008138020833, 5797.382649739583, 5799.770182291667, 5801.07958984375, 5802.362141927083, 5803.23681640625, 5804.635904947917, 5806.387369791667, 5808.104817708333, 5809.634765625, 5811.49560546875, 5813.675455729167, 5815.969563802083, 5816.387369791667, 5815.7353515625, 5814.7626953125, 5813.58203125, 5812.082356770833, 5810.36865234375, 5808.261555989583, 5805.728678385417, 5802.400553385417, 5797.555013020833, 5788.993815104167, 5773.751953125, 5747.274739583333, 5705.371907552083, 5704.829915364583, 5704.293294270833, 5703.738606770833, 5703.143717447917, 5702.5322265625, 5701.929361979167, 5701.317545572917, 5700.731119791667, 5700.039713541667, 5699.316569010417, 5698.627604166667, 5697.881998697917, 5697.165201822917, 5696.4384765625, 5695.67138671875, 5694.934407552083, 5694.085774739583, 5693.299967447917, 5692.531901041667, 5691.71337890625, 5690.888834635417, 5690.094401041667, 5689.302571614583, 5688.575520833333, 5687.95263671875, 5687.231608072917, 5686.506998697917, 5685.750325520833, 5684.996419270833, 5684.294108072917, 5683.638834635417, 5682.982421875, 5682.301106770833, 5681.65283203125, 5681.015625, 5680.380045572917, 5679.809733072917, 5679.2607421875, 5678.707845052083, 5678.14306640625, 5677.643229166667, 5677.078450520833, 5676.4267578125, 5675.827962239583, 5675.280598958333, 5674.801920572917, 5674.28955078125, 5673.7470703125, 5673.284993489583, 5672.765787760417, 5672.183430989583, 5671.53369140625, 5670.904622395833], "upper": [5768.65185546875, 5778.1064453125, 5783.63720703125, 5787.94580078125, 5792.69775390625, 5799.0087890625, 5802.95166015625, 5805.19873046875, 5806.93212890625, 5808.36083984375, 5809.568359375, 5810.58642578125, 5811.56591796875, 5812.46923828125, 5813.18310546875, 5813.7099609375, 5814.09521484375, 5814.32177734375, 5814.5947265625, 5814.80419921875, 5815.01025390625, 5815.1015625, 5815.2568359375, 5815.359375, 5815.4990234375, 5815.66064453125, 5815.78857421875, 5815.78759765625, 5815.177734375, 5814.14453125, 5816.98876953125, 5824.1416015625, 5831.6083984375, 5833.3564453125, 5831.603515625, 5829.03759765625, 5825.806640625, 5821.4638671875, 5816.140625, 5810.0947265625, 5810.74267578125, 5811.50830078125, 5812.21533203125, 5812.9423828125, 5813.18212890625, 5812.6630859375, 5812.361328125, 5811.8076171875, 5811.390625, 5810.89501953125, 5810.45068359375, 5809.990234375, 5809.56298828125, 5809.0966796875, 5808.83203125, 5808.34765625, 5807.82763671875, 5807.47119140625, 5807.68115234375, 5808.06298828125, 5808.27099609375, 5808.46533203125, 5808.5986328125, 5808.6630859375, 5808.7421875, 5808.79443359375, 5808.8125, 5808.82373046875, 5808.8369140625, 5808.9072265625, 5809.0859375, 5809.533203125, 5809.65576171875, 5809.71533203125, 5809.650390625, 5809.55078125, 5809.2548828125, 5809.10498046875, 5808.96142578125, 5808.84765625, 5808.759765625, 5808.68505859375, 5808.6220703125, 5808.708984375, 5808.8740234375, 5809.02587890625, 5809.15234375, 5809.41064453125, 5809.431640625, 5809.25146484375, 5809.20068359375, 5809.18896484375, 5809.15625, 5809.1513671875, 5809.11181640625, 5809.33154296875, 5809.4248046875, 5809.39453125, 5809.1748046875, 5809.09521484375], "lower": [4633.283203125, 4732.86865234375, 4828.31591796875, 4914.2080078125, 4997.314453125, 5073.5966796875, 5152.0595703125, 5229.583984375, 5302.5537109375, 5370.80859375, 5435.9716796875, 5496.09619140625, 5550.380859375, 5598.2578125, 5642.80615234375, 5682.5712890625, 5713.85107421875, 5733.53955078125, 5748.67431640625, 5760.0361328125, 5767.82763671875, 5774.9404296875, 5781.94140625, 5785.61376953125, 5789.14013671875, 5791.40625, 5795.20849609375, 5800.14306640625, 5803.58251953125, 5803.99609375, 5804.49755859375, 5805.0771484375, 5805.67041015625, 5806.3193359375, 5807.0048828125, 5807.56494140625, 5806.6748046875, 5805.90380859375, 5805.5205078125, 5805.10888671875, 5801.505859375, 5791.0908203125, 5775.9765625, 5749.791015625, 5703.9560546875, 5625.10009765625, 5499.728515625, 5498.36181640625, 5496.89453125, 5495.376953125, 5493.7578125, 5492.1142578125, 5490.39306640625, 5488.61328125, 5486.78564453125, 5484.91015625, 5482.97900390625, 5480.99365234375, 5478.96875, 5476.939453125, 5474.861328125, 5472.75927734375, 5470.60498046875, 5468.42822265625, 5466.21728515625, 5464.0, 5461.74951171875, 5459.51953125, 5457.27685546875, 5455.0400390625, 5452.8154296875, 5450.61767578125, 5448.42431640625, 5446.25146484375, 5444.0810546875, 5441.953125, 5439.84814453125, 5437.755859375, 5435.66552734375, 5433.6123046875, 5431.58203125, 5429.60009765625, 5427.634765625, 5425.71533203125, 5423.8232421875, 5421.97216796875, 5420.1494140625, 5418.34814453125, 5416.56884765625, 5414.80615234375, 5413.0703125, 5411.32861328125, 5409.59375, 5407.87451171875, 5406.16259765625, 5404.41162109375, 5402.66796875, 5400.921875, 5399.19921875, 5397.474609375]}