{"mean": [8205.08349609375, 8185.287272135417, 8171.0673828125, 8161.370279947917, 8153.77783203125, 8147.338541666667, 8141.70361328125, 8136.212076822917, 8130.735026041667, 8125.353515625, 8120.273600260417, 8115.745930989583, 8111.43798828125, 8107.310221354167, 8103.579264322917, 8100.21923828125, 8097.264485677083, 8095.14697265625, 8093.636067708333, 8092.394694010417, 8091.307291666667, 8090.609375, 8090.184895833333, 8089.994791666667, 8089.849283854167, 8089.75830078125, 8089.738118489583, 8089.671712239583, 8089.669759114583, 8089.629720052083, 8089.498860677083, 8089.285319010417, 8088.961100260417, 8089.4296875, 8090.30126953125, 8091.330078125, 8092.551920572917, 8094.203125, 8096.255533854167, 8098.460286458333, 8101.084635416667, 8104.380208333333, 8109.185709635417, 8116.725748697917, 8126.85693359375, 8138.97998046875, 8151.56591796875, 8151.49755859375, 8151.455891927083, 8151.446126302083, 8151.452962239583, 8151.429361979167, 8151.420735677083, 8151.451334635417, 8151.501953125, 8151.479329427083, 8151.495279947917, 8151.559407552083, 8151.541015625, 8151.568359375, 8151.610188802083, 8151.614420572917, 8151.646321614583, 8151.63525390625, 8151.824869791667, 8151.98876953125, 8152.173177083333, 8152.347981770833, 8152.532389322917, 8152.745442708333, 8152.905924479167, 8153.128743489583, 8153.293619791667, 8153.464029947917, 8153.636881510417, 8153.808268229167, 8153.892252604167, 8154.039713541667, 8154.209309895833, 8154.376790364583, 8154.539388020833, 8154.711100260417, 8154.867838541667, 8155.009602864583, 8155.14111328125, 8155.281087239583, 8155.42138671875, 8155.626139322917, 8155.796061197917, 8155.883463541667, 8156.025065104167, 8156.1630859375, 8156.33740234375, 8156.46875, 8156.603515625, 8156.797688802083, 8156.927571614583, 8157.0703125, 8157.153645833333, 8157.301920572917], "upper": [8406.3154296875, 8351.9931640625, 8312.439453125, 8285.4443359375, 8264.404296875, 8246.5078125, 8230.8759765625, 8215.4951171875, 8199.9140625, 8184.880859375, 8170.90771484375, 8158.5732421875, 8147.091796875, 8136.2236328125, 8126.73095703125, 8117.92431640625, 8110.4130859375, 8105.30126953125, 8101.88525390625, 8099.296875, 8097.15087890625, 8096.06201171875, 8095.86767578125, 8096.32568359375, 8096.88330078125, 8097.642578125, 8098.56640625, 8099.4970703125, 8100.35107421875, 8100.9931640625, 8101.34375, 8101.49951171875, 8101.30712890625, 8103.52587890625, 8106.8916015625, 8110.8388671875, 8115.376953125, 8121.310546875, 8128.27490234375, 8135.90625, 8144.75341796875, 8155.734375, 8171.10888671875, 8194.62890625, 8226.0751953125, 8263.1806640625, 8301.4912109375, 8301.8330078125, 8302.193359375, 8302.572265625, 8302.9736328125, 8303.3740234375, 8303.810546875, 8304.2421875, 8304.69140625, 8305.138671875, 8305.59765625, 8306.078125, 8306.55078125, 8307.0341796875, 8307.5234375, 8308.0322265625, 8308.5263671875, 8309.029296875, 8309.5439453125, 8310.048828125, 8310.57421875, 8311.0810546875, 8311.587890625, 8312.0947265625, 8312.6123046875, 8313.1220703125, 8313.6279296875, 8314.1240234375, 8314.623046875, 8315.1064453125, 8315.61328125, 8316.095703125, 8316.5986328125, 8317.095703125, 8317.5908203125, 8318.0771484375, 8318.55859375, 8319.0283203125, 8319.4892578125, 8319.9345703125, 8320.3896484375, 8320.8232421875, 8321.2568359375, 8321.6708984375, 8322.0810546875, 8322.494140625, 8322.9091796875, 8323.3203125, 8323.7109375, 8324.130859375, 8324.5400390625, 8324.962890625, 8325.3720703125, 8325.7841796875], "lower": [8102.126953125, 8100.27294921875, 8099.5693359375, 8099.0888671875, 8096.99609375, 8095.1298828125, 8093.44189453125, 8092.109375, 8091.169921875, 8090.23681640625, 8089.30224609375, 8088.5146484375, 8087.6982421875, 8086.880859375, 8086.09765625, 8085.4033203125, 8084.75341796875, 8084.1376953125, 8083.60400390625, 8083.0146484375, 8082.435546875, 8081.91943359375, 8081.3232421875, 8080.76611328125, 8080.2568359375, 8079.70068359375, 8079.1103515625, 8078.4912109375, 8078.0986328125, 8077.7919921875, 8077.494140625, 8077.1943359375, 8076.88720703125, 8076.6162109375, 8076.44091796875, 8076.1435546875, 8075.8447265625, 8075.44189453125, 8075.25390625, 8074.830078125, 8074.53369140625, 8074.189453125, 8073.9208984375, 8073.642578125, 8073.17529296875, 8072.91357421875, 8072.86669921875, 8072.7724609375, 8072.720703125, 8072.65771484375, 8072.58203125, 8072.53955078125, 8072.50341796875, 8072.6025390625, 8072.57421875, 8072.4990234375, 8072.4833984375, 8072.46533203125, 8072.42578125, 8072.5830078125, 8072.5419921875, 8072.5283203125, 8072.5341796875, 8072.56005859375, 8072.5458984375, 8072.54150390625, 8072.544921875, 8072.55126953125, 8072.5673828125, 8072.59423828125, 8072.5380859375, 8072.6826171875, 8072.6630859375, 8072.6484375, 8072.63330078125, 8072.654296875, 8072.470703125, 8072.4970703125, 8072.52099609375, 8072.529296875, 8072.556640625, 8072.58447265625, 8072.60498046875, 8072.5849609375, 8072.533203125, 8072.50341796875, 8072.47998046875, 8072.64794921875, 8072.64404296875, 8072.47216796875, 8072.47705078125, 8072.49072265625, 8072.48779296875, 8072.4990234375, 8072.5029296875, 8072.68017578125, 8072.6650390625, 8072.66259765625, 8072.4931640625, 8072.50146484375]}