{"mean": [16865.645833333332, 16244.05078125, 16166.759765625, 16242.677408854166, 16190.988606770834, 16083.05859375, 15928.958984375, 15784.8466796875, 15835.2568359375, 15844.595052083334, 15775.126302083334, 15660.533528645834, 15546.937825520834, 15594.62109375, 15606.194010416666, 15579.823567708334, 15506.036783854166, 15415.854817708334, 15431.699869791666, 15452.482747395834, 15424.763020833334, 15366.160481770834, 15321.346028645834, 15329.054036458334, 15321.662434895834, 15268.722981770834, 15203.167317708334, 15199.51953125, 15180.181315104166, 15148.8046875, 15111.8818359375, 15085.892252604166, 15066.747721354166, 15054.291341145834, 15051.875651041666, 15055.1025390625, 15051.827799479166, 15044.720052083334, 15043.471354166666, 15045.347005208334, 15038.876953125, 15028.6806640625, 15021.981119791666, 15017.842447916666, 15012.590494791666, 15007.859700520834, 15006.137369791666, 15007.2548828125, 15010.570963541666, 15012.102864583334, 15013.075846354166, 15010.660481770834, 15007.674479166666, 15008.266927083334, 15010.076822916666, 15013.204427083334, 15009.586263020834, 15002.507486979166, 15003.008463541666, 15003.532877604166, 15002.1748046875, 15001.573567708334, 14999.720703125, 15002.029947916666, 15002.151041666666, 15004.361653645834, 15000.81640625, 15002.824544270834, 15007.862630208334, 15012.542643229166, 15016.4150390625, 15014.718098958334, 15014.100260416666, 15012.0693359375, 15009.295572916666, 15008.752278645834, 15004.503255208334, 14999.612630208334, 14999.0302734375, 14993.080078125, 14987.010091145834, 14980.7509765625, 14971.0771484375, 14963.516276041666, 14953.026041666666, 14940.382161458334, 14866.141276041666, 14854.866536458334, 14841.438151041666, 14829.8994140625, 14821.911458333334, 14815.1826171875, 14810.085286458334, 14808.0537109375, 14804.6220703125, 14801.0048828125, 14799.014973958334, 14792.834635416666, 14785.094075520834, 14776.724609375], "upper": [18950.595703125, 17433.267578125, 17550.853515625, 17883.001953125, 17852.68359375, 17623.4453125, 17255.580078125, 16897.705078125, 17151.59765625, 17307.3671875, 17220.5859375, 16952.33203125, 16646.873046875, 16729.248046875, 16809.623046875, 16772.125, 16598.2421875, 16340.0341796875, 16390.607421875, 16455.720703125, 16379.8349609375, 16189.5234375, 16044.224609375, 16071.794921875, 16060.6201171875, 15912.3212890625, 15739.9150390625, 15751.50390625, 15717.7646484375, 15646.583984375, 15555.6171875, 15498.896484375, 15470.1640625, 15446.5625, 15430.4599609375, 15408.390625, 15383.232421875, 15366.7451171875, 15367.146484375, 15371.7509765625, 15370.353515625, 15366.03125, 15364.4794921875, 15350.6650390625, 15336.677734375, 15333.21875, 15337.9375, 15342.26953125, 15343.3740234375, 15340.9345703125, 15336.6171875, 15330.607421875, 15323.3056640625, 15314.41015625, 15306.01953125, 15315.2841796875, 15318.4267578125, 15310.2607421875, 15313.3154296875, 15315.982421875, 15319.1884765625, 15322.42578125, 15322.8291015625, 15330.138671875, 15329.474609375, 15338.2587890625, 15328.263671875, 15331.8154296875, 15341.3671875, 15351.2392578125, 15360.021484375, 15356.0673828125, 15358.447265625, 15359.666015625, 15359.529296875, 15368.5595703125, 15365.177734375, 15360.5029296875, 15367.126953125, 15357.232421875, 15347.470703125, 15335.0654296875, 15311.138671875, 15293.755859375, 15266.810546875, 15232.169921875, 15012.6064453125, 15012.1103515625, 15012.359375, 15013.052734375, 15013.5791015625, 15014.2412109375, 15014.4599609375, 15015.138671875, 15016.08984375, 15017.0068359375, 15017.783203125, 15017.171875, 15015.4423828125, 15013.4931640625], "lower": [15750.1865234375, 15567.0390625, 15359.48828125, 15356.1015625, 15307.5234375, 15267.3515625, 15227.9130859375, 15202.6865234375, 15149.001953125, 15092.9541015625, 15045.1533203125, 14986.4501953125, 14951.119140625, 14976.166015625, 14957.869140625, 14937.3857421875, 14903.3984375, 14903.1083984375, 14908.8095703125, 14913.609375, 14903.3544921875, 14913.9794921875, 14921.7685546875, 14918.638671875, 14912.8857421875, 14907.197265625, 14888.3056640625, 14868.1796875, 14842.875, 14816.58203125, 14793.9775390625, 14770.181640625, 14742.1533203125, 14728.470703125, 14737.48828125, 14768.5185546875, 14784.1611328125, 14781.23046875, 14777.9228515625, 14779.6318359375, 14762.80859375, 14737.2353515625, 14720.130859375, 14721.8515625, 14721.7470703125, 14711.0751953125, 14701.6142578125, 14701.0888671875, 14710.134765625, 14717.0068359375, 14719.9306640625, 14715.546875, 14710.8115234375, 14718.478515625, 14728.263671875, 14724.8095703125, 14709.16015625, 14693.0400390625, 14688.103515625, 14685.2568359375, 14676.943359375, 14670.453125, 14663.2880859375, 14660.7392578125, 14659.443359375, 14655.158203125, 14652.671875, 14653.984375, 14658.216796875, 14661.494140625, 14663.6455078125, 14662.701171875, 14658.98046875, 14652.7119140625, 14645.44921875, 14635.5751953125, 14627.357421875, 14618.6015625, 14611.2353515625, 14604.18359375, 14598.236328125, 14593.3681640625, 14589.126953125, 14584.6015625, 14580.0400390625, 14577.501953125, 14574.3486328125, 14570.47265625, 14567.23046875, 14565.4482421875, 14564.970703125, 14564.091796875, 14564.01171875, 14564.8828125, 14559.072265625, 14554.060546875, 14555.2138671875, 14553.7158203125, 14549.732421875, 14544.7578125]}