{"mean": [2720.129638671875, 2516.816162109375, 2469.6541341145835, 2515.0518391927085, 2508.44091796875, 2479.9107259114585, 2434.0736490885415, 2399.589599609375, 2433.6460774739585, 2446.1171061197915, 2422.2926432291665, 2378.3572591145835, 2325.6376953125, 2321.0, 2331.80859375, 2331.2389322916665, 2314.11962890625, 2291.0716145833335, 2304.1473795572915, 2315.2461751302085, 2307.3311360677085, 2284.7000325520835, 2269.0272623697915, 2271.2406412760415, 2269.8431803385415, 2253.6436360677085, 2233.0469970703125, 2232.62353515625, 2225.2052408854165, 2218.2972819010415, 2208.4971516927085, 2201.7078450520835, 2195.0371907552085, 2188.986572265625, 2186.4236653645835, 2183.4007975260415, 2181.4638671875, 2180.0240885416665, 2180.072509765625, 2185.373779296875, 2190.6433919270835, 2195.4685872395835, 2200.7555338541665, 2204.7550455729165, 2206.5924479166665, 2207.0711263020835, 2206.364013671875, 2206.6900227864585, 2212.0126953125, 2215.99755859375, 2219.6692708333335, 2222.739990234375, 2225.7896321614585, 2229.200439453125, 2231.5725911458335, 2233.139404296875, 2230.8009440104165, 2225.97802734375, 2222.871826171875, 2220.1507975260415, 2217.5392252604165, 2215.7359212239585, 2213.4444173177085, 2212.9204915364585, 2210.507568359375, 2208.0882161458335, 2202.732177734375, 2199.4502766927085, 2197.6551920572915, 2196.5284016927085, 2195.9432779947915, 2194.2403971354165, 2194.1172688802085, 2194.390380859375, 2195.0155436197915, 2196.5968424479165, 2196.93994140625, 2197.0833333333335, 2199.5022786458335, 2200.4066569010415, 2201.96240234375, 2203.0824381510415, 2202.1263020833335, 2201.10791015625, 2198.6082356770835, 2195.799072265625, 2185.4698079427085, 2192.51806640625, 2189.6866048177085, 2185.021484375, 2181.42138671875, 2178.2150065104165, 2175.9049479166665, 2174.4759928385415, 2174.1357421875, 2173.7202962239585, 2172.3406575520835, 2171.294677734375, 2170.707275390625, 2170.6309407552085], "upper": [3024.044189453125, 2623.7138671875, 2590.146240234375, 2565.12939453125, 2549.328125, 2519.400146484375, 2501.83154296875, 2481.91162109375, 2463.261962890625, 2497.51416015625, 2474.03515625, 2379.465576171875, 2373.899658203125, 2370.977294921875, 2370.48388671875, 2375.251953125, 2375.77197265625, 2372.573486328125, 2371.22509765625, 2371.62939453125, 2373.03515625, 2371.280517578125, 2366.012939453125, 2359.675537109375, 2353.35302734375, 2348.23583984375, 2342.96923828125, 2338.301025390625, 2334.759033203125, 2332.3251953125, 2329.28955078125, 2327.1044921875, 2326.93408203125, 2327.217529296875, 2326.91552734375, 2327.1484375, 2327.165283203125, 2329.421630859375, 2331.269287109375, 2332.747314453125, 2333.15576171875, 2333.1201171875, 2331.790771484375, 2330.0712890625, 2327.68017578125, 2325.736328125, 2323.60693359375, 2321.94287109375, 2321.02197265625, 2320.430419921875, 2320.46337890625, 2320.984130859375, 2320.68310546875, 2321.0751953125, 2321.169921875, 2320.291748046875, 2317.914306640625, 2315.7255859375, 2313.620849609375, 2310.995849609375, 2307.847900390625, 2304.92626953125, 2302.061767578125, 2299.604736328125, 2297.4912109375, 2295.78125, 2294.761474609375, 2294.03125, 2293.677001953125, 2293.372802734375, 2293.049072265625, 2292.48828125, 2291.74169921875, 2290.822998046875, 2290.2138671875, 2290.0537109375, 2290.44287109375, 2291.33447265625, 2292.574951171875, 2293.884765625, 2295.3447265625, 2296.7587890625, 2298.14892578125, 2298.875244140625, 2298.853759765625, 2297.635986328125, 2295.755859375, 2293.6611328125, 2291.369140625, 2289.548828125, 2288.0859375, 2287.089599609375, 2286.75, 2287.24853515625, 2288.087890625, 2288.963134765625, 2289.57861328125, 2289.5029296875, 2288.848388671875, 2287.94921875], "lower": [2461.587890625, 2434.459716796875, 2386.53857421875, 2435.533447265625, 2435.46435546875, 2431.84912109375, 2372.1826171875, 2294.431640625, 2413.026123046875, 2399.177001953125, 2386.25244140625, 2376.927734375, 2257.2138671875, 2260.9443359375, 2291.781005859375, 2286.07958984375, 2237.44873046875, 2161.6025390625, 2199.774658203125, 2231.616455078125, 2207.49267578125, 2139.392333984375, 2099.314697265625, 2116.347412109375, 2125.8388671875, 2091.1533203125, 2047.1068115234375, 2064.69140625, 2065.863525390625, 2069.32763671875, 2064.832275390625, 2071.27880859375, 2076.412841796875, 2080.991455078125, 2088.18359375, 2091.4794921875, 2097.2392578125, 2103.045166015625, 2099.120361328125, 2103.745361328125, 2112.45556640625, 2121.437255859375, 2133.994140625, 2135.565673828125, 2134.25634765625, 2135.01708984375, 2137.81396484375, 2141.68505859375, 2144.51416015625, 2146.603759765625, 2148.31689453125, 2149.90087890625, 2150.82568359375, 2150.981689453125, 2151.66162109375, 2158.75634765625, 2162.227783203125, 2160.759521484375, 2163.09228515625, 2164.907470703125, 2166.963623046875, 2169.160400390625, 2167.886962890625, 2164.02685546875, 2157.49365234375, 2147.1923828125, 2134.976318359375, 2124.0205078125, 2114.953369140625, 2107.6201171875, 2102.210205078125, 2099.56396484375, 2099.041748046875, 2100.16015625, 2101.610107421875, 2101.998291015625, 2102.46484375, 2101.96875, 2103.331298828125, 2106.1533203125, 2109.46923828125, 2111.961181640625, 2112.17431640625, 2109.42529296875, 2104.97900390625, 2100.39990234375, 2097.0419921875, 2094.979736328125, 2093.75048828125, 2091.292724609375, 2088.14892578125, 2083.59326171875, 2078.922607421875, 2074.95263671875, 2073.55078125, 2073.05859375, 2069.79248046875, 2070.066650390625, 2073.27587890625, 2078.547119140625]}