{"mean": [9284.5517578125, 8763.847005208334, 8724.653483072916, 8946.353515625, 8934.810546875, 8811.527506510416, 8662.159993489584, 8484.580403645834, 8566.823893229166, 8553.284342447916, 8473.106770833334, 8287.43896484375, 8191.366536458333, 8081.669759114583, 8167.680989583333, 8194.65869140625, 8129.263671875, 8098.981119791667, 8105.69091796875, 8128.45263671875, 8094.167643229167, 8052.10546875, 8008.858561197917, 8055.71435546875, 8073.539225260417, 8028.14306640625, 7942.662923177083, 7894.3310546875, 7876.878092447917, 7881.269856770833, 7874.166015625, 7886.05810546875, 7886.469563802083, 7882.177897135417, 7889.517415364583, 7889.361490885417, 7872.598307291667, 7857.0859375, 7850.382975260417, 7863.44384765625, 7890.771809895833, 7924.658528645833, 7967.822916666667, 7996.18212890625, 8016.8828125, 8036.76318359375, 8043.572265625, 8038.29296875, 8049.42431640625, 8062.72265625, 8081.993815104167, 8102.7109375, 8122.7841796875, 8140.058268229167, 8146.019694010417, 8146.754557291667, 8136.383138020833, 8113.87744140625, 8095.886393229167, 8080.766276041667, 8073.242838541667, 8072.69384765625, 8070.763346354167, 8072.237141927083, 8062.31884765625, 8048.370930989583, 8019.053873697917, 7994.3955078125, 7983.200520833333, 7974.184244791667, 7968.936197916667, 7963.765625, 7967.12744140625, 7972.109049479167, 7976.18359375, 7981.94580078125, 7983.845052083333, 7986.37939453125, 7997.419759114583, 8007.6201171875, 8019.780110677083, 8029.753255208333, 8031.6787109375, 8030.961100260417, 8024.75048828125, 8012.587076822917, 7989.728678385417, 8045.087565104167, 8044.7958984375, 8035.235677083333, 8023.423990885417, 8008.796223958333, 7991.940266927083, 7976.241536458333, 7969.3125, 7964.54638671875, 7957.87451171875, 7955.105143229167, 7953.23828125, 7953.341145833333], "upper": [10032.51171875, 9900.2001953125, 9805.88671875, 9730.173828125, 9654.8359375, 9596.7109375, 9554.8349609375, 9486.1875, 9403.23046875, 9310.486328125, 9134.4189453125, 8997.3994140625, 8817.8505859375, 8676.50390625, 8710.7421875, 8779.4326171875, 8787.8662109375, 8791.94140625, 8805.8408203125, 8799.7548828125, 8791.9169921875, 8770.201171875, 8750.2802734375, 8736.392578125, 8718.0693359375, 8693.466796875, 8643.869140625, 8584.90234375, 8565.953125, 8546.1494140625, 8522.6015625, 8504.35546875, 8505.185546875, 8506.7802734375, 8504.8349609375, 8504.6142578125, 8503.4140625, 8517.4736328125, 8530.1630859375, 8539.982421875, 8543.50390625, 8544.294921875, 8538.9599609375, 8530.5732421875, 8519.24609375, 8508.689453125, 8496.994140625, 8487.91015625, 8482.357421875, 8477.4443359375, 8473.8583984375, 8468.5146484375, 8458.83203125, 8455.642578125, 8451.955078125, 8444.22265625, 8431.5732421875, 8419.6591796875, 8408.9267578125, 8396.2080078125, 8381.7861328125, 8368.4326171875, 8355.240234375, 8343.8271484375, 8333.935546875, 8325.3544921875, 8320.3056640625, 8316.3837890625, 8313.9736328125, 8311.693359375, 8309.3173828125, 8306.0361328125, 8302.05859375, 8297.0849609375, 8293.4208984375, 8291.2421875, 8291.015625, 8293.185546875, 8296.958984375, 8301.517578125, 8305.466796875, 8309.9609375, 8313.4775390625, 8314.619140625, 8313.4208984375, 8307.5146484375, 8299.572265625, 8290.2734375, 8280.3125, 8272.115234375, 8265.3701171875, 8260.4169921875, 8258.4658203125, 8260.41015625, 8263.47265625, 8266.2646484375, 8267.716796875, 8266.3818359375, 8262.484375, 8257.18359375], "lower": [8768.2529296875, 7326.8544921875, 7671.62158203125, 8143.5634765625, 8150.6533203125, 7811.88134765625, 7395.98486328125, 6939.5771484375, 7291.64453125, 7386.80224609375, 7372.388671875, 7029.37744140625, 6986.25390625, 6949.82568359375, 7145.6962890625, 7151.25439453125, 6906.9365234375, 6743.2099609375, 6722.60693359375, 6812.99462890625, 6722.947265625, 6617.6142578125, 6550.09423828125, 6745.87451171875, 6845.70361328125, 6760.01025390625, 6579.24853515625, 6522.0537109375, 6578.15380859375, 6705.4345703125, 6806.4052734375, 6965.39990234375, 7054.146484375, 7098.51220703125, 7150.27880859375, 7198.6201171875, 7213.4150390625, 7235.3369140625, 7269.029296875, 7308.015625, 7343.6025390625, 7369.142578125, 7395.58203125, 7395.6083984375, 7422.16796875, 7480.271484375, 7534.765625, 7569.470703125, 7589.6376953125, 7603.4560546875, 7613.32421875, 7619.41796875, 7617.7802734375, 7609.4208984375, 7595.78564453125, 7607.3046875, 7622.3759765625, 7622.52099609375, 7639.181640625, 7654.5673828125, 7669.0595703125, 7681.04736328125, 7687.3388671875, 7704.5703125, 7707.8330078125, 7723.603515625, 7712.03759765625, 7716.4560546875, 7745.6328125, 7768.53857421875, 7789.1064453125, 7788.6142578125, 7798.75927734375, 7806.7021484375, 7810.66748046875, 7803.1650390625, 7798.86376953125, 7794.126953125, 7800.51171875, 7819.31787109375, 7840.77978515625, 7856.345703125, 7857.3154296875, 7845.3818359375, 7826.58642578125, 7805.60205078125, 7790.9892578125, 7780.4619140625, 7772.67431640625, 7758.0458984375, 7742.02587890625, 7722.1787109375, 7704.0439453125, 7688.1123046875, 7689.9931640625, 7695.4248046875, 7685.88671875, 7693.3515625, 7712.8232421875, 7739.06591796875]}