{"mean": [3114.9110514322915, 2869.7271321614585, 2828.2691243489585, 2884.4114583333335, 2878.1045735677085, 2846.03515625, 2794.6155598958335, 2757.6500651041665, 2794.5069173177085, 2814.67578125, 2792.9671223958335, 2746.45947265625, 2690.7256673177085, 2687.4287109375, 2700.427490234375, 2698.3536783854165, 2672.5677083333335, 2640.7957356770835, 2651.83349609375, 2660.1590983072915, 2647.4988606770835, 2616.3929850260415, 2595.7601725260415, 2598.4078776041665, 2596.0613606770835, 2573.8807779947915, 2547.8506673177085, 2549.8367513020835, 2540.8938802083335, 2531.6664225260415, 2517.2564290364585, 2507.3246256510415, 2497.959228515625, 2489.8756510416665, 2483.4650065104165, 2478.5547688802085, 2476.0548502604165, 2476.2822265625, 2479.9601236979165, 2488.3069661458335, 2495.082763671875, 2499.9725748697915, 2505.142578125, 2509.2127278645835, 2512.3819173177085, 2514.0997721354165, 2514.6327311197915, 2516.2564290364585, 2524.0236002604165, 2529.258544921875, 2533.4423014322915, 2536.4325358072915, 2539.2880045572915, 2542.6646321614585, 2545.1123860677085, 2547.2339680989585, 2544.8977864583335, 2539.8152669270835, 2536.52099609375, 2533.32275390625, 2529.6610514322915, 2526.86279296875, 2523.11083984375, 2521.2752278645835, 2517.4329427083335, 2514.6021321614585, 2508.255615234375, 2504.816162109375, 2501.3738606770835, 2499.0487467447915, 2497.3699544270835, 2494.3889973958335, 2493.5672200520835, 2493.4464518229165, 2493.927001953125, 2496.4994303385415, 2497.3038736979165, 2498.265380859375, 2501.700927734375, 2502.6704915364585, 2504.268798828125, 2505.47119140625, 2504.16748046875, 2503.1533203125, 2500.5299479166665, 2497.593505859375, 2486.9869791666665, 2493.8900553385415, 2487.7843424479165, 2479.87841796875, 2474.1884765625, 2469.802734375, 2466.9925944010415, 2464.420654296875, 2463.2049967447915, 2462.3321940104165, 2460.8446451822915, 2459.5885416666665, 2458.6104329427085, 2458.1138509114585], "upper": [3448.30419921875, 2992.935791015625, 2955.5703125, 2926.277099609375, 2920.44921875, 2880.432861328125, 2870.20556640625, 2857.685302734375, 2847.460205078125, 2834.91650390625, 2805.98828125, 2781.425048828125, 2776.1826171875, 2772.195556640625, 2772.52099609375, 2777.76904296875, 2774.556640625, 2766.88232421875, 2759.821044921875, 2755.30224609375, 2753.408935546875, 2747.090087890625, 2737.652587890625, 2728.0791015625, 2718.92529296875, 2710.601806640625, 2702.310791015625, 2695.41943359375, 2689.546630859375, 2684.846435546875, 2680.210205078125, 2676.397705078125, 2676.4033203125, 2676.88037109375, 2676.42041015625, 2676.57421875, 2676.328369140625, 2679.636474609375, 2682.164306640625, 2684.2236328125, 2685.044677734375, 2685.39990234375, 2684.115234375, 2682.394775390625, 2679.864990234375, 2677.819091796875, 2675.392822265625, 2673.515625, 2672.473876953125, 2671.36376953125, 2670.12109375, 2669.22314453125, 2667.252197265625, 2666.1240234375, 2664.81298828125, 2662.85693359375, 2659.322998046875, 2655.9697265625, 2652.874755859375, 2649.138671875, 2644.909912109375, 2641.133056640625, 2637.265380859375, 2633.717529296875, 2630.371826171875, 2627.4853515625, 2625.5185546875, 2624.068359375, 2623.173828125, 2622.410400390625, 2621.7734375, 2621.05517578125, 2620.26513671875, 2619.37890625, 2618.96240234375, 2619.080810546875, 2619.7744140625, 2620.99658203125, 2622.587158203125, 2624.244384765625, 2626.287109375, 2628.2646484375, 2630.013427734375, 2630.92041015625, 2630.99560546875, 2629.544189453125, 2627.255859375, 2624.62646484375, 2621.7568359375, 2619.494873046875, 2617.64697265625, 2616.330810546875, 2615.700927734375, 2615.955078125, 2616.5078125, 2617.18359375, 2617.7314453125, 2617.650390625, 2617.0615234375, 2616.273681640625], "lower": [2844.924560546875, 2734.69775390625, 2759.14208984375, 2812.8779296875, 2814.0185546875, 2815.08447265625, 2697.49267578125, 2601.662353515625, 2730.31298828125, 2794.47509765625, 2786.39501953125, 2677.0458984375, 2550.09716796875, 2559.39501953125, 2597.040283203125, 2589.493896484375, 2525.65869140625, 2429.946533203125, 2470.542236328125, 2507.28515625, 2480.634765625, 2397.76953125, 2351.48095703125, 2377.195556640625, 2389.7421875, 2344.35546875, 2291.060791015625, 2320.55712890625, 2324.732421875, 2329.099853515625, 2319.56298828125, 2323.78515625, 2327.57861328125, 2334.87890625, 2344.38720703125, 2349.4189453125, 2356.847412109375, 2366.893798828125, 2378.15576171875, 2388.21728515625, 2399.553955078125, 2406.5537109375, 2411.861328125, 2411.26611328125, 2412.370361328125, 2413.89501953125, 2416.1865234375, 2420.4521484375, 2423.817626953125, 2426.6162109375, 2429.482666015625, 2432.409423828125, 2435.249267578125, 2437.65087890625, 2440.76708984375, 2451.732177734375, 2456.56201171875, 2454.9833984375, 2457.689208984375, 2459.30615234375, 2461.213134765625, 2463.79052734375, 2465.4833984375, 2457.611083984375, 2447.046142578125, 2434.73291015625, 2420.618408203125, 2407.656005859375, 2396.618408203125, 2387.427490234375, 2380.1396484375, 2375.955078125, 2374.372314453125, 2375.209228515625, 2376.88037109375, 2378.330078125, 2380.65185546875, 2382.69189453125, 2385.75244140625, 2389.2900390625, 2392.571533203125, 2395.0068359375, 2394.99853515625, 2391.956298828125, 2387.18896484375, 2382.035400390625, 2377.728515625, 2374.284912109375, 2371.141845703125, 2366.942626953125, 2362.644775390625, 2356.874267578125, 2351.105224609375, 2345.9921875, 2344.56005859375, 2344.2568359375, 2341.81787109375, 2342.605224609375, 2345.819580078125, 2350.674072265625]}