{"mean": [4832.826822916667, 4562.251953125, 4516.01513671875, 4608.724283854167, 4575.500162760417, 4506.029134114583, 4409.014973958333, 4340.081705729167, 4288.23681640625, 4317.867024739583, 4259.50927734375, 4160.62841796875, 4107.346435546875, 4141.980712890625, 4130.198811848958, 4127.246500651042, 4159.427815755208, 4067.7115071614585, 4083.44384765625, 4112.470052083333, 4117.5830078125, 4083.266357421875, 4038.9276529947915, 4102.1591796875, 4090.7599283854165, 4070.667724609375, 4003.396484375, 4030.5540364583335, 4016.62109375, 4007.5362955729165, 3992.1925455729165, 3981.6630045572915, 3944.3588053385415, 3915.393798828125, 3889.6344401041665, 3886.0543619791665, 3882.9678548177085, 3880.6931966145835, 3904.1370442708335, 3905.8775227864585, 3911.5992838541665, 3907.338623046875, 3895.06689453125, 3905.62060546875, 3910.6767578125, 3914.0262858072915, 3916.9847005208335, 3930.2657877604165, 3946.260498046875, 3951.6101888020835, 3953.7205403645835, 3958.842529296875, 3958.6923828125, 3952.7667643229165, 3960.55322265625, 3966.1097005208335, 3964.6429850260415, 3949.5603841145835, 3941.9415690104165, 3935.172119140625, 3925.6171061197915, 3918.4939778645835, 3912.9519856770835, 3902.5537923177085, 3900.1142578125, 3890.6110026041665, 3881.9393717447915, 3884.5756022135415, 3877.0406901041665, 3888.9454752604165, 3888.2428385416665, 3882.3719075520835, 3884.5218912760415, 3873.7923990885415, 3875.8736979166665, 3879.57470703125, 3877.3706868489585, 3879.537841796875, 3887.3592122395835, 3883.4811197916665, 3887.3413899739585, 3883.4478352864585, 3889.2815755208335, 3886.5645345052085, 3879.858154296875, 3872.6166178385415, 3852.266845703125, 3852.9917805989585, 3858.1146647135415, 3851.15625, 3845.058837890625, 3834.647216796875, 3832.59619140625, 3828.79736328125, 3843.2127278645835, 3855.749755859375, 3857.553466796875, 3858.9046223958335, 3841.2548828125, 3836.253662109375], "upper": [4999.49658203125, 4808.75390625, 4735.71826171875, 4788.318359375, 4806.67919921875, 4718.4072265625, 4489.92919921875, 4429.22412109375, 4371.0341796875, 4450.7451171875, 4425.18798828125, 4204.50341796875, 4160.978515625, 4316.4130859375, 4299.43017578125, 4285.357421875, 4298.87451171875, 4146.83740234375, 4143.47314453125, 4156.65771484375, 4175.75927734375, 4171.97607421875, 4148.697265625, 4145.56005859375, 4142.58203125, 4137.4892578125, 4139.97607421875, 4138.91064453125, 4137.80859375, 4118.5869140625, 4118.4482421875, 4128.06298828125, 4117.27197265625, 4121.833984375, 4120.13916015625, 4115.5322265625, 4114.072265625, 4119.12060546875, 4130.4130859375, 4131.35498046875, 4127.40869140625, 4127.4345703125, 4122.40625, 4126.91357421875, 4134.82666015625, 4127.34033203125, 4120.8759765625, 4114.916015625, 4113.6904296875, 4115.88330078125, 4122.91162109375, 4116.59326171875, 4107.43115234375, 4098.19580078125, 4103.32373046875, 4105.263671875, 4108.671875, 4101.041015625, 4095.390625, 4081.265625, 4077.62744140625, 4065.88330078125, 4067.228271484375, 4064.0478515625, 4059.65771484375, 4053.05908203125, 4052.5302734375, 4061.585693359375, 4052.095947265625, 4068.460205078125, 4069.23779296875, 4061.863037109375, 4064.95068359375, 4051.67333984375, 4048.606689453125, 4042.962646484375, 4043.457763671875, 4037.69384765625, 4053.1767578125, 4054.2255859375, 4054.948974609375, 4048.4580078125, 4050.645263671875, 4067.386962890625, 4063.458740234375, 4053.595947265625, 4045.235595703125, 4041.400634765625, 4045.2490234375, 4040.526611328125, 4037.775390625, 4035.117431640625, 4031.333740234375, 4029.7275390625, 4038.489501953125, 4037.693603515625, 4049.24169921875, 4049.595947265625, 4042.1884765625, 4034.90869140625], "lower": [4560.91748046875, 4267.51904296875, 4302.1650390625, 4404.8671875, 4378.35693359375, 4332.431640625, 4313.7861328125, 4276.43359375, 4216.89892578125, 4181.00439453125, 4118.63916015625, 4081.80712890625, 4070.628662109375, 4054.482666015625, 4038.2216796875, 4043.410888671875, 4077.991943359375, 3987.85595703125, 4014.3330078125, 4052.603515625, 4010.6728515625, 3925.925048828125, 3840.498779296875, 4031.849609375, 4011.64892578125, 3961.224365234375, 3767.5107421875, 3877.72314453125, 3849.11767578125, 3856.696044921875, 3830.542236328125, 3818.307373046875, 3779.44384765625, 3757.20947265625, 3771.007080078125, 3740.83203125, 3734.00634765625, 3735.576904296875, 3789.0654296875, 3766.934326171875, 3772.798583984375, 3778.5185546875, 3769.76953125, 3773.27783203125, 3794.339599609375, 3800.389892578125, 3799.22705078125, 3809.967529296875, 3807.321533203125, 3803.656494140625, 3805.26318359375, 3810.467041015625, 3813.02001953125, 3771.38427734375, 3781.30517578125, 3805.236083984375, 3802.970458984375, 3800.09619140625, 3799.759765625, 3804.3671875, 3805.679443359375, 3795.30810546875, 3797.455810546875, 3807.64892578125, 3815.4716796875, 3790.74658203125, 3771.597412109375, 3765.73388671875, 3751.09326171875, 3750.090087890625, 3738.5361328125, 3730.19775390625, 3725.52294921875, 3708.579345703125, 3708.68310546875, 3706.1767578125, 3717.175048828125, 3727.383056640625, 3725.73046875, 3723.6845703125, 3729.211181640625, 3734.83251953125, 3745.071533203125, 3722.306884765625, 3724.892333984375, 3710.64306640625, 3693.4189453125, 3689.751953125, 3693.546630859375, 3689.05712890625, 3685.524658203125, 3674.52783203125, 3674.341552734375, 3675.084228515625, 3682.8740234375, 3678.79736328125, 3663.697265625, 3669.96630859375, 3660.3955078125, 3664.883544921875]}