{"mean": [7501.152669270833, 7144.935709635417, 7033.653645833333, 7204.341471354167, 7180.329264322917, 7064.118326822917, 6962.981119791667, 6829.815104166667, 6885.12451171875, 6861.0146484375, 6794.22705078125, 6639.228515625, 6598.877766927083, 6496.613606770833, 6572.78515625, 6608.542805989583, 6552.93603515625, 6542.424641927083, 6537.547526041667, 6558.696451822917, 6529.664876302083, 6511.0771484375, 6470.401041666667, 6508.417154947917, 6517.364420572917, 6482.590006510417, 6408.616536458333, 6366.063151041667, 6360.575520833333, 6373.064615885417, 6364.951009114583, 6367.083821614583, 6373.167805989583, 6367.467936197917, 6368.579427083333, 6363.0654296875, 6344.944986979167, 6330.921875, 6324.021158854167, 6332.110026041667, 6353.595377604167, 6379.038736979167, 6415.325520833333, 6442.622721354167, 6467.758138020833, 6492.62451171875, 6508.50244140625, 6510.975260416667, 6522.447102864583, 6530.99755859375, 6540.02783203125, 6549.00341796875, 6556.935872395833, 6562.089192708333, 6559.380533854167, 6554.51904296875, 6543.519368489583, 6524.085123697917, 6510.900227864583, 6500.56787109375, 6495.668294270833, 6494.700846354167, 6491.099283854167, 6489.3720703125, 6479.67529296875, 6468.507649739583, 6444.661458333333, 6425.833821614583, 6422.713216145833, 6423.4345703125, 6425.649739583333, 6426.2587890625, 6433.143229166667, 6440.814778645833, 6447.034505208333, 6455.417317708333, 6460.71630859375, 6466.413411458333, 6477.14208984375, 6485.882486979167, 6495.500651041667, 6502.01416015625, 6501.717447916667, 6500.98876953125, 6495.149576822917, 6483.927408854167, 6497.064290364583, 6561.7265625, 6565.180501302083, 6556.255533854167, 6544.594563802083, 6528.26904296875, 6504.972819010417, 6482.579915364583, 6469.153483072917, 6459.992513020833, 6452.916666666667, 6446.65087890625, 6441.380533854167, 6437.903483072917], "upper": [8327.4228515625, 8173.85888671875, 8060.4736328125, 7971.365234375, 7887.3515625, 7825.943359375, 7784.2294921875, 7734.07470703125, 7661.65380859375, 7586.5634765625, 7450.970703125, 7340.29150390625, 7191.4375, 7013.96142578125, 7050.2978515625, 7065.95751953125, 7098.92578125, 7150.10498046875, 7182.62890625, 7171.39111328125, 7142.9892578125, 7137.4765625, 7114.02294921875, 7091.87353515625, 7073.3076171875, 7054.751953125, 7019.5078125, 6972.99072265625, 6914.07373046875, 6851.83837890625, 6776.52392578125, 6727.13427734375, 6728.3779296875, 6730.1044921875, 6728.3583984375, 6727.8876953125, 6725.81396484375, 6738.0, 6748.3486328125, 6756.21484375, 6759.9501953125, 6762.99072265625, 6761.17626953125, 6757.26806640625, 6750.2548828125, 6743.63427734375, 6735.5263671875, 6729.16748046875, 6725.07470703125, 6719.21240234375, 6710.04541015625, 6753.513671875, 6808.15576171875, 6858.51416015625, 6889.84765625, 6890.93603515625, 6865.7919921875, 6824.47802734375, 6783.26318359375, 6751.65966796875, 6738.13671875, 6738.3515625, 6737.310546875, 6735.7607421875, 6720.44140625, 6688.90185546875, 6642.3798828125, 6592.56640625, 6552.3720703125, 6519.59619140625, 6493.9072265625, 6484.0546875, 6483.876953125, 6487.130859375, 6489.1240234375, 6485.935546875, 6487.05126953125, 6488.4345703125, 6495.296875, 6510.30810546875, 6525.6259765625, 6535.47607421875, 6537.1337890625, 6532.3642578125, 6523.80322265625, 6512.5166015625, 6511.3662109375, 6722.98876953125, 6749.814453125, 6742.4658203125, 6726.86572265625, 6696.53125, 6641.5712890625, 6585.15087890625, 6539.1650390625, 6504.3427734375, 6479.8984375, 6452.36767578125, 6467.13330078125, 6484.3486328125], "lower": [7049.7548828125, 5775.0859375, 5963.44921875, 6329.3583984375, 6336.35595703125, 6055.5625, 5804.87451171875, 5483.79248046875, 5754.69091796875, 5794.88232421875, 5804.88623046875, 5516.25, 5603.94140625, 5564.1884765625, 5716.38232421875, 5739.3466796875, 5531.72119140625, 5458.7802734375, 5409.744140625, 5484.4443359375, 5426.0732421875, 5394.81640625, 5330.82177734375, 5505.25537109375, 5582.21435546875, 5528.53076171875, 5372.5888671875, 5314.9970703125, 5377.82373046875, 5498.2197265625, 5573.12646484375, 5676.23876953125, 5761.37255859375, 5791.38037109375, 5825.33349609375, 5853.76318359375, 5848.5126953125, 5847.65234375, 5851.97119140625, 5867.4169921875, 5889.85205078125, 5907.6884765625, 5943.56005859375, 5966.0498046875, 6013.7314453125, 6082.7294921875, 6147.28466796875, 6181.634765625, 6196.814453125, 6202.83056640625, 6202.240234375, 6195.291015625, 6179.40234375, 6156.84033203125, 6131.87451171875, 6132.42431640625, 6145.2392578125, 6146.2412109375, 6161.953125, 6177.6025390625, 6191.685546875, 6202.38818359375, 6206.3154296875, 6216.375, 6214.74169921875, 6223.994140625, 6207.451171875, 6207.6640625, 6243.9599609375, 6283.4404296875, 6319.38671875, 6334.0595703125, 6357.2255859375, 6379.1923828125, 6396.685546875, 6424.6826171875, 6437.40283203125, 6449.40087890625, 6465.46826171875, 6469.7451171875, 6475.3974609375, 6481.5380859375, 6482.5390625, 6483.07861328125, 6473.552734375, 6455.34765625, 6477.6748046875, 6469.60791015625, 6460.70166015625, 6453.6474609375, 6447.59716796875, 6443.0166015625, 6433.25634765625, 6423.84326171875, 6430.390625, 6436.955078125, 6436.8330078125, 6436.08544921875, 6421.42822265625, 6394.07568359375]}