{"mean": [7495.72900390625, 7067.982584635417, 6943.436360677083, 6984.608723958333, 7073.076171875, 7061.219075520833, 7014.623046875, 6953.195963541667, 6887.210774739583, 6852.572428385417, 6880.795735677083, 6926.53515625, 6940.95703125, 6927.95068359375, 6934.8447265625, 6925.597819010417, 6871.15283203125, 6783.373209635417, 6804.354329427083, 6736.496419270833, 6720.944173177083, 6729.803059895833, 6745.654296875, 6741.764973958333, 6815.5078125, 6802.41357421875, 6710.004231770833, 6668.958170572917, 6664.04296875, 6663.609537760417, 6662.19140625, 6645.701334635417, 6640.621419270833, 6640.815104166667, 6631.971516927083, 6620.1552734375, 6624.040364583333, 6628.572265625, 6648.563313802083, 6722.62548828125, 6691.89501953125, 6589.204752604167, 6578.783854166667, 6579.80322265625, 6655.640787760417, 6685.925130208333, 6702.018229166667, 6578.0107421875, 6568.470703125, 6599.970703125, 6652.2724609375, 6668.43359375, 6685.936848958333, 6685.301106770833, 6654.778971354167, 6618.69140625, 6600.577962239583, 6591.482584635417, 6580.130859375, 6572.454915364583, 6569.1083984375, 6566.502604166667, 6560.385904947917, 6549.83349609375, 6526.195638020833, 6502.920084635417, 6487.539713541667, 6485.37744140625, 6489.95361328125, 6497.5830078125, 6506.332194010417, 6500.911783854167, 6497.95068359375, 6499.150716145833, 6499.96044921875, 6499.028645833333, 6504.250162760417, 6523.983072916667, 6536.15087890625, 6540.533040364583, 6540.78466796875, 6540.758463541667, 6534.974772135417, 6520.705078125, 6505.23388671875, 6499.15966796875, 6498.262044270833, 6497.17041015625, 6497.732747395833, 6505.83837890625, 6513.493489583333, 6524.81884765625, 6533.572428385417, 6524.628580729167, 6515.697428385417, 6509.0576171875, 6500.53076171875, 6495.374837239583, 6497.598470052083, 6506.7578125], "upper": [8235.25390625, 7320.88671875, 7268.9853515625, 7227.07763671875, 7209.888671875, 7162.71533203125, 7122.66455078125, 7080.81787109375, 7027.09423828125, 6962.16455078125, 6921.4248046875, 7138.78759765625, 7261.28955078125, 7265.76171875, 7164.05859375, 7014.88916015625, 6985.04296875, 6956.30126953125, 7085.9599609375, 6910.666015625, 6854.98095703125, 6863.73095703125, 6909.572265625, 6918.73974609375, 7200.748046875, 7206.130859375, 6980.0751953125, 6910.6396484375, 6946.5263671875, 6962.89892578125, 7006.55322265625, 7030.64404296875, 7074.7939453125, 7107.89453125, 7097.6171875, 7125.69580078125, 7148.37841796875, 7135.0908203125, 7129.86328125, 7339.42041015625, 7322.783203125, 7091.3310546875, 7072.6435546875, 7046.1416015625, 7232.154296875, 7224.576171875, 7204.400390625, 6970.48583984375, 6976.57421875, 7045.236328125, 7205.5244140625, 7251.919921875, 7300.47998046875, 7312.81591796875, 7265.5576171875, 7180.84814453125, 7105.0498046875, 7066.9208984375, 7046.2451171875, 7044.5419921875, 7053.11328125, 7045.345703125, 7018.4716796875, 6972.83935546875, 6887.828125, 6812.306640625, 6782.83349609375, 6794.34423828125, 6810.64599609375, 6828.845703125, 6851.12548828125, 6833.2607421875, 6820.58447265625, 6822.79443359375, 6827.12060546875, 6829.1201171875, 6845.1103515625, 6904.32861328125, 6936.65869140625, 6953.4228515625, 6957.4189453125, 6947.4775390625, 6922.18896484375, 6880.54541015625, 6831.2158203125, 6804.74658203125, 6801.0244140625, 6800.40869140625, 6800.3876953125, 6820.15380859375, 6858.923828125, 6889.9853515625, 6900.34375, 6888.986328125, 6865.14599609375, 6836.6201171875, 6814.65625, 6808.09423828125, 6813.337890625, 6831.814453125], "lower": [6826.6708984375, 6878.51611328125, 6738.13232421875, 6753.12255859375, 6815.1689453125, 6858.60791015625, 6915.26416015625, 6874.4560546875, 6772.6669921875, 6754.64794921875, 6835.6591796875, 6797.806640625, 6717.03173828125, 6650.71044921875, 6733.2470703125, 6806.30615234375, 6802.08251953125, 6665.22265625, 6649.892578125, 6613.68017578125, 6584.3349609375, 6571.38330078125, 6554.7578125, 6543.39013671875, 6518.294921875, 6520.4580078125, 6505.130859375, 6497.08544921875, 6494.0, 6509.1962890625, 6479.31787109375, 6437.41796875, 6367.3896484375, 6313.7802734375, 6310.24560546875, 6292.4541015625, 6309.32470703125, 6341.72265625, 6405.7763671875, 6408.12060546875, 6346.462890625, 6279.8017578125, 6274.05322265625, 6306.533203125, 6349.0869140625, 6391.6484375, 6396.3671875, 6360.04052734375, 6329.93408203125, 6335.93994140625, 6327.1630859375, 6339.31201171875, 6352.06640625, 6331.02783203125, 6300.626953125, 6290.60205078125, 6315.390625, 6327.7353515625, 6312.4970703125, 6288.63232421875, 6275.62890625, 6278.1162109375, 6287.33935546875, 6299.82421875, 6308.66064453125, 6305.42626953125, 6292.56787109375, 6279.96533203125, 6271.3369140625, 6269.07861328125, 6273.28369140625, 6277.0615234375, 6279.87109375, 6279.435546875, 6277.18359375, 6281.0146484375, 6285.4580078125, 6288.26171875, 6288.728515625, 6289.86572265625, 6288.4130859375, 6293.5546875, 6290.876953125, 6289.45166015625, 6292.27392578125, 6293.09423828125, 6291.2412109375, 6293.7333984375, 6294.1943359375, 6292.99365234375, 6294.8984375, 6295.02099609375, 6294.6220703125, 6296.1396484375, 6295.49951171875, 6295.65283203125, 6296.677734375, 6294.935546875, 6294.59423828125, 6295.0322265625]}