{"mean": [16865.631510416668, 16305.265950520834, 16260.178059895834, 16310.689127604166, 16261.695638020834, 16196.590169270834, 16112.575846354166, 15956.990885416666, 15906.2841796875, 15989.250651041666, 15964.8916015625, 15866.563802083334, 15726.003255208334, 15749.698893229166, 15805.5244140625, 15827.198567708334, 15708.677083333334, 15605.959635416666, 15542.176106770834, 15536.823567708334, 15560.139973958334, 15542.5625, 15476.219075520834, 15421.735026041666, 15397.737630208334, 15435.6826171875, 15422.300130208334, 15387.693684895834, 15377.922200520834, 15362.080729166666, 15304.495442708334, 15242.090494791666, 15193.011067708334, 15188.34765625, 15182.355794270834, 15157.820638020834, 15151.0234375, 15167.443359375, 15197.257486979166, 15227.345052083334, 15253.048177083334, 15268.661783854166, 15288.275716145834, 15334.965169270834, 15356.448893229166, 15354.044270833334, 15354.0947265625, 15373.84375, 15385.5625, 15378.728841145834, 15381.064127604166, 15398.6708984375, 15414.32421875, 15409.017252604166, 15398.682942708334, 15393.221028645834, 15391.791666666666, 15394.033854166666, 15403.298828125, 15415.952473958334, 15425.859375, 15447.697265625, 15452.159505208334, 15432.517578125, 15456.183268229166, 15468.030924479166, 15495.179361979166, 15540.9580078125, 15590.248372395834, 15639.081380208334, 15705.69921875, 15734.278971354166, 15725.9208984375, 15727.756184895834, 15743.4580078125, 15764.859700520834, 15782.559244791666, 15791.599934895834, 15786.104166666666, 15780.155598958334, 15785.4287109375, 15780.613932291666, 15748.542643229166, 15705.532552083334, 15666.044921875, 15650.072265625, 15638.501302083334, 15622.275716145834, 15594.093098958334, 15567.858723958334, 15549.503255208334, 15533.502604166666, 15524.5576171875, 15519.515625, 15523.248046875, 15535.989583333334, 15539.235026041666, 15532.605143229166, 15519.716796875, 15509.03515625], "upper": [18950.5625, 17432.572265625, 17525.255859375, 17924.146484375, 18021.185546875, 17869.2109375, 17567.8359375, 17128.884765625, 17012.41796875, 17345.646484375, 17417.46484375, 17269.271484375, 16976.142578125, 16814.65234375, 16916.25, 16995.158203125, 16914.703125, 16752.9453125, 16586.994140625, 16570.103515625, 16595.837890625, 16531.263671875, 16410.275390625, 16270.193359375, 16222.8466796875, 16264.87109375, 16221.580078125, 16110.2001953125, 16037.0556640625, 15979.7548828125, 15939.384765625, 15857.2548828125, 15751.404296875, 15664.9423828125, 15625.21875, 15603.603515625, 15602.375, 15592.4541015625, 15577.904296875, 15559.072265625, 15530.587890625, 15497.71875, 15481.4599609375, 15490.7412109375, 15489.37109375, 15517.6494140625, 15567.6611328125, 15633.232421875, 15659.5927734375, 15616.556640625, 15562.1142578125, 15573.3310546875, 15614.9873046875, 15667.458984375, 15732.7138671875, 15786.5966796875, 15819.623046875, 15842.3681640625, 15871.646484375, 15913.103515625, 15966.6962890625, 16077.99609375, 16144.2685546875, 16122.6005859375, 16201.0615234375, 16214.2041015625, 16245.490234375, 16299.8662109375, 16319.373046875, 16326.2802734375, 16345.3984375, 16335.8251953125, 16329.65625, 16334.6171875, 16331.8271484375, 16326.810546875, 16324.009765625, 16319.482421875, 16307.21484375, 16295.8125, 16288.9248046875, 16266.78515625, 16220.51953125, 16182.412109375, 16156.1708984375, 16141.2578125, 16132.4453125, 16121.2060546875, 16089.3837890625, 16059.427734375, 16041.8193359375, 16022.126953125, 16008.513671875, 15999.9619140625, 15998.5703125, 15983.8623046875, 15955.8583984375, 15920.208984375, 15895.08203125, 15892.7861328125], "lower": [15750.181640625, 15731.82421875, 15614.990234375, 15482.029296875, 15304.5693359375, 15312.5009765625, 15341.0234375, 15290.140625, 15242.9580078125, 15169.005859375, 15064.5400390625, 14981.923828125, 14949.8876953125, 15165.3515625, 15188.6982421875, 15242.3701171875, 15023.5224609375, 14919.42578125, 14900.4482421875, 14912.431640625, 14928.087890625, 14927.20703125, 14915.515625, 14897.27734375, 14876.8076171875, 14848.171875, 14828.1318359375, 14865.390625, 15012.3359375, 15035.814453125, 14907.0234375, 14807.58984375, 14763.984375, 14748.9521484375, 14757.6552734375, 14777.1630859375, 14814.39453125, 14880.8193359375, 14989.99609375, 15016.3095703125, 15010.66796875, 15011.2744140625, 15038.0078125, 15111.6552734375, 15117.216796875, 15056.40625, 14999.125, 14984.5517578125, 14984.6005859375, 14994.57421875, 15036.515625, 15107.0205078125, 15151.1591796875, 15126.43359375, 15076.56640625, 15050.890625, 15051.408203125, 15076.3935546875, 15128.87890625, 15149.6064453125, 15099.9326171875, 15064.0625, 15039.009765625, 15020.4453125, 15008.0537109375, 15000.150390625, 15002.9794921875, 15009.8671875, 15024.4111328125, 15042.4697265625, 15067.458984375, 15098.033203125, 15141.9853515625, 15184.255859375, 15223.2724609375, 15258.8798828125, 15285.818359375, 15304.443359375, 15302.388671875, 15292.8486328125, 15276.94921875, 15244.267578125, 15190.3447265625, 15138.857421875, 15100.4765625, 15042.6650390625, 14999.697265625, 14971.2998046875, 14948.1494140625, 14934.34375, 14928.8134765625, 14930.5185546875, 14938.185546875, 14945.4453125, 14959.87109375, 14977.72265625, 14997.1669921875, 15018.072265625, 15034.001953125, 15043.97265625]}