{"mean": [959.1247965494791, 968.1431884765625, 979.1885782877604, 977.5497639973959, 976.3778076171875, 976.6051432291666, 977.5359903971354, 979.0836181640625, 981.0433146158854, 982.4972737630209, 982.9128011067709, 982.5169067382812, 982.5401000976562, 982.6338907877604, 982.8744506835938, 983.46142578125, 984.3936360677084, 985.2659098307291, 986.0033365885416, 986.3932291666666, 986.6710001627604, 986.6115112304688, 986.3663126627604, 985.9894002278646, 985.6094360351562, 985.3354899088541, 985.111328125, 984.9068603515625, 984.7423909505209, 984.6121622721354, 984.48583984375, 984.4013875325521, 984.3520304361979, 984.3179321289062, 984.316650390625, 984.2718302408854, 984.2646484375, 984.2726847330729, 984.2936604817709, 984.3135579427084, 984.3465372721354, 984.3957112630209, 984.446044921875, 984.5108642578125, 984.5718587239584, 984.6404825846354, 984.7170613606771, 984.7911987304688, 984.8829142252604, 984.9720865885416, 985.0613199869791, 985.1608479817709, 985.2574869791666, 985.3447875976562, 985.4338582356771, 985.520751953125, 985.6145426432291, 985.6922403971354, 985.7504272460938, 985.8193766276041, 985.8768717447916, 985.9361979166666, 985.9972330729166, 986.0483805338541, 986.0970662434896, 986.1460367838541, 986.1899617513021, 986.2379150390625, 986.2781168619791, 986.3133341471354, 986.3552042643229, 986.3915812174479, 986.4382731119791, 986.4683837890625, 986.5054524739584, 986.5285441080729, 986.5560913085938, 986.5864054361979, 986.6113077799479, 986.6397298177084, 986.6590372721354, 986.6752522786459, 986.6932983398438, 986.7201944986979, 986.7459309895834, 986.778076171875, 986.8029174804688, 986.8250935872396, 986.8529663085938, 986.8800455729166, 986.9079182942709, 986.9303385416666, 986.9541219075521, 986.9755249023438, 987.0029703776041, 987.0234985351562, 987.0406697591146, 987.0512288411459, 987.0626627604166, 987.0759684244791], "upper": [991.7501220703125, 990.9732666015625, 990.2557983398438, 989.9412841796875, 989.76416015625, 989.5750732421875, 989.4297485351562, 989.3196411132812, 989.250244140625, 989.1924438476562, 989.1350708007812, 989.095458984375, 988.9456176757812, 988.725830078125, 988.4971313476562, 988.232177734375, 987.9412231445312, 987.7869873046875, 987.59130859375, 987.3239135742188, 987.00048828125, 986.9253540039062, 986.5000610351562, 986.4664916992188, 986.5602416992188, 986.6990966796875, 986.8187255859375, 986.9425659179688, 987.0825805664062, 987.2462158203125, 987.39208984375, 987.5689697265625, 987.7345581054688, 987.89794921875, 988.061279296875, 988.2166137695312, 988.3973999023438, 988.5723266601562, 988.767333984375, 988.9478759765625, 989.132568359375, 989.3123779296875, 989.4866333007812, 989.6658325195312, 989.844970703125, 990.0068359375, 990.177490234375, 990.3375244140625, 990.4921875, 990.6629638671875, 990.8283081054688, 991.008544921875, 991.1919555664062, 991.3738403320312, 991.5603637695312, 991.7381591796875, 991.93701171875, 992.109619140625, 992.2544555664062, 992.4150390625, 992.5536499023438, 992.7142944335938, 992.875, 993.01513671875, 993.1561279296875, 993.302734375, 993.4306640625, 993.5758666992188, 993.72705078125, 993.8472900390625, 993.9901733398438, 994.1182250976562, 994.27392578125, 994.3994140625, 994.5294189453125, 994.6282958984375, 994.7335815429688, 994.835693359375, 994.9266357421875, 995.0222778320312, 995.0989990234375, 995.1680908203125, 995.2372436523438, 995.31640625, 995.3812866210938, 995.4564819335938, 995.5208740234375, 995.5808715820312, 995.6422119140625, 995.7066650390625, 995.7662353515625, 995.8216552734375, 995.8836059570312, 995.9365844726562, 995.98828125, 996.0399169921875, 996.0921630859375, 996.1370849609375, 996.1836547851562, 996.22412109375], "lower": [899.2935791015625, 926.9449462890625, 959.7753295898438, 954.4889526367188, 952.115478515625, 953.2384033203125, 956.4067993164062, 961.3274536132812, 967.4259643554688, 971.962646484375, 973.3688354492188, 972.3082885742188, 972.5772094726562, 973.1106567382812, 974.06591796875, 976.10107421875, 979.1837158203125, 981.919189453125, 984.3004150390625, 985.6887817382812, 986.2281494140625, 986.2904052734375, 986.2161865234375, 985.6926879882812, 984.8980712890625, 984.365966796875, 983.9679565429688, 983.6078491210938, 983.3084106445312, 983.0601806640625, 982.816650390625, 982.6116943359375, 982.52880859375, 982.482421875, 982.3758544921875, 982.1941528320312, 982.0606079101562, 981.9725952148438, 981.8966064453125, 981.8408203125, 981.81103515625, 981.8056030273438, 981.83740234375, 981.9010620117188, 981.9176025390625, 981.8790893554688, 981.8634033203125, 981.8339233398438, 981.8164672851562, 981.8005981445312, 981.789794921875, 981.796630859375, 981.7969360351562, 981.7969970703125, 981.795166015625, 981.801025390625, 981.8179321289062, 981.8335571289062, 981.8383178710938, 981.8660278320312, 981.885986328125, 981.8953247070312, 981.919677734375, 981.943603515625, 981.958740234375, 981.979248046875, 982.0029296875, 982.0335693359375, 982.0514526367188, 982.0718994140625, 982.106201171875, 982.1203002929688, 982.1371459960938, 982.1432495117188, 982.1580200195312, 982.162353515625, 982.160400390625, 982.176513671875, 982.1806030273438, 982.1790161132812, 982.1787109375, 982.1749267578125, 982.16455078125, 982.1703491210938, 982.1705932617188, 982.171630859375, 982.1683959960938, 982.1668701171875, 982.169189453125, 982.1734619140625, 982.1737670898438, 982.177490234375, 982.175048828125, 982.1749267578125, 982.1846313476562, 982.1869506835938, 982.1829223632812, 982.184814453125, 982.1845092773438, 982.1885986328125]}