{"mean": [9647.505208333334, 9623.7958984375, 9612.502278645834, 9599.80859375, 9593.615559895834, 9591.6123046875, 9590.944010416666, 9589.745442708334, 9586.6298828125, 9581.240885416666, 9573.232421875, 9564.4619140625, 9555.31640625, 9546.025065104166, 9535.5205078125, 9523.576822916666, 9512.519205729166, 9503.0078125, 9494.708658854166, 9486.855794270834, 9479.601888020834, 9472.894205729166, 9467.50390625, 9463.334309895834, 9460.529947916666, 9458.523763020834, 9457.118815104166, 9456.005208333334, 9455.378580729166, 9455.111328125, 9455.1689453125, 9455.410807291666, 9455.784505208334, 9455.855794270834, 9456.274739583334, 9456.549479166666, 9457.529947916666, 9458.416015625, 9459.224283854166, 9459.952473958334, 9460.4912109375, 9460.927083333334, 9461.2236328125, 9461.4296875, 9461.711588541666, 9461.69921875, 9461.685872395834, 9461.810221354166, 9461.783203125, 9461.841145833334, 9461.847330729166, 9461.853190104166, 9461.971354166666, 9462.012369791666, 9462.124674479166, 9462.218424479166, 9462.330078125, 9462.411458333334, 9462.649739583334, 9462.724934895834, 9462.983072916666, 9463.137044270834, 9463.3349609375, 9463.451497395834, 9463.625, 9463.795247395834, 9463.965494791666, 9464.245768229166, 9464.538411458334, 9464.727213541666, 9464.931640625, 9465.151692708334, 9465.485677083334, 9465.5625, 9465.947591145834, 9466.177083333334, 9466.479817708334, 9466.668619791666, 9466.792317708334, 9467.0234375, 9467.306640625, 9467.628580729166, 9467.803059895834, 9468.013020833334, 9468.111979166666, 9468.1669921875, 9468.2958984375, 9468.2978515625, 9468.423502604166, 9468.461263020834, 9468.648763020834, 9468.7333984375, 9468.76953125, 9468.843098958334, 9468.867513020834, 9468.795572916666, 9468.905598958334, 9469.0908203125, 9469.184895833334, 9469.279947916666], "upper": [9881.4169921875, 9854.783203125, 9847.669921875, 9829.4189453125, 9824.1728515625, 9821.6845703125, 9822.6357421875, 9820.8330078125, 9813.0859375, 9798.0546875, 9775.3505859375, 9750.1220703125, 9724.6015625, 9699.703125, 9671.8828125, 9641.5283203125, 9611.97265625, 9584.5380859375, 9560.9853515625, 9539.2109375, 9519.3056640625, 9501.3818359375, 9487.203125, 9476.73046875, 9470.2841796875, 9465.607421875, 9463.216796875, 9463.3671875, 9463.478515625, 9463.7880859375, 9464.0205078125, 9464.3671875, 9464.8642578125, 9465.333984375, 9465.78515625, 9466.2294921875, 9466.7841796875, 9467.578125, 9468.2021484375, 9468.80859375, 9469.4912109375, 9470.3828125, 9471.0439453125, 9471.7958984375, 9472.796875, 9473.5126953125, 9474.2421875, 9475.1767578125, 9475.8916015625, 9476.9384765625, 9477.634765625, 9478.3974609375, 9479.4267578125, 9480.19140625, 9481.2255859375, 9481.9736328125, 9482.7548828125, 9483.7060546875, 9484.4111328125, 9485.41015625, 9486.046875, 9486.9609375, 9487.65625, 9488.42578125, 9489.1845703125, 9489.916015625, 9490.59765625, 9491.3251953125, 9492.240234375, 9492.7294921875, 9493.5068359375, 9494.2666015625, 9494.8232421875, 9495.5029296875, 9496.23046875, 9496.6953125, 9497.388671875, 9498.0537109375, 9498.654296875, 9499.1279296875, 9499.62890625, 9500.1484375, 9500.6689453125, 9501.1884765625, 9501.666015625, 9501.962890625, 9502.4384765625, 9502.7001953125, 9503.13671875, 9503.515625, 9503.876953125, 9504.244140625, 9504.599609375, 9504.912109375, 9505.109375, 9505.4287109375, 9505.73046875, 9505.9296875, 9506.2177734375, 9506.5244140625], "lower": [9516.6630859375, 9502.900390625, 9494.0595703125, 9478.3037109375, 9467.9130859375, 9466.68359375, 9465.783203125, 9465.33203125, 9464.986328125, 9464.791015625, 9464.5595703125, 9464.5478515625, 9464.3251953125, 9464.2412109375, 9464.1142578125, 9463.9921875, 9461.6787109375, 9460.662109375, 9459.474609375, 9457.8642578125, 9456.0166015625, 9453.953125, 9452.037109375, 9450.095703125, 9448.1474609375, 9446.7421875, 9445.771484375, 9445.099609375, 9444.8173828125, 9445.2353515625, 9446.228515625, 9447.4423828125, 9449.0419921875, 9450.6455078125, 9450.71875, 9449.4375, 9450.2021484375, 9450.791015625, 9451.4716796875, 9452.1669921875, 9452.8818359375, 9453.470703125, 9453.87109375, 9454.48046875, 9455.1572265625, 9455.56640625, 9455.0341796875, 9454.046875, 9452.755859375, 9451.548828125, 9450.5908203125, 9449.865234375, 9449.18359375, 9448.5341796875, 9447.869140625, 9447.4892578125, 9447.1962890625, 9446.6318359375, 9446.8251953125, 9446.55078125, 9446.6826171875, 9446.6328125, 9446.6435546875, 9446.6640625, 9446.4921875, 9446.7705078125, 9446.638671875, 9447.205078125, 9447.35546875, 9447.697265625, 9447.859375, 9447.9580078125, 9448.45703125, 9448.455078125, 9448.7646484375, 9448.97265625, 9449.138671875, 9449.3037109375, 9449.3642578125, 9449.5888671875, 9449.63671875, 9449.890625, 9449.875, 9449.9326171875, 9449.7744140625, 9449.6826171875, 9449.59765625, 9449.359375, 9449.2998046875, 9449.01171875, 9449.1982421875, 9449.048828125, 9448.81640625, 9448.716796875, 9448.6494140625, 9448.341796875, 9448.3623046875, 9448.7177734375, 9448.724609375, 9448.697265625]}