{"mean": [1668.0249430338542, 1634.6398518880208, 1613.76513671875, 1598.6341145833333, 1587.4575602213542, 1578.7179768880208, 1571.6102294921875, 1573.4642333984375, 1573.010498046875, 1564.2412109375, 1554.8951416015625, 1551.5160319010417, 1547.88818359375, 1543.9078776041667, 1540.0176188151042, 1540.793701171875, 1560.794677734375, 1592.335693359375, 1595.6940511067708, 1597.854736328125, 1618.3119710286458, 1615.9521891276042, 1613.5662434895833, 1611.5565592447917, 1609.56103515625, 1608.017578125, 1606.43798828125, 1604.8211263020833, 1603.4477132161458, 1602.1787109375, 1601.02099609375, 1599.7994384765625, 1599.0326741536458, 1598.3245849609375, 1597.5243326822917, 1596.5081787109375, 1595.8770751953125, 1595.1876220703125, 1594.8865559895833, 1595.0006103515625, 1594.83154296875, 1594.5644938151042, 1595.0885823567708, 1594.8215738932292, 1595.281005859375, 1595.6033935546875, 1595.9483235677083, 1596.4497477213542, 1596.9541015625, 1597.3346354166667, 1597.8961181640625, 1598.3450520833333, 1598.8893229166667, 1599.2758382161458, 1599.82861328125, 1600.1217447916667, 1600.52587890625, 1600.990966796875, 1601.2495524088542, 1601.6606038411458, 1601.8961181640625, 1602.1458740234375, 1602.3624267578125, 1602.5380859375, 1602.7055257161458, 1602.8634440104167, 1602.9265950520833, 1603.026123046875, 1603.0824788411458, 1603.1100260416667, 1603.0967610677083, 1603.1563313802083, 1603.213134765625, 1603.260009765625, 1603.2773844401042, 1603.29638671875, 1603.3518880208333, 1603.755615234375, 1603.6549072265625, 1603.7325846354167, 1603.8423665364583, 1603.8388671875, 1603.8858235677083, 1603.9503580729167, 1604.0378824869792, 1604.1122639973958, 1604.21337890625, 1604.2361653645833, 1604.3800455729167, 1604.5328369140625, 1604.6217854817708, 1604.7694498697917, 1604.8680826822917, 1604.8998616536458, 1604.9904378255208, 1605.190185546875, 1604.8876546223958, 1604.7703043619792, 1605.0955810546875, 1605.1182454427083], "upper": [1728.776123046875, 1641.4215087890625, 1633.1259765625, 1630.97314453125, 1629.75390625, 1628.5780029296875, 1627.8831787109375, 1627.47509765625, 1627.074462890625, 1626.88720703125, 1626.731689453125, 1626.3375244140625, 1626.0706787109375, 1625.815185546875, 1625.1385498046875, 1624.4864501953125, 1623.485107421875, 1622.872314453125, 1622.10205078125, 1620.911865234375, 1640.1763916015625, 1634.2718505859375, 1628.1201171875, 1623.5181884765625, 1619.0284423828125, 1615.72900390625, 1612.569091796875, 1609.51708984375, 1607.0008544921875, 1604.8189697265625, 1602.85888671875, 1602.3658447265625, 1603.3062744140625, 1604.210693359375, 1605.0084228515625, 1605.7723388671875, 1606.5545654296875, 1606.5411376953125, 1607.270751953125, 1609.0081787109375, 1609.729248046875, 1609.574951171875, 1611.26123046875, 1610.8701171875, 1611.76416015625, 1612.3587646484375, 1612.9447021484375, 1613.7979736328125, 1614.35498046875, 1615.150390625, 1615.6719970703125, 1616.148681640625, 1616.8900146484375, 1617.32080078125, 1617.9879150390625, 1618.4403076171875, 1618.8143310546875, 1619.458251953125, 1619.8321533203125, 1620.4287109375, 1620.77294921875, 1621.3365478515625, 1621.6248779296875, 1622.14599609375, 1622.490966796875, 1622.8680419921875, 1623.1890869140625, 1623.4974365234375, 1623.9102783203125, 1624.0684814453125, 1624.474853515625, 1624.8590087890625, 1624.9697265625, 1625.311279296875, 1625.6529541015625, 1625.7801513671875, 1626.146240234375, 1627.518310546875, 1627.7596435546875, 1627.9254150390625, 1628.104248046875, 1628.375244140625, 1628.63427734375, 1628.8719482421875, 1629.101806640625, 1629.1650390625, 1629.39306640625, 1629.4852294921875, 1629.679443359375, 1629.8544921875, 1630.01806640625, 1630.19189453125, 1630.4010009765625, 1630.537109375, 1630.5198974609375, 1630.6693115234375, 1629.7530517578125, 1629.7825927734375, 1630.916015625, 1631.0455322265625], "lower": [1634.9259033203125, 1626.6624755859375, 1590.5565185546875, 1555.06201171875, 1528.4918212890625, 1505.94189453125, 1487.2388916015625, 1494.605224609375, 1494.7685546875, 1469.6077880859375, 1442.527099609375, 1433.281982421875, 1423.197998046875, 1411.752197265625, 1400.9644775390625, 1404.0093994140625, 1464.92236328125, 1559.9791259765625, 1570.611083984375, 1578.0203857421875, 1595.10400390625, 1595.5823974609375, 1596.1102294921875, 1596.6046142578125, 1597.2606201171875, 1597.92724609375, 1598.5355224609375, 1599.306396484375, 1600.0242919921875, 1600.849853515625, 1598.62109375, 1595.9818115234375, 1594.1490478515625, 1592.1475830078125, 1590.5003662109375, 1588.682373046875, 1587.149658203125, 1586.083740234375, 1585.28759765625, 1584.7418212890625, 1584.5003662109375, 1584.4954833984375, 1584.8271484375, 1585.2760009765625, 1586.2412109375, 1587.034912109375, 1587.0364990234375, 1586.7156982421875, 1586.5928955078125, 1586.027587890625, 1585.901123046875, 1585.87841796875, 1585.8704833984375, 1585.8660888671875, 1585.87744140625, 1585.9866943359375, 1585.9998779296875, 1586.229736328125, 1586.398681640625, 1586.6439208984375, 1586.886474609375, 1587.036376953125, 1587.39208984375, 1587.4781494140625, 1587.7520751953125, 1588.2298583984375, 1588.3096923828125, 1588.54052734375, 1588.802734375, 1589.115234375, 1589.237060546875, 1589.4075927734375, 1589.64990234375, 1589.8612060546875, 1589.9405517578125, 1590.019287109375, 1590.0518798828125, 1590.2174072265625, 1589.9521484375, 1589.9476318359375, 1590.2135009765625, 1590.0911865234375, 1590.025390625, 1589.98583984375, 1589.9541015625, 1589.948974609375, 1589.9232177734375, 1589.9228515625, 1589.931884765625, 1589.935791015625, 1589.9329833984375, 1589.969482421875, 1590.00439453125, 1590.018310546875, 1590.07470703125, 1590.1800537109375, 1590.1865234375, 1590.183837890625, 1590.1810302734375, 1590.203857421875]}