{"mean": [3100.2437337239585, 3091.7959798177085, 3064.5723470052085, 3055.0563151041665, 3045.7394205729165, 3044.3165690104165, 3037.693359375, 3024.9198404947915, 3009.9111328125, 2989.773681640625, 2965.7312825520835, 2947.1902669270835, 2938.0592447916665, 2935.6185709635415, 2940.7992350260415, 2954.0811360677085, 2969.9285481770835, 2986.25048828125, 3001.7255045572915, 3012.3115234375, 3022.1519368489585, 3025.2659505208335, 3021.806884765625, 3014.011962890625, 3006.6708984375, 3002.0350748697915, 2998.6344401041665, 2995.5299479166665, 2992.8407389322915, 2990.4249674479165, 2988.3860677083335, 2986.8395182291665, 2986.0951334635415, 2986.4835611979165, 2987.1930338541665, 2988.8390299479165, 2987.791015625, 2986.46337890625, 2985.4676920572915, 2984.8509114583335, 2984.6277669270835, 2984.8318684895835, 2985.3853352864585, 2986.3487955729165, 2987.4706217447915, 2988.908203125, 2990.4937337239585, 2992.2141927083335, 2994.0107421875, 2995.8910319010415, 2997.8533528645835, 2999.8079427083335, 3001.703125, 3003.521728515625, 3005.28466796875, 3006.9099934895835, 3008.5025227864585, 3009.9588216145835, 3011.2520345052085, 3012.485107421875, 3013.5406087239585, 3014.5647786458335, 3015.46533203125, 3016.3068033854165, 3017.054931640625, 3017.6844075520835, 3018.26416015625, 3018.71826171875, 3019.1697591145835, 3019.5497233072915, 3019.9628092447915, 3020.2655436197915, 3020.5777994791665, 3020.8529459635415, 3021.0557454427085, 3021.2777506510415, 3021.447021484375, 3021.6410319010415, 3021.8470052083335, 3022.02685546875, 3022.1471354166665, 3022.2759602864585, 3022.4444173177085, 3022.6787923177085, 3023.0374348958335, 3023.4474283854165, 3023.8656412760415, 3024.3042805989585, 3024.731689453125, 3025.21044921875, 3025.6383463541665, 3026.0607096354165, 3026.5243326822915, 3026.9120279947915, 3027.321533203125, 3027.6485188802085, 3027.8512369791665, 3027.9104817708335, 3028.0183919270835, 3028.1268717447915], "upper": [3362.642822265625, 3318.601318359375, 3209.170166015625, 3158.623291015625, 3154.278076171875, 3156.039306640625, 3140.413818359375, 3104.361083984375, 3059.716796875, 3047.4560546875, 3052.286376953125, 3057.74365234375, 3063.67919921875, 3070.758544921875, 3082.1943359375, 3097.749755859375, 3105.295654296875, 3103.94140625, 3101.7021484375, 3098.720458984375, 3095.009033203125, 3090.60009765625, 3085.68505859375, 3080.111572265625, 3074.001220703125, 3067.35498046875, 3060.275390625, 3052.9189453125, 3045.41015625, 3037.49609375, 3029.25341796875, 3021.158935546875, 3013.3193359375, 3005.892822265625, 2999.526611328125, 3007.388916015625, 3006.2001953125, 3003.340576171875, 3000.56396484375, 2997.94384765625, 2995.4052734375, 2993.1259765625, 2991.0478515625, 2989.240966796875, 2991.70703125, 2994.29443359375, 2996.847900390625, 2999.36279296875, 3001.80517578125, 3004.20068359375, 3006.669189453125, 3009.40185546875, 3012.820068359375, 3015.9150390625, 3018.687744140625, 3021.049560546875, 3023.1455078125, 3024.78125, 3025.944091796875, 3026.902587890625, 3028.911376953125, 3030.89697265625, 3032.865966796875, 3034.794189453125, 3036.729248046875, 3038.572265625, 3040.40576171875, 3042.157958984375, 3043.970703125, 3045.607177734375, 3047.31982421875, 3048.898193359375, 3050.4345703125, 3051.95361328125, 3053.3408203125, 3054.630859375, 3055.843017578125, 3057.02587890625, 3058.14697265625, 3059.262939453125, 3060.2490234375, 3061.24755859375, 3062.1689453125, 3063.09375, 3063.956298828125, 3064.784912109375, 3065.611083984375, 3066.33642578125, 3067.081787109375, 3067.82958984375, 3068.502197265625, 3069.17529296875, 3069.85595703125, 3070.46923828125, 3071.0947265625, 3071.69921875, 3072.313232421875, 3072.853759765625, 3073.445556640625, 3073.99169921875], "lower": [2869.499267578125, 2903.124755859375, 2945.640869140625, 2970.566162109375, 2947.240234375, 2940.866455078125, 2935.153564453125, 2930.513916015625, 2926.647705078125, 2923.50634765625, 2921.133544921875, 2864.4951171875, 2832.50146484375, 2818.9130859375, 2823.345458984375, 2847.587158203125, 2887.15283203125, 2918.1533203125, 2919.3095703125, 2920.784912109375, 2922.53076171875, 2924.55859375, 2926.859130859375, 2929.3671875, 2932.06689453125, 2934.901123046875, 2937.799560546875, 2940.777099609375, 2943.8251953125, 2946.942626953125, 2950.150146484375, 2953.419921875, 2956.594482421875, 2959.81201171875, 2962.971923828125, 2966.04443359375, 2969.157470703125, 2972.175048828125, 2975.15283203125, 2978.078369140625, 2977.544677734375, 2977.6796875, 2978.66455078125, 2980.64794921875, 2983.22900390625, 2986.022216796875, 2984.755859375, 2983.577392578125, 2982.50048828125, 2981.682373046875, 2981.14501953125, 2980.941162109375, 2980.8359375, 2980.88134765625, 2981.077880859375, 2981.343994140625, 2981.813720703125, 2982.36181640625, 2982.98828125, 2983.760498046875, 2984.455322265625, 2985.32666015625, 2986.117919921875, 2986.98779296875, 2987.769287109375, 2988.685791015625, 2989.607666015625, 2990.500244140625, 2991.428466796875, 2992.28662109375, 2993.131103515625, 2993.794677734375, 2994.416259765625, 2994.927734375, 2995.2861328125, 2995.6259765625, 2995.88525390625, 2996.1708984375, 2996.327880859375, 2996.336669921875, 2996.189453125, 2996.007568359375, 2995.788330078125, 2995.622314453125, 2995.467041015625, 2995.42041015625, 2995.398681640625, 2995.3896484375, 2995.381591796875, 2995.4404296875, 2995.54443359375, 2995.65576171875, 2995.798828125, 2995.921142578125, 2996.0556640625, 2996.149169921875, 2996.189453125, 2996.19921875, 2996.173583984375, 2996.1328125]}