{"mean": [2660.44580078125, 2656.0938313802085, 2645.7286783854165, 2646.5789388020835, 2640.7242024739585, 2642.0819498697915, 2636.6792805989585, 2625.6185709635415, 2613.51318359375, 2593.9544270833335, 2566.3684895833335, 2544.4082845052085, 2530.6380208333335, 2524.5968424479165, 2527.0145670572915, 2538.759033203125, 2553.0565592447915, 2567.0834147135415, 2582.262939453125, 2592.9473470052085, 2604.9138997395835, 2609.4391276041665, 2608.067138671875, 2602.8619791666665, 2599.5050455729165, 2599.7450358072915, 2601.7272135416665, 2603.724609375, 2605.7633463541665, 2607.7908528645835, 2609.763427734375, 2611.8140462239585, 2613.8228352864585, 2616.4983723958335, 2619.32373046875, 2623.336669921875, 2623.2847493489585, 2622.3948567708335, 2621.5987955729165, 2621.0074055989585, 2620.4840494791665, 2620.2339680989585, 2620.012939453125, 2620.111328125, 2620.3089192708335, 2620.5863444010415, 2621.05419921875, 2621.7176920572915, 2622.2373860677085, 2622.8693033854165, 2623.46484375, 2624.0497233072915, 2624.6026204427085, 2624.9750162760415, 2625.3750813802085, 2625.7142740885415, 2626.076171875, 2626.4246419270835, 2626.8296712239585, 2627.1805013020835, 2627.6109212239585, 2628.0091145833335, 2628.361083984375, 2628.759033203125, 2629.1268717447915, 2629.5000813802085, 2629.8811848958335, 2630.26708984375, 2630.759521484375, 2631.0875651041665, 2631.4998372395835, 2631.8056640625, 2632.174560546875, 2632.2977701822915, 2632.6294759114585, 2632.845703125, 2633.0443522135415, 2633.2251790364585, 2633.3409016927085, 2633.4632161458335, 2633.6443684895835, 2633.853271484375, 2633.9635416666665, 2634.1471354166665, 2634.35302734375, 2634.54736328125, 2634.77734375, 2634.9772135416665, 2635.199462890625, 2635.4042154947915, 2635.70703125, 2635.911865234375, 2636.12158203125, 2636.32470703125, 2636.5210774739585, 2636.5675455729165, 2636.7057291666665, 2636.8728841145835, 2636.968017578125, 2637.0662434895835], "upper": [2982.6298828125, 2952.152099609375, 2879.62841796875, 2843.9296875, 2842.6396484375, 2839.470703125, 2817.1806640625, 2777.590087890625, 2734.59716796875, 2668.74462890625, 2592.15576171875, 2600.159912109375, 2609.39501953125, 2620.707275390625, 2639.43408203125, 2664.16650390625, 2678.185546875, 2678.626953125, 2679.32080078125, 2680.03662109375, 2680.91943359375, 2681.78076171875, 2682.72998046875, 2683.72998046875, 2684.822509765625, 2685.092529296875, 2685.312744140625, 2685.046142578125, 2684.41845703125, 2683.69970703125, 2682.90380859375, 2682.149169921875, 2680.694091796875, 2678.027587890625, 2675.13916015625, 2672.214111328125, 2674.610107421875, 2674.125244140625, 2673.4013671875, 2672.638916015625, 2671.77294921875, 2670.95458984375, 2669.82373046875, 2669.18994140625, 2668.410888671875, 2668.82763671875, 2670.6455078125, 2672.768798828125, 2674.605712890625, 2676.39208984375, 2677.932373046875, 2679.43310546875, 2680.614013671875, 2681.246337890625, 2681.66357421875, 2682.07275390625, 2682.363037109375, 2682.31298828125, 2682.732177734375, 2682.67138671875, 2682.87109375, 2682.89599609375, 2682.88916015625, 2682.85400390625, 2682.602294921875, 2682.651611328125, 2682.30859375, 2682.3671875, 2682.21142578125, 2682.108642578125, 2681.910400390625, 2681.637451171875, 2681.556640625, 2681.0791015625, 2680.963623046875, 2680.758056640625, 2680.45849609375, 2680.2470703125, 2680.0107421875, 2679.75390625, 2679.64013671875, 2679.542724609375, 2679.423095703125, 2679.4423828125, 2679.5625, 2679.732421875, 2679.82763671875, 2680.0751953125, 2680.24853515625, 2680.27392578125, 2680.6513671875, 2680.7109375, 2680.7548828125, 2680.859130859375, 2681.03173828125, 2680.836669921875, 2680.8203125, 2681.0068359375, 2680.902587890625, 2680.833740234375], "lower": [2408.6513671875, 2447.11279296875, 2503.189453125, 2539.51806640625, 2519.492919921875, 2522.622802734375, 2524.58154296875, 2525.91845703125, 2527.003662109375, 2527.818603515625, 2528.624755859375, 2503.626953125, 2452.51513671875, 2422.54248046875, 2410.68310546875, 2420.9130859375, 2449.59423828125, 2491.167236328125, 2531.46923828125, 2531.3486328125, 2531.293701171875, 2531.102294921875, 2530.833251953125, 2530.481689453125, 2530.234375, 2529.85498046875, 2529.393798828125, 2528.99755859375, 2528.514404296875, 2528.052001953125, 2527.592041015625, 2527.173828125, 2526.787353515625, 2526.453125, 2526.05419921875, 2525.687255859375, 2525.443603515625, 2525.36181640625, 2525.16552734375, 2525.034912109375, 2524.8857421875, 2524.90673828125, 2524.899658203125, 2524.9453125, 2525.1328125, 2525.265869140625, 2525.42333984375, 2525.799072265625, 2526.020751953125, 2526.3662109375, 2526.761962890625, 2527.13916015625, 2527.68017578125, 2528.12451171875, 2528.7783203125, 2529.347412109375, 2529.873779296875, 2530.66357421875, 2531.298828125, 2532.07421875, 2532.75146484375, 2533.526611328125, 2534.248779296875, 2535.104248046875, 2536.002197265625, 2536.8173828125, 2537.6689453125, 2538.49951171875, 2539.543212890625, 2540.312744140625, 2541.341064453125, 2542.25830078125, 2543.00634765625, 2543.955810546875, 2544.76171875, 2545.3701171875, 2546.05615234375, 2546.785400390625, 2547.468017578125, 2548.08349609375, 2548.64501953125, 2549.3037109375, 2549.927490234375, 2550.552490234375, 2551.168212890625, 2551.62353515625, 2552.22802734375, 2552.59228515625, 2553.1025390625, 2553.637451171875, 2554.07275390625, 2554.552734375, 2555.03173828125, 2555.420166015625, 2555.754638671875, 2556.20556640625, 2556.605224609375, 2556.91064453125, 2557.323974609375, 2557.71044921875]}