{"mean": [930.1175740559896, 939.7636108398438, 950.2292683919271, 946.8186442057291, 944.4949747721354, 944.6498616536459, 945.9365030924479, 947.36474609375, 949.0245768229166, 950.1612955729166, 950.1998901367188, 949.8355102539062, 949.720703125, 949.4663289388021, 949.2212727864584, 949.1793823242188, 949.4971720377604, 950.0901896158854, 950.5871175130209, 950.8174845377604, 950.943603515625, 950.7590942382812, 950.3997599283854, 949.9325968424479, 949.5192667643229, 949.2567952473959, 949.0616251627604, 948.8884684244791, 948.7488606770834, 948.6393839518229, 948.5403645833334, 948.4727579752604, 948.4228922526041, 948.3951619466146, 948.3743896484375, 948.3037516276041, 948.302734375, 948.3309326171875, 948.3652140299479, 948.3915812174479, 948.4285685221354, 948.4752604166666, 948.5206298828125, 948.5772298177084, 948.6244506835938, 948.6791381835938, 948.7377319335938, 948.7954305013021, 948.8659464518229, 948.9333902994791, 948.9964192708334, 949.0740152994791, 949.1526285807291, 949.2196044921875, 949.2928670247396, 949.360107421875, 949.4386800130209, 949.4963582356771, 949.5400594075521, 949.5966389973959, 949.6393839518229, 949.6921590169271, 949.7442016601562, 949.7867635091146, 949.8263346354166, 949.8656819661459, 949.9041544596354, 949.9474487304688, 949.9873250325521, 950.0155029296875, 950.0554606119791, 950.0848795572916, 950.1267903645834, 950.1555582682291, 950.1924641927084, 950.2177734375, 950.2451578776041, 950.2767537434896, 950.3007405598959, 950.3279622395834, 950.3520914713541, 950.3662719726562, 950.3862915039062, 950.4119669596354, 950.4354654947916, 950.4640706380209, 950.4850463867188, 950.505615234375, 950.5321451822916, 950.5538533528646, 950.5803629557291, 950.5999959309896, 950.6207478841146, 950.6408284505209, 950.6649373372396, 950.6824340820312, 950.6978759765625, 950.7104085286459, 950.7225138346354, 950.7375284830729], "upper": [956.3802490234375, 955.07763671875, 954.1422119140625, 953.8134155273438, 953.6281127929688, 953.4168701171875, 953.2557373046875, 953.1233520507812, 953.0164794921875, 952.911865234375, 952.7999267578125, 952.6764526367188, 952.4298095703125, 952.1019287109375, 951.7603759765625, 951.3640747070312, 950.9951782226562, 950.8599243164062, 950.6695556640625, 951.5482788085938, 952.173828125, 951.9157104492188, 951.1332397460938, 950.7340698242188, 950.8133544921875, 950.9263916015625, 951.02783203125, 951.1396484375, 951.2574462890625, 951.3995361328125, 951.5226440429688, 951.6781616210938, 951.8275146484375, 951.9769897460938, 952.1237182617188, 952.2608642578125, 952.4102783203125, 952.5704956054688, 952.7421264648438, 952.8878784179688, 953.0458374023438, 953.196533203125, 953.3421020507812, 953.4891967773438, 953.6347045898438, 953.7702026367188, 953.91845703125, 954.0512084960938, 954.1762084960938, 954.330078125, 954.4708862304688, 954.6199340820312, 954.778564453125, 954.9285278320312, 955.0982666015625, 955.2405395507812, 955.4151611328125, 955.5595092773438, 955.6743774414062, 955.8135986328125, 955.9203491210938, 956.0675048828125, 956.20361328125, 956.32861328125, 956.4489135742188, 956.5665283203125, 956.683349609375, 956.8099365234375, 956.9486083984375, 957.0498657226562, 957.1846313476562, 957.293212890625, 957.4336547851562, 957.5486450195312, 957.670654296875, 957.7685546875, 957.8692626953125, 957.9702758789062, 958.0548095703125, 958.1444091796875, 958.2208862304688, 958.282958984375, 958.3487548828125, 958.4227905273438, 958.4855346679688, 958.5552978515625, 958.6160888671875, 958.6709594726562, 958.7326049804688, 958.7940673828125, 958.8510131835938, 958.9031372070312, 958.9634399414062, 959.0138549804688, 959.06787109375, 959.1163940429688, 959.16455078125, 959.2080688476562, 959.2548828125, 959.2955322265625], "lower": [881.2384033203125, 912.1582641601562, 944.0088500976562, 933.8408203125, 928.4310913085938, 929.3268432617188, 933.5601806640625, 938.128173828125, 943.35009765625, 946.9683837890625, 947.2784423828125, 946.3839111328125, 946.3289794921875, 945.918212890625, 945.5262451171875, 945.7950439453125, 947.1134643554688, 948.9943237304688, 950.447998046875, 950.4239501953125, 950.1243896484375, 949.774658203125, 949.4041748046875, 949.0288696289062, 948.6409912109375, 948.2628173828125, 947.9401245117188, 947.6461791992188, 947.3731079101562, 947.1475219726562, 946.95654296875, 946.8135986328125, 946.6511840820312, 946.5071411132812, 946.3975219726562, 946.2845458984375, 946.2053833007812, 946.1600952148438, 946.1200561523438, 946.0848388671875, 946.0662841796875, 946.05908203125, 946.07861328125, 946.1177368164062, 946.0902099609375, 946.0672607421875, 946.0623168945312, 946.0445556640625, 946.0411376953125, 946.028076171875, 946.0174560546875, 946.027099609375, 946.0313720703125, 946.03125, 946.023193359375, 946.0272827148438, 946.0397338867188, 946.0513305664062, 946.0485229492188, 946.0723876953125, 946.0829467773438, 946.0870971679688, 946.107666015625, 946.1197509765625, 946.125732421875, 946.1358032226562, 946.14697265625, 946.1649169921875, 946.1743774414062, 946.1842041015625, 946.2030029296875, 946.208251953125, 946.2199096679688, 946.2210083007812, 946.23193359375, 946.232666015625, 946.22607421875, 946.2357177734375, 946.2381591796875, 946.2372436523438, 946.240478515625, 946.2378540039062, 946.2321166992188, 946.2399291992188, 946.2387084960938, 946.2386474609375, 946.2379150390625, 946.237548828125, 946.2378540039062, 946.2415161132812, 946.243896484375, 946.2454223632812, 946.243408203125, 946.2407836914062, 946.246337890625, 946.248046875, 946.2435302734375, 946.2447509765625, 946.2454223632812, 946.248779296875]}