{"mean": [8717.3876953125, 8684.032552083334, 8662.272786458334, 8652.989908854166, 8649.120768229166, 8646.962239583334, 8645.007486979166, 8642.380859375, 8637.60546875, 8631.079427083334, 8623.032552083334, 8614.626302083334, 8605.595703125, 8596.558919270834, 8586.299153645834, 8574.3974609375, 8563.022135416666, 8552.917643229166, 8544.121419270834, 8536.038411458334, 8528.658528645834, 8522.135091145834, 8517.104166666666, 8513.4013671875, 8511.0107421875, 8509.266927083334, 8508.056966145834, 8507.116536458334, 8506.629557291666, 8506.472005208334, 8506.628580729166, 8506.938151041666, 8507.361653645834, 8507.4609375, 8507.900390625, 8508.245768229166, 8509.227213541666, 8510.085286458334, 8510.859049479166, 8511.560872395834, 8512.0625, 8512.4521484375, 8512.703125, 8512.852213541666, 8513.087239583334, 8513.019856770834, 8512.9482421875, 8513.014973958334, 8512.917317708334, 8512.907552083334, 8512.850911458334, 8512.778971354166, 8512.819010416666, 8512.792643229166, 8512.831705729166, 8512.8583984375, 8512.891276041666, 8512.9150390625, 8513.109375, 8513.128255208334, 8513.34375, 8513.444986979166, 8513.591145833334, 8513.664388020834, 8513.798502604166, 8513.9296875, 8514.061197916666, 8514.298502604166, 8514.551106770834, 8514.711588541666, 8514.876302083334, 8515.067057291666, 8515.359049479166, 8515.406901041666, 8515.7548828125, 8515.959309895834, 8516.234375, 8516.391927083334, 8516.491536458334, 8516.6953125, 8516.954752604166, 8517.262044270834, 8517.416666666666, 8517.600911458334, 8517.6767578125, 8517.702799479166, 8517.810546875, 8517.792317708334, 8517.891276041666, 8517.907552083334, 8518.068359375, 8518.133463541666, 8518.148763020834, 8518.2021484375, 8518.202799479166, 8518.11328125, 8518.2080078125, 8518.380208333334, 8518.462565104166, 8518.542317708334], "upper": [9000.1787109375, 8942.625, 8903.6611328125, 8895.578125, 8895.7421875, 8892.357421875, 8889.0751953125, 8882.705078125, 8869.736328125, 8851.0859375, 8828.072265625, 8803.73828125, 8778.2724609375, 8753.78515625, 8726.3564453125, 8695.7333984375, 8664.859375, 8635.5439453125, 8610.341796875, 8587.6630859375, 8567.1318359375, 8549.4658203125, 8536.0703125, 8526.6953125, 8521.1806640625, 8517.0263671875, 8514.1513671875, 8512.2275390625, 8512.220703125, 8512.388671875, 8512.498046875, 8512.689453125, 8513.037109375, 8513.357421875, 8513.6611328125, 8513.96875, 8514.3740234375, 8515.0078125, 8515.4599609375, 8515.9208984375, 8516.4453125, 8517.1865234375, 8517.7021484375, 8518.306640625, 8519.162109375, 8519.7421875, 8520.32421875, 8521.1259765625, 8521.7158203125, 8522.6083984375, 8523.1640625, 8523.77734375, 8524.6484375, 8525.2626953125, 8526.126953125, 8526.7333984375, 8527.33984375, 8528.146484375, 8528.736328125, 8529.5966796875, 8530.126953125, 8530.8935546875, 8531.453125, 8532.0966796875, 8532.7353515625, 8533.349609375, 8533.9140625, 8534.515625, 8535.2919921875, 8535.6796875, 8536.322265625, 8536.9736328125, 8537.3896484375, 8537.9541015625, 8538.5595703125, 8538.9267578125, 8539.51953125, 8540.0830078125, 8540.599609375, 8540.9833984375, 8541.408203125, 8541.865234375, 8542.3203125, 8542.765625, 8543.1806640625, 8543.4072265625, 8543.822265625, 8544.029296875, 8544.404296875, 8544.7216796875, 8545.0263671875, 8545.3408203125, 8545.6357421875, 8545.8984375, 8546.0419921875, 8546.3125, 8546.56640625, 8546.7216796875, 8546.962890625, 8547.228515625], "lower": [8560.283203125, 8547.8232421875, 8541.5224609375, 8525.501953125, 8516.4873046875, 8515.4775390625, 8514.7900390625, 8514.4892578125, 8514.279296875, 8514.1875, 8514.0380859375, 8514.1015625, 8513.921875, 8513.8623046875, 8513.7373046875, 8513.61328125, 8510.68359375, 8509.8017578125, 8508.8046875, 8507.4404296875, 8505.892578125, 8504.1787109375, 8502.6328125, 8501.06640625, 8499.5068359375, 8498.4794921875, 8497.8310546875, 8497.453125, 8497.4443359375, 8498.087890625, 8499.271484375, 8500.62890625, 8502.390625, 8504.138671875, 8504.1171875, 8503.0712890625, 8503.9091796875, 8504.529296875, 8505.23828125, 8505.96484375, 8506.7080078125, 8507.30078125, 8507.7294921875, 8508.3623046875, 8509.0673828125, 8509.4990234375, 8508.8017578125, 8507.7568359375, 8506.375, 8505.1064453125, 8504.08984375, 8503.2900390625, 8502.5361328125, 8501.8349609375, 8501.1123046875, 8500.6767578125, 8500.3349609375, 8499.75390625, 8499.927734375, 8499.646484375, 8499.767578125, 8499.7109375, 8499.72265625, 8499.751953125, 8499.587890625, 8499.8759765625, 8499.7568359375, 8500.337890625, 8500.5166015625, 8500.884765625, 8501.0810546875, 8501.205078125, 8501.73046875, 8501.7578125, 8502.08984375, 8502.3203125, 8502.498046875, 8502.6796875, 8502.7548828125, 8502.986328125, 8503.0419921875, 8503.3125, 8503.296875, 8503.359375, 8503.1923828125, 8503.083984375, 8502.99609375, 8502.7509765625, 8502.673828125, 8502.3857421875, 8502.5517578125, 8502.3974609375, 8502.1611328125, 8502.048828125, 8501.96875, 8501.6591796875, 8501.6767578125, 8502.0390625, 8502.0576171875, 8502.029296875]}