{"mean": [5760.689453125, 5747.889811197917, 5710.301106770833, 5701.635091145833, 5686.4638671875, 5686.3984375, 5674.372721354167, 5650.538411458333, 5623.42431640625, 5583.728190104167, 5532.099772135417, 5491.598470052083, 5468.697265625, 5460.21533203125, 5467.813639322917, 5492.840006510417, 5522.985188802083, 5553.333984375, 5583.988444010417, 5605.2587890625, 5627.065755208333, 5634.705078125, 5629.8740234375, 5616.8740234375, 5606.175944010417, 5601.779947916667, 5600.361653645833, 5599.25439453125, 5598.604166666667, 5598.2158203125, 5598.1494140625, 5598.653483072917, 5599.91796875, 5602.98193359375, 5606.516927083333, 5612.175618489583, 5611.075846354167, 5608.8583984375, 5607.066569010417, 5605.8583984375, 5605.11181640625, 5605.06591796875, 5605.398274739583, 5606.4599609375, 5607.779622395833, 5609.494466145833, 5611.548014322917, 5613.931966145833, 5616.248046875, 5618.760416666667, 5621.318196614583, 5623.857584635417, 5626.305826822917, 5628.496744791667, 5630.659830729167, 5632.6240234375, 5634.578776041667, 5636.383463541667, 5638.081705729167, 5639.665690104167, 5641.151529947917, 5642.574055989583, 5643.826497395833, 5645.065755208333, 5646.181803385417, 5647.184407552083, 5648.145345052083, 5648.985188802083, 5649.929036458333, 5650.637369791667, 5651.462565104167, 5652.071126302083, 5652.75244140625, 5653.150716145833, 5653.685221354167, 5654.12353515625, 5654.491536458333, 5654.866373697917, 5655.188151041667, 5655.490071614583, 5655.79150390625, 5656.129069010417, 5656.407877604167, 5656.826009114583, 5657.390462239583, 5657.99462890625, 5658.642903645833, 5659.281412760417, 5659.931315104167, 5660.614583333333, 5661.345377604167, 5661.97265625, 5662.645833333333, 5663.236979166667, 5663.842610677083, 5664.215983072917, 5664.556803385417, 5664.783528645833, 5664.986490885417, 5665.193033854167], "upper": [6345.2724609375, 6270.75341796875, 6088.798828125, 6002.552734375, 5996.91796875, 5995.509765625, 5957.5947265625, 5881.951171875, 5794.31396484375, 5667.103515625, 5644.4423828125, 5657.9033203125, 5673.07421875, 5691.4658203125, 5721.62841796875, 5761.916015625, 5783.4814453125, 5782.568359375, 5781.02294921875, 5778.7568359375, 5775.9287109375, 5772.380859375, 5768.4150390625, 5763.841796875, 5758.82373046875, 5752.447265625, 5745.587890625, 5737.96484375, 5729.82861328125, 5721.19580078125, 5712.1572265625, 5703.30810546875, 5694.013671875, 5683.92041015625, 5674.2197265625, 5679.49755859375, 5680.810546875, 5677.4658203125, 5673.96533203125, 5670.5830078125, 5667.17822265625, 5664.08056640625, 5660.87158203125, 5658.4306640625, 5655.88671875, 5655.2353515625, 5660.52294921875, 5666.47119140625, 5672.33203125, 5678.18212890625, 5683.67822265625, 5688.8349609375, 5693.43408203125, 5697.1611328125, 5700.3515625, 5703.1220703125, 5705.5087890625, 5707.09423828125, 5708.67626953125, 5709.4638671875, 5710.1259765625, 5710.36669921875, 5710.30126953125, 5709.9921875, 5709.2685546875, 5708.44677734375, 5707.087890625, 5705.86376953125, 5704.3212890625, 5702.8642578125, 5701.34765625, 5699.7412109375, 5698.439453125, 5696.7568359375, 5695.50390625, 5694.33447265625, 5693.0712890625, 5691.9736328125, 5691.0771484375, 5690.23486328125, 5689.64306640625, 5689.115234375, 5688.798828125, 5688.7626953125, 5689.25146484375, 5689.869140625, 5690.4150390625, 5691.26171875, 5691.98046875, 5692.63525390625, 5693.51953125, 5694.06201171875, 5694.6728515625, 5695.205078125, 5695.845703125, 5695.93359375, 5695.87109375, 5695.685546875, 5695.3388671875, 5695.08984375], "lower": [5278.150390625, 5350.2373046875, 5448.830078125, 5510.083984375, 5466.7333984375, 5463.4892578125, 5459.7353515625, 5456.4326171875, 5453.6513671875, 5451.3251953125, 5449.75830078125, 5368.1220703125, 5285.0166015625, 5241.45556640625, 5234.0283203125, 5268.5, 5336.7470703125, 5427.82421875, 5450.77880859375, 5452.1337890625, 5453.82421875, 5455.6611328125, 5457.6923828125, 5459.8486328125, 5462.30126953125, 5464.755859375, 5467.193359375, 5469.7744140625, 5472.33984375, 5474.99462890625, 5477.7421875, 5480.59375, 5483.3818359375, 5486.26513671875, 5489.0263671875, 5491.7314453125, 5494.60107421875, 5497.537109375, 5500.318359375, 5503.11328125, 5505.8193359375, 5508.5966796875, 5511.34326171875, 5514.1025390625, 5516.83984375, 5519.560546875, 5522.271484375, 5525.162109375, 5527.826171875, 5530.56689453125, 5533.43115234375, 5536.2197265625, 5539.1337890625, 5541.8935546875, 5544.86669921875, 5547.68359375, 5550.421875, 5553.39697265625, 5556.12255859375, 5558.9765625, 5561.6630859375, 5564.423828125, 5567.11474609375, 5569.8984375, 5572.7314453125, 5575.3896484375, 5578.07470703125, 5580.6572265625, 5583.513671875, 5585.919921875, 5588.6611328125, 5591.15625, 5593.44091796875, 5595.9091796875, 5598.1025390625, 5600.0009765625, 5601.8994140625, 5603.8115234375, 5605.615234375, 5607.3466796875, 5608.89404296875, 5610.55126953125, 5612.0966796875, 5613.646484375, 5615.12451171875, 5616.408203125, 5617.8388671875, 5618.9287109375, 5620.1845703125, 5621.466796875, 5622.5751953125, 5623.72802734375, 5624.8876953125, 5625.8896484375, 5626.849609375, 5627.90478515625, 5628.91845703125, 5629.7646484375, 5630.76953125, 5631.7021484375]}