{"mean": [15292.706705729166, 14195.710611979166, 13990.953776041666, 14089.338216145834, 14188.7880859375, 14083.615234375, 13927.056966145834, 13758.943684895834, 13558.362955729166, 13389.703776041666, 13297.838216145834, 13377.590494791666, 13330.408203125, 13202.150065104166, 12939.844401041666, 12797.915364583334, 12820.931315104166, 12779.962239583334, 12786.458658854166, 12788.892252604166, 12751.3046875, 12656.523763020834, 12559.769856770834, 12464.623046875, 12368.605143229166, 12356.110026041666, 12288.49609375, 12227.482421875, 12187.7451171875, 12161.884765625, 12173.741861979166, 12161.8583984375, 12182.452799479166, 12264.083984375, 12199.26171875, 12049.722981770834, 11904.638346354166, 11794.578450520834, 11765.6796875, 11844.623697916666, 11922.454752604166, 11948.408203125, 11908.381510416666, 11862.256184895834, 11961.233723958334, 11932.663736979166, 11906.5986328125, 11931.710286458334, 11941.296223958334, 11827.046223958334, 11843.664713541666, 11864.277018229166, 11866.153971354166, 11897.652018229166, 11901.5947265625, 11869.022786458334, 11807.849934895834, 11775.871744791666, 11777.820638020834, 11787.174153645834, 11824.899088541666, 11868.477864583334, 11873.722005208334, 11831.890950520834, 11774.254557291666, 11736.398763020834, 11732.3271484375, 11756.2705078125, 11789.802734375, 11810.134114583334, 11806.524088541666, 11789.824544270834, 11768.249348958334, 11809.997395833334, 11745.728841145834, 11764.861328125, 11803.813151041666, 11830.482747395834, 11840.948893229166, 11809.520182291666, 11771.199544270834, 11756.563151041666, 11767.6904296875, 11777.717447916666, 11782.597330729166, 11765.602864583334, 11741.527669270834, 11726.1064453125, 11626.679361979166, 11685.697265625, 11731.176432291666, 11708.2109375, 11717.016276041666, 11732.0263671875, 11753.514973958334, 11684.095703125, 11638.959309895834, 11699.916341145834, 11714.348307291666, 11732.031901041666], "upper": [16044.9423828125, 15784.6337890625, 15589.8994140625, 15414.4296875, 15267.693359375, 15165.5205078125, 15049.474609375, 14935.9775390625, 14777.03125, 14566.974609375, 14291.052734375, 14052.091796875, 13802.8359375, 13524.72265625, 13417.8583984375, 13301.3984375, 13323.544921875, 13297.2705078125, 13279.427734375, 13242.21484375, 13169.5400390625, 13036.236328125, 12912.56640625, 12814.8408203125, 12792.27734375, 12737.3662109375, 12660.298828125, 12583.5390625, 12550.220703125, 12510.7275390625, 12472.66015625, 12459.6533203125, 12450.123046875, 12748.373046875, 12737.54296875, 12504.4384765625, 12060.326171875, 11929.6796875, 11983.3291015625, 12011.6845703125, 12320.181640625, 12148.6552734375, 12206.8828125, 12024.26953125, 12313.9140625, 12204.484375, 12096.5341796875, 12230.4423828125, 12338.4560546875, 12045.7783203125, 12036.736328125, 12077.5546875, 12171.8359375, 12257.3779296875, 12272.50390625, 12215.6787109375, 12109.94921875, 12052.423828125, 12046.6396484375, 12067.4716796875, 12137.2275390625, 12222.623046875, 12235.845703125, 12171.298828125, 12088.1298828125, 12045.0078125, 12052.921875, 12102.150390625, 12167.0185546875, 12202.1474609375, 12172.4794921875, 12115.318359375, 12082.099609375, 12077.7890625, 12093.712890625, 12120.9765625, 12140.4609375, 12140.9208984375, 12119.03515625, 12093.048828125, 12077.9921875, 12077.69921875, 12090.4697265625, 12107.4912109375, 12117.6396484375, 12112.3828125, 12098.119140625, 12081.6396484375, 12077.380859375, 12083.1494140625, 12116.984375, 12150.4267578125, 12144.44921875, 12174.6318359375, 12158.392578125, 12099.6591796875, 12047.4072265625, 12068.9912109375, 12102.5498046875, 12123.630859375], "lower": [13848.5390625, 12883.876953125, 12660.294921875, 13248.7890625, 13527.3369140625, 13496.7978515625, 13277.6123046875, 12917.4140625, 12489.30078125, 12303.728515625, 12292.5478515625, 12691.236328125, 12836.849609375, 12798.0849609375, 12204.0087890625, 12017.3583984375, 12162.0927734375, 12136.90625, 12184.828125, 12263.201171875, 12261.42578125, 12187.3564453125, 12067.916015625, 11937.4677734375, 11734.875, 11802.421875, 11702.22265625, 11637.2939453125, 11633.236328125, 11631.4794921875, 11722.6611328125, 11696.373046875, 11704.86328125, 11652.5751953125, 11598.67578125, 11618.4501953125, 11664.482421875, 11621.1787109375, 11655.044921875, 11666.8740234375, 11616.3955078125, 11580.8583984375, 11606.74609375, 11611.689453125, 11613.947265625, 11639.0556640625, 11679.0654296875, 11649.3603515625, 11611.75, 11585.4873046875, 11579.755859375, 11598.302734375, 11560.6513671875, 11541.818359375, 11492.3212890625, 11484.333984375, 11510.8876953125, 11553.439453125, 11590.7255859375, 11592.5244140625, 11588.01953125, 11580.29296875, 11576.439453125, 11552.3388671875, 11502.6787109375, 11462.5625, 11449.2666015625, 11453.84765625, 11451.9453125, 11446.5517578125, 11458.259765625, 11482.3603515625, 11480.853515625, 11468.5458984375, 11487.5263671875, 11521.8798828125, 11563.3564453125, 11557.279296875, 11579.3017578125, 11563.0400390625, 11541.5908203125, 11514.681640625, 11504.322265625, 11449.6826171875, 11406.4453125, 11396.814453125, 11398.6845703125, 11393.435546875, 11124.123046875, 11258.33203125, 11258.2998046875, 11168.4951171875, 11216.171875, 11223.873046875, 11318.8740234375, 11224.875, 11177.333984375, 11330.1796875, 11338.966796875, 11405.4375]}