{"mean": [10195.249348958334, 10137.997721354166, 10103.607096354166, 10077.65234375, 10053.013671875, 10035.174479166666, 10020.396484375, 10009.6748046875, 9994.1328125, 9988.644205729166, 10006.315104166666, 10026.157552083334, 10044.779296875, 10051.985026041666, 10041.93359375, 10044.0703125, 10050.384440104166, 10061.587239583334, 10065.341471354166, 10053.306315104166, 10046.3798828125, 10042.2880859375, 10034.7431640625, 10027.840169270834, 10022.122395833334, 10019.8935546875, 10017.509114583334, 10017.584635416666, 10017.305989583334, 10017.158854166666, 10017.53515625, 10018.711588541666, 10020.000325520834, 10021.810546875, 10024.501302083334, 10026.6337890625, 10028.545247395834, 10030.773111979166, 10032.662109375, 10033.845052083334, 10032.091145833334, 10032.742513020834, 10034.228190104166, 10036.050130208334, 10037.564778645834, 10038.967447916666, 10039.332682291666, 10038.952473958334, 10038.113606770834, 10036.4873046875, 10035.189778645834, 10034.154947916666, 10032.235677083334, 10031.615234375, 10030.0791015625, 10028.932942708334, 10027.8701171875, 10026.879231770834, 10025.494791666666, 10024.745442708334, 10024.045247395834, 10023.485026041666, 10023.1416015625, 10023.021809895834, 10023.036783854166, 10023.457356770834, 10024.020182291666, 10024.4853515625, 10025.259114583334, 10025.9189453125, 10026.5400390625, 10026.881510416666, 10027.280924479166, 10027.421223958334, 10027.5244140625, 10027.387369791666, 10027.0693359375, 10026.741861979166, 10025.9716796875, 10025.019205729166, 10023.344401041666, 10023.147135416666, 10022.782877604166, 10022.407877604166, 10022.5029296875, 10022.666015625, 10023.0439453125, 10023.713541666666, 10024.3935546875, 10025.292643229166, 10026.216471354166, 10027.247721354166, 10028.035807291666, 10028.685221354166, 10029.268229166666, 10029.683919270834, 10029.732747395834, 10029.474934895834, 10028.8837890625, 10028.34765625], "upper": [10707.146484375, 10535.8212890625, 10428.3359375, 10354.0751953125, 10296.7783203125, 10255.7646484375, 10224.2607421875, 10199.607421875, 10179.21875, 10176.880859375, 10212.6015625, 10252.0, 10293.091796875, 10302.853515625, 10265.599609375, 10266.009765625, 10268.28515625, 10286.23046875, 10284.0283203125, 10262.560546875, 10243.783203125, 10219.8447265625, 10185.9482421875, 10153.22265625, 10123.5673828125, 10102.7802734375, 10080.69140625, 10069.3740234375, 10074.330078125, 10081.75, 10089.1083984375, 10094.9560546875, 10100.3388671875, 10105.60546875, 10110.8310546875, 10116.4453125, 10121.814453125, 10127.1162109375, 10131.5966796875, 10134.7197265625, 10137.0146484375, 10138.4423828125, 10138.873046875, 10138.7421875, 10138.181640625, 10137.1953125, 10135.4599609375, 10133.7138671875, 10131.4287109375, 10128.9521484375, 10126.4521484375, 10124.1435546875, 10121.32421875, 10118.806640625, 10115.638671875, 10112.642578125, 10109.9521484375, 10107.123046875, 10103.2080078125, 10100.908203125, 10098.9423828125, 10096.8759765625, 10095.150390625, 10093.7841796875, 10092.9248046875, 10092.4921875, 10092.314453125, 10092.27734375, 10092.4033203125, 10092.6572265625, 10093.1962890625, 10093.732421875, 10094.4345703125, 10094.8984375, 10095.8271484375, 10096.533203125, 10096.6259765625, 10096.5048828125, 10095.94921875, 10095.029296875, 10091.9755859375, 10092.8740234375, 10093.1162109375, 10092.576171875, 10092.7265625, 10093.064453125, 10093.53125, 10094.3212890625, 10095.0078125, 10096.1025390625, 10097.1611328125, 10098.2412109375, 10099.15234375, 10100.1494140625, 10101.3505859375, 10102.1787109375, 10102.5576171875, 10102.5546875, 10102.0546875, 10101.412109375], "lower": [9917.1240234375, 9924.1455078125, 9933.576171875, 9934.4072265625, 9924.353515625, 9919.9931640625, 9917.208984375, 9913.0634765625, 9887.837890625, 9875.25390625, 9893.5654296875, 9912.859375, 9913.978515625, 9915.046875, 9916.12890625, 9916.3203125, 9916.435546875, 9916.5390625, 9916.169921875, 9916.3515625, 9916.15234375, 9916.4599609375, 9916.7109375, 9917.126953125, 9917.4111328125, 9917.7021484375, 9917.8349609375, 9917.9130859375, 9917.75, 9917.869140625, 9917.7939453125, 9917.8642578125, 9917.806640625, 9918.09765625, 9918.244140625, 9918.2314453125, 9917.8720703125, 9918.0498046875, 9917.755859375, 9917.7529296875, 9917.7529296875, 9917.87109375, 9917.8896484375, 9917.8984375, 9917.74609375, 9917.5556640625, 9917.484375, 9917.33203125, 9917.5302734375, 9917.2666015625, 9917.3466796875, 9917.4052734375, 9917.216796875, 9916.8525390625, 9916.93359375, 9916.8232421875, 9916.5380859375, 9916.560546875, 9916.599609375, 9916.5693359375, 9916.29296875, 9916.095703125, 9916.189453125, 9916.115234375, 9915.82421875, 9915.94921875, 9916.0, 9915.7900390625, 9915.59375, 9915.4833984375, 9915.64453125, 9915.333984375, 9915.400390625, 9915.4365234375, 9915.2373046875, 9915.005859375, 9914.9111328125, 9915.109375, 9914.8095703125, 9914.9150390625, 9914.9833984375, 9914.9404296875, 9914.654296875, 9914.404296875, 9914.580078125, 9914.275390625, 9914.3271484375, 9914.392578125, 9914.4697265625, 9914.1767578125, 9913.9736328125, 9913.9375, 9913.904296875, 9913.8349609375, 9913.8115234375, 9913.9111328125, 9913.990234375, 9913.921875, 9913.81640625, 9913.68359375]}