{
    "particle_has_naninf": false,
    "point_distance_sr": 16138.296875,
    "point_distance_rs": 1560.1783447265625,
    "chamfer_loss_pcd": 17698.474609375,
    "particle_distance_sr": 6990.35205078125,
    "particle_distance_rs": 4185.29296875,
    "chamfer_loss_particle": 11175.64453125,
    "final_height_map": null,
    "height_map_loss_pcd": 2439.662109375,
    "emd_point_distance_loss": 1663.56640625,
    "emd_particle_distance_loss": 7032.10107421875,
    "total_loss": 0.0
}