{"mean": [16785.708984375, 15702.834635416666, 15777.444986979166, 15944.618815104166, 16124.531901041666, 15875.183268229166, 15508.183268229166, 15118.553385416666, 15110.503255208334, 15170.972981770834, 15091.8544921875, 14895.365559895834, 14571.2939453125, 14470.703450520834, 14518.749674479166, 14541.220703125, 14451.638346354166, 14584.380208333334, 14419.0546875, 14426.737630208334, 14390.9794921875, 14340.31640625, 14303.468098958334, 14301.884114583334, 14209.957682291666, 14133.638020833334, 14051.653645833334, 13943.8310546875, 13848.9814453125, 13802.301432291666, 13825.092447916666, 13803.779296875, 13753.646158854166, 13697.513671875, 13689.42578125, 13704.0009765625, 13776.782877604166, 13720.733072916666, 13697.250325520834, 13707.813151041666, 13666.6181640625, 13590.919270833334, 13508.013671875, 13412.055338541666, 13327.206705729166, 13302.584635416666, 13349.777669270834, 13241.691080729166, 13173.212239583334, 13198.954427083334, 13222.843424479166, 13195.6220703125, 13141.16796875, 13156.4228515625, 13149.348307291666, 13114.027994791666, 13075.411458333334, 13034.105794270834, 12983.104817708334, 12946.943359375, 12906.5546875, 12807.7998046875, 12779.075846354166, 12792.914713541666, 12771.486328125, 12746.587239583334, 12701.685221354166, 12698.173502604166, 12724.992513020834, 12736.353515625, 12722.849283854166, 12668.382486979166, 12648.996419270834, 12641.651692708334, 12613.435221354166, 12619.085611979166, 12623.20703125, 12615.154622395834, 12579.900716145834, 12565.8818359375, 12553.494466145834, 12516.430338541666, 12513.049479166666, 12561.121419270834, 12586.161783854166, 12578.267578125, 12579.111653645834, 12592.501302083334, 12621.263346354166, 12640.220377604166, 12622.197591145834, 12631.140625, 12665.040364583334, 12681.268880208334, 12710.201822916666, 12697.5087890625, 12694.915364583334, 12720.79296875, 12736.4111328125, 12738.823567708334], "upper": [18360.001953125, 18074.025390625, 17942.51171875, 17834.14453125, 17727.75390625, 17613.162109375, 17504.4140625, 17350.83984375, 17200.236328125, 16990.677734375, 16631.76953125, 16254.048828125, 15835.66796875, 15709.3203125, 15549.7998046875, 15524.685546875, 15573.380859375, 15831.642578125, 15876.537109375, 15838.2119140625, 15608.3759765625, 15588.6142578125, 15785.142578125, 15797.25, 15697.55078125, 15560.1337890625, 15552.8173828125, 15541.830078125, 15614.623046875, 15749.951171875, 15752.255859375, 15704.6064453125, 15573.583984375, 15436.2265625, 15422.0986328125, 15392.125, 15571.595703125, 15589.697265625, 15567.580078125, 15497.017578125, 15401.681640625, 15301.330078125, 15133.5146484375, 15019.59375, 14961.318359375, 14925.734375, 14969.0947265625, 14933.48046875, 14883.1240234375, 14815.57421875, 14718.9560546875, 14663.1552734375, 14529.3447265625, 14563.8974609375, 14561.7607421875, 14494.2509765625, 14444.4375, 14400.75, 14314.88671875, 14212.3955078125, 14154.8984375, 14076.248046875, 14008.50390625, 13994.4560546875, 13967.6357421875, 13902.8955078125, 13867.447265625, 13924.7607421875, 14035.8408203125, 13981.57421875, 13816.919921875, 13679.86328125, 13630.5419921875, 13637.400390625, 13549.173828125, 13536.169921875, 13547.216796875, 13545.1455078125, 13536.1279296875, 13568.4228515625, 13566.46484375, 13457.287109375, 13432.6416015625, 13519.845703125, 13608.3173828125, 13576.546875, 13538.54296875, 13554.7998046875, 13609.9267578125, 13652.279296875, 13676.068359375, 13685.58203125, 13726.802734375, 13793.11328125, 13861.2255859375, 13864.9931640625, 13847.7744140625, 13859.525390625, 13900.134765625, 13902.162109375], "lower": [15894.52734375, 13101.5400390625, 13597.572265625, 14573.1923828125, 14803.09375, 14496.265625, 13638.453125, 12591.96484375, 12678.955078125, 13071.5146484375, 13237.130859375, 13050.189453125, 12421.7431640625, 12183.0576171875, 12459.79296875, 12695.9111328125, 12508.6630859375, 12437.0380859375, 11832.3076171875, 11863.501953125, 11990.76171875, 11913.8671875, 11687.8662109375, 11788.0546875, 11752.876953125, 11867.6669921875, 11895.5498046875, 11825.796875, 11804.2001953125, 11636.408203125, 11671.89453125, 11699.52734375, 11735.7333984375, 11766.083984375, 11846.607421875, 12020.7314453125, 12211.5185546875, 12311.716796875, 12335.0751953125, 12357.12109375, 12375.671875, 12354.9560546875, 12300.97265625, 12247.736328125, 12196.62109375, 12141.400390625, 12118.32421875, 12096.8935546875, 12072.541015625, 12043.828125, 12020.1650390625, 11999.388671875, 11978.97265625, 11945.748046875, 11888.0771484375, 11838.140625, 11763.01171875, 11660.603515625, 11591.3095703125, 11606.2333984375, 11565.912109375, 11376.12109375, 11369.3212890625, 11437.2880859375, 11401.978515625, 11394.939453125, 11287.322265625, 11214.8486328125, 11182.900390625, 11279.3759765625, 11417.3662109375, 11410.9306640625, 11407.3876953125, 11371.9658203125, 11375.98828125, 11403.4833984375, 11405.9072265625, 11382.296875, 11308.716796875, 11243.240234375, 11196.2080078125, 11198.94140625, 11235.4033203125, 11299.587890625, 11287.091796875, 11297.58203125, 11328.458984375, 11347.3623046875, 11387.046875, 11413.9912109375, 11346.5419921875, 11371.1962890625, 11435.869140625, 11431.04296875, 11451.4208984375, 11415.880859375, 11440.9208984375, 11525.8876953125, 11540.1650390625, 11550.416015625]}