{"mean": [7501.159505208333, 7029.995768229167, 7041.355305989583, 7104.221516927083, 7196.062174479167, 7077.919759114583, 6899.792805989583, 6740.982421875, 6743.188313802083, 6758.448404947917, 6721.4873046875, 6637.722493489583, 6494.53857421875, 6444.9013671875, 6467.402669270833, 6467.74267578125, 6452.088541666667, 6537.096354166667, 6452.079915364583, 6456.677408854167, 6434.531087239583, 6414.069986979167, 6404.679036458333, 6419.01220703125, 6373.544270833333, 6335.87890625, 6299.43603515625, 6253.688151041667, 6209.310384114583, 6180.368001302083, 6196.807291666667, 6188.837565104167, 6161.345865885417, 6122.388509114583, 6109.546712239583, 6115.618001302083, 6152.720540364583, 6122.904134114583, 6106.995768229167, 6110.30712890625, 6089.310384114583, 6052.442545572917, 6016.79443359375, 5968.6884765625, 5925.04443359375, 5911.348958333333, 5929.99560546875, 5870.662272135417, 5835.505208333333, 5856.762044270833, 5877.533203125, 5868.432291666667, 5841.208170572917, 5852.237141927083, 5849.85791015625, 5830.221354166667, 5808.833170572917, 5790.359212239583, 5769.078776041667, 5757.99658203125, 5747.785807291667, 5700.323567708333, 5683.047037760417, 5689.882975260417, 5655.899088541667, 5648.881510416667, 5634.929036458333, 5622.927408854167, 5628.89306640625, 5632.21142578125, 5613.794921875, 5583.350911458333, 5586.3251953125, 5591.689127604167, 5581.666015625, 5590.863118489583, 5597.2060546875, 5594.359049479167, 5576.875651041667, 5566.32275390625, 5553.894694010417, 5528.904947916667, 5527.62548828125, 5552.52734375, 5569.195149739583, 5564.448567708333, 5563.357584635417, 5569.712890625, 5587.591471354167, 5599.979329427083, 5587.97265625, 5597.18994140625, 5620.706868489583, 5629.962239583333, 5642.2626953125, 5627.817545572917, 5622.495768229167, 5637.734375, 5650.246256510417, 5657.301920572917], "upper": [8327.4560546875, 8173.8427734375, 8106.044921875, 8049.73583984375, 7997.68603515625, 7934.7685546875, 7873.7431640625, 7806.56689453125, 7736.60498046875, 7639.94580078125, 7476.876953125, 7308.29541015625, 7111.01806640625, 7027.3427734375, 6935.2060546875, 6910.783203125, 6936.40380859375, 7064.8017578125, 7083.03515625, 7060.9052734375, 7026.541015625, 7005.27294921875, 7031.25732421875, 7037.10205078125, 6988.40234375, 6909.28271484375, 6898.95166015625, 6900.9970703125, 6949.6728515625, 7015.69775390625, 7017.125, 6994.75341796875, 6931.8310546875, 6857.36962890625, 6848.216796875, 6842.671875, 6933.080078125, 6937.6708984375, 6924.3203125, 6890.84912109375, 6848.564453125, 6803.14697265625, 6722.77783203125, 6663.7060546875, 6634.73291015625, 6621.84326171875, 6644.49169921875, 6627.61962890625, 6605.28955078125, 6574.939453125, 6531.0146484375, 6498.86328125, 6426.07666015625, 6449.2529296875, 6452.93408203125, 6413.5439453125, 6384.6064453125, 6361.931640625, 6320.20751953125, 6265.64892578125, 6233.56884765625, 6192.5654296875, 6154.7265625, 6136.390625, 6110.24755859375, 6066.91845703125, 6034.4951171875, 6043.931640625, 6073.2587890625, 6022.52685546875, 5899.25927734375, 5823.4326171875, 5838.26025390625, 5883.3037109375, 5850.55859375, 5854.5244140625, 5866.5615234375, 5863.91357421875, 5849.9580078125, 5851.2685546875, 5834.2412109375, 5832.04931640625, 5827.017578125, 5826.455078125, 5857.00244140625, 5830.25390625, 5824.095703125, 5822.37451171875, 5847.85546875, 5878.9521484375, 5897.8974609375, 5906.2060546875, 5926.7265625, 5955.4189453125, 5981.08740234375, 5961.43798828125, 5937.82958984375, 5945.1982421875, 5982.728515625, 6001.9423828125], "lower": [7049.74169921875, 5775.4677734375, 5950.69189453125, 6378.60693359375, 6484.07421875, 6353.05078125, 5970.345703125, 5548.587890625, 5608.7041015625, 5753.39697265625, 5827.7421875, 5753.22265625, 5471.84619140625, 5407.83251953125, 5556.1767578125, 5629.85302734375, 5563.51611328125, 5577.81884765625, 5268.1669921875, 5286.416015625, 5333.13037109375, 5305.39794921875, 5212.87451171875, 5303.79638671875, 5276.65673828125, 5332.36865234375, 5354.53759765625, 5322.4287109375, 5322.54833984375, 5233.337890625, 5245.91015625, 5260.9248046875, 5277.626953125, 5282.859375, 5310.71826171875, 5387.45849609375, 5478.7265625, 5520.70703125, 5524.056640625, 5526.4013671875, 5525.87060546875, 5507.138671875, 5471.943359375, 5437.1533203125, 5405.73876953125, 5375.40087890625, 5362.05615234375, 5353.1591796875, 5345.64111328125, 5335.689453125, 5329.77587890625, 5325.17724609375, 5316.33984375, 5302.33642578125, 5270.55859375, 5244.91796875, 5208.26171875, 5166.1220703125, 5137.0439453125, 5161.9931640625, 5169.7392578125, 5075.8564453125, 5067.15283203125, 5111.64501953125, 5037.93408203125, 5061.03369140625, 5047.283203125, 4997.39453125, 4982.27734375, 5041.92431640625, 5112.052734375, 5106.5234375, 5102.99853515625, 5072.244140625, 5073.09228515625, 5093.14892578125, 5097.01171875, 5086.810546875, 5054.87841796875, 5023.3291015625, 4995.61865234375, 4997.9677734375, 5018.7861328125, 5036.14453125, 5026.42919921875, 5041.11865234375, 5065.177734375, 5076.76416015625, 5097.61669921875, 5108.8798828125, 5056.6796875, 5076.1298828125, 5123.77001953125, 5121.8984375, 5129.3505859375, 5104.6484375, 5116.90380859375, 5161.37158203125, 5161.5966796875, 5162.03466796875]}