{"mean": [3114.90380859375, 2847.8987630208335, 2834.1632486979165, 2869.8443196614585, 2882.0576985677085, 2843.0542805989585, 2801.2295735677085, 2738.1624348958335, 2739.33544921875, 2784.605224609375, 2782.3020833333335, 2745.3152669270835, 2687.494140625, 2674.4578450520835, 2675.5852864583335, 2678.8356119791665, 2649.6953125, 2632.9353841145835, 2621.1984049479165, 2623.9464518229165, 2624.8822428385415, 2613.8712565104165, 2591.8701171875, 2564.3579915364585, 2547.8286946614585, 2550.9674479166665, 2543.2794596354165, 2524.296875, 2510.5152994791665, 2508.31005859375, 2497.9688313802085, 2486.3942057291665, 2472.1768391927085, 2464.8636881510415, 2459.3997395833335, 2450.0321451822915, 2448.18115234375, 2444.441650390625, 2438.1407877604165, 2433.003173828125, 2427.9612630208335, 2420.5735677083335, 2413.34716796875, 2417.8177083333335, 2417.4571940104165, 2410.3373209635415, 2405.5845540364585, 2402.3441569010415, 2399.2569173177085, 2391.892578125, 2385.432373046875, 2381.2098795572915, 2378.2999674479165, 2371.9623209635415, 2367.403564453125, 2362.088134765625, 2354.7607421875, 2344.832763671875, 2335.5150553385415, 2325.2434895833335, 2316.165283203125, 2319.900634765625, 2320.5303548177085, 2307.35400390625, 2315.9019368489585, 2305.81591796875, 2298.3440755208335, 2299.8020833333335, 2297.5127766927085, 2291.9085286458335, 2296.2129720052085, 2297.1736653645835, 2288.1178385416665, 2283.7535807291665, 2286.162841796875, 2288.9578450520835, 2292.1722005208335, 2292.8350423177085, 2290.2520345052085, 2288.2709147135415, 2288.4917805989585, 2288.9009602864585, 2284.1914876302085, 2279.196044921875, 2276.96484375, 2277.06201171875, 2279.9331868489585, 2282.0633138020835, 2279.4401041666665, 2276.5597330729165, 2277.9558919270835, 2274.553955078125, 2271.439453125, 2268.4009602864585, 2269.2747395833335, 2271.9527994791665, 2272.266357421875, 2268.7137858072915, 2266.294921875, 2265.0066731770835], "upper": [3448.283447265625, 2992.93310546875, 2962.3916015625, 2937.207275390625, 2969.799560546875, 2908.35986328125, 2877.532958984375, 2862.10498046875, 2850.7216796875, 2836.8720703125, 2811.381591796875, 2762.0576171875, 2721.089111328125, 2753.064697265625, 2761.365478515625, 2735.08154296875, 2732.017333984375, 2746.7880859375, 2752.2578125, 2748.93994140625, 2740.510498046875, 2744.36181640625, 2746.229248046875, 2747.66796875, 2741.026611328125, 2752.16064453125, 2755.9814453125, 2751.380126953125, 2737.816162109375, 2744.707275390625, 2744.890869140625, 2740.63232421875, 2731.847900390625, 2739.200439453125, 2738.8837890625, 2725.434814453125, 2725.54931640625, 2727.241943359375, 2724.5078125, 2716.516357421875, 2706.1591796875, 2695.502197265625, 2683.122802734375, 2683.909912109375, 2675.693359375, 2657.9892578125, 2653.64111328125, 2646.654541015625, 2639.484375, 2631.34033203125, 2621.58349609375, 2615.7314453125, 2614.135986328125, 2604.732177734375, 2600.607421875, 2596.3388671875, 2589.012451171875, 2580.55078125, 2570.626953125, 2566.53076171875, 2561.239501953125, 2554.66748046875, 2547.42138671875, 2541.443359375, 2534.32080078125, 2524.867919921875, 2513.207275390625, 2504.58251953125, 2505.728515625, 2507.2734375, 2524.740966796875, 2530.217529296875, 2504.395263671875, 2488.56689453125, 2496.254638671875, 2506.22998046875, 2515.071533203125, 2516.29052734375, 2508.986328125, 2502.772216796875, 2502.194580078125, 2508.763916015625, 2510.632568359375, 2504.67431640625, 2501.312255859375, 2502.828125, 2504.437255859375, 2503.748779296875, 2501.307373046875, 2499.543701171875, 2499.71728515625, 2497.667724609375, 2497.114501953125, 2494.283203125, 2494.474853515625, 2500.66455078125, 2507.7041015625, 2507.105224609375, 2499.45263671875, 2493.325439453125], "lower": [2844.923828125, 2734.306884765625, 2759.121826171875, 2748.026123046875, 2764.021728515625, 2729.58740234375, 2736.558837890625, 2612.422119140625, 2623.331787109375, 2743.59521484375, 2736.35546875, 2726.074462890625, 2625.123779296875, 2542.402099609375, 2542.500244140625, 2571.927490234375, 2541.90380859375, 2491.11328125, 2452.21484375, 2461.205810546875, 2476.796142578125, 2451.55419921875, 2400.260498046875, 2336.197998046875, 2314.60986328125, 2345.218505859375, 2351.35888671875, 2319.981201171875, 2300.64404296875, 2295.976318359375, 2301.553955078125, 2286.85546875, 2266.951171875, 2249.35693359375, 2242.15087890625, 2239.653564453125, 2252.526611328125, 2262.84423828125, 2267.130859375, 2267.875, 2267.964111328125, 2267.35791015625, 2265.156982421875, 2264.76123046875, 2259.215576171875, 2254.158935546875, 2251.853271484375, 2247.753173828125, 2241.688720703125, 2234.121337890625, 2225.691162109375, 2219.420166015625, 2213.723876953125, 2210.611572265625, 2209.087158203125, 2205.494873046875, 2194.728515625, 2175.832763671875, 2160.400146484375, 2138.946044921875, 2119.884765625, 2139.57763671875, 2148.290283203125, 2115.6318359375, 2148.33642578125, 2131.750732421875, 2123.258544921875, 2139.2548828125, 2135.082275390625, 2121.180908203125, 2119.093017578125, 2117.4169921875, 2117.12548828125, 2120.843017578125, 2121.4033203125, 2120.579345703125, 2121.19384765625, 2122.503173828125, 2122.2919921875, 2124.072265625, 2128.0869140625, 2126.28173828125, 2113.70849609375, 2107.840087890625, 2106.35888671875, 2105.580078125, 2109.875, 2112.220947265625, 2105.689697265625, 2098.885009765625, 2104.2490234375, 2098.478759765625, 2092.439697265625, 2092.572509765625, 2097.622314453125, 2102.682373046875, 2100.020263671875, 2093.805908203125, 2095.874267578125, 2100.001708984375]}