{"mean": [26482.799479166668, 23330.585286458332, 19919.465169270832, 18275.212239583332, 18754.4609375, 19265.552408854168, 19764.604166666668, 19867.067708333332, 19347.40234375, 18527.811848958332, 17875.369140625, 17795.157877604168, 17964.627604166668, 17948.559895833332, 17753.864908854168, 17459.058919270832, 17240.604166666668, 17220.864908854168, 17364.719401041668, 17494.043294270832, 17443.76171875, 17193.125651041668, 16805.567057291668, 16436.007486979168, 16154.946940104166, 15934.259440104166, 15794.2900390625, 15724.776041666666, 15610.625325520834, 15421.544596354166, 15320.897786458334, 15228.130533854166, 15297.662760416666, 15259.246419270834, 15178.898763020834, 15194.276041666666, 15083.553059895834, 15066.474934895834, 15038.069010416666, 14833.414388020834, 14727.513020833334, 14674.593424479166, 14629.563151041666, 14700.251953125, 14658.290364583334, 14557.609375, 14536.201497395834, 14528.652018229166, 14591.805013020834, 14669.394856770834, 14611.738606770834, 14515.979817708334, 14488.746419270834, 14467.540364583334, 14477.159505208334, 14460.5595703125, 14378.9052734375, 14253.565104166666, 14177.486002604166, 14141.255859375, 14085.311848958334, 13989.804361979166, 13979.837565104166, 13960.202799479166, 13906.042643229166, 13899.690755208334, 13906.234700520834, 13895.349283854166, 13909.21484375, 13934.4599609375, 13905.611002604166, 13854.7646484375, 13826.804361979166, 13792.675455729166, 13774.216145833334, 13794.929361979166, 13804.790690104166, 13783.878580729166, 13774.893880208334, 13759.878580729166, 13727.805989583334, 13708.274739583334, 13729.73828125, 13747.9267578125, 13691.986328125, 13656.621744791666, 13654.5712890625, 13637.005208333334, 13597.5966796875, 13556.954427083334, 13529.1884765625, 13507.495442708334, 13478.486002604166, 13473.5126953125, 13465.209309895834, 13450.783528645834, 13453.892252604166, 13447.444661458334, 13419.775716145834, 13418.822591145834], "upper": [31785.33203125, 24861.103515625, 21737.826171875, 21517.927734375, 21377.90234375, 21241.91796875, 21088.6171875, 20922.73046875, 20687.2109375, 20551.171875, 20537.994140625, 20468.61328125, 20373.81640625, 20202.298828125, 19989.806640625, 19818.32421875, 19751.455078125, 19769.388671875, 19701.580078125, 19508.87890625, 19265.859375, 19060.498046875, 18882.17578125, 18713.98828125, 18566.25390625, 18364.3203125, 18231.75, 18167.98046875, 18113.74609375, 18074.97265625, 17968.271484375, 17829.91796875, 17677.787109375, 17465.4609375, 17340.720703125, 17192.6953125, 17089.439453125, 17021.626953125, 16950.05078125, 16859.919921875, 16765.80859375, 16678.037109375, 16616.361328125, 16576.3203125, 16515.17578125, 16414.380859375, 16319.93359375, 16283.931640625, 16288.4921875, 16269.072265625, 16182.7626953125, 16015.1806640625, 15853.51171875, 15763.5693359375, 15694.873046875, 15700.1748046875, 15676.3369140625, 15414.90625, 15278.7939453125, 15120.197265625, 14931.13671875, 14743.0888671875, 14817.8671875, 14774.255859375, 14581.5048828125, 14457.828125, 14416.2373046875, 14418.8740234375, 14488.7568359375, 14555.236328125, 14430.4169921875, 14288.9423828125, 14249.0576171875, 14231.142578125, 14252.447265625, 14309.759765625, 14273.8857421875, 14211.5166015625, 14238.080078125, 14217.49609375, 14143.1689453125, 14143.6826171875, 14175.451171875, 14198.046875, 14093.8935546875, 14032.0654296875, 14004.251953125, 13903.0966796875, 13886.6845703125, 13869.33984375, 13903.0107421875, 13903.40234375, 13871.0029296875, 13891.029296875, 13892.1318359375, 13884.19140625, 13894.5322265625, 13900.29296875, 13884.1259765625, 13896.921875], "lower": [22234.8671875, 21865.62890625, 16300.8916015625, 12209.013671875, 14090.603515625, 16189.7626953125, 17775.185546875, 18095.869140625, 16763.52734375, 14551.529296875, 12782.625, 12797.9599609375, 13554.966796875, 13879.345703125, 13698.4775390625, 13170.4638671875, 12763.669921875, 12888.9365234375, 13610.423828125, 14422.2626953125, 14718.201171875, 14410.46484375, 13758.619140625, 13204.3798828125, 12930.5283203125, 12897.1142578125, 12944.8349609375, 12988.9892578125, 12988.8916015625, 12960.873046875, 12954.974609375, 13033.841796875, 13207.5224609375, 13435.1455078125, 13664.3671875, 13784.892578125, 13745.18359375, 13577.2578125, 13397.9326171875, 13254.328125, 13143.7470703125, 13085.3046875, 13053.744140625, 13036.60546875, 13034.3271484375, 13046.98828125, 13074.544921875, 13112.904296875, 13156.2900390625, 13232.1318359375, 13310.673828125, 13373.1015625, 13443.677734375, 13493.283203125, 13475.783203125, 13371.6591796875, 13316.5224609375, 13236.23046875, 13148.5234375, 13094.86328125, 13059.01171875, 13034.5576171875, 13015.8251953125, 13013.7705078125, 13029.07421875, 13057.0947265625, 13100.640625, 13135.66796875, 13165.0771484375, 13191.03515625, 13183.0537109375, 13148.6044921875, 13107.8076171875, 13077.94140625, 13074.8681640625, 13087.5869140625, 13102.890625, 13133.9765625, 13141.9794921875, 13091.8505859375, 13057.8935546875, 13063.1689453125, 13105.2744140625, 13110.3056640625, 13064.41015625, 13052.556640625, 13075.6015625, 13108.98046875, 13084.7734375, 13053.0419921875, 13049.369140625, 13068.8984375, 13111.361328125, 13098.1865234375, 13067.060546875, 13064.6875, 13093.7138671875, 13128.7685546875, 13096.1044921875, 13078.955078125]}