{"mean": [11813.823567708334, 11249.927083333334, 10718.177083333334, 10460.7783203125, 10349.885416666666, 10293.923828125, 10276.271809895834, 10293.5947265625, 10292.644205729166, 10289.442708333334, 10295.946614583334, 10301.861979166666, 10328.43359375, 10344.7880859375, 10340.705403645834, 10328.132486979166, 10328.589518229166, 10348.931315104166, 10360.631184895834, 10360.547200520834, 10361.16796875, 10358.8623046875, 10358.734375, 10360.2275390625, 10372.632161458334, 10378.6142578125, 10368.126627604166, 10370.376953125, 10386.274739583334, 10421.874348958334, 10458.023111979166, 10468.954427083334, 10468.341796875, 10485.408203125, 10527.951497395834, 10554.7724609375, 10558.4521484375, 10540.7470703125, 10538.466796875, 10549.148763020834, 10567.540364583334, 10569.51953125, 10562.345377604166, 10554.026041666666, 10562.441731770834, 10577.273111979166, 10581.207682291666, 10579.160481770834, 10565.4462890625, 10565.506184895834, 10575.0771484375, 10596.188151041666, 10617.051106770834, 10617.136393229166, 10605.236328125, 10593.375325520834, 10599.375325520834, 10617.7021484375, 10619.504231770834, 10607.1728515625, 10595.663736979166, 10594.5712890625, 10601.819010416666, 10608.8671875, 10617.970377604166, 10624.005208333334, 10629.447265625, 10634.505533854166, 10637.645182291666, 10639.837239583334, 10643.1943359375, 10653.072591145834, 10656.3623046875, 10658.002278645834, 10659.088216145834, 10653.798177083334, 10650.162434895834, 10654.398763020834, 10656.586263020834, 10653.677734375, 10657.506510416666, 10660.639973958334, 10658.944986979166, 10656.8818359375, 10663.366861979166, 10669.5048828125, 10672.2919921875, 10677.1484375, 10683.422200520834, 10690.143880208334, 10693.156901041666, 10699.8076171875, 10710.717122395834, 10715.293619791666, 10723.03515625, 10732.0703125, 10739.688802083334, 10748.367513020834, 10758.250325520834, 10764.130859375], "upper": [14031.833984375, 12855.4375, 11728.83203125, 11308.697265625, 11236.123046875, 11236.087890625, 11273.9423828125, 11289.7578125, 11253.4560546875, 11205.8583984375, 11197.53515625, 11186.0283203125, 11241.2373046875, 11267.4814453125, 11238.396484375, 11176.779296875, 11135.150390625, 11152.2861328125, 11168.728515625, 11171.35546875, 11181.2841796875, 11167.96484375, 11154.65234375, 11128.5224609375, 11103.46875, 11082.8798828125, 11072.73828125, 11069.619140625, 11063.29296875, 11059.88671875, 11063.994140625, 11075.4892578125, 11091.2451171875, 11097.521484375, 11102.4287109375, 11101.890625, 11098.693359375, 11090.7958984375, 11081.5078125, 11072.001953125, 11058.28515625, 11047.267578125, 11039.3935546875, 11035.0048828125, 11033.08203125, 11033.958984375, 11037.2470703125, 11042.94921875, 11047.3466796875, 11053.3544921875, 11056.1240234375, 11057.05859375, 11057.375, 11056.7734375, 11055.0712890625, 11052.5478515625, 11050.560546875, 11047.0546875, 11040.8671875, 11034.595703125, 11029.8681640625, 11027.40625, 11025.4521484375, 11025.1533203125, 11026.8212890625, 11029.4482421875, 11033.435546875, 11035.24609375, 11035.8681640625, 11036.142578125, 11035.2890625, 11033.49609375, 11031.3974609375, 11029.779296875, 11029.171875, 11028.595703125, 11027.41796875, 11025.833984375, 11025.0234375, 11023.263671875, 11021.783203125, 11021.0537109375, 11021.0166015625, 11020.400390625, 11018.740234375, 11017.5654296875, 11016.8984375, 11015.4521484375, 11014.3349609375, 11012.703125, 11011.1650390625, 11010.01171875, 11008.62890625, 11007.1904296875, 11005.345703125, 11003.5087890625, 11002.6591796875, 11001.359375, 10999.4619140625, 10997.302734375], "lower": [9995.0869140625, 9868.154296875, 9785.8193359375, 9737.123046875, 9698.580078125, 9680.9296875, 9681.44921875, 9685.7314453125, 9683.2333984375, 9695.2822265625, 9696.744140625, 9703.3544921875, 9709.3798828125, 9723.26953125, 9734.90234375, 9748.654296875, 9764.8974609375, 9778.8515625, 9787.7373046875, 9784.25, 9797.1240234375, 9829.9072265625, 9871.19140625, 9923.15234375, 9999.1728515625, 9995.3955078125, 9998.306640625, 10014.7822265625, 10035.205078125, 10058.845703125, 10073.009765625, 10080.703125, 10086.34765625, 10084.2451171875, 10101.8408203125, 10114.8076171875, 10128.8798828125, 10143.5810546875, 10156.189453125, 10166.181640625, 10179.27734375, 10198.71875, 10228.4052734375, 10264.00390625, 10283.8662109375, 10281.4287109375, 10274.3583984375, 10279.494140625, 10284.44921875, 10294.046875, 10308.228515625, 10330.5283203125, 10367.064453125, 10394.244140625, 10367.5224609375, 10362.2109375, 10355.8203125, 10382.7919921875, 10405.8583984375, 10382.5361328125, 10376.224609375, 10369.03515625, 10364.9052734375, 10377.486328125, 10410.7470703125, 10392.9228515625, 10392.330078125, 10405.6787109375, 10421.9853515625, 10428.58984375, 10416.75, 10415.50390625, 10419.302734375, 10430.666015625, 10451.7724609375, 10454.12109375, 10446.291015625, 10455.236328125, 10470.572265625, 10468.5869140625, 10469.6181640625, 10475.365234375, 10466.115234375, 10463.5673828125, 10479.943359375, 10491.447265625, 10499.841796875, 10497.3330078125, 10499.7392578125, 10504.7705078125, 10496.251953125, 10495.375, 10502.740234375, 10496.1376953125, 10495.07421875, 10496.1875, 10493.0546875, 10490.8427734375, 10494.6328125, 10490.6484375]}