{"mean": [2783.2518717447915, 2594.61181640625, 2582.8031412760415, 2704.9242350260415, 2898.7088216145835, 2989.6845703125, 3051.421875, 3122.1385904947915, 3192.984375, 3280.8565266927085, 3363.8951009114585, 3483.53857421875, 3554.7268880208335, 3570.9644368489585, 3582.1503092447915, 3588.586669921875, 3595.829833984375, 3600.590576171875, 3552.21875, 3522.658203125, 3419.4041341145835, 3340.1273600260415, 3268.535888671875, 3256.51220703125, 3265.2742513020835, 3272.5901692708335, 3367.949951171875, 3303.749267578125, 3245.861572265625, 3221.1400553385415, 3210.5680338541665, 3204.0315755208335, 3206.692138671875, 3183.6647135416665, 3165.5961100260415, 3195.84912109375, 3250.66748046875, 3373.1188151041665, 3506.6116536458335, 3681.4571126302085, 3812.34765625, 3924.7139485677085, 4115.558837890625, 4213.059814453125, 4272.372233072917, 4324.638753255208, 4403.930582682292, 4373.832275390625, 4272.460367838542, 4093.4049479166665, 4034.4712727864585, 4003.0315755208335, 3984.2747395833335, 3962.3384602864585, 3930.8084309895835, 3887.987060546875, 3910.7605794270835, 3938.9931640625, 3951.0882161458335, 3954.368896484375, 3954.0185546875, 3953.411865234375, 3966.9747721354165, 3995.2755533854165, 4028.89599609375, 4065.2867024739585, 4091.9309895833335, 4107.369954427083, 4115.888997395833, 4121.133463541667, 4127.1708984375, 4149.615966796875, 4184.967447916667, 4219.611897786458, 4241.856526692708, 4250.043619791667, 4247.573404947917, 4250.441650390625, 4260.756429036458, 4293.0400390625, 4410.840006510417, 4436.583333333333, 4446.105550130208, 4452.0205078125, 4457.170084635417, 4489.539876302083, 4442.160481770833, 4427.018229166667, 4348.466064453125, 4296.843994140625, 4278.7734375, 4262.979736328125, 4243.020263671875, 4228.739908854167, 4218.474446614583, 4211.823811848958, 4210.583333333333, 4213.799397786458, 4218.250081380208, 4221.9404296875], "upper": [3219.986083984375, 2753.32421875, 2814.62939453125, 2860.96484375, 3349.519287109375, 3628.1220703125, 3815.57421875, 4011.878662109375, 4173.59716796875, 4349.7900390625, 4572.65234375, 4894.06689453125, 5095.5166015625, 5153.3916015625, 5200.70703125, 5229.6884765625, 5258.87841796875, 5301.25927734375, 5176.19873046875, 5084.67138671875, 4782.51513671875, 4654.7216796875, 4524.51904296875, 4439.017578125, 4386.240234375, 4342.091796875, 4304.89990234375, 4268.73388671875, 4228.1923828125, 4182.4033203125, 4127.091796875, 4056.29052734375, 3996.645751953125, 3939.68994140625, 3894.360595703125, 3869.96923828125, 3890.278076171875, 3932.658203125, 3992.598388671875, 4047.542236328125, 4094.197998046875, 4130.72998046875, 4471.4248046875, 4667.7021484375, 4788.244140625, 4918.2841796875, 5157.474609375, 5079.798828125, 4797.1337890625, 4284.59130859375, 4124.81884765625, 4032.734130859375, 4068.679931640625, 4108.55322265625, 4144.7080078125, 4174.5166015625, 4188.3759765625, 4187.0888671875, 4173.2109375, 4153.48046875, 4137.0126953125, 4123.419921875, 4130.9716796875, 4158.26513671875, 4182.7978515625, 4203.38720703125, 4209.84521484375, 4202.677734375, 4188.4873046875, 4219.7705078125, 4267.6630859375, 4320.46875, 4375.86767578125, 4435.2724609375, 4485.390625, 4526.89990234375, 4564.16552734375, 4596.53173828125, 4620.833984375, 4684.10205078125, 5001.81103515625, 5067.86767578125, 5106.49609375, 5135.953125, 5163.294921875, 5272.32568359375, 5126.65087890625, 5055.57177734375, 4806.2236328125, 4648.5830078125, 4594.0087890625, 4551.07080078125, 4506.0048828125, 4463.65478515625, 4428.75, 4401.1015625, 4390.66748046875, 4396.83984375, 4417.72802734375, 4443.93603515625], "lower": [2429.05126953125, 2449.031982421875, 2374.959716796875, 2424.562744140625, 2469.503662109375, 2483.46875, 2475.22705078125, 2457.54248046875, 2445.936767578125, 2458.4228515625, 2492.781005859375, 2540.27783203125, 2565.149658203125, 2578.17431640625, 2591.14990234375, 2604.634765625, 2618.648193359375, 2631.72705078125, 2644.260986328125, 2656.534423828125, 2667.563232421875, 2677.117431640625, 2593.014404296875, 2633.720703125, 2703.647705078125, 2707.97607421875, 2709.044921875, 2708.22607421875, 2706.541015625, 2706.058349609375, 2702.59765625, 2700.421142578125, 2699.86083984375, 2694.154052734375, 2629.196533203125, 2495.6005859375, 2459.6650390625, 2638.187744140625, 2857.585693359375, 3207.940185546875, 3433.466552734375, 3595.34228515625, 3723.723388671875, 3813.322998046875, 3876.556640625, 3921.162841796875, 3948.515869140625, 3963.415283203125, 3969.9560546875, 3971.4658203125, 3962.834228515625, 3945.18310546875, 3916.310791015625, 3868.035888671875, 3789.6240234375, 3688.705322265625, 3751.909423828125, 3736.060302734375, 3737.95361328125, 3751.9716796875, 3777.85302734375, 3819.001220703125, 3884.623291015625, 3877.238525390625, 3898.4931640625, 3939.96337890625, 3971.3984375, 3984.412109375, 3983.10400390625, 3969.59619140625, 3953.71044921875, 3959.850341796875, 3981.345703125, 4000.487548828125, 4005.567138671875, 3993.0849609375, 3965.84765625, 3958.700439453125, 3976.205810546875, 3998.205078125, 4004.0888671875, 3990.685546875, 3972.536865234375, 3968.5498046875, 3979.68408203125, 3994.5390625, 4002.13916015625, 3992.53125, 3979.754638671875, 3974.623779296875, 3984.11669921875, 3998.554931640625, 4004.017822265625, 3995.01123046875, 3980.5400390625, 3975.379638671875, 3978.3603515625, 3988.617919921875, 3997.521728515625, 4002.60205078125]}