{"mean": [15292.717447916666, 14505.13671875, 14327.568359375, 14599.337565104166, 15518.437174479166, 15946.034505208334, 16125.387044270834, 16314.894205729166, 16462.189453125, 16851.539713541668, 17262.813151041668, 17985.111653645832, 18404.266276041668, 18477.094075520832, 18514.271158854168, 18495.3076171875, 18489.7392578125, 18532.256184895832, 18092.977213541668, 17878.392903645832, 17147.6591796875, 16759.828450520832, 16537.2509765625, 16323.5869140625, 16285.902994791666, 16269.2822265625, 16751.122395833332, 16479.95703125, 16088.418619791666, 16016.894856770834, 15972.424479166666, 16013.209309895834, 16146.880533854166, 16202.343098958334, 16178.363932291666, 15994.216145833334, 16362.100260416666, 16605.5380859375, 17134.331705729168, 17972.446614583332, 18805.690755208332, 19264.962239583332, 20335.604166666668, 20957.588541666668, 21372.597005208332, 21743.192708333332, 22355.975260416668, 22152.733072916668, 21456.8203125, 20276.020182291668, 19955.863932291668, 19767.576822916668, 19655.498046875, 19534.478515625, 19387.0625, 19136.085286458332, 19312.365885416668, 19492.483072916668, 19582.8046875, 19616.404947916668, 19614.573567708332, 19603.078776041668, 19653.242838541668, 19774.215494791668, 19904.959635416668, 20067.501302083332, 20206.479166666668, 20297.80078125, 20365.877604166668, 20412.461588541668, 20467.037760416668, 20588.807291666668, 20742.740234375, 20920.985026041668, 21033.714192708332, 21081.065104166668, 21084.57421875, 21122.813151041668, 21187.897135416668, 21349.939453125, 22088.412109375, 22200.345052083332, 22258.348958333332, 22300.703125, 22345.731119791668, 22594.384114583332, 22278.014322916668, 22157.345703125, 21640.030598958332, 21315.704427083332, 21230.166015625, 21159.041015625, 21075.154947916668, 21000.165364583332, 20938.972005208332, 20896.279947916668, 20885.529947916668, 20901.348958333332, 20935.807942708332, 20971.426432291668], "upper": [16044.9443359375, 16266.408203125, 16544.880859375, 16733.77734375, 16782.3984375, 18216.97265625, 19005.06640625, 19702.80078125, 20383.236328125, 21275.3359375, 22525.82421875, 24582.447265625, 25876.490234375, 26152.58203125, 26411.337890625, 26596.5546875, 26797.947265625, 27131.837890625, 26282.095703125, 25778.013671875, 23741.283203125, 23035.794921875, 22319.369140625, 21857.689453125, 21578.81640625, 21343.453125, 21144.81640625, 20955.2109375, 20737.099609375, 20518.154296875, 20326.923828125, 20058.283203125, 19967.88671875, 19861.802734375, 19766.935546875, 19674.89453125, 19751.55078125, 19858.841796875, 20023.126953125, 20144.744140625, 20239.71484375, 20365.755859375, 22076.025390625, 23335.26953125, 24303.572265625, 25246.57421875, 27051.98828125, 26455.921875, 24406.439453125, 20928.513671875, 20148.365234375, 20200.96875, 20322.0546875, 20411.68359375, 20503.193359375, 20603.26953125, 20656.45703125, 20659.587890625, 20620.087890625, 20570.79296875, 20544.46484375, 20528.109375, 20553.654296875, 20615.115234375, 20692.63671875, 20767.833984375, 20795.49609375, 20767.962890625, 20724.84375, 20889.798828125, 21136.416015625, 21438.205078125, 21726.88671875, 22076.90234375, 22339.05859375, 22547.916015625, 22731.7265625, 22908.859375, 23040.478515625, 23392.990234375, 25494.67578125, 25787.125, 25997.21875, 26163.13671875, 26326.34765625, 27065.8203125, 26094.654296875, 25682.724609375, 24082.19921875, 23094.564453125, 22833.939453125, 22627.388671875, 22401.462890625, 22188.39453125, 22005.767578125, 21846.041015625, 21783.4765625, 21814.52734375, 21932.23046875, 22069.646484375], "lower": [13848.4619140625, 13328.2041015625, 12484.626953125, 12682.5751953125, 13178.2607421875, 13045.376953125, 13094.0537109375, 13116.6103515625, 13032.5625, 13103.3154296875, 13140.10546875, 13326.384765625, 13390.408203125, 13439.2744140625, 13479.0478515625, 13514.822265625, 13557.193359375, 13597.6337890625, 13638.0107421875, 13682.0205078125, 13727.451171875, 13479.9013671875, 13504.439453125, 13296.2734375, 13443.076171875, 13629.986328125, 13809.1513671875, 13799.5322265625, 13753.0859375, 13662.224609375, 13505.0478515625, 13481.65625, 13596.4404296875, 13805.34765625, 13585.0302734375, 12574.2080078125, 12305.1015625, 12878.5966796875, 14052.8076171875, 15512.005859375, 17119.30078125, 17790.96484375, 18483.736328125, 19063.462890625, 19359.92578125, 19589.578125, 19697.21875, 19722.08984375, 19728.02734375, 19729.056640625, 19671.46875, 19541.697265625, 19290.462890625, 19046.14453125, 18685.220703125, 18103.04296875, 18619.0546875, 18609.81640625, 18641.4765625, 18701.544921875, 18799.2109375, 18951.7265625, 19180.185546875, 19157.884765625, 19268.26953125, 19476.240234375, 19639.15234375, 19709.234375, 19706.87109375, 19651.166015625, 19589.857421875, 19623.30859375, 19720.267578125, 19808.70703125, 19834.126953125, 19779.021484375, 19663.958984375, 19636.294921875, 19713.486328125, 19811.1328125, 19839.3515625, 19783.013671875, 19709.810546875, 19696.74609375, 19744.82421875, 19809.4765625, 19844.291015625, 19805.8125, 19755.8671875, 19738.302734375, 19778.88671875, 19840.091796875, 19865.328125, 19830.16796875, 19775.626953125, 19758.66796875, 19773.3125, 19815.4296875, 19853.13671875, 19875.822265625]}