{"mean": [24253.951822916668, 21985.33984375, 21755.193359375, 23213.880208333332, 25014.008463541668, 25498.294270833332, 25848.17578125, 26298.208333333332, 26853.793619791668, 27759.412760416668, 28756.765625, 29969.573567708332, 30536.21484375, 30641.376302083332, 30692.106119791668, 30683.763020833332, 30687.516927083332, 30653.110026041668, 29998.760416666668, 29640.456380208332, 28686.985026041668, 27730.7421875, 26779.254557291668, 26616.578125, 26835.635416666668, 26958.790364583332, 28140.173177083332, 27406.115234375, 26804.272786458332, 26583.119791666668, 26561.89453125, 26627.340494791668, 26754.147786458332, 26615.421875, 26452.696614583332, 26612.610026041668, 27245.599609375, 28578.089192708332, 30129.576171875, 32058.420572916668, 33468.994791666664, 34723.680989583336, 36802.356119791664, 37754.838541666664, 38367.453125, 38944.1796875, 39724.3046875, 39525.990885416664, 38599.1796875, 36948.201822916664, 36292.720052083336, 35972.721354166664, 35812.765625, 35642.71484375, 35414.813802083336, 35118.907552083336, 35341.319010416664, 35614.421875, 35765.88671875, 35845.549479166664, 35891.859375, 35934.549479166664, 36097.166666666664, 36376.287760416664, 36688.852864583336, 37014.639322916664, 37273.22265625, 37449.8671875, 37587.3984375, 37703.87890625, 37828.044270833336, 38076.102864583336, 38413.602864583336, 38741.942708333336, 38963.3515625, 39069.536458333336, 39092.3046875, 39151.885416666664, 39254.529947916664, 39553.567708333336, 40498.493489583336, 40691.45703125, 40775.04296875, 40836.1796875, 40903.971354166664, 41240.89453125, 40768.717447916664, 40642.696614583336, 40054.846354166664, 39551.458333333336, 39375.815104166664, 39231.9921875, 39048.876302083336, 38902.31640625, 38780.89453125, 38694.014322916664, 38670.30078125, 38704.19140625, 38766.813802083336, 38828.4375], "upper": [26206.232421875, 26184.99609375, 26942.498046875, 27538.423828125, 29601.537109375, 31497.720703125, 33271.3359375, 35118.6015625, 36895.515625, 38951.98828125, 41524.60546875, 44659.59375, 46232.81640625, 46724.92578125, 47163.9375, 47456.01953125, 47760.12890625, 48186.37890625, 47001.5625, 46295.8359375, 43789.55078125, 42523.046875, 41091.734375, 40095.96484375, 39509.390625, 39050.5703125, 38693.41796875, 38380.90625, 38043.91796875, 37673.65625, 37235.21484375, 36701.3984375, 36259.015625, 35831.11328125, 35499.60546875, 35294.8515625, 35499.515625, 35845.5078125, 36353.95703125, 36830.875, 37202.1015625, 37492.8984375, 40174.78515625, 41945.63671875, 43088.6328125, 44414.4609375, 46596.0234375, 45966.05078125, 43237.94921875, 38392.734375, 36816.7265625, 36978.71875, 37320.69921875, 37651.62890625, 37939.99609375, 38172.09765625, 38293.28515625, 38308.11328125, 38239.05078125, 38130.48828125, 38038.03125, 37949.21484375, 38027.41015625, 38251.53515625, 38445.53515625, 38595.015625, 38649.81640625, 38607.76953125, 38524.78125, 38435.5546875, 38387.0625, 38995.6015625, 39631.53125, 40296.18359375, 40834.52734375, 41263.70703125, 41636.90234375, 41972.51953125, 42225.81640625, 42864.359375, 45440.125, 45946.4765625, 46270.08984375, 46522.6875, 46786.60546875, 47883.3515625, 46445.34765625, 45875.5234375, 44031.90234375, 42509.5078125, 41970.546875, 41556.5390625, 41113.16796875, 40676.38671875, 40291.99609375, 39984.5078125, 39867.3125, 39938.5703125, 40174.01171875, 40473.49609375], "lower": [20982.970703125, 18723.982421875, 16110.822265625, 16957.990234375, 17789.111328125, 18080.794921875, 17970.822265625, 17654.33984375, 17445.65234375, 17657.4296875, 18218.37109375, 18895.326171875, 19232.83984375, 19403.173828125, 19566.564453125, 19733.07421875, 19899.2421875, 20056.431640625, 20208.6640625, 20362.125, 20516.111328125, 20018.412109375, 18457.841796875, 18848.39453125, 20005.7890625, 20799.4375, 21004.427734375, 20939.884765625, 20850.935546875, 20722.587890625, 20553.1484375, 20396.52734375, 20256.853515625, 19989.57421875, 19033.578125, 17471.962890625, 17432.546875, 19664.53515625, 22583.376953125, 26631.130859375, 29228.19140625, 31058.9296875, 32556.591796875, 33566.8046875, 34281.51171875, 34794.4609375, 35131.50390625, 35348.5546875, 35481.01171875, 35569.86328125, 35567.58984375, 35446.765625, 34785.69921875, 34247.93359375, 33780.7421875, 33308.94140625, 32968.42578125, 32904.33984375, 32972.44140625, 33127.28125, 33372.453125, 33744.08203125, 34332.0703125, 34957.45703125, 35497.1953125, 35977.4453125, 36427.15625, 36862.53125, 36907.59375, 36844.38671875, 36760.48828125, 36828.1484375, 36990.46875, 37133.80859375, 37172.9765625, 37082.37890625, 36881.25, 36827.96875, 36958.4609375, 37120.76953125, 37163.34375, 37063.8125, 36927.609375, 36896.8203125, 36977.59375, 37085.7265625, 37138.8828125, 37066.44140625, 36968.51171875, 36927.3046875, 36994.77734375, 37097.57421875, 37133.63671875, 37064.23828125, 36954.03125, 36911.50390625, 36929.58984375, 37001.06640625, 37061.48046875, 37094.0546875]}