{
    "particle_has_naninf": false,
    "point_distance_sr": 14247.0537109375,
    "point_distance_rs": 1678.2979736328125,
    "chamfer_loss_pcd": 15925.3515625,
    "particle_distance_sr": 5536.5546875,
    "particle_distance_rs": 6641.0810546875,
    "chamfer_loss_particle": 12177.6357421875,
    "final_height_map": null,
    "height_map_loss_pcd": 2863.556884765625,
    "emd_point_distance_loss": 1726.6363525390625,
    "emd_particle_distance_loss": 8965.5029296875,
    "total_loss": 0.0
}