{"mean": [28913.825520833332, 27922.352864583332, 27746.013020833332, 28086.940104166668, 27947.86328125, 27661.37890625, 27214.168619791668, 27240.873697916668, 27243.065104166668, 27090.885416666668, 26962.5078125, 26613.122395833332, 26588.33203125, 26519.359375, 26367.80859375, 26394.889322916668, 26454.145182291668, 26623.179036458332, 26541.12890625, 26443.215494791668, 26414.130859375, 26528.616536458332, 26503.432942708332, 26312.859375, 26235.138671875, 26189.666015625, 26172.79296875, 26334.0703125, 26369.939453125, 26378.385416666668, 26470.309895833332, 26503.102864583332, 26460.229817708332, 26471.966796875, 26517.615885416668, 26570.583333333332, 26618.013020833332, 26653.014973958332, 26666.457682291668, 26668.763020833332, 26648.470703125, 26651.130208333332, 26658.492838541668, 26659.784505208332, 26630.012369791668, 26583.950520833332, 26590.4296875, 26647.302083333332, 26674.666015625, 26700.805338541668, 26732.458984375, 26763.579427083332, 26795.647135416668, 26819.709635416668, 26839.950520833332, 26859.503255208332, 26863.904296875, 26863.571614583332, 26886.619791666668, 26916.482421875, 26936.159505208332, 26931.106770833332, 26905.630859375, 26873.402994791668, 26856.807291666668, 26868.712890625, 26798.587890625, 26767.083333333332, 26741.41796875, 26646.587239583332, 26560.505859375, 26499.109375, 26485.22265625, 26514.265625, 26553.051432291668, 26616.065104166668, 26669.718098958332, 26645.23828125, 26671.036458333332, 26784.862630208332, 26772.727864583332, 26743.410807291668, 26729.057942708332, 26719.319010416668, 26656.488932291668, 26590.141927083332, 26602.899088541668, 26538.358072916668, 26456.465494791668, 26382.873046875, 26368.979817708332, 26385.377604166668, 26439.6953125, 26504.235677083332, 26583.790364583332, 26668.776692708332, 26740.45703125, 26762.807291666668, 26726.490885416668, 26686.931640625], "upper": [31218.751953125, 30918.71875, 30662.1875, 30462.11328125, 30301.529296875, 30190.615234375, 30083.0390625, 29966.67578125, 29748.560546875, 29538.921875, 29146.552734375, 28796.390625, 28486.71875, 28693.91796875, 28793.630859375, 28843.404296875, 28845.9609375, 28814.75, 28762.876953125, 28696.51953125, 28601.130859375, 28487.171875, 28398.435546875, 28384.62890625, 28411.8515625, 28432.236328125, 28457.44921875, 28465.736328125, 28448.228515625, 28411.716796875, 28370.615234375, 28309.953125, 28247.02734375, 28183.958984375, 28116.06640625, 28031.263671875, 27933.0859375, 27828.93359375, 27860.15625, 27933.861328125, 28014.107421875, 28101.77734375, 28193.333984375, 28265.19140625, 28298.251953125, 28286.07421875, 28248.125, 28212.96484375, 28177.822265625, 28161.279296875, 28167.4453125, 28194.755859375, 28229.8125, 28272.2109375, 28298.86328125, 28271.09375, 28191.423828125, 28147.6484375, 28131.150390625, 28128.7734375, 28128.94140625, 28127.751953125, 28144.3515625, 28185.248046875, 28253.8359375, 28332.02734375, 28398.248046875, 28460.99609375, 28486.552734375, 28474.095703125, 28435.337890625, 28392.58984375, 28346.34765625, 28305.0390625, 28266.921875, 28228.4296875, 28198.91015625, 28196.40234375, 28216.15625, 28235.9453125, 28248.681640625, 28268.46484375, 28300.44921875, 28335.431640625, 28369.650390625, 28407.8828125, 28414.447265625, 28389.55078125, 28341.671875, 28304.98828125, 28272.3125, 28247.78515625, 28227.0859375, 28218.8984375, 28218.240234375, 28236.71875, 28259.42578125, 28289.09765625, 28329.541015625, 28365.41796875], "lower": [27676.890625, 24116.62890625, 24797.85546875, 25326.802734375, 25025.96484375, 24329.56640625, 23208.14453125, 23599.81640625, 24059.92578125, 24028.96484375, 24039.015625, 22862.21484375, 22915.53125, 23183.806640625, 22927.294921875, 22870.0234375, 22716.884765625, 22976.3984375, 22605.86328125, 22270.904296875, 22280.68359375, 22787.24609375, 22755.017578125, 22249.05078125, 22124.431640625, 22147.111328125, 22232.25, 22829.109375, 23061.078125, 23217.70703125, 23596.1015625, 23782.16015625, 23697.26171875, 23738.6171875, 23869.7421875, 24032.3359375, 24201.14453125, 24341.265625, 24428.484375, 24497.150390625, 24526.87109375, 24615.59765625, 24679.25, 24720.919921875, 24676.1796875, 24600.072265625, 24676.71484375, 24869.453125, 24960.19921875, 25005.7421875, 25033.62109375, 25048.73828125, 25058.265625, 25053.3046875, 25067.166015625, 25144.2421875, 25218.115234375, 25237.296875, 25284.552734375, 25327.20703125, 25363.701171875, 25390.53125, 25406.4765625, 25444.763671875, 25557.14453125, 25802.625, 25928.970703125, 25730.822265625, 25469.71484375, 25137.21875, 24864.6796875, 24768.6875, 24863.93359375, 25039.564453125, 25230.2265625, 25518.8828125, 25799.748046875, 25759.71484375, 25742.0859375, 26004.2890625, 25964.474609375, 25915.69140625, 25920.82421875, 25860.3671875, 25758.841796875, 25676.072265625, 25645.65625, 25523.2578125, 25309.89453125, 25059.884765625, 24871.796875, 24772.119140625, 24762.701171875, 24821.1875, 24924.916015625, 25083.92578125, 25208.7265625, 25260.576171875, 25239.23828125, 25167.9453125]}