{"mean": [9295.075846354166, 8958.564453125, 8987.087239583334, 9113.0263671875, 9044.5263671875, 8851.025716145834, 8719.798502604166, 8574.094075520834, 8633.858723958334, 8593.8017578125, 8494.185221354166, 8463.306640625, 8495.279296875, 8523.9443359375, 8520.8173828125, 8384.234049479166, 8382.882486979166, 8398.492838541666, 8383.113606770834, 8356.650227864584, 8364.589518229166, 8408.898111979166, 8368.548177083334, 8245.611165364584, 8216.401041666666, 8233.961588541666, 8250.101236979166, 8265.157552083334, 8291.6845703125, 8251.491373697916, 8226.8994140625, 8205.0048828125, 8210.634114583334, 8226.77880859375, 8232.798665364584, 8232.1630859375, 8230.72900390625, 8209.727701822916, 8214.680989583334, 8221.106282552084, 8205.738606770834, 8199.596028645834, 8200.370768229166, 8180.89111328125, 8188.578938802083, 8184.987467447917, 8199.578938802084, 8206.217936197916, 8204.24609375, 8216.272786458334, 8216.019694010416, 8215.2587890625, 8208.5400390625, 8207.831705729166, 8220.277180989584, 8213.64501953125, 8187.512044270833, 8187.361165364583, 8182.484049479167, 8168.10546875, 8168.059733072917, 8156.199544270833, 8148.053385416667, 8139.287434895833, 8137.956868489583, 8144.646158854167, 8175.42626953125, 8175.480143229167, 8148.607747395833, 8148.0556640625, 8171.438151041667, 8159.853190104167, 8162.915852864583, 8174.55126953125, 8160.193033854167, 8135.93896484375, 8125.518880208333, 8112.054361979167, 8140.55419921875, 8166.1044921875, 8170.122721354167, 8173.288248697917, 8161.612141927083, 8157.462565104167, 8148.669921875, 8112.695963541667, 8081.82177734375, 8058.78564453125, 8047.259765625, 8035.7412109375, 8048.884765625, 8065.175618489583, 8110.015787760417, 8106.5615234375, 8111.4658203125, 8093.435709635417, 8078.840983072917, 8086.59130859375, 8088.49951171875, 8103.971354166667], "upper": [9569.109375, 9161.2998046875, 9254.7666015625, 9563.4296875, 9548.70703125, 9181.8837890625, 8844.611328125, 8786.5947265625, 8850.6455078125, 8847.421875, 8652.8896484375, 8555.13671875, 8769.0244140625, 8799.01953125, 8795.703125, 8478.4765625, 8508.931640625, 8502.25, 8497.62109375, 8473.7783203125, 8421.974609375, 8428.0625, 8416.5947265625, 8374.16015625, 8364.693359375, 8364.611328125, 8380.4189453125, 8393.65234375, 8387.1640625, 8375.8212890625, 8373.0595703125, 8360.490234375, 8356.58984375, 8371.44140625, 8370.009765625, 8370.4892578125, 8356.5400390625, 8344.8701171875, 8330.970703125, 8312.734375, 8298.6796875, 8272.1865234375, 8293.9345703125, 8296.1201171875, 8296.2509765625, 8291.41796875, 8274.5556640625, 8284.21875, 8298.9462890625, 8293.029296875, 8293.466796875, 8294.52734375, 8272.59765625, 8283.8974609375, 8289.4013671875, 8304.1611328125, 8301.240234375, 8318.53125, 8325.46875, 8334.2841796875, 8332.4912109375, 8314.158203125, 8318.34765625, 8317.5439453125, 8327.583984375, 8318.73046875, 8386.7021484375, 8479.076171875, 8472.0078125, 8455.7138671875, 8470.5546875, 8463.85546875, 8449.42578125, 8473.2060546875, 8445.6806640625, 8385.92578125, 8362.5498046875, 8334.17578125, 8387.0380859375, 8402.291015625, 8397.1904296875, 8375.0888671875, 8364.5693359375, 8369.4169921875, 8358.0, 8343.2412109375, 8344.755859375, 8333.83984375, 8331.212890625, 8323.09765625, 8320.5498046875, 8325.041015625, 8329.931640625, 8333.92578125, 8382.5224609375, 8396.4931640625, 8358.916015625, 8357.369140625, 8350.16796875, 8380.8271484375], "lower": [8944.6240234375, 8675.72265625, 8634.2666015625, 8805.0478515625, 8694.94140625, 8550.8857421875, 8476.4052734375, 8342.865234375, 8317.73046875, 8262.974609375, 8243.34375, 8311.7392578125, 8336.900390625, 8335.9599609375, 8310.322265625, 8301.9482421875, 8283.0087890625, 8316.2119140625, 8231.6943359375, 8180.51904296875, 8255.548828125, 8389.314453125, 8336.0849609375, 8055.91943359375, 8014.3125, 8052.9833984375, 8076.8154296875, 8102.419921875, 8194.1376953125, 8102.81982421875, 8038.4326171875, 7976.85546875, 8001.541015625, 8029.89013671875, 8043.56591796875, 8034.759765625, 8035.62548828125, 7984.51904296875, 8005.48828125, 8053.05517578125, 8035.2373046875, 8060.822265625, 8073.0908203125, 8053.32080078125, 8070.54541015625, 8067.00244140625, 8128.81298828125, 8148.65576171875, 8134.41455078125, 8135.7099609375, 8131.70751953125, 8121.9677734375, 8122.2607421875, 8127.099609375, 8145.89990234375, 8144.69677734375, 8122.8759765625, 8116.0693359375, 8105.65087890625, 8065.28125, 8070.83984375, 8043.06201171875, 8002.8447265625, 7961.6025390625, 7906.8916015625, 7862.2353515625, 7821.61572265625, 7716.1796875, 7642.2412109375, 7656.279296875, 7711.0986328125, 7702.9453125, 7722.00732421875, 7714.94677734375, 7701.8427734375, 7698.48681640625, 7686.5029296875, 7691.2744140625, 7701.17333984375, 7760.9033203125, 7783.1806640625, 7819.15478515625, 7795.44775390625, 7781.853515625, 7763.2197265625, 7676.3232421875, 7622.79248046875, 7599.47314453125, 7587.0185546875, 7601.1748046875, 7631.9541015625, 7665.74267578125, 7675.27685546875, 7653.5166015625, 7627.55078125, 7560.53271484375, 7558.68994140625, 7588.17529296875, 7588.64892578125, 7589.998046875]}