{"mean": [50554.985677083336, 49306.234375, 49065.263020833336, 49183.791666666664, 49011.62890625, 48697.15234375, 48365.514322916664, 48354.200520833336, 48415.483072916664, 48400.944010416664, 48151.19140625, 47769.311197916664, 47660.583333333336, 47720.165364583336, 47814.580729166664, 47522.384114583336, 47520.8203125, 47529.423177083336, 47450.627604166664, 47318.399739583336, 47248.462239583336, 47270.243489583336, 47189.466145833336, 47038.188802083336, 46998.303385416664, 47003.680989583336, 46960.471354166664, 46931.1015625, 46932.90625, 46882.778645833336, 46824.46875, 46790.0390625, 46772.1796875, 46747.40625, 46726.220052083336, 46722.567708333336, 46717.3203125, 46705.55859375, 46693.973958333336, 46691.407552083336, 46682.881510416664, 46687.251302083336, 46686.03515625, 46683.296875, 46673.973958333336, 46668.533854166664, 46665.45703125, 46671.484375, 46672.9375, 46670.7890625, 46665.494791666664, 46660.619791666664, 46653.34765625, 46649.3359375, 46643.674479166664, 46652.546875, 46659.489583333336, 46657.721354166664, 46661.091145833336, 46661.98828125, 46666.130208333336, 46658.411458333336, 46644.104166666664, 46628.483072916664, 46637.108072916664, 46650.41015625, 46693.03125, 46747.591145833336, 46797.838541666664, 46828.276041666664, 46857.213541666664, 46858.944010416664, 46828.201822916664, 46788.651041666664, 46765.126302083336, 46740.13671875, 46727.59765625, 46695.295572916664, 46680.611979166664, 46700.971354166664, 46710.391927083336, 46711.471354166664, 46699.641927083336, 46671.893229166664, 46645.66015625, 46611.497395833336, 46633.221354166664, 46631.473958333336, 46620.932291666664, 46609.295572916664, 46610.381510416664, 46599.01953125, 46589.298177083336, 46572.415364583336, 46567.365885416664, 46555.3203125, 46547.890625, 46519.830729166664, 46475.509114583336, 46335.981770833336], "upper": [54692.90625, 51674.7109375, 51871.640625, 52387.8203125, 52162.7890625, 51506.97265625, 50791.03125, 51041.41796875, 51469.2734375, 51386.66796875, 50979.27734375, 50209.16015625, 50024.19921875, 50209.15625, 50010.44140625, 49514.203125, 49606.30078125, 49667.203125, 49425.53515625, 49006.54296875, 48809.49609375, 48895.96875, 48680.66015625, 48256.1328125, 48159.6484375, 48194.78125, 48045.0234375, 47927.6171875, 47916.0078125, 47763.671875, 47592.3828125, 47504.1328125, 47478.3125, 47437.53125, 47401.296875, 47410.9140625, 47422.74609375, 47413.55859375, 47412.98046875, 47442.11328125, 47446.38671875, 47466.109375, 47455.9453125, 47437.57421875, 47405.8828125, 47389.57421875, 47384.328125, 47404.4921875, 47414.58203125, 47418.28125, 47413.7578125, 47401.58203125, 47384.84375, 47361.609375, 47354.2265625, 47390.14453125, 47427.2890625, 47435.49609375, 47457.5546875, 47474.140625, 47486.265625, 47491.71875, 47490.484375, 47501.296875, 47594.65234375, 47671.5703125, 47845.21484375, 48007.9375, 48096.8515625, 48114.48046875, 48152.83984375, 48147.1328125, 48100.9765625, 48052.96875, 48036.6484375, 48008.06640625, 47983.0625, 47880.66796875, 47845.32421875, 47919.359375, 47956.015625, 47952.1640625, 47923.328125, 47857.421875, 47796.5078125, 47694.2734375, 47734.19140625, 47715.23046875, 47676.85546875, 47634.5078125, 47622.01953125, 47568.328125, 47545.87890625, 47532.6171875, 47556.69921875, 47542.8515625, 47531.99609375, 47458.2890625, 47346.6953125, 46951.4609375], "lower": [48254.98828125, 47913.08984375, 47326.51171875, 47397.72265625, 47255.08984375, 47068.22265625, 46919.828125, 46766.984375, 46644.97265625, 46852.21875, 46729.7890625, 46519.63671875, 46358.79296875, 46336.56640625, 46619.72265625, 46407.70703125, 46302.80078125, 46275.984375, 46298.19921875, 46344.3828125, 46368.6796875, 46384.2109375, 46390.2421875, 46390.20703125, 46397.1171875, 46400.703125, 46408.95703125, 46424.7109375, 46432.21484375, 46422.5546875, 46406.54296875, 46384.25390625, 46359.53125, 46336.1484375, 46318.609375, 46302.453125, 46281.86328125, 46261.91796875, 46236.234375, 46210.54296875, 46187.29296875, 46180.03515625, 46176.26953125, 46179.96875, 46181.13671875, 46180.6875, 46176.953125, 46175.4765625, 46168.3125, 46159.28125, 46152.26171875, 46151.796875, 46150.9296875, 46160.84375, 46157.42578125, 46150.296875, 46137.328125, 46121.8515625, 46106.65625, 46089.50390625, 46088.875, 46062.6484375, 46024.09375, 45970.19140625, 45906.828125, 45868.58203125, 45822.09375, 45820.9140625, 45876.31640625, 45951.12109375, 46001.0078125, 46012.4609375, 45973.15234375, 45903.1875, 45849.12109375, 45802.49609375, 45787.59765625, 45791.35546875, 45783.8125, 45772.9453125, 45766.15625, 45767.6796875, 45762.06640625, 45744.796875, 45727.74609375, 45726.9375, 45751.890625, 45766.77734375, 45774.58984375, 45782.3515625, 45797.796875, 45817.640625, 45811.25, 45773.78515625, 45734.84375, 45713.0703125, 45702.10546875, 45692.7421875, 45672.171875, 45647.58203125]}