{"mean": [2702.732421875, 2180.479248046875, 2509.2838541666665, 2247.7842610677085, 1539.8975830078125, 1482.925537109375, 1506.1684163411458, 1507.00830078125, 1505.5374348958333, 1501.8990885416667, 1496.6341959635417, 1491.5438232421875, 1487.0222981770833, 1482.0069173177083, 1476.8504638671875, 1472.1311848958333, 1467.023193359375, 1461.3179117838542, 1455.8257242838542, 1450.1061197916667, 1444.3883870442708, 1437.3363850911458, 1433.20703125, 1439.23486328125, 1439.6812337239583, 1432.9972737630208, 1425.7388102213542, 1420.0297444661458, 1417.5965169270833, 1416.1953125, 1413.7235514322917, 1415.5083414713542, 1428.1754557291667, 1437.7339274088542, 1436.4860432942708, 1433.06884765625, 1433.5870768229167, 1434.3011067708333, 1436.1376546223958, 1436.9669596354167, 1436.50244140625, 1438.3243001302083, 1438.779052734375, 1439.0021565755208, 1439.0506998697917, 1438.9757893880208, 1438.8896484375, 1438.81298828125, 1437.4619547526042, 1436.6137288411458, 1436.0272623697917, 1434.4149576822917, 1431.21484375, 1430.7992757161458, 1424.7242431640625, 1414.0244140625, 1420.9513346354167, 1422.882568359375, 1403.437255859375, 1421.0364176432292, 1425.2047526041667, 1410.1661783854167, 1409.22265625, 1423.8254801432292, 1420.2513427734375, 1404.489990234375, 1422.9345296223958, 1426.8177897135417, 1419.8521321614583, 1408.1519368489583, 1410.720703125, 1421.9315592447917, 1425.3299560546875, 1421.9549153645833, 1414.2006022135417, 1409.885986328125, 1411.0626220703125, 1419.0149332682292, 1424.3070068359375, 1421.815185546875, 1415.1600748697917, 1410.9852294921875, 1413.1920979817708, 1419.7925618489583, 1422.864990234375, 1419.0146484375, 1413.4580078125, 1412.5712890625, 1417.1969401041667, 1419.349609375, 1416.0338948567708, 1411.4572347005208, 1412.6483968098958, 1417.4243570963542, 1414.5374348958333, 1410.7239176432292, 1421.9794108072917, 1415.9284261067708, 1406.8389485677083, 1429.47900390625], "upper": [4903.84521484375, 3331.863525390625, 4345.6728515625, 3595.334228515625, 1623.0648193359375, 1607.841796875, 1598.605224609375, 1591.7667236328125, 1586.646728515625, 1578.4517822265625, 1567.9698486328125, 1559.5594482421875, 1553.340087890625, 1546.9144287109375, 1539.404541015625, 1531.1954345703125, 1522.941162109375, 1515.1942138671875, 1508.82568359375, 1502.5716552734375, 1495.55322265625, 1487.7431640625, 1480.41455078125, 1474.281005859375, 1474.5926513671875, 1475.1607666015625, 1475.708984375, 1476.2347412109375, 1476.847412109375, 1477.18603515625, 1477.6405029296875, 1477.8968505859375, 1478.133056640625, 1478.3017578125, 1478.51953125, 1478.9278564453125, 1479.406494140625, 1479.783935546875, 1480.065185546875, 1480.332275390625, 1480.5921630859375, 1480.9503173828125, 1481.302001953125, 1481.6224365234375, 1481.971435546875, 1482.327880859375, 1482.6734619140625, 1483.088134765625, 1483.4376220703125, 1483.760498046875, 1483.8394775390625, 1483.921630859375, 1484.078369140625, 1484.2901611328125, 1484.5306396484375, 1484.6842041015625, 1484.8763427734375, 1485.03515625, 1485.1572265625, 1485.2547607421875, 1485.383544921875, 1485.502197265625, 1485.5623779296875, 1485.6783447265625, 1485.574951171875, 1485.6025390625, 1485.66845703125, 1485.6717529296875, 1485.6651611328125, 1485.7108154296875, 1485.7498779296875, 1485.7359619140625, 1485.7420654296875, 1485.7301025390625, 1485.7332763671875, 1485.6871337890625, 1485.6612548828125, 1485.6636962890625, 1485.6807861328125, 1485.645751953125, 1485.661865234375, 1485.6630859375, 1485.618896484375, 1485.600830078125, 1485.587646484375, 1485.624755859375, 1485.606689453125, 1485.625732421875, 1485.6370849609375, 1485.6544189453125, 1485.68212890625, 1485.6639404296875, 1485.573974609375, 1485.4923095703125, 1485.40478515625, 1485.21826171875, 1485.074951171875, 1484.9940185546875, 1484.8914794921875, 1484.7572021484375], "lower": [1538.243896484375, 1545.838134765625, 1530.77587890625, 1514.37646484375, 1494.68896484375, 1347.30078125, 1432.251220703125, 1446.360107421875, 1451.83447265625, 1455.4984130859375, 1458.4774169921875, 1453.810546875, 1444.269775390625, 1433.8409423828125, 1424.3074951171875, 1416.9442138671875, 1408.6783447265625, 1398.287109375, 1387.3909912109375, 1375.86279296875, 1365.080810546875, 1351.10009765625, 1345.4677734375, 1370.732177734375, 1381.23876953125, 1370.7579345703125, 1360.2332763671875, 1355.9541015625, 1360.42822265625, 1368.41455078125, 1374.8553466796875, 1380.25048828125, 1379.8914794921875, 1397.073486328125, 1402.9803466796875, 1397.7205810546875, 1397.8876953125, 1394.4644775390625, 1393.4217529296875, 1391.2484130859375, 1391.149658203125, 1391.0767822265625, 1391.234130859375, 1390.990234375, 1390.243408203125, 1388.948486328125, 1387.62939453125, 1386.0714111328125, 1380.521728515625, 1376.3468017578125, 1372.961669921875, 1367.262451171875, 1356.8751220703125, 1354.8956298828125, 1335.7559814453125, 1302.8482666015625, 1322.8345947265625, 1327.864013671875, 1268.9140625, 1321.223876953125, 1333.337890625, 1287.9296875, 1285.0009765625, 1328.715576171875, 1318.179443359375, 1270.9755859375, 1326.32177734375, 1340.0384521484375, 1321.1893310546875, 1287.34619140625, 1292.269775390625, 1323.12744140625, 1336.9739990234375, 1327.72412109375, 1298.1370849609375, 1287.8497314453125, 1296.718994140625, 1319.933837890625, 1331.988037109375, 1324.6856689453125, 1304.689453125, 1292.1219482421875, 1298.7548828125, 1318.55859375, 1327.871337890625, 1316.3426513671875, 1300.8043212890625, 1298.4095458984375, 1311.227783203125, 1317.7955322265625, 1308.001220703125, 1294.478759765625, 1298.2347412109375, 1312.830810546875, 1304.3870849609375, 1293.106689453125, 1327.015869140625, 1309.0184326171875, 1281.7554931640625, 1349.8212890625]}