{"mean": [4518.664469401042, 3844.5054524739585, 4300.331949869792, 3884.427001953125, 2665.0812174479165, 2431.0694173177085, 2440.680908203125, 2450.3977864583335, 2437.6861979166665, 2424.79638671875, 2435.0164388020835, 2419.3980305989585, 2443.7646484375, 2451.740966796875, 2445.4718424479165, 2448.080810546875, 2451.7801106770835, 2444.8271484375, 2437.8641764322915, 2433.161865234375, 2409.95556640625, 2398.699951171875, 2358.7994791666665, 2379.5987141927085, 2432.6558430989585, 2424.583740234375, 2446.7215169270835, 2452.6650390625, 2479.3841959635415, 2517.138671875, 2514.47509765625, 2547.7831217447915, 2582.2616373697915, 2634.1875, 2671.1935221354165, 2711.3153483072915, 2716.0286458333335, 2726.2052408854165, 2765.9967447916665, 2775.9293619791665, 2781.9578450520835, 2786.7040201822915, 2785.2294921875, 2783.4676106770835, 2790.2060546875, 2795.7489420572915, 2802.06884765625, 2799.256103515625, 2799.5467122395835, 2782.9400227864585, 2785.5699055989585, 2789.425048828125, 2783.0499674479165, 2802.1869303385415, 2768.7403971354165, 2737.6290690104165, 2759.4234212239585, 2764.628662109375, 2740.3374837239585, 2775.1538899739585, 2788.5701497395835, 2769.0154622395835, 2765.0777994791665, 2793.260009765625, 2783.0777180989585, 2741.7601725260415, 2780.725830078125, 2775.5257975260415, 2771.2529296875, 2757.3631184895835, 2757.3588053385415, 2783.0701497395835, 2777.6756184895835, 2764.292724609375, 2778.4117024739585, 2758.4981282552085, 2752.9659016927085, 2756.5035807291665, 2763.8147786458335, 2764.10888671875, 2760.235107421875, 2764.38037109375, 2767.6638997395835, 2768.9417317708335, 2769.0858561197915, 2779.6332194010415, 2772.7344563802085, 2772.740234375, 2776.1105143229165, 2771.00244140625, 2773.9877115885415, 2766.3670247395835, 2776.2674967447915, 2779.9444986979165, 2777.8462727864585, 2770.1892903645835, 2777.5772298177085, 2776.2342936197915, 2749.27783203125, 2777.1290690104165], "upper": [8484.4404296875, 6469.35595703125, 7797.9091796875, 6680.48974609375, 3127.42919921875, 2502.33203125, 2533.002685546875, 2520.10791015625, 2516.40625, 2518.783203125, 2520.40380859375, 2529.20068359375, 2527.907470703125, 2526.060546875, 2524.198486328125, 2521.6396484375, 2527.0986328125, 2534.56494140625, 2537.7333984375, 2540.17041015625, 2539.74951171875, 2539.3291015625, 2539.995361328125, 2549.6806640625, 2549.815673828125, 2548.501708984375, 2559.870361328125, 2564.1396484375, 2629.933349609375, 2717.8271484375, 2718.5712890625, 2798.893798828125, 2891.65234375, 2941.764404296875, 2913.16259765625, 2926.64306640625, 2924.41552734375, 2908.98486328125, 2940.1396484375, 2940.322265625, 2944.67822265625, 2962.88427734375, 2965.6787109375, 2973.503662109375, 2995.651611328125, 2997.00830078125, 3017.0185546875, 3009.64404296875, 3022.202392578125, 3010.751220703125, 3022.937255859375, 3028.927978515625, 3028.4013671875, 3027.014892578125, 3008.3232421875, 3021.199462890625, 3022.70849609375, 3031.207275390625, 3038.322021484375, 3045.287353515625, 3045.771240234375, 3045.95654296875, 3045.88671875, 3045.5166015625, 3039.182373046875, 3038.8232421875, 3038.613037109375, 3012.569580078125, 3017.768310546875, 3011.115478515625, 3025.9599609375, 3061.767578125, 3032.74267578125, 3024.4990234375, 3066.480712890625, 3050.33056640625, 3011.358154296875, 3013.070556640625, 3019.02587890625, 3019.0068359375, 3019.4814453125, 3032.624755859375, 3033.429931640625, 3026.402587890625, 3032.652099609375, 3040.04541015625, 3031.176513671875, 3030.248779296875, 3040.35205078125, 3040.28515625, 3039.99169921875, 3033.59375, 3043.502685546875, 3043.656005859375, 3043.563720703125, 3043.238037109375, 3043.503173828125, 3043.65869140625, 3043.925537109375, 3044.104248046875], "lower": [2533.919189453125, 2531.694091796875, 2549.05224609375, 2473.1787109375, 2402.562255859375, 2327.60791015625, 2300.066162109375, 2350.66943359375, 2388.037109375, 2369.16064453125, 2384.1142578125, 2357.361328125, 2341.990966796875, 2350.638916015625, 2345.781982421875, 2341.185546875, 2341.4833984375, 2297.904296875, 2286.763671875, 2276.906005859375, 2253.72412109375, 2249.662353515625, 2248.786865234375, 2244.727783203125, 2240.608642578125, 2213.503662109375, 2232.664794921875, 2230.029296875, 2246.255126953125, 2276.3974609375, 2271.625244140625, 2283.76171875, 2291.267333984375, 2396.83349609375, 2545.29150390625, 2592.407470703125, 2611.193603515625, 2614.0419921875, 2611.97314453125, 2599.153076171875, 2614.502197265625, 2612.679931640625, 2610.55029296875, 2608.53857421875, 2606.541259765625, 2607.5595703125, 2602.916259765625, 2601.21728515625, 2603.423828125, 2603.3359375, 2601.919677734375, 2600.55078125, 2599.24560546875, 2598.04541015625, 2596.9384765625, 2595.791748046875, 2610.12060546875, 2612.32568359375, 2571.415283203125, 2610.2314453125, 2609.21435546875, 2607.783935546875, 2609.444091796875, 2626.083251953125, 2613.80859375, 2573.31591796875, 2612.241943359375, 2614.29931640625, 2613.112548828125, 2612.276123046875, 2605.84912109375, 2610.73876953125, 2609.9931640625, 2609.29150390625, 2609.822265625, 2609.4755859375, 2608.8837890625, 2608.951171875, 2608.396728515625, 2607.814208984375, 2607.150146484375, 2606.563720703125, 2605.980224609375, 2609.432373046875, 2608.907958984375, 2608.288330078125, 2609.23291015625, 2608.578369140625, 2607.9375, 2608.64990234375, 2607.882568359375, 2607.21337890625, 2606.453125, 2605.6689453125, 2604.86376953125, 2604.7470703125, 2603.95166015625, 2604.55224609375, 2599.403076171875, 2603.6591796875]}