{"mean": [3067.713663736979, 2436.980753580729, 2825.5397135416665, 2517.083780924479, 1667.8941243489583, 1592.240478515625, 1618.0503743489583, 1619.1498616536458, 1617.4110514322917, 1612.9338785807292, 1606.646728515625, 1600.3983154296875, 1595.2595621744792, 1589.3553466796875, 1583.7318115234375, 1578.476318359375, 1572.6265462239583, 1565.5448811848958, 1558.5133870442708, 1551.3684895833333, 1542.4017740885417, 1531.9521077473958, 1525.5830078125, 1527.3182373046875, 1522.3618977864583, 1514.9849446614583, 1507.45947265625, 1501.02587890625, 1496.8353271484375, 1494.3391520182292, 1489.9369303385417, 1489.5111490885417, 1502.4190266927083, 1511.5625406901042, 1510.00830078125, 1505.6185302734375, 1503.0102945963542, 1500.29345703125, 1502.15283203125, 1503.3528238932292, 1502.425537109375, 1504.2857259114583, 1504.4713948567708, 1504.6372477213542, 1504.7432047526042, 1504.7979736328125, 1504.8294677734375, 1504.8984781901042, 1503.470703125, 1502.6520589192708, 1502.643310546875, 1500.6845296223958, 1497.128173828125, 1497.2928466796875, 1490.7059326171875, 1479.8052164713542, 1486.5528157552083, 1489.0753173828125, 1470.5868733723958, 1487.4996744791667, 1491.997802734375, 1476.5438639322917, 1475.4965413411458, 1490.3097737630208, 1486.3787841796875, 1471.6106770833333, 1489.7170817057292, 1493.2611897786458, 1485.4970703125, 1473.5993245442708, 1476.7414143880208, 1488.5740152994792, 1491.8602701822917, 1487.7132975260417, 1480.4072265625, 1475.6097412109375, 1475.4721272786458, 1483.8384195963542, 1490.3296305338542, 1487.6265055338542, 1480.6724853515625, 1476.6994222005208, 1479.2986246744792, 1486.2209065755208, 1489.5313720703125, 1485.8704427083333, 1480.6589762369792, 1479.936279296875, 1484.3119710286458, 1486.2673746744792, 1482.7475992838542, 1478.18896484375, 1479.1097412109375, 1484.0805257161458, 1481.3495686848958, 1478.1273193359375, 1488.2030436197917, 1483.1177164713542, 1475.611572265625, 1495.8548177083333], "upper": [5692.78564453125, 3808.621337890625, 5008.8505859375, 4120.6005859375, 1755.4453125, 1739.2840576171875, 1730.0296630859375, 1723.4200439453125, 1718.2730712890625, 1709.4844970703125, 1697.455322265625, 1686.911865234375, 1680.3056640625, 1671.29638671875, 1662.510986328125, 1652.776123046875, 1643.137939453125, 1634.0030517578125, 1625.76708984375, 1617.4796142578125, 1608.477294921875, 1599.4908447265625, 1590.3555908203125, 1580.10107421875, 1567.855712890625, 1555.1263427734375, 1551.0391845703125, 1551.42236328125, 1551.8355712890625, 1552.041259765625, 1552.1590576171875, 1552.224853515625, 1552.360595703125, 1552.4417724609375, 1552.5648193359375, 1552.732666015625, 1552.9219970703125, 1553.5643310546875, 1553.5670166015625, 1553.804443359375, 1554.0223388671875, 1554.26220703125, 1554.5111083984375, 1554.70654296875, 1554.9395751953125, 1555.1708984375, 1555.3782958984375, 1555.58447265625, 1555.8455810546875, 1555.57080078125, 1555.59716796875, 1555.61328125, 1555.712890625, 1555.870849609375, 1556.0140380859375, 1556.10498046875, 1556.2042236328125, 1556.244873046875, 1556.2747802734375, 1556.2591552734375, 1556.2464599609375, 1556.228515625, 1556.179443359375, 1556.1539306640625, 1556.05615234375, 1556.0965576171875, 1556.125, 1556.0848388671875, 1555.9986572265625, 1555.9808349609375, 1556.0941162109375, 1556.1529541015625, 1556.228515625, 1556.379638671875, 1556.5755615234375, 1556.6640625, 1556.8880615234375, 1557.0615234375, 1557.135009765625, 1557.2012939453125, 1557.381103515625, 1557.5628662109375, 1557.8779296875, 1558.03076171875, 1558.029296875, 1558.2403564453125, 1558.3531494140625, 1558.4561767578125, 1558.5877685546875, 1558.6995849609375, 1558.80859375, 1558.9144287109375, 1558.92919921875, 1558.869140625, 1558.807861328125, 1558.71875, 1558.61474609375, 1558.5810546875, 1558.551025390625, 1558.507568359375], "lower": [1708.155029296875, 1705.7572021484375, 1683.32080078125, 1664.1942138671875, 1599.6441650390625, 1400.2874755859375, 1496.38525390625, 1514.58056640625, 1521.617431640625, 1526.061279296875, 1529.7242431640625, 1533.1673583984375, 1535.9552001953125, 1538.241943359375, 1540.1856689453125, 1540.7811279296875, 1531.412841796875, 1518.0279541015625, 1504.1654052734375, 1490.186767578125, 1471.443115234375, 1448.2646484375, 1437.5372314453125, 1452.333740234375, 1449.152587890625, 1439.2119140625, 1430.0697021484375, 1425.0654296875, 1426.6678466796875, 1433.7919921875, 1436.69482421875, 1446.609619140625, 1468.783935546875, 1481.71533203125, 1486.92529296875, 1477.7666015625, 1468.97705078125, 1456.1015625, 1455.652099609375, 1454.8133544921875, 1454.6151123046875, 1453.6558837890625, 1452.9351806640625, 1452.3072509765625, 1451.391845703125, 1450.0623779296875, 1448.6090087890625, 1446.8499755859375, 1439.991943359375, 1435.830322265625, 1432.31982421875, 1426.741455078125, 1415.5257568359375, 1415.3367919921875, 1394.627197265625, 1361.0079345703125, 1380.2869873046875, 1386.9237060546875, 1330.751708984375, 1380.965576171875, 1394.1282958984375, 1347.6121826171875, 1344.51953125, 1389.0848388671875, 1377.64111328125, 1333.5487060546875, 1387.9940185546875, 1401.857177734375, 1381.700439453125, 1347.866455078125, 1352.402099609375, 1383.0966796875, 1398.5823974609375, 1386.855224609375, 1355.82568359375, 1345.049072265625, 1353.2989501953125, 1377.3529052734375, 1390.9627685546875, 1382.9500732421875, 1361.852294921875, 1349.5330810546875, 1356.78466796875, 1377.241943359375, 1387.1768798828125, 1376.0655517578125, 1361.991455078125, 1360.2493896484375, 1371.3489990234375, 1377.289306640625, 1366.9002685546875, 1353.465087890625, 1356.482421875, 1371.7718505859375, 1363.767333984375, 1354.163818359375, 1384.49609375, 1369.283935546875, 1346.7408447265625, 1407.486572265625]}