{"mean": [15604.3330078125, 14633.781575520834, 15219.915690104166, 14763.3720703125, 14055.7578125, 14042.7978515625, 14038.8076171875, 14048.118489583334, 14062.107421875, 14077.588216145834, 14090.113932291666, 14101.897786458334, 14115.645182291666, 14136.95703125, 14159.888671875, 14188.485677083334, 14219.877604166666, 14254.816731770834, 14295.856119791666, 14344.278971354166, 14404.640950520834, 14469.156575520834, 14534.872721354166, 14654.53125, 14904.904622395834, 14915.251627604166, 14902.60546875, 14921.931315104166, 14961.416666666666, 15041.158528645834, 15143.4306640625, 15302.005208333334, 15585.044921875, 15738.377604166666, 15807.442708333334, 15890.981770833334, 15995.651692708334, 16181.926432291666, 16349.341145833334, 16378.174153645834, 16356.861653645834, 16378.0556640625, 16374.430013020834, 16375.107421875, 16379.224934895834, 16386.347330729168, 16394.2138671875, 16400.381510416668, 16365.568359375, 16319.566080729166, 16347.026041666666, 16360.714192708334, 16334.227864583334, 16375.220377604166, 16329.008463541666, 16248.499348958334, 16308.8291015625, 16327.6328125, 16237.795572916666, 16316.040364583334, 16322.076822916666, 16254.704427083334, 16241.433919270834, 16298.079752604166, 16287.649088541666, 16231.579427083334, 16312.471354166666, 16326.015950520834, 16296.154947916666, 16239.755533854166, 16265.0703125, 16327.059895833334, 16323.077473958334, 16296.796549479166, 16267.033203125, 16225.955403645834, 16211.579752604166, 16255.172200520834, 16294.6962890625, 16284.220377604166, 16256.2744140625, 16234.452473958334, 16255.194010416666, 16294.408854166666, 16310.453776041666, 16297.177734375, 16270.063151041666, 16262.407552083334, 16276.256510416666, 16274.724934895834, 16255.675130208334, 16231.611979166666, 16228.524739583334, 16235.335611979166, 16226.428385416666, 16218.83984375, 16234.671875, 16220.830078125, 16214.612630208334, 16218.89453125], "upper": [21238.7109375, 18236.638671875, 19985.205078125, 18596.166015625, 16438.546875, 16358.9716796875, 16307.17578125, 16291.576171875, 16283.541015625, 16278.5927734375, 16275.1904296875, 16273.0556640625, 16271.34765625, 16270.216796875, 16269.349609375, 16269.0009765625, 16268.6484375, 16268.466796875, 16268.37890625, 16268.181640625, 16268.19921875, 16268.208984375, 16268.1484375, 16267.720703125, 16266.4560546875, 16264.408203125, 16261.6787109375, 16258.1630859375, 16254.25, 16249.6669921875, 16244.6826171875, 16239.431640625, 16351.50390625, 16600.443359375, 16570.287109375, 16556.873046875, 16552.3125, 16556.248046875, 16566.60546875, 16579.796875, 16515.572265625, 16603.052734375, 16613.3046875, 16624.697265625, 16637.7578125, 16652.044921875, 16668.59375, 16687.603515625, 16709.07421875, 16731.794921875, 16755.197265625, 16760.65234375, 16766.451171875, 16772.791015625, 16779.421875, 16786.8359375, 16794.376953125, 16801.416015625, 16807.392578125, 16811.99609375, 16815.15625, 16816.92578125, 16817.62109375, 16817.240234375, 16816.2734375, 16815.2109375, 16814.404296875, 16781.607421875, 16746.341796875, 16723.66015625, 16775.279296875, 16817.990234375, 16762.068359375, 16750.857421875, 16840.1796875, 16816.1171875, 16723.84375, 16737.333984375, 16807.556640625, 16807.451171875, 16808.78125, 16811.125, 16813.4453125, 16815.36328125, 16816.05078125, 16815.943359375, 16800.203125, 16795.064453125, 16816.150390625, 16815.76953125, 16814.724609375, 16813.005859375, 16811.228515625, 16809.822265625, 16809.54296875, 16810.173828125, 16811.373046875, 16812.462890625, 16813.6484375, 16814.91015625], "lower": [12704.2001953125, 12752.078125, 12775.7861328125, 12800.978515625, 12835.1689453125, 12873.0439453125, 12899.369140625, 12904.9775390625, 12915.6611328125, 12929.037109375, 12930.54296875, 12923.810546875, 12918.3154296875, 12930.7666015625, 12943.0517578125, 12960.6591796875, 12980.837890625, 13005.0966796875, 13035.2646484375, 13070.095703125, 13107.9716796875, 13151.4501953125, 13193.298828125, 13243.5498046875, 13299.158203125, 13364.1484375, 13435.90234375, 13514.9375, 13605.40625, 13708.9453125, 13832.3212890625, 13989.333984375, 14169.62890625, 14386.3681640625, 14629.5400390625, 14899.1845703125, 15223.6064453125, 15782.5234375, 16201.6123046875, 16196.1484375, 16190.736328125, 16185.2119140625, 16179.8134765625, 16174.734375, 16169.5458984375, 16164.560546875, 16159.72265625, 16155.1416015625, 16150.8740234375, 16080.7880859375, 16141.6669921875, 16137.3994140625, 16103.0537109375, 16129.224609375, 16082.322265625, 15837.099609375, 16014.3662109375, 16067.4287109375, 15795.5654296875, 16029.40234375, 16048.0078125, 15847.826171875, 15810.927734375, 15984.7451171875, 15957.8291015625, 15793.9775390625, 16040.720703125, 16078.955078125, 16066.1240234375, 15922.697265625, 15949.86328125, 16067.0927734375, 16064.2353515625, 16061.4755859375, 15902.283203125, 15806.00390625, 15857.796875, 15977.6982421875, 16028.724609375, 16000.080078125, 15917.490234375, 15852.3623046875, 15914.8984375, 16033.25390625, 16031.8740234375, 16029.205078125, 15983.3935546875, 15968.234375, 15991.341796875, 15989.703125, 15936.2216796875, 15868.3955078125, 15863.908203125, 15888.90234375, 15865.6640625, 15845.4814453125, 15895.0322265625, 15855.65625, 15839.2529296875, 15854.2236328125]}