{"mean": [18307.065755208332, 16814.2607421875, 17729.199869791668, 17011.15625, 15595.6552734375, 15525.7236328125, 15544.976236979166, 15555.126627604166, 15567.64453125, 15579.487630208334, 15586.748046875, 15593.44140625, 15602.667317708334, 15618.9638671875, 15636.7392578125, 15660.616536458334, 15686.900716145834, 15716.134765625, 15751.681315104166, 15794.385091145834, 15849.029622395834, 15906.492838541666, 15968.079427083334, 16093.766276041666, 16344.585611979166, 16348.2490234375, 16328.344075520834, 16341.961263020834, 16379.013020833334, 16457.353841145832, 16557.153645833332, 16717.513020833332, 17013.220377604168, 17176.111328125, 17243.9287109375, 17324.051106770832, 17429.238932291668, 17616.227213541668, 17785.478515625, 17815.141276041668, 17793.363932291668, 17816.379557291668, 17813.208984375, 17814.110026041668, 17818.276041666668, 17825.322916666668, 17833.103515625, 17839.194661458332, 17803.030598958332, 17756.1796875, 17783.053385416668, 17795.12890625, 17765.443359375, 17806.020182291668, 17753.733072916668, 17662.5234375, 17729.780598958332, 17750.515625, 17641.233072916668, 17737.076822916668, 17747.28125, 17664.870442708332, 17650.656901041668, 17721.904947916668, 17707.900390625, 17636.069661458332, 17735.405598958332, 17752.833984375, 17716.006510416668, 17647.906901041668, 17675.791015625, 17748.991536458332, 17748.406901041668, 17718.751302083332, 17681.233072916668, 17635.841145833332, 17622.642578125, 17674.1875, 17719.003255208332, 17706.03515625, 17671.434244791668, 17645.4375, 17668.386067708332, 17714.201822916668, 17733.319010416668, 17716.192057291668, 17683.520833333332, 17674.978515625, 17693.453776041668, 17694.074869791668, 17671.708984375, 17643.069010416668, 17641.173177083332, 17652.759765625, 17640.965494791668, 17629.563802083332, 17656.651692708332, 17636.758463541668, 17621.451171875, 17648.373697916668], "upper": [26142.556640625, 21568.501953125, 24330.87890625, 22191.5, 17933.236328125, 17706.2734375, 17739.427734375, 17737.935546875, 17735.375, 17734.091796875, 17733.66796875, 17734.31640625, 17734.8046875, 17735.482421875, 17736.189453125, 17737.25390625, 17738.09765625, 17738.939453125, 17739.638671875, 17740.06640625, 17740.73046875, 17741.375, 17741.88671875, 17742.001953125, 17741.048828125, 17739.568359375, 17737.38671875, 17734.3984375, 17731.09765625, 17726.853515625, 17722.322265625, 17717.328125, 17778.005859375, 18038.26953125, 17998.24609375, 17979.431640625, 17975.779296875, 17984.90234375, 18001.53125, 18019.1171875, 17953.337890625, 18045.998046875, 18057.10546875, 18069.091796875, 18082.6953125, 18097.6953125, 18114.958984375, 18134.8828125, 18157.5, 18181.529296875, 18206.478515625, 18212.712890625, 18219.142578125, 18226.00390625, 18233.30859375, 18241.376953125, 18249.51953125, 18257.1640625, 18263.6328125, 18268.626953125, 18272.048828125, 18273.9921875, 18274.7265625, 18274.322265625, 18273.2734375, 18272.103515625, 18271.216796875, 18236.3515625, 18199.04296875, 18175.05859375, 18229.421875, 18274.921875, 18215.341796875, 18203.267578125, 18298.91015625, 18272.23828125, 18174.65234375, 18188.78125, 18262.80859375, 18262.564453125, 18263.91015625, 18266.294921875, 18268.6484375, 18270.58203125, 18271.1875, 18271.01953125, 18254.166015625, 18248.7421875, 18270.876953125, 18270.369140625, 18269.142578125, 18267.234375, 18265.365234375, 18263.771484375, 18263.36328125, 18264.021484375, 18265.220703125, 18266.236328125, 18267.517578125, 18268.76953125], "lower": [14242.4443359375, 14297.916015625, 14306.5625, 14315.35546875, 14337.107421875, 14366.677734375, 14397.5263671875, 14430.7001953125, 14465.2509765625, 14496.8818359375, 14498.5126953125, 14483.3701171875, 14471.6552734375, 14477.6806640625, 14482.4560546875, 14491.8544921875, 14503.779296875, 14520.291015625, 14544.08984375, 14572.6669921875, 14603.525390625, 14639.193359375, 14673.712890625, 14716.2412109375, 14762.3701171875, 14817.2216796875, 14877.1767578125, 14942.837890625, 15020.919921875, 15111.9306640625, 15220.99609375, 15369.583984375, 15549.5205078125, 15783.44140625, 16032.5205078125, 16296.9052734375, 16621.494140625, 17176.98828125, 17673.2265625, 17676.48046875, 17671.328125, 17666.162109375, 17661.115234375, 17656.357421875, 17651.517578125, 17646.888671875, 17642.396484375, 17638.23046875, 17617.279296875, 17457.134765625, 17517.17578125, 17551.353515625, 17459.9296875, 17578.541015625, 17418.078125, 17139.947265625, 17337.201171875, 17395.29296875, 17064.48046875, 17350.626953125, 17381.345703125, 17135.755859375, 17095.9296875, 17313.4609375, 17276.0078125, 17064.953125, 17367.04296875, 17457.5234375, 17387.3125, 17210.04296875, 17242.1328125, 17419.224609375, 17479.90234375, 17405.78125, 17200.419921875, 17093.853515625, 17154.515625, 17297.6328125, 17360.712890625, 17324.765625, 17222.1796875, 17144.484375, 17213.65234375, 17351.8125, 17411.30859375, 17362.7265625, 17284.197265625, 17266.64453125, 17302.5703125, 17307.498046875, 17244.22265625, 17162.875, 17162.142578125, 17201.732421875, 17170.05078125, 17138.587890625, 17222.048828125, 17164.673828125, 17121.0078125, 17204.044921875]}