{"mean": [3264.30126953125, 3272.309326171875, 3271.80908203125, 3266.235595703125, 3257.84521484375, 3252.0867513020835, 3249.2078450520835, 3246.3905436197915, 3244.5105794270835, 3243.6103515625, 3243.0113118489585, 3241.2974446614585, 3238.5912272135415, 3235.9453938802085, 3230.5380859375, 3224.5957845052085, 3222.2328287760415, 3220.5055338541665, 3219.2909342447915, 3218.3351236979165, 3217.5740559895835, 3217.048583984375, 3216.5869954427085, 3216.105224609375, 3215.7976888020835, 3215.280517578125, 3214.9828287760415, 3214.6249186197915, 3214.1062825520835, 3213.52880859375, 3212.8568522135415, 3211.8250325520835, 3210.5943196614585, 3209.2281901041665, 3207.69677734375, 3205.8419596354165, 3204.0829264322915, 3202.0970052083335, 3200.1226399739585, 3198.0882975260415, 3194.56298828125, 3187.4368489583335, 3185.1300455729165, 3183.1249186197915, 3182.099365234375, 3181.9573567708335, 3182.3916015625, 3183.062744140625, 3183.7509765625, 3183.9915364583335, 3184.2203776041665, 3184.3976236979165, 3184.65966796875, 3184.8951822916665, 3184.906005859375, 3184.8689778645835, 3184.8021647135415, 3184.85791015625, 3185.2256673177085, 3185.2006022135415, 3184.953857421875, 3184.20654296875, 3183.851318359375, 3183.903076171875, 3183.451171875, 3182.6807454427085, 3182.24951171875, 3182.2997233072915, 3182.7317708333335, 3182.4418131510415, 3182.2156575520835, 3183.2215983072915, 3184.4102376302085, 3185.1075032552085, 3185.82275390625, 3186.7464192708335, 3187.0938313802085, 3187.1731770833335, 3187.2923177083335, 3187.5977376302085, 3188.073486328125, 3187.679443359375, 3187.4108072916665, 3187.6236979166665, 3187.5297037760415, 3186.8446451822915, 3186.2871907552085, 3186.0328776041665, 3186.2928059895835, 3186.0030110677085, 3185.203369140625, 3184.9292805989585, 3184.693359375, 3184.673095703125, 3184.2723795572915, 3183.7313639322915, 3183.411376953125, 3183.287841796875, 3182.866455078125, 3182.80615234375], "upper": [3312.6201171875, 3310.3857421875, 3308.87158203125, 3307.6572265625, 3307.027587890625, 3306.684814453125, 3306.5439453125, 3306.309814453125, 3306.14208984375, 3306.064453125, 3306.039794921875, 3306.19287109375, 3306.241943359375, 3306.37939453125, 3306.488037109375, 3306.5595703125, 3306.67724609375, 3306.56005859375, 3306.2109375, 3305.620849609375, 3304.845947265625, 3303.7548828125, 3302.5927734375, 3300.91796875, 3298.900390625, 3296.6728515625, 3294.240478515625, 3291.705810546875, 3289.108642578125, 3286.59814453125, 3284.072265625, 3281.326171875, 3278.38427734375, 3275.4794921875, 3272.115478515625, 3267.8154296875, 3263.66064453125, 3259.197998046875, 3254.62255859375, 3249.86669921875, 3240.504638671875, 3219.99560546875, 3213.949951171875, 3208.9208984375, 3208.990966796875, 3208.9892578125, 3209.29150390625, 3209.69384765625, 3210.1767578125, 3210.501708984375, 3210.8193359375, 3210.94384765625, 3211.06982421875, 3210.994384765625, 3210.7451171875, 3210.61083984375, 3210.45361328125, 3210.254150390625, 3209.905029296875, 3209.603271484375, 3209.21533203125, 3208.837158203125, 3208.413330078125, 3208.1669921875, 3207.8720703125, 3207.5185546875, 3207.154052734375, 3206.833984375, 3206.623046875, 3206.20556640625, 3206.0732421875, 3208.131591796875, 3210.4736328125, 3212.2470703125, 3213.867431640625, 3215.2587890625, 3216.572509765625, 3217.685791015625, 3218.84326171875, 3219.699462890625, 3219.93115234375, 3219.7060546875, 3218.9892578125, 3218.110107421875, 3217.109130859375, 3216.104736328125, 3215.3134765625, 3214.59765625, 3213.73486328125, 3212.89599609375, 3212.253173828125, 3211.49853515625, 3210.760009765625, 3209.913330078125, 3208.89404296875, 3207.880126953125, 3207.102783203125, 3207.051513671875, 3207.2373046875, 3207.72021484375], "lower": [3179.1357421875, 3208.249755859375, 3211.480224609375, 3200.014404296875, 3179.513671875, 3166.60546875, 3162.224365234375, 3159.12646484375, 3159.57958984375, 3162.1435546875, 3165.23779296875, 3165.614990234375, 3162.66650390625, 3157.81103515625, 3148.55126953125, 3139.024169921875, 3138.87841796875, 3138.7021484375, 3138.44091796875, 3138.196044921875, 3137.89111328125, 3137.544189453125, 3137.2060546875, 3136.900146484375, 3136.573486328125, 3136.22265625, 3135.9169921875, 3135.5703125, 3135.239501953125, 3134.8798828125, 3134.642333984375, 3134.369140625, 3134.0908203125, 3133.82080078125, 3133.571044921875, 3133.375, 3133.146484375, 3132.959228515625, 3132.736083984375, 3132.553466796875, 3132.400390625, 3132.271484375, 3132.110595703125, 3132.01171875, 3131.9150390625, 3131.931640625, 3132.12548828125, 3132.268310546875, 3132.65576171875, 3132.59619140625, 3132.317626953125, 3132.38037109375, 3132.842041015625, 3133.199951171875, 3133.486083984375, 3133.884765625, 3134.3447265625, 3135.326171875, 3137.60302734375, 3138.795166015625, 3138.83935546875, 3137.891357421875, 3137.884521484375, 3138.394287109375, 3137.476318359375, 3135.492431640625, 3134.5341796875, 3134.89501953125, 3136.134765625, 3135.378173828125, 3134.765625, 3135.448974609375, 3136.58056640625, 3136.341552734375, 3136.59033203125, 3137.927978515625, 3137.39501953125, 3136.24853515625, 3135.34765625, 3135.3447265625, 3136.649169921875, 3135.791748046875, 3135.916015625, 3137.580322265625, 3138.435302734375, 3137.430419921875, 3136.340576171875, 3136.0078125, 3137.4453125, 3137.214111328125, 3135.5234375, 3135.568603515625, 3135.766845703125, 3136.78173828125, 3136.778564453125, 3136.271728515625, 3136.19482421875, 3136.181884765625, 3135.653076171875, 3135.78564453125]}