{"mean": [3664.8450520833335, 3646.0833333333335, 3642.356689453125, 3631.6790364583335, 3615.8777669270835, 3602.3333333333335, 3597.9457194010415, 3590.6336263020835, 3585.583984375, 3580.67919921875, 3587.1246744791665, 3584.1494140625, 3590.6866048177085, 3589.9228515625, 3601.17724609375, 3605.58251953125, 3610.35546875, 3602.6322428385415, 3609.6591796875, 3614.3461100260415, 3614.7744140625, 3617.0940755208335, 3617.6519368489585, 3606.5530598958335, 3600.6195475260415, 3593.101806640625, 3585.6578776041665, 3585.3042805989585, 3582.385498046875, 3580.1499837239585, 3579.191162109375, 3580.1990559895835, 3580.3430989583335, 3581.506103515625, 3579.9571126302085, 3582.296875, 3581.7127278645835, 3582.9033203125, 3581.2052408854165, 3578.297119140625, 3588.86669921875, 3584.1697591145835, 3586.5082194010415, 3594.1961263020835, 3596.9203287760415, 3595.2894694010415, 3596.546875, 3588.1421712239585, 3579.6717936197915, 3577.3802897135415, 3574.566162109375, 3571.490234375, 3572.9514973958335, 3572.49169921875, 3571.8633626302085, 3571.84326171875, 3574.0281575520835, 3575.191650390625, 3574.5096028645835, 3577.5526529947915, 3577.3328450520835, 3577.6813151041665, 3580.2036946614585, 3580.11279296875, 3579.482177734375, 3581.8123372395835, 3578.8680013020835, 3578.5853678385415, 3578.3701171875, 3578.31640625, 3577.1590169270835, 3575.579833984375, 3570.1027018229165, 3570.8548177083335, 3566.1947428385415, 3569.4305013020835, 3566.669189453125, 3566.066162109375, 3564.4947916666665, 3564.3356119791665, 3563.0267740885415, 3564.5257161458335, 3564.126220703125, 3567.14208984375, 3566.712890625, 3569.4120279947915, 3571.5660807291665, 3564.8075358072915, 3564.853515625, 3567.7228190104165, 3569.44677734375, 3569.7178548177085, 3569.4860026041665, 3570.107666015625, 3573.7099609375, 3574.506103515625, 3578.3875325520835, 3576.7976888020835, 3580.197509765625, 3579.2849934895835], "upper": [3670.629638671875, 3648.12890625, 3650.8046875, 3639.340087890625, 3632.217041015625, 3627.661376953125, 3628.52197265625, 3619.697998046875, 3622.0859375, 3607.266845703125, 3616.192138671875, 3618.755859375, 3627.24755859375, 3629.11328125, 3636.0009765625, 3643.6728515625, 3645.630615234375, 3633.18798828125, 3634.062744140625, 3630.640625, 3627.087158203125, 3628.17333984375, 3635.03369140625, 3614.2509765625, 3608.310302734375, 3600.3408203125, 3601.7646484375, 3603.12890625, 3600.27978515625, 3601.9755859375, 3601.646484375, 3602.39892578125, 3602.2333984375, 3603.1865234375, 3603.765625, 3604.6904296875, 3604.52783203125, 3609.412841796875, 3606.85791015625, 3607.6318359375, 3602.867431640625, 3603.505126953125, 3604.08837890625, 3604.627197265625, 3605.5693359375, 3605.2041015625, 3610.544677734375, 3612.2880859375, 3611.05224609375, 3611.32666015625, 3612.0322265625, 3610.5244140625, 3612.226318359375, 3615.316650390625, 3614.59521484375, 3614.880126953125, 3622.208740234375, 3619.411865234375, 3615.7734375, 3618.833984375, 3615.662841796875, 3616.662353515625, 3615.984619140625, 3615.747802734375, 3614.9501953125, 3623.55517578125, 3615.776123046875, 3614.275390625, 3617.49462890625, 3618.4658203125, 3621.26318359375, 3623.804931640625, 3616.664794921875, 3619.41015625, 3615.919921875, 3614.83154296875, 3616.64892578125, 3618.35546875, 3621.5908203125, 3621.30078125, 3616.8662109375, 3620.36181640625, 3617.86865234375, 3616.501220703125, 3612.69873046875, 3617.600341796875, 3618.18896484375, 3617.7705078125, 3616.6533203125, 3616.3056640625, 3621.24072265625, 3621.1591796875, 3620.86279296875, 3618.60009765625, 3619.206298828125, 3617.426025390625, 3619.373046875, 3619.08935546875, 3620.788330078125, 3620.8759765625], "lower": [3657.134765625, 3645.0107421875, 3633.963623046875, 3617.303466796875, 3592.591064453125, 3576.03662109375, 3566.35791015625, 3556.170166015625, 3538.825927734375, 3532.7744140625, 3545.29150390625, 3540.66943359375, 3545.863037109375, 3558.12158203125, 3566.0517578125, 3569.6337890625, 3583.217041015625, 3572.638916015625, 3596.816650390625, 3598.906005859375, 3598.6982421875, 3599.544677734375, 3598.33935546875, 3598.21240234375, 3593.7666015625, 3586.634765625, 3575.68115234375, 3576.251708984375, 3567.70068359375, 3559.5234375, 3558.677001953125, 3561.77880859375, 3563.830810546875, 3565.310546875, 3567.62939453125, 3568.2802734375, 3569.49951171875, 3568.9521484375, 3564.293701171875, 3552.494384765625, 3581.0859375, 3566.09912109375, 3567.5498046875, 3588.458251953125, 3587.77783203125, 3586.72607421875, 3588.330810546875, 3573.69482421875, 3558.389404296875, 3553.1298828125, 3546.00244140625, 3539.751953125, 3540.21728515625, 3537.580810546875, 3537.56494140625, 3539.78857421875, 3540.51953125, 3544.279541015625, 3546.8046875, 3553.52490234375, 3555.9248046875, 3555.80712890625, 3560.07861328125, 3558.41357421875, 3557.633544921875, 3556.55810546875, 3555.903076171875, 3556.45849609375, 3553.6767578125, 3553.42431640625, 3554.2587890625, 3548.087890625, 3538.722900390625, 3536.998046875, 3527.54638671875, 3535.57275390625, 3530.583251953125, 3528.956787109375, 3522.0244140625, 3522.1767578125, 3522.25927734375, 3522.16748046875, 3521.8154296875, 3528.0498046875, 3529.564208984375, 3532.3125, 3539.527099609375, 3525.168701171875, 3528.0634765625, 3537.88427734375, 3538.124267578125, 3538.117919921875, 3536.407958984375, 3538.7978515625, 3544.988525390625, 3548.89892578125, 3557.29296875, 3553.62841796875, 3556.56591796875, 3549.759033203125]}