{"mean": [10166.8349609375, 10136.618489583334, 10124.514322916666, 10121.640625, 10126.093424479166, 10138.939453125, 10138.704427083334, 10131.498046875, 10123.682291666666, 10128.859375, 10148.9755859375, 10187.9541015625, 10222.402669270834, 10225.838541666666, 10240.903971354166, 10275.98046875, 10294.933268229166, 10310.562825520834, 10325.211263020834, 10343.056640625, 10349.860026041666, 10352.195638020834, 10343.3984375, 10334.744140625, 10322.0576171875, 10308.477864583334, 10300.329427083334, 10294.107747395834, 10287.8603515625, 10284.642578125, 10280.7861328125, 10281.59375, 10283.907552083334, 10288.554361979166, 10295.683268229166, 10310.711588541666, 10330.7216796875, 10347.177083333334, 10363.100911458334, 10375.728190104166, 10385.667317708334, 10393.908854166666, 10402.3564453125, 10415.678385416666, 10422.8203125, 10418.214192708334, 10404.624348958334, 10395.5107421875, 10385.03125, 10375.192708333334, 10366.883463541666, 10363.216145833334, 10361.5751953125, 10358.358723958334, 10357.298828125, 10357.681966145834, 10359.179361979166, 10357.896158854166, 10355.001627604166, 10356.433919270834, 10357.789388020834, 10359.6865234375, 10360.267578125, 10357.715494791666, 10359.017578125, 10360.669921875, 10359.337565104166, 10357.3095703125, 10355.801432291666, 10354.904296875, 10355.984049479166, 10351.627604166666, 10342.9150390625, 10333.36328125, 10320.476236979166, 10308.26171875, 10298.216471354166, 10290.890299479166, 10286.523111979166, 10284.231119791666, 10282.312825520834, 10284.630533854166, 10285.764973958334, 10287.856119791666, 10293.343424479166, 10302.022786458334, 10308.8447265625, 10313.58203125, 10318.770182291666, 10324.858072916666, 10331.890625, 10337.454427083334, 10339.6787109375, 10341.622721354166, 10345.2685546875, 10349.023111979166, 10351.98828125, 10353.021158854166, 10354.4013671875, 10355.855794270834], "upper": [10631.05859375, 10585.607421875, 10578.7080078125, 10592.4384765625, 10615.5859375, 10660.826171875, 10680.3203125, 10690.25390625, 10684.5390625, 10664.2255859375, 10653.7734375, 10656.40625, 10661.021484375, 10682.671875, 10716.2646484375, 10731.21484375, 10730.484375, 10730.3212890625, 10729.5771484375, 10729.2197265625, 10729.201171875, 10729.0810546875, 10729.6064453125, 10729.890625, 10730.2373046875, 10730.421875, 10731.21484375, 10731.9521484375, 10732.796875, 10733.2294921875, 10734.396484375, 10734.6669921875, 10735.2724609375, 10735.783203125, 10736.5263671875, 10737.455078125, 10737.732421875, 10738.521484375, 10738.888671875, 10739.25390625, 10739.990234375, 10740.0400390625, 10740.3115234375, 10740.5625, 10740.7353515625, 10742.2216796875, 10745.521484375, 10747.4970703125, 10748.79296875, 10749.08984375, 10748.4462890625, 10748.71875, 10751.603515625, 10752.5703125, 10753.00390625, 10754.1865234375, 10757.943359375, 10752.857421875, 10742.77734375, 10739.08203125, 10742.3720703125, 10746.283203125, 10744.4619140625, 10740.099609375, 10746.08984375, 10754.4228515625, 10754.052734375, 10750.8984375, 10746.4287109375, 10749.8291015625, 10753.8818359375, 10755.048828125, 10749.2333984375, 10745.859375, 10748.1328125, 10742.7490234375, 10743.380859375, 10750.494140625, 10752.982421875, 10752.759765625, 10749.017578125, 10751.5908203125, 10748.5458984375, 10741.7041015625, 10739.302734375, 10745.16796875, 10748.71875, 10747.2998046875, 10746.517578125, 10747.0849609375, 10752.29296875, 10751.8623046875, 10751.3076171875, 10745.3330078125, 10746.9052734375, 10748.71875, 10749.72265625, 10749.982421875, 10752.0380859375, 10751.1708984375], "lower": [9902.5439453125, 9863.138671875, 9834.5703125, 9815.787109375, 9808.7841796875, 9802.384765625, 9796.353515625, 9796.125, 9799.8828125, 9806.302734375, 9813.7177734375, 9820.853515625, 9829.3896484375, 9838.927734375, 9847.6015625, 9857.5400390625, 9865.1298828125, 9871.0576171875, 9876.560546875, 9880.962890625, 9885.3486328125, 9887.87109375, 9886.1796875, 9886.482421875, 9878.5146484375, 9866.099609375, 9851.6650390625, 9837.287109375, 9831.33984375, 9835.2978515625, 9838.6806640625, 9846.9267578125, 9859.3505859375, 9878.1142578125, 9901.71875, 9948.16796875, 10010.93359375, 10059.57421875, 10104.84765625, 10141.265625, 10165.0908203125, 10186.8515625, 10209.0703125, 10248.314453125, 10254.5009765625, 10249.810546875, 10223.92578125, 10202.712890625, 10178.5458984375, 10155.267578125, 10138.5595703125, 10129.4033203125, 10126.8623046875, 10121.7060546875, 10121.5732421875, 10126.31640625, 10131.7060546875, 10136.3369140625, 10141.7421875, 10151.8017578125, 10154.7548828125, 10157.998046875, 10166.140625, 10165.5439453125, 10161.337890625, 10158.689453125, 10156.2158203125, 10154.73828125, 10157.3251953125, 10155.529296875, 10155.962890625, 10142.689453125, 10121.974609375, 10100.1279296875, 10061.2509765625, 10028.12109375, 10000.5263671875, 9975.0146484375, 9960.8984375, 9954.8310546875, 9951.54296875, 9954.7119140625, 9958.7900390625, 9969.8115234375, 9986.958984375, 10007.3759765625, 10026.1875, 10044.732421875, 10063.7451171875, 10082.4501953125, 10099.017578125, 10113.740234375, 10120.4951171875, 10128.7744140625, 10136.3818359375, 10144.962890625, 10151.896484375, 10152.4052734375, 10151.49609375, 10146.65625]}