{"mean": [18307.089192708332, 16846.237630208332, 15580.4580078125, 15631.869466145834, 15690.635091145834, 15835.017252604166, 16001.495768229166, 16192.812174479166, 16526.776692708332, 16740.568684895832, 16978.846354166668, 17087.072265625, 17154.580729166668, 17167.012369791668, 17177.592447916668, 17187.26171875, 17195.641927083332, 17203.345052083332, 17209.055338541668, 17211.177083333332, 17211.78515625, 17208.936197916668, 17203.363932291668, 17194.387369791668, 17180.753255208332, 17161.530598958332, 17136.307942708332, 17103.846354166668, 17061.569010416668, 17019.53515625, 16972.295572916668, 16918.137369791668, 16909.37109375, 16942.375651041668, 16961.020182291668, 16970.994140625, 16975.358723958332, 16986.702473958332, 17012.139322916668, 17041.792317708332, 17065.890625, 17093.860026041668, 17118.377604166668, 17166.573567708332, 17283.60546875, 17383.342447916668, 17281.981770833332, 17158.256510416668, 17184.825520833332, 17333.013671875, 17294.76953125, 17267.623046875, 17261.982421875, 17274.787109375, 17292.598307291668, 17314.526692708332, 17324.276041666668, 17336.777994791668, 17381.936848958332, 17426.259114583332, 17469.629557291668, 17524.094401041668, 17583.486328125, 17609.628255208332, 17571.125, 17583.131510416668, 17709.555338541668, 17676.497395833332, 17675.246744791668, 17650.966796875, 17632.720052083332, 17618.602213541668, 17615.688151041668, 17615.696614583332, 17619.080729166668, 17624.74609375, 17632.951171875, 17641.203776041668, 17650.6640625, 17660.276692708332, 17669.102213541668, 17677.430989583332, 17685.822265625, 17695.041015625, 17704.924479166668, 17714.979817708332, 17726.298828125, 17736.552083333332, 17746.51171875, 17756.489583333332, 17765.4609375, 17771.34375, 17776.488932291668, 17779.206380208332, 17780.6484375, 17782.652994791668, 17785.626953125, 17789.149088541668, 17792.985026041668, 17797.9765625], "upper": [26142.623046875, 21568.009765625, 17673.673828125, 17734.609375, 17742.8203125, 17740.62890625, 17739.24609375, 17738.462890625, 17738.556640625, 17739.0546875, 17739.6640625, 17740.078125, 17740.802734375, 17741.3125, 17741.603515625, 17741.662109375, 17741.576171875, 17740.958984375, 17740.318359375, 17739.060546875, 17737.654296875, 17735.611328125, 17730.90234375, 17727.5234375, 17727.1953125, 17725.978515625, 17723.580078125, 17719.96875, 17715.4921875, 17712.064453125, 17709.0546875, 17705.35546875, 17701.6796875, 17697.46875, 17693.22265625, 17687.380859375, 17680.50390625, 17670.904296875, 17657.06640625, 17638.72265625, 17615.83984375, 17587.412109375, 17557.78125, 17533.759765625, 17704.162109375, 18024.791015625, 17769.068359375, 17459.365234375, 17596.96484375, 18104.279296875, 18057.890625, 18015.2265625, 17989.14453125, 17969.580078125, 17956.46484375, 17949.24609375, 17945.34375, 17944.466796875, 17946.09375, 17949.595703125, 17954.5703125, 17960.779296875, 17967.916015625, 17976.326171875, 17985.6953125, 17995.861328125, 18006.6796875, 18018.275390625, 18030.41015625, 18043.546875, 18057.21484375, 18071.408203125, 18086.4140625, 18101.74609375, 18117.53515625, 18133.912109375, 18151.3125, 18169.052734375, 18187.828125, 18207.240234375, 18226.630859375, 18245.783203125, 18264.51953125, 18283.376953125, 18302.259765625, 18321.068359375, 18341.0625, 18355.91796875, 18369.130859375, 18380.3828125, 18386.748046875, 18384.560546875, 18381.060546875, 18376.4453125, 18371.66015625, 18368.103515625, 18365.0703125, 18363.59375, 18362.369140625, 18362.35546875], "lower": [14242.443359375, 14378.0771484375, 14503.419921875, 14546.138671875, 14559.560546875, 14634.9765625, 14715.0771484375, 14890.7021484375, 15323.8125, 15701.5048828125, 16298.796875, 16604.94921875, 16786.8125, 16803.806640625, 16817.361328125, 16831.345703125, 16843.8125, 16855.302734375, 16866.037109375, 16875.78125, 16884.42578125, 16892.18359375, 16899.07421875, 16900.10546875, 16894.220703125, 16876.93359375, 16823.42578125, 16758.111328125, 16673.845703125, 16594.427734375, 16507.81640625, 16409.65234375, 16446.00390625, 16524.271484375, 16462.92578125, 16403.806640625, 16351.072265625, 16332.880859375, 16363.09765625, 16418.29296875, 16473.275390625, 16523.75, 16569.322265625, 16608.296875, 16642.013671875, 16670.2734375, 16692.94921875, 16709.35546875, 16720.26953125, 16724.603515625, 16728.556640625, 16728.75, 16728.603515625, 16727.15625, 16726.529296875, 16725.62890625, 16704.40625, 16739.95703125, 16871.818359375, 17000.251953125, 17123.966796875, 17279.478515625, 17334.55078125, 17337.1171875, 17337.80859375, 17339.701171875, 17340.416015625, 17341.384765625, 17341.69921875, 17342.025390625, 17342.396484375, 17342.541015625, 17342.798828125, 17343.353515625, 17343.78125, 17344.841796875, 17345.681640625, 17347.06640625, 17348.31640625, 17349.88671875, 17351.73828125, 17353.83984375, 17355.98828125, 17358.345703125, 17360.91015625, 17363.353515625, 17366.349609375, 17368.9140625, 17371.71875, 17374.3125, 17376.833984375, 17379.47265625, 17381.630859375, 17383.595703125, 17385.4921875, 17386.533203125, 17387.748046875, 17388.421875, 17389.3046875, 17390.087890625]}