{"mean": [10415.7099609375, 8345.2314453125, 6460.18408203125, 6509.169270833333, 6504.90087890625, 6202.53076171875, 6044.35205078125, 5695.166829427083, 5340.116048177083, 5086.965494791667, 4922.238118489583, 4839.31591796875, 4702.478678385417, 4678.72119140625, 4657.39404296875, 4640.0771484375, 4624.934407552083, 4610.643229166667, 4601.40771484375, 4598.08642578125, 4600.459798177083, 4606.335611979167, 4619.680826822917, 4643.6787109375, 4685.818033854167, 4745.2861328125, 4814.765625, 4896.1015625, 4986.189778645833, 5063.803548177083, 5115.008626302083, 5142.086588541667, 5177.649088541667, 5219.021809895833, 5226.941243489583, 5206.068522135417, 5180.824381510417, 5163.68701171875, 5156.8203125, 5168.311848958333, 5203.804036458333, 5217.341634114583, 5153.55712890625, 5093.2001953125, 5144.440104166667, 5257.378580729167, 5027.401204427083, 5048.20947265625, 5048.197102864583, 5052.333984375, 5049.320638020833, 5058.675618489583, 5080.06298828125, 5110.006510416667, 5143.95458984375, 5167.964029947917, 5166.666178385417, 5153.56298828125, 5148.822102864583, 5146.495768229167, 5150.78955078125, 5165.209798177083, 5197.071614583333, 5172.041341145833, 4997.63525390625, 4960.289713541667, 5051.501627604167, 4952.646321614583, 4931.816731770833, 4918.18359375, 4917.329264322917, 4864.141764322917, 4882.069986979167, 5018.227376302083, 5010.783040364583, 4940.671223958333, 4867.800130208333, 4849.917643229167, 4858.698567708333, 4863.832194010417, 4859.996419270833, 4850.796061197917, 4842.593587239583, 4851.759928385417, 4882.953287760417, 4912.408040364583, 4917.17333984375, 4895.509114583333, 4863.600260416667, 4840.615885416667, 4834.370279947917, 4832.981770833333, 4829.422688802083, 4824.685546875, 4831.152506510417, 4847.142252604167, 4857.866861979167, 4864.4453125, 4875.424153645833, 4882.07080078125], "upper": [16248.72265625, 10300.0341796875, 7551.990234375, 7492.59716796875, 7496.14892578125, 7525.38916015625, 7517.291015625, 6813.56005859375, 5927.69384765625, 5550.52001953125, 5280.2080078125, 5076.0771484375, 4848.89453125, 4846.63037109375, 4845.33056640625, 4845.8896484375, 4846.423828125, 4847.35205078125, 4848.16357421875, 4849.96923828125, 4850.85693359375, 4851.8408203125, 4850.8564453125, 4851.8740234375, 4856.60302734375, 4859.6318359375, 4980.57373046875, 5140.29296875, 5298.482421875, 5409.0673828125, 5444.994140625, 5419.06982421875, 5440.77587890625, 5506.51220703125, 5494.77783203125, 5427.0458984375, 5355.326171875, 5308.98486328125, 5311.94580078125, 5325.63916015625, 5417.4658203125, 5473.0869140625, 5303.84033203125, 5264.92724609375, 5303.20361328125, 5656.6552734375, 5196.47021484375, 5192.703125, 5203.083984375, 5227.0126953125, 5257.81298828125, 5300.6708984375, 5348.9189453125, 5396.326171875, 5441.6767578125, 5467.12060546875, 5438.5537109375, 5394.62451171875, 5377.8037109375, 5369.7421875, 5383.2763671875, 5427.69677734375, 5525.404296875, 5453.5859375, 5080.1640625, 5075.201171875, 5105.61865234375, 5064.01611328125, 5057.39501953125, 5049.81689453125, 5041.93310546875, 5033.94677734375, 5025.65234375, 5055.6728515625, 5040.61181640625, 5002.37841796875, 4991.333984375, 4982.0869140625, 4982.35546875, 4982.89404296875, 4983.35400390625, 4984.0244140625, 4984.76513671875, 4985.3896484375, 4986.29736328125, 4986.96728515625, 4987.97216796875, 4988.67578125, 4989.5341796875, 4990.27392578125, 4991.0888671875, 4991.69677734375, 4992.29345703125, 4992.609375, 4992.98291015625, 4992.92041015625, 4992.80078125, 4992.4951171875, 5011.08349609375, 5098.05810546875], "lower": [7270.27294921875, 7116.84765625, 4805.27685546875, 5020.67626953125, 4921.6357421875, 4896.67041015625, 4883.4150390625, 4873.76318359375, 4865.94384765625, 4850.6455078125, 4631.21728515625, 4590.27685546875, 4550.02294921875, 4514.36474609375, 4481.56591796875, 4456.4091796875, 4434.71923828125, 4414.18505859375, 4407.138671875, 4414.59326171875, 4438.01806640625, 4469.85107421875, 4482.36474609375, 4480.65625, 4501.923828125, 4542.76953125, 4601.61083984375, 4684.09033203125, 4792.759765625, 4870.88671875, 4873.13330078125, 4874.45263671875, 4875.26416015625, 4875.84814453125, 4877.9462890625, 4878.6298828125, 4880.8037109375, 4877.19140625, 4871.65625, 4866.37646484375, 4863.671875, 4862.51416015625, 4863.39892578125, 4874.2080078125, 4892.64599609375, 4903.97216796875, 4916.41845703125, 4924.7177734375, 4923.4453125, 4902.68017578125, 4871.38330078125, 4851.068359375, 4851.26123046875, 4874.0341796875, 4914.3310546875, 4953.49853515625, 4971.7880859375, 4972.6689453125, 4973.16162109375, 4974.0791015625, 4974.63720703125, 4975.595703125, 4976.67138671875, 4977.51025390625, 4934.81884765625, 4827.08154296875, 4979.14697265625, 4814.34033203125, 4758.23974609375, 4724.34765625, 4729.7119140625, 4577.716796875, 4639.50244140625, 4981.171875, 4981.47607421875, 4838.02880859375, 4630.2939453125, 4585.81689453125, 4620.2421875, 4643.00927734375, 4638.67431640625, 4617.86376953125, 4600.00732421875, 4634.44482421875, 4733.31689453125, 4824.68994140625, 4838.005859375, 4773.4091796875, 4677.01220703125, 4607.775390625, 4591.4443359375, 4589.81787109375, 4583.08935546875, 4576.361328125, 4604.7783203125, 4665.8779296875, 4704.88916015625, 4688.3916015625, 4623.1767578125, 4556.66845703125]}