{"mean": [930.0387573242188, 940.2266235351562, 949.317138671875, 950.9834391276041, 951.1036783854166, 950.9235229492188, 949.0525716145834, 945.0175577799479, 937.733154296875, 932.3699137369791, 929.9275919596354, 929.8934936523438, 930.9371541341146, 933.2578328450521, 934.5262044270834, 932.0203247070312, 927.6338907877604, 923.3668619791666, 918.2388916015625, 906.0872395833334, 886.3910522460938, 881.9055582682291, 889.1549682617188, 886.3418172200521, 884.7162068684896, 890.2129516601562, 899.4149780273438, 906.8267415364584, 911.3426717122396, 913.5506591796875, 915.8271891276041, 917.8734130859375, 919.6028442382812, 920.7242431640625, 920.6261596679688, 919.6149495442709, 918.1049601236979, 917.1321818033854, 917.9001871744791, 918.2476603190104, 917.2850952148438, 914.7922973632812, 910.8645426432291, 907.4040120442709, 905.0258585611979, 901.2056274414062, 895.6755981445312, 888.4384155273438, 881.2306925455729, 876.5832112630209, 873.3339640299479, 871.1352335611979, 870.1752319335938, 870.2353922526041, 871.0842692057291, 872.9926350911459, 875.3428141276041, 877.9563802083334, 879.6407470703125, 880.1744791666666, 879.4084676106771, 877.3992716471354, 873.8409627278646, 869.2939453125, 863.521240234375, 856.8228556315104, 850.1838582356771, 844.7947387695312, 841.3857014973959, 838.8837890625, 836.1888834635416, 835.5557047526041, 835.7534383138021, 837.0726928710938, 839.0442911783854, 840.9519246419271, 843.2933349609375, 845.0525919596354, 845.7250773111979, 844.8229573567709, 842.674560546875, 840.111328125, 837.3830159505209, 835.0509236653646, 833.9905192057291, 834.4012044270834, 836.13720703125, 838.5707397460938, 841.1335245768229, 842.7212320963541, 843.1448567708334, 842.4329223632812, 840.8575236002604, 838.7516682942709, 837.1541951497396, 836.3552449544271, 836.1966349283854, 836.884033203125, 838.0764363606771, 839.16552734375], "upper": [956.4000854492188, 955.4322509765625, 954.50048828125, 957.1285400390625, 960.820556640625, 964.267578125, 968.6141967773438, 973.5739135742188, 978.4795532226562, 983.565185546875, 987.7747192382812, 990.370361328125, 990.007080078125, 987.7022705078125, 980.63818359375, 972.5822143554688, 966.7057495117188, 967.7677001953125, 960.627197265625, 954.65771484375, 927.4560546875, 912.8470458984375, 922.2904052734375, 917.5401611328125, 904.4437866210938, 917.7681274414062, 932.5979614257812, 944.0789794921875, 952.5028076171875, 957.5173950195312, 960.5582275390625, 962.0352783203125, 962.6310424804688, 962.7523193359375, 962.6175537109375, 962.2456665039062, 961.7769165039062, 961.1636962890625, 960.3642578125, 959.2860717773438, 957.8057250976562, 955.7537231445312, 952.3809814453125, 948.1724853515625, 942.803466796875, 935.6737670898438, 926.5488891601562, 915.638916015625, 904.6046142578125, 896.778564453125, 892.943359375, 889.9583740234375, 887.9528198242188, 886.79052734375, 888.3932495117188, 893.843017578125, 900.3322143554688, 906.9105224609375, 911.2763671875, 913.31396484375, 913.084228515625, 910.6990966796875, 905.8773803710938, 898.9310302734375, 890.2274780273438, 881.0126342773438, 872.956787109375, 866.5875854492188, 861.41650390625, 855.4370727539062, 846.3905029296875, 840.5294189453125, 840.4583129882812, 841.2692260742188, 849.0579833984375, 853.9622192382812, 856.0853271484375, 855.553466796875, 852.6680908203125, 847.3987426757812, 846.8488159179688, 844.8919067382812, 841.1818237304688, 840.1104125976562, 840.1005859375, 840.01123046875, 839.9384765625, 839.876708984375, 843.28076171875, 845.4411010742188, 846.15625, 845.3036499023438, 843.1843872070312, 840.0026245117188, 839.4139404296875, 839.3927001953125, 839.3342895507812, 839.281494140625, 840.021484375, 841.1051025390625], "lower": [880.9814453125, 912.2968139648438, 938.9675903320312, 942.2896728515625, 940.5462036132812, 937.7899169921875, 928.4775390625, 911.2683715820312, 883.8273315429688, 860.990966796875, 847.2904052734375, 841.071044921875, 839.0150756835938, 841.8411865234375, 848.4658203125, 853.0262451171875, 852.3065185546875, 847.0924072265625, 839.44580078125, 832.5387573242188, 829.5018310546875, 830.2752685546875, 834.9697265625, 840.71337890625, 845.984619140625, 848.357421875, 847.0013427734375, 842.8358764648438, 836.59326171875, 831.7807006835938, 831.9803466796875, 835.2960815429688, 839.2108764648438, 842.2728881835938, 842.3675537109375, 839.96240234375, 836.5411987304688, 835.0892944335938, 839.411865234375, 843.22998046875, 844.320068359375, 842.0389404296875, 837.6143798828125, 836.5411376953125, 841.8276977539062, 844.7354736328125, 844.8590087890625, 841.94189453125, 837.5038452148438, 837.6746826171875, 837.9346313476562, 838.1181640625, 838.396240234375, 838.51904296875, 838.7067260742188, 838.9166259765625, 839.06494140625, 839.2216186523438, 839.36962890625, 839.5076904296875, 839.6022338867188, 839.7221069335938, 839.8536376953125, 839.8842163085938, 839.9634399414062, 840.07177734375, 837.4810180664062, 827.60986328125, 822.5194702148438, 820.9360961914062, 821.815673828125, 825.7376708984375, 832.749267578125, 829.471923828125, 827.594482421875, 828.43359375, 833.3372192382812, 839.1602783203125, 840.3953857421875, 840.3296508789062, 840.2827758789062, 835.2012939453125, 830.7726440429688, 828.5953979492188, 828.9421997070312, 831.5758666992188, 832.9583740234375, 836.2969360351562, 839.8042602539062, 839.7236328125, 839.640869140625, 839.5803833007812, 839.54541015625, 836.7714233398438, 834.98046875, 834.7966918945312, 833.5036010742188, 833.5950927734375, 834.93994140625, 837.1542358398438]}