{"mean": [1667.3427734375, 1624.1376953125, 1611.4188639322917, 1606.523193359375, 1584.5592854817708, 1550.723388671875, 1553.0945638020833, 1537.6807047526042, 1517.4111735026042, 1523.8087565104167, 1515.6307373046875, 1526.3387858072917, 1526.753173828125, 1520.2873942057292, 1536.690185546875, 1546.6256510416667, 1557.544677734375, 1579.6053059895833, 1605.8979085286458, 1636.8902994791667, 1670.6889241536458, 1710.3389485677083, 1726.4128011067708, 1708.8121337890625, 1684.5125732421875, 1664.7334391276042, 1650.7898356119792, 1641.6295979817708, 1635.5381266276042, 1630.9850667317708, 1625.8468017578125, 1618.8591715494792, 1614.6338704427083, 1611.7939453125, 1611.2643636067708, 1612.3818359375, 1614.7060139973958, 1617.8026123046875, 1618.1450602213542, 1619.1107991536458, 1622.2971598307292, 1626.1636962890625, 1631.2008870442708, 1635.4454752604167, 1637.9701741536458, 1641.8346354166667, 1646.9586588541667, 1653.5806884765625, 1660.2460530598958, 1664.3951009114583, 1667.6234130859375, 1669.4262288411458, 1669.0009358723958, 1666.5910237630208, 1663.0249430338542, 1658.7067057291667, 1654.4327392578125, 1650.2910970052083, 1647.0697428385417, 1644.6652425130208, 1643.2169189453125, 1636.7914225260417, 1637.3898111979167, 1640.8114420572917, 1645.6025797526042, 1651.1184488932292, 1657.0982666015625, 1662.4177652994792, 1665.8173828125, 1661.5803629557292, 1660.5889485677083, 1659.9077555338542, 1658.9066162109375, 1657.2749430338542, 1655.2950846354167, 1653.2600911458333, 1650.440185546875, 1648.2524007161458, 1647.2443440755208, 1648.0137939453125, 1650.3284098307292, 1653.25732421875, 1656.4945882161458, 1659.2849527994792, 1660.5163981119792, 1659.90234375, 1657.708251953125, 1654.7088623046875, 1651.7515462239583, 1649.9098307291667, 1649.3949381510417, 1650.1703287760417, 1651.9548746744792, 1654.3042399088542, 1656.1645914713542, 1657.0907796223958, 1657.239501953125, 1656.4193115234375, 1655.0229085286458, 1653.7235514322917], "upper": [1727.7288818359375, 1640.379638671875, 1640.9739990234375, 1639.964111328125, 1589.1116943359375, 1594.680908203125, 1607.425048828125, 1627.0889892578125, 1653.8321533203125, 1680.4637451171875, 1699.22705078125, 1699.2578125, 1674.7713623046875, 1659.187744140625, 1648.1982421875, 1643.531494140625, 1643.829833984375, 1648.636962890625, 1656.986328125, 1665.1302490234375, 1703.7183837890625, 1759.791259765625, 1767.4134521484375, 1751.2996826171875, 1714.470458984375, 1679.6529541015625, 1652.9775390625, 1650.9158935546875, 1657.8280029296875, 1663.4571533203125, 1663.0494384765625, 1658.8125, 1654.0247802734375, 1650.433837890625, 1650.221435546875, 1652.8270263671875, 1656.669677734375, 1658.376953125, 1653.138427734375, 1648.66552734375, 1647.3388671875, 1649.923828125, 1654.8717041015625, 1656.248046875, 1649.999755859375, 1646.54931640625, 1647.9530029296875, 1655.2291259765625, 1664.362060546875, 1673.21875, 1680.7451171875, 1685.4710693359375, 1685.150634765625, 1680.0521240234375, 1672.5380859375, 1663.5211181640625, 1655.4521484375, 1652.711181640625, 1652.467529296875, 1652.289794921875, 1652.135498046875, 1651.9427490234375, 1651.76904296875, 1651.6376953125, 1651.5635986328125, 1654.4638671875, 1660.8385009765625, 1674.0301513671875, 1683.7916259765625, 1687.6019287109375, 1684.7452392578125, 1676.2115478515625, 1665.60791015625, 1666.0006103515625, 1668.5982666015625, 1667.3397216796875, 1661.0091552734375, 1654.0167236328125, 1650.886962890625, 1650.9747314453125, 1654.521728515625, 1661.191162109375, 1666.600830078125, 1669.445068359375, 1668.7781982421875, 1665.263671875, 1661.38671875, 1657.258544921875, 1652.5968017578125, 1651.7037353515625, 1651.77294921875, 1651.83642578125, 1653.102783203125, 1656.6466064453125, 1658.8084716796875, 1660.2891845703125, 1661.793212890625, 1661.700439453125, 1660.044677734375, 1657.3505859375], "lower": [1634.862548828125, 1592.380859375, 1589.4051513671875, 1588.838134765625, 1575.725341796875, 1493.5308837890625, 1483.287109375, 1436.10888671875, 1438.14892578125, 1444.9962158203125, 1391.90087890625, 1402.503173828125, 1404.059326171875, 1419.3017578125, 1460.92431640625, 1470.886962890625, 1475.859619140625, 1505.923583984375, 1542.798828125, 1588.89697265625, 1639.629638671875, 1667.349853515625, 1661.248291015625, 1654.19775390625, 1647.9827880859375, 1645.3310546875, 1646.5032958984375, 1633.056884765625, 1618.1754150390625, 1607.205322265625, 1599.1431884765625, 1590.7030029296875, 1587.235107421875, 1585.8953857421875, 1586.0382080078125, 1587.43310546875, 1589.8724365234375, 1595.8861083984375, 1599.619873046875, 1603.7811279296875, 1608.1651611328125, 1613.163818359375, 1618.7032470703125, 1625.03369140625, 1631.2493896484375, 1638.4649658203125, 1646.4161376953125, 1650.35302734375, 1655.3984375, 1655.11279296875, 1654.7213134765625, 1654.4356689453125, 1654.0352783203125, 1653.79736328125, 1653.4942626953125, 1653.2161865234375, 1652.946533203125, 1647.136962890625, 1641.3035888671875, 1637.4412841796875, 1635.6759033203125, 1622.6783447265625, 1622.4503173828125, 1628.4888916015625, 1636.839111328125, 1647.4462890625, 1651.2899169921875, 1651.2137451171875, 1651.0972900390625, 1646.1153564453125, 1646.092529296875, 1650.87548828125, 1650.8621826171875, 1650.8243408203125, 1646.4473876953125, 1641.616943359375, 1639.467041015625, 1639.8524169921875, 1642.435791015625, 1645.57666015625, 1645.4466552734375, 1647.47802734375, 1651.1947021484375, 1651.260009765625, 1651.3310546875, 1651.3929443359375, 1651.4630126953125, 1651.51806640625, 1651.04052734375, 1648.5069580078125, 1647.6148681640625, 1648.492431640625, 1650.8623046875, 1651.966552734375, 1652.0445556640625, 1652.093994140625, 1652.122802734375, 1652.1915283203125, 1652.2205810546875, 1651.5806884765625]}