{"mean": [3100.42919921875, 3051.545654296875, 3000.53857421875, 2973.2393391927085, 2953.2467447916665, 2939.6229654947915, 2941.9165852864585, 2962.3956705729165, 2989.073486328125, 3015.3612467447915, 3057.6376953125, 3110.433349609375, 3168.110595703125, 3241.0813802083335, 3305.9638671875, 3330.3147786458335, 3302.0908203125, 3254.4335123697915, 3241.7843424479165, 3275.4642740885415, 3306.373046875, 3301.5464680989585, 3308.2306315104165, 3296.626708984375, 3298.902587890625, 3310.9315592447915, 3313.6901041666665, 3304.2902018229165, 3287.1588541666665, 3270.5796712239585, 3257.6002604166665, 3248.94091796875, 3244.0354817708335, 3241.7571614583335, 3241.5553385416665, 3242.9243977864585, 3245.88720703125, 3249.7086588541665, 3253.0888671875, 3257.7670084635415, 3263.6649576822915, 3271.38330078125, 3280.0428059895835, 3287.7412923177085, 3294.492919921875, 3301.237548828125, 3308.833984375, 3318.5752766927085, 3325.6990559895835, 3328.353515625, 3328.9439290364585, 3328.5869140625, 3327.7247721354165, 3326.3258463541665, 3322.9546712239585, 3317.8359375, 3309.607177734375, 3301.85400390625, 3295.4115397135415, 3290.5634765625, 3287.3206380208335, 3282.9077962239585, 3279.41064453125, 3283.114013671875, 3288.869873046875, 3294.2676595052085, 3297.5265299479165, 3299.736572265625, 3298.6510416666665, 3295.3295084635415, 3289.517822265625, 3288.278564453125, 3287.0694173177085, 3285.9825032552085, 3285.3013509114585, 3283.6659342447915, 3281.279052734375, 3279.8041178385415, 3279.0420735677085, 3279.6315104166665, 3280.885009765625, 3282.6897786458335, 3284.7063802083335, 3286.6263834635415, 3287.40869140625, 3286.8113606770835, 3285.1675618489585, 3283.029052734375, 3281.1316731770835, 3279.8946940104165, 3279.3522135416665, 3280.0668131510415, 3281.2283528645835, 3282.692138671875, 3283.6939290364585, 3284.1673177083335, 3284.0799967447915, 3283.570556640625, 3282.5362141927085, 3281.8203938802085], "upper": [3361.628173828125, 3316.8134765625, 3238.39013671875, 3202.683837890625, 3193.72119140625, 3200.66943359375, 3227.791259765625, 3276.239501953125, 3322.464599609375, 3341.372802734375, 3359.10302734375, 3350.556396484375, 3325.7490234375, 3402.2578125, 3440.99072265625, 3375.546142578125, 3358.688232421875, 3285.367431640625, 3289.0185546875, 3336.19189453125, 3312.48974609375, 3315.629150390625, 3327.275390625, 3306.19921875, 3324.14794921875, 3341.181396484375, 3337.124755859375, 3320.45458984375, 3295.026611328125, 3288.4052734375, 3287.680908203125, 3284.493408203125, 3281.357666015625, 3278.8935546875, 3278.2109375, 3279.7880859375, 3282.050537109375, 3283.607666015625, 3279.82177734375, 3276.698486328125, 3275.705078125, 3277.998046875, 3289.562744140625, 3300.463623046875, 3313.0078125, 3325.610595703125, 3336.369873046875, 3347.103759765625, 3353.353515625, 3355.12109375, 3354.06591796875, 3351.744140625, 3351.494873046875, 3351.178466796875, 3346.6044921875, 3336.591064453125, 3326.638916015625, 3319.231201171875, 3313.2900390625, 3307.830078125, 3301.570556640625, 3287.4306640625, 3285.955322265625, 3295.107421875, 3305.817626953125, 3314.0419921875, 3317.961181640625, 3315.47607421875, 3310.815185546875, 3313.668212890625, 3311.204833984375, 3304.094970703125, 3295.502685546875, 3289.84765625, 3292.423828125, 3291.016845703125, 3285.7529296875, 3281.152587890625, 3280.205078125, 3282.357177734375, 3286.223388671875, 3290.63916015625, 3294.2060546875, 3296.28955078125, 3295.522705078125, 3292.585693359375, 3288.9921875, 3285.489501953125, 3282.766845703125, 3280.821533203125, 3280.751220703125, 3280.90185546875, 3282.351318359375, 3284.478515625, 3286.0341796875, 3287.382568359375, 3287.943603515625, 3287.92333984375, 3286.635498046875, 3285.236328125], "lower": [2871.1162109375, 2799.5087890625, 2754.541748046875, 2738.082275390625, 2737.541015625, 2744.0751953125, 2770.81884765625, 2794.486083984375, 2763.78857421875, 2741.17333984375, 2746.58447265625, 2793.65283203125, 2882.7822265625, 3021.298828125, 3188.77392578125, 3284.5009765625, 3263.758544921875, 3206.631591796875, 3174.44677734375, 3196.04931640625, 3296.2958984375, 3294.12060546875, 3290.158935546875, 3285.25537109375, 3280.125244140625, 3277.826171875, 3278.35498046875, 3281.336669921875, 3281.373291015625, 3250.207275390625, 3228.771728515625, 3218.13232421875, 3214.884521484375, 3216.1904296875, 3219.30126953125, 3223.580810546875, 3226.005859375, 3228.19091796875, 3232.885498046875, 3239.912841796875, 3248.375, 3258.493408203125, 3268.85107421875, 3279.822998046875, 3278.265625, 3275.2021484375, 3275.26318359375, 3281.15380859375, 3284.380126953125, 3283.9365234375, 3283.986572265625, 3283.500732421875, 3283.410888671875, 3283.267822265625, 3282.49169921875, 3282.505126953125, 3281.962158203125, 3282.0078125, 3281.587646484375, 3281.258056640625, 3279.096435546875, 3280.079345703125, 3271.066650390625, 3273.51904296875, 3280.0498046875, 3280.736572265625, 3280.6240234375, 3280.672119140625, 3280.509033203125, 3280.37451171875, 3277.014892578125, 3280.242431640625, 3280.2978515625, 3280.112060546875, 3280.306396484375, 3279.9052734375, 3277.78662109375, 3277.856689453125, 3277.34130859375, 3276.194580078125, 3276.090576171875, 3276.86767578125, 3279.482421875, 3280.405517578125, 3280.7197265625, 3280.51708984375, 3280.589111328125, 3280.57861328125, 3279.896240234375, 3278.074462890625, 3277.168212890625, 3278.70458984375, 3280.419677734375, 3281.02783203125, 3280.976318359375, 3281.11669921875, 3281.08642578125, 3281.210693359375, 3279.95458984375, 3279.04150390625]}