{"mean": [1077.0728759765625, 1081.2624104817708, 1084.7479248046875, 1086.3075358072917, 1087.3560791015625, 1088.0526529947917, 1088.5807291666667, 1089.0649820963542, 1089.3316243489583, 1089.5829671223958, 1089.8402506510417, 1090.2533772786458, 1090.5324300130208, 1090.5385335286458, 1090.8555094401042, 1091.4794514973958, 1092.1368001302083, 1092.9090576171875, 1093.7506510416667, 1094.6590169270833, 1095.4202067057292, 1096.1975911458333, 1096.8894856770833, 1097.431396484375, 1097.8728841145833, 1098.4640706380208, 1098.9860432942708, 1099.3836669921875, 1099.7679443359375, 1100.1776936848958, 1100.5425618489583, 1100.8822021484375, 1101.20263671875, 1101.5222574869792, 1101.7921549479167, 1102.0027262369792, 1102.18017578125, 1102.3584391276042, 1102.4886067708333, 1102.5929768880208, 1102.6473795572917, 1102.6805013020833, 1102.6516520182292, 1102.7064615885417, 1102.7093912760417, 1102.6492106119792, 1102.6417643229167, 1102.614013671875, 1102.6314697265625, 1102.7014973958333, 1102.783935546875, 1102.8612060546875, 1102.8999430338542, 1102.9180501302083, 1102.8826904296875, 1102.8294677734375, 1102.8225911458333, 1102.8072916666667, 1102.7792561848958, 1102.8411865234375, 1102.907470703125, 1102.9153645833333, 1102.9119466145833, 1102.7806396484375, 1102.5998128255208, 1102.4444173177083, 1102.3741048177083, 1102.3472493489583, 1102.3763427734375, 1102.4530843098958, 1102.5702718098958, 1102.635498046875, 1102.7082926432292, 1102.8172607421875, 1102.9055582682292, 1102.9833577473958, 1103.0352376302083, 1103.0876057942708, 1103.1355794270833, 1103.1832275390625, 1103.2178955078125, 1103.266845703125, 1103.3043619791667, 1103.3562825520833, 1103.4232177734375, 1103.474365234375, 1103.5095621744792, 1103.5487467447917, 1103.5966389973958, 1103.6438395182292, 1103.6758219401042, 1103.7011311848958, 1103.7255045572917, 1103.7564697265625, 1103.7803548177083, 1103.8052164713542, 1103.8222249348958, 1103.8397623697917, 1103.8519287109375, 1103.869140625], "upper": [1103.135498046875, 1103.729736328125, 1104.4981689453125, 1105.0771484375, 1105.36181640625, 1105.6444091796875, 1105.8759765625, 1106.1229248046875, 1106.2506103515625, 1106.356689453125, 1106.4718017578125, 1106.6221923828125, 1106.719970703125, 1106.848876953125, 1106.945556640625, 1107.0452880859375, 1107.1275634765625, 1107.2149658203125, 1107.32275390625, 1107.423583984375, 1107.5030517578125, 1107.5894775390625, 1107.7159423828125, 1107.783203125, 1107.8638916015625, 1107.8951416015625, 1107.9410400390625, 1107.9674072265625, 1107.961181640625, 1107.97607421875, 1107.93408203125, 1107.8740234375, 1107.8404541015625, 1107.836181640625, 1107.8076171875, 1107.7667236328125, 1107.74609375, 1107.814208984375, 1107.7659912109375, 1107.7322998046875, 1107.5775146484375, 1107.4503173828125, 1107.1822509765625, 1107.244140625, 1107.1578369140625, 1106.8536376953125, 1106.697021484375, 1106.5040283203125, 1106.3563232421875, 1106.33935546875, 1106.343505859375, 1106.3140869140625, 1106.1866455078125, 1106.089111328125, 1106.0208740234375, 1105.8853759765625, 1105.9945068359375, 1106.1552734375, 1106.313720703125, 1106.476806640625, 1106.641845703125, 1106.80224609375, 1106.9588623046875, 1107.150390625, 1107.105224609375, 1107.0665283203125, 1107.041015625, 1107.0230712890625, 1107.0284423828125, 1107.06201171875, 1107.11767578125, 1107.1612548828125, 1107.2186279296875, 1107.2825927734375, 1107.340576171875, 1107.4058837890625, 1107.453125, 1107.5106201171875, 1107.5499267578125, 1107.5933837890625, 1107.6265869140625, 1107.6756591796875, 1107.73388671875, 1107.792724609375, 1107.874267578125, 1107.9173583984375, 1107.959716796875, 1107.99755859375, 1108.016357421875, 1108.0291748046875, 1108.0787353515625, 1108.1572265625, 1108.2354736328125, 1108.32275390625, 1108.396240234375, 1108.46826171875, 1108.5128173828125, 1108.556640625, 1108.5863037109375, 1108.6197509765625], "lower": [1030.3338623046875, 1041.809326171875, 1051.243896484375, 1055.06005859375, 1057.773193359375, 1059.6168212890625, 1060.9990234375, 1062.203857421875, 1062.9595947265625, 1063.830322265625, 1065.1624755859375, 1067.0594482421875, 1068.4180908203125, 1068.348876953125, 1068.738037109375, 1069.840087890625, 1071.0064697265625, 1072.383544921875, 1073.96533203125, 1076.0108642578125, 1078.1805419921875, 1080.455810546875, 1082.422119140625, 1084.039306640625, 1085.734619140625, 1087.427978515625, 1088.9656982421875, 1090.1229248046875, 1091.254638671875, 1092.2481689453125, 1093.2769775390625, 1094.283203125, 1095.1539306640625, 1095.91796875, 1096.5379638671875, 1096.9915771484375, 1097.3497314453125, 1097.596923828125, 1097.7734375, 1097.87939453125, 1097.9271240234375, 1097.888916015625, 1097.802001953125, 1097.635986328125, 1097.44775390625, 1097.28466796875, 1097.1534423828125, 1097.011962890625, 1096.9346923828125, 1096.881591796875, 1096.8873291015625, 1096.91796875, 1096.9873046875, 1097.0211181640625, 1096.8719482421875, 1096.74560546875, 1096.6580810546875, 1096.5374755859375, 1096.3509521484375, 1096.26806640625, 1096.2188720703125, 1096.0167236328125, 1095.740234375, 1095.467041015625, 1095.15283203125, 1094.8504638671875, 1094.6312255859375, 1094.43115234375, 1094.29052734375, 1094.1820068359375, 1094.12744140625, 1094.0606689453125, 1093.987060546875, 1094.0555419921875, 1094.134521484375, 1094.2021484375, 1094.253662109375, 1094.322265625, 1094.38525390625, 1094.4537353515625, 1094.5135498046875, 1094.5911865234375, 1094.634521484375, 1094.711669921875, 1094.7879638671875, 1094.8438720703125, 1094.8328857421875, 1094.8424072265625, 1094.87158203125, 1094.897705078125, 1094.916015625, 1094.92333984375, 1094.94189453125, 1094.9656982421875, 1094.9906005859375, 1095.00927734375, 1095.035888671875, 1095.06494140625, 1095.0810546875, 1095.1075439453125]}