{"mean": [1014.4638875325521, 1017.4536743164062, 1019.8541056315104, 1020.5208943684896, 1020.7898966471354, 1020.9057820638021, 1020.9634602864584, 1020.9417114257812, 1020.6871744791666, 1020.2112630208334, 1019.8329874674479, 1019.7291056315104, 1019.6839396158854, 1019.5824178059896, 1019.7199300130209, 1020.0458374023438, 1020.4028116861979, 1020.7752888997396, 1021.298095703125, 1022.0427856445312, 1022.7816365559896, 1023.4806925455729, 1024.0572713216145, 1024.5315551757812, 1024.9215291341145, 1025.3653767903645, 1025.7439371744792, 1026.0291544596355, 1026.3102416992188, 1026.5884399414062, 1026.8118489583333, 1027.009765625, 1027.1756388346355, 1027.3702799479167, 1027.5368041992188, 1027.6641235351562, 1027.7694091796875, 1027.8597005208333, 1027.9148763020833, 1027.9263916015625, 1027.8892415364583, 1027.8197021484375, 1027.6942545572917, 1027.6328125, 1027.5244547526042, 1027.3635660807292, 1027.2709147135417, 1027.1807047526042, 1027.1147054036458, 1027.0824381510417, 1027.0577799479167, 1027.0240885416667, 1026.9599609375, 1026.8684895833333, 1026.7394205729167, 1026.5838623046875, 1026.4696858723958, 1026.3561604817708, 1026.212890625, 1026.1490478515625, 1026.0812174479167, 1025.984619140625, 1025.9093831380208, 1025.7319946289062, 1025.5294392903645, 1025.365987141927, 1025.2677001953125, 1025.21484375, 1025.2025960286458, 1025.2301432291667, 1025.284423828125, 1025.2829182942708, 1025.2850341796875, 1025.3223876953125, 1025.3514200846355, 1025.3872884114583, 1025.4068806966145, 1025.4330240885417, 1025.4563598632812, 1025.4816284179688, 1025.4948323567708, 1025.5175374348958, 1025.533426920573, 1025.5593872070312, 1025.5960286458333, 1025.6183064778645, 1025.6223754882812, 1025.6313883463542, 1025.646708170573, 1025.661356608073, 1025.664326985677, 1025.6631469726562, 1025.6572672526042, 1025.6548258463542, 1025.647684733073, 1025.6436157226562, 1025.6344401041667, 1025.6277872721355, 1025.6144002278645, 1025.6086018880208], "upper": [1033.7327880859375, 1033.8345947265625, 1034.1405029296875, 1034.328857421875, 1034.2247314453125, 1034.203125, 1034.192626953125, 1034.22509765625, 1034.216064453125, 1034.20458984375, 1034.238037109375, 1034.33154296875, 1034.38916015625, 1034.4783935546875, 1034.53466796875, 1034.600341796875, 1034.6429443359375, 1034.7103271484375, 1034.787841796875, 1034.875732421875, 1034.9442138671875, 1034.9859619140625, 1035.05322265625, 1035.0650634765625, 1035.0849609375, 1035.0587158203125, 1035.0301513671875, 1034.998779296875, 1034.907958984375, 1034.8389892578125, 1034.71240234375, 1034.5821533203125, 1034.4241943359375, 1034.3160400390625, 1034.202880859375, 1034.0753173828125, 1033.9869384765625, 1033.927001953125, 1033.7958984375, 1033.646484375, 1033.3887939453125, 1033.09765625, 1032.6685791015625, 1032.487548828125, 1032.18798828125, 1031.689697265625, 1031.3802490234375, 1031.0703125, 1030.7568359375, 1030.5244140625, 1030.287353515625, 1029.9996337890625, 1029.6397705078125, 1029.2884521484375, 1028.977783203125, 1028.5927734375, 1028.2830810546875, 1027.9853515625, 1027.6781005859375, 1027.55322265625, 1027.4678955078125, 1027.5875244140625, 1027.7032470703125, 1027.8458251953125, 1027.848876953125, 1027.8609619140625, 1027.872802734375, 1027.8837890625, 1027.8974609375, 1027.9234619140625, 1027.9534912109375, 1027.9678955078125, 1027.9857177734375, 1028.01123046875, 1028.034423828125, 1028.070068359375, 1028.0853271484375, 1028.1148681640625, 1028.167724609375, 1028.2138671875, 1028.2393798828125, 1028.260009765625, 1028.2640380859375, 1028.27490234375, 1028.3118896484375, 1028.3385009765625, 1028.3836669921875, 1028.4222412109375, 1028.4749755859375, 1028.532470703125, 1028.5601806640625, 1028.59521484375, 1028.625732421875, 1028.6607666015625, 1028.685546875, 1028.7161865234375, 1028.7318115234375, 1028.752685546875, 1028.760498046875, 1028.7767333984375], "lower": [981.8284301757812, 990.5855102539062, 997.5194702148438, 999.3074340820312, 1000.3605346679688, 1001.0852661132812, 1001.628173828125, 1001.9067993164062, 1001.67431640625, 1000.987060546875, 1000.8080444335938, 1001.3511962890625, 1001.6950073242188, 1001.3528442382812, 1001.4361572265625, 1001.9476928710938, 1002.5143432617188, 1003.1321411132812, 1004.125732421875, 1005.9432983398438, 1008.1513061523438, 1010.3406372070312, 1012.1281127929688, 1013.7023315429688, 1015.2645874023438, 1016.7514038085938, 1018.09765625, 1019.1542358398438, 1020.2381591796875, 1021.1732177734375, 1022.0951538085938, 1022.94873046875, 1023.4190673828125, 1023.4285888671875, 1023.4910278320312, 1023.5900268554688, 1023.697998046875, 1023.828125, 1024.0084228515625, 1024.1524658203125, 1024.3170166015625, 1024.480224609375, 1024.6488037109375, 1024.82958984375, 1025.0179443359375, 1025.1728515625, 1025.0150146484375, 1024.8642578125, 1024.7613525390625, 1024.677734375, 1024.6497802734375, 1024.64306640625, 1024.669677734375, 1024.6566162109375, 1024.486328125, 1024.3255615234375, 1024.1824951171875, 1024.0048828125, 1023.74951171875, 1023.5523681640625, 1023.3704833984375, 1023.0780029296875, 1022.736328125, 1022.4052124023438, 1022.0313110351562, 1021.7058715820312, 1021.419921875, 1021.17724609375, 1020.9775390625, 1020.7891845703125, 1020.6473388671875, 1020.4530029296875, 1020.25537109375, 1020.1788330078125, 1020.1293334960938, 1020.1051025390625, 1020.0753784179688, 1020.0709228515625, 1020.0686645507812, 1020.0765991210938, 1020.080322265625, 1020.1019287109375, 1020.1105346679688, 1020.1408081054688, 1020.1763916015625, 1020.1898803710938, 1020.1301879882812, 1020.0987548828125, 1020.0798950195312, 1020.0541381835938, 1020.0252075195312, 1019.9816284179688, 1019.9410400390625, 1019.9010009765625, 1019.8607788085938, 1019.8208618164062, 1019.784912109375, 1019.7509155273438, 1019.7056274414062, 1019.67138671875]}