{"mean": [3002.380126953125, 2988.611083984375, 2978.0826822916665, 2969.7969563802085, 2961.7701822916665, 2955.0694986979165, 2948.8175455729165, 2942.00732421875, 2935.0907389322915, 2929.4422200520835, 2927.096923828125, 2927.1183268229165, 2928.0218098958335, 2927.142822265625, 2926.537353515625, 2926.504638671875, 2927.0897623697915, 2926.5005696614585, 2926.40087890625, 2928.0508626302085, 2930.26708984375, 2931.17626953125, 2932.0121256510415, 2933.7007649739585, 2936.4404296875, 2938.004150390625, 2938.9053548177085, 2939.2503255208335, 2939.849365234375, 2940.1171875, 2940.4453938802085, 2940.5863444010415, 2941.2443033854165, 2942.138916015625, 2943.13427734375, 2944.213134765625, 2944.9630533854165, 2945.9283854166665, 2946.823974609375, 2947.357666015625, 2947.6925455729165, 2947.8490397135415, 2947.853515625, 2948.7235514322915, 2949.893310546875, 2950.880615234375, 2951.400634765625, 2951.75927734375, 2952.0340983072915, 2952.3286946614585, 2952.7599283854165, 2953.2858072916665, 2954.1432291666665, 2955.2118326822915, 2956.4296061197915, 2957.6643880208335, 2958.9840494791665, 2960.5272623697915, 2962.009521484375, 2963.3514811197915, 2965.1831868489585, 2966.9855143229165, 2968.398681640625, 2970.187255859375, 2971.5154622395835, 2972.8870442708335, 2973.9248860677085, 2974.4037272135415, 2974.8779296875, 2975.14501953125, 2974.98583984375, 2974.5139973958335, 2974.3192545572915, 2974.1183268229165, 2974.4164225260415, 2974.8531087239585, 2975.2635091145835, 2975.8218587239585, 2976.3812662760415, 2976.8985188802085, 2977.4593912760415, 2978.0091145833335, 2978.5503743489585, 2979.1498209635415, 2979.83251953125, 2980.4654947916665, 2981.09033203125, 2981.6702473958335, 2982.244873046875, 2982.7722981770835, 2983.2884928385415, 2983.74755859375, 2984.2344563802085, 2984.6480305989585, 2985.0327962239585, 2985.3597819010415, 2985.6868489583335, 2985.9554850260415, 2986.1658528645835, 2986.3812662760415], "upper": [3138.07421875, 3092.72265625, 3057.4716796875, 3032.056640625, 3011.4892578125, 2994.36572265625, 2978.170654296875, 2961.3505859375, 2945.3564453125, 2936.66552734375, 2936.529052734375, 2936.313720703125, 2936.2041015625, 2936.14111328125, 2936.158203125, 2936.34423828125, 2936.67333984375, 2937.095458984375, 2937.7939453125, 2938.578125, 2939.56787109375, 2940.885986328125, 2942.13330078125, 2945.024169921875, 2951.29541015625, 2953.77001953125, 2956.2490234375, 2958.929443359375, 2961.5703125, 2964.00634765625, 2966.92333984375, 2969.49951171875, 2971.973388671875, 2974.111083984375, 2976.14990234375, 2978.30615234375, 2980.516845703125, 2982.790771484375, 2984.994140625, 2986.958740234375, 2988.951171875, 2990.795166015625, 2992.371337890625, 2993.8076171875, 2995.07763671875, 2996.177734375, 2996.843017578125, 2997.314697265625, 2997.622802734375, 2997.59716796875, 2997.57080078125, 2997.432373046875, 2997.1181640625, 2996.84228515625, 2996.656494140625, 2996.3291015625, 2996.018798828125, 2995.683837890625, 2995.471923828125, 2995.401123046875, 2995.3564453125, 2995.53564453125, 2995.748291015625, 2996.104248046875, 2995.28857421875, 2997.77734375, 2999.4404296875, 3000.4560546875, 3000.847412109375, 3000.663818359375, 3000.01904296875, 2999.429931640625, 2998.2958984375, 2997.443115234375, 2996.921142578125, 2996.78076171875, 2997.256591796875, 2997.8173828125, 2998.1650390625, 2998.53369140625, 2999.022705078125, 2999.52099609375, 3000.03369140625, 3000.57568359375, 3001.38818359375, 3002.156005859375, 3002.91455078125, 3003.72802734375, 3004.66845703125, 3005.639892578125, 3006.67041015625, 3007.618408203125, 3008.76611328125, 3009.69384765625, 3010.5888671875, 3011.358642578125, 3012.038818359375, 3012.645751953125, 3013.114013671875, 3013.458740234375], "lower": [2933.14306640625, 2936.467529296875, 2936.384521484375, 2935.887939453125, 2934.335205078125, 2932.15625, 2930.11865234375, 2926.69970703125, 2922.533203125, 2921.577880859375, 2922.09423828125, 2921.713623046875, 2923.208740234375, 2920.8974609375, 2917.021240234375, 2913.9853515625, 2912.905517578125, 2912.93505859375, 2912.328369140625, 2913.869873046875, 2915.24267578125, 2913.457275390625, 2911.82373046875, 2912.56689453125, 2912.873291015625, 2913.89013671875, 2913.08740234375, 2910.457763671875, 2908.991943359375, 2907.1494140625, 2905.489013671875, 2903.83056640625, 2903.436767578125, 2903.9248046875, 2904.69677734375, 2905.469970703125, 2905.62255859375, 2906.24853515625, 2906.38818359375, 2906.0087890625, 2905.19580078125, 2904.47216796875, 2904.54296875, 2904.563720703125, 2904.326416015625, 2904.1845703125, 2904.0166015625, 2904.032470703125, 2904.199462890625, 2904.560302734375, 2904.9658203125, 2905.408203125, 2905.9609375, 2906.791015625, 2907.6962890625, 2908.71630859375, 2910.130126953125, 2911.55322265625, 2913.1357421875, 2914.83935546875, 2916.49267578125, 2918.320068359375, 2920.1484375, 2922.0478515625, 2923.986083984375, 2926.310791015625, 2928.246826171875, 2928.99072265625, 2930.0732421875, 2930.965576171875, 2930.7568359375, 2929.529296875, 2929.50048828125, 2929.2109375, 2930.12060546875, 2931.042724609375, 2931.73681640625, 2932.37158203125, 2933.114013671875, 2933.777099609375, 2934.40625, 2935.017578125, 2935.63671875, 2936.31103515625, 2936.984619140625, 2937.61181640625, 2938.226806640625, 2938.775390625, 2939.316162109375, 2939.811279296875, 2940.326416015625, 2940.81298828125, 2941.26611328125, 2941.755859375, 2942.126708984375, 2942.4580078125, 2942.8525390625, 2943.112060546875, 2943.303955078125, 2943.600830078125]}