{"mean": [16526.868489583332, 14862.59375, 13488.665364583334, 12476.614908854166, 12474.3056640625, 12348.45703125, 12695.923828125, 12848.80859375, 12834.686197916666, 12726.016927083334, 12485.239908854166, 12382.432942708334, 12299.174153645834, 12142.357421875, 12391.924479166666, 12337.722330729166, 12309.031575520834, 12338.817057291666, 12424.65625, 12397.329752604166, 12232.044921875, 12306.932291666666, 12364.377604166666, 12353.947916666666, 12342.0068359375, 12317.287434895834, 12268.72265625, 12210.516276041666, 12116.858072916666, 12043.059244791666, 12019.286458333334, 12049.3681640625, 12090.761393229166, 12108.295572916666, 12112.824869791666, 12106.554361979166, 12073.700520833334, 12039.266276041666, 12019.816080729166, 12008.668619791666, 12001.091796875, 11988.307942708334, 11981.781575520834, 11982.68359375, 11997.704427083334, 12023.347005208334, 12044.697591145834, 12049.263020833334, 12038.667317708334, 12014.992513020834, 11982.599934895834, 11942.589192708334, 11909.260416666666, 11888.004231770834, 11868.276041666666, 11861.568359375, 11849.277018229166, 11833.9912109375, 11820.908528645834, 11808.892903645834, 11798.741536458334, 11795.67578125, 11786.333984375, 11762.982747395834, 11749.0634765625, 11742.09375, 11738.361979166666, 11737.228515625, 11731.730143229166, 11729.1865234375, 11721.533528645834, 11714.1513671875, 11723.252278645834, 11737.524088541666, 11740.892903645834, 11731.2734375, 11704.383138020834, 11681.128255208334, 11683.400390625, 11698.647135416666, 11732.282552083334, 11778.499348958334, 11814.951497395834, 11834.664713541666, 11839.853190104166, 11833.681640625, 11834.322265625, 11850.5078125, 11868.447591145834, 11890.1640625, 11930.645833333334, 11980.251302083334, 12006.1142578125, 12010.820963541666, 11995.996744791666, 11994.90625, 12003.397135416666, 12009.928385416666, 12016.60546875, 12036.870442708334], "upper": [18946.2890625, 14943.693359375, 14654.091796875, 14432.7529296875, 14276.328125, 14220.3271484375, 14187.95703125, 14109.640625, 14040.92578125, 13994.603515625, 13958.21484375, 13901.642578125, 13829.9375, 13774.27734375, 13736.248046875, 13725.078125, 13710.5791015625, 13689.81640625, 13665.40625, 13640.208984375, 13609.4453125, 13567.88671875, 13521.966796875, 13473.4580078125, 13426.94921875, 13408.7265625, 13373.3046875, 13307.30859375, 13219.177734375, 13197.974609375, 13231.4033203125, 13234.505859375, 13223.0615234375, 13225.623046875, 13284.052734375, 13366.009765625, 13405.43359375, 13432.716796875, 13435.35546875, 13423.986328125, 13404.19921875, 13366.341796875, 13327.283203125, 13294.7099609375, 13264.24609375, 13240.1171875, 13208.7607421875, 13166.669921875, 13119.755859375, 13055.716796875, 12985.9140625, 12902.47265625, 12834.921875, 12787.1220703125, 12743.939453125, 12697.3115234375, 12674.376953125, 12666.5390625, 12657.3310546875, 12648.265625, 12639.154296875, 12633.0771484375, 12626.853515625, 12592.138671875, 12588.2685546875, 12586.3876953125, 12585.517578125, 12584.96875, 12584.9150390625, 12586.263671875, 12585.02734375, 12586.12109375, 12588.2724609375, 12590.71875, 12594.197265625, 12599.17578125, 12602.263671875, 12604.443359375, 12603.0654296875, 12601.48046875, 12597.6357421875, 12592.392578125, 12587.875, 12579.908203125, 12572.98828125, 12565.322265625, 12556.0869140625, 12546.8515625, 12537.05859375, 12525.890625, 12517.30859375, 12506.111328125, 12495.9794921875, 12485.27734375, 12475.1328125, 12464.73828125, 12457.013671875, 12448.65234375, 12440.107421875, 12433.109375], "lower": [15183.2109375, 14764.513671875, 11952.576171875, 9747.41015625, 9939.01171875, 9918.2177734375, 10834.296875, 11246.06640625, 11311.380859375, 11175.2529296875, 10573.59375, 10322.33984375, 10131.9189453125, 9699.2265625, 10462.52734375, 10275.1357421875, 10151.501953125, 10198.453125, 10392.4970703125, 10240.1328125, 9687.408203125, 9911.2314453125, 10119.1435546875, 10146.212890625, 10183.9833984375, 10174.529296875, 10110.57421875, 10046.220703125, 9913.005859375, 9758.03515625, 9695.166015625, 9823.92578125, 10001.873046875, 10084.03125, 10084.10546875, 10026.0185546875, 9932.89453125, 9835.5625, 9796.7841796875, 9795.75390625, 9810.630859375, 9829.009765625, 9863.693359375, 9929.73046875, 10005.712890625, 10079.17578125, 10123.79296875, 10146.421875, 10149.966796875, 10143.1533203125, 10133.0263671875, 10124.638671875, 10125.611328125, 10141.9609375, 10166.931640625, 10201.3740234375, 10240.431640625, 10279.029296875, 10319.962890625, 10351.978515625, 10374.4765625, 10411.267578125, 10440.57421875, 10470.71484375, 10495.001953125, 10523.8056640625, 10549.306640625, 10579.443359375, 10600.201171875, 10641.6005859375, 10676.5732421875, 10694.9560546875, 10721.228515625, 10730.7734375, 10742.5888671875, 10757.408203125, 10776.6259765625, 10813.861328125, 10854.98828125, 10901.505859375, 10947.8046875, 11001.904296875, 11061.896484375, 11119.6611328125, 11176.6630859375, 11224.1826171875, 11263.0810546875, 11306.130859375, 11349.267578125, 11397.7685546875, 11448.890625, 11500.3896484375, 11545.96484375, 11587.138671875, 11631.173828125, 11677.021484375, 11708.884765625, 11729.8544921875, 11741.53515625, 11746.357421875]}