{"mean": [7202.58056640625, 6452.7578125, 5821.408040364583, 5315.070638020833, 5250.310872395833, 5127.955240885417, 5254.50390625, 5313.526692708333, 5308.250162760417, 5265.623697916667, 5167.885416666667, 5160.440104166667, 5152.34814453125, 5094.279947916667, 5210.53564453125, 5176.528157552083, 5160.0283203125, 5177.684895833333, 5226.921061197917, 5226.005208333333, 5152.543619791667, 5186.776204427083, 5208.428548177083, 5194.029622395833, 5188.721516927083, 5185.430826822917, 5181.724772135417, 5171.97509765625, 5132.256998697917, 5098.356770833333, 5095.02197265625, 5114.900390625, 5134.3623046875, 5142.784993489583, 5144.996256510417, 5136.903483072917, 5116.150227864583, 5091.89794921875, 5076.105143229167, 5068.525553385417, 5066.47412109375, 5066.6953125, 5074.69677734375, 5094.73193359375, 5115.8134765625, 5136.393391927083, 5152.266927083333, 5155.23876953125, 5146.605143229167, 5128.231770833333, 5101.998046875, 5070.192220052083, 5042.06982421875, 5023.27783203125, 5007.90625, 5003.098795572917, 4999.390462239583, 4997.853515625, 4999.214680989583, 5002.472819010417, 5004.127766927083, 5006.5888671875, 5001.924967447917, 4986.51708984375, 4972.41552734375, 4961.986165364583, 4954.731608072917, 4951.819986979167, 4947.89501953125, 4948.5556640625, 4949.17724609375, 4951.884928385417, 4964.888346354167, 4979.6494140625, 4982.663248697917, 4974.8564453125, 4949.73583984375, 4918.845865885417, 4911.5498046875, 4926.561848958333, 4954.375, 4986.80078125, 5009.18603515625, 5016.090983072917, 5008.679036458333, 4991.886881510417, 4977.52783203125, 4977.523763020833, 4983.944986979167, 4997.84033203125, 5028.945963541667, 5064.207682291667, 5078.6552734375, 5073.599446614583, 5050.76025390625, 5035.481770833333, 5033.8857421875, 5036.50634765625, 5044.83349609375, 5067.126139322917], "upper": [8527.3837890625, 6667.27587890625, 6095.04296875, 5790.712890625, 5711.5576171875, 5693.943359375, 5694.28564453125, 5656.54638671875, 5629.5869140625, 5619.193359375, 5617.26220703125, 5598.50830078125, 5569.998046875, 5548.05615234375, 5531.91650390625, 5534.2275390625, 5532.05322265625, 5525.99560546875, 5518.53076171875, 5517.4423828125, 5513.64404296875, 5503.68798828125, 5491.900390625, 5477.3271484375, 5468.81689453125, 5462.0185546875, 5452.18212890625, 5441.09716796875, 5413.42431640625, 5390.3046875, 5420.6123046875, 5426.06689453125, 5416.220703125, 5414.5224609375, 5436.68896484375, 5451.29833984375, 5452.205078125, 5446.4521484375, 5437.2060546875, 5431.478515625, 5427.91943359375, 5427.115234375, 5440.43212890625, 5467.0712890625, 5488.396484375, 5505.85009765625, 5510.724609375, 5504.2412109375, 5490.357421875, 5460.9599609375, 5421.48583984375, 5368.29833984375, 5318.1337890625, 5282.30908203125, 5256.220703125, 5239.021484375, 5223.70458984375, 5211.8134765625, 5207.35595703125, 5212.8662109375, 5222.57470703125, 5224.0458984375, 5208.18994140625, 5172.654296875, 5129.654296875, 5094.60107421875, 5068.79931640625, 5066.06982421875, 5066.244140625, 5067.6396484375, 5067.4150390625, 5068.45458984375, 5069.37841796875, 5106.39892578125, 5118.66650390625, 5094.56640625, 5076.6259765625, 5078.265625, 5078.6591796875, 5078.251953125, 5077.11572265625, 5074.78466796875, 5095.42041015625, 5095.56689453125, 5066.296875, 5062.7822265625, 5058.84375, 5054.65576171875, 5049.80908203125, 5044.83203125, 5040.921875, 5127.3818359375, 5157.3427734375, 5131.21240234375, 5081.79736328125, 5101.12548828125, 5113.2021484375, 5119.81787109375, 5121.45947265625, 5119.484375], "lower": [6192.0966796875, 6068.75732421875, 5477.4248046875, 4495.43505859375, 4458.8955078125, 4327.84375, 4718.97705078125, 4893.103515625, 4924.5625, 4902.34423828125, 4682.4482421875, 4685.03515625, 4688.0810546875, 4532.26220703125, 4891.47705078125, 4773.43603515625, 4701.94873046875, 4729.57470703125, 4839.1484375, 4783.94775390625, 4521.646484375, 4613.7880859375, 4689.689453125, 4670.9599609375, 4673.0908203125, 4668.98779296875, 4655.94921875, 4648.66552734375, 4591.0771484375, 4517.09765625, 4494.1259765625, 4567.80810546875, 4653.693359375, 4691.3154296875, 4688.7373046875, 4657.89697265625, 4606.208984375, 4547.5771484375, 4514.5380859375, 4504.6953125, 4507.94482421875, 4513.49365234375, 4528.50146484375, 4561.0859375, 4601.62646484375, 4638.8740234375, 4660.03125, 4668.19189453125, 4663.8564453125, 4650.9736328125, 4633.77392578125, 4617.7744140625, 4608.7890625, 4610.548828125, 4618.26904296875, 4631.50634765625, 4647.44873046875, 4662.62255859375, 4678.3896484375, 4689.51953125, 4692.68310546875, 4703.35107421875, 4709.44921875, 4716.1240234375, 4719.47265625, 4724.6376953125, 4729.27685546875, 4738.6064453125, 4740.80615234375, 4754.60546875, 4765.0791015625, 4763.77685546875, 4767.22607421875, 4762.00390625, 4757.837890625, 4755.3212890625, 4756.3115234375, 4765.4814453125, 4778.86279296875, 4796.59130859375, 4813.2158203125, 4835.001953125, 4859.08447265625, 4883.0517578125, 4906.34716796875, 4923.95556640625, 4936.349609375, 4925.07275390625, 4932.86767578125, 4960.53759765625, 5008.93798828125, 5029.83935546875, 5030.7666015625, 5025.9453125, 5021.22314453125, 4988.607421875, 4974.7509765625, 4979.59765625, 5006.51904296875, 5003.9150390625]}