{"mean": [3245.6005859375, 3220.8002319335938, 3047.2013549804688, 3109.923583984375, 3113.421173095703, 3090.8438415527344, 3062.6883239746094, 3044.190673828125, 3041.271240234375, 3048.5526123046875, 3054.2338256835938, 3057.9458923339844, 3059.0865783691406, 3058.1280822753906, 3057.741485595703, 3059.0418701171875, 3061.8553771972656, 3067.148651123047, 3073.831512451172, 3079.4269409179688, 3082.9842834472656, 3084.1719970703125, 3083.1693420410156, 3080.8522338867188, 3077.9219665527344, 3074.836395263672, 3072.4146423339844, 3070.9766845703125, 3070.270294189453, 3070.084747314453, 3070.2708435058594, 3070.4910278320312, 3070.6854858398438, 3070.9369506835938, 3071.4044189453125, 3072.223907470703, 3073.3802490234375, 3074.748291015625, 3075.857147216797, 3076.4349975585938, 3076.4144287109375, 3075.762969970703, 3074.6212158203125, 3073.263397216797, 3071.9346618652344, 3070.7498168945312, 3069.7450561523438, 3068.8609924316406, 3068.2162475585938, 3067.6248474121094, 3067.2302856445312, 3066.9437561035156, 3066.756378173828, 3066.6241455078125, 3066.306854248047, 3065.7379150390625, 3064.9019775390625, 3063.8593139648438, 3062.6009521484375, 3061.2365112304688, 3059.7575073242188, 3058.2247009277344, 3056.644256591797, 3055.093048095703, 3053.592071533203, 3052.1279907226562, 3050.657928466797, 3049.0160217285156, 3047.2351989746094, 3045.055877685547, 3042.5985717773438, 3039.98046875, 3037.7521057128906, 3035.7145385742188, 3034.054962158203, 3032.8345336914062, 3032.2574462890625, 3032.0818786621094, 3031.7675170898438, 3031.4286499023438, 3031.357940673828, 3031.9771728515625, 3033.2754821777344, 3034.379913330078, 3034.745849609375, 3035.0604858398438, 3035.4269104003906, 3035.7889099121094, 3036.0643615722656, 3036.0977783203125, 3035.4335327148438, 3034.528289794922, 3033.759307861328, 3033.157470703125, 3032.6130981445312, 3032.2302856445312, 3031.9590759277344, 3031.6953735351562, 3031.5457153320312, 3031.5821838378906], "upper": [3245.61572265625, 3220.8330078125, 3047.22265625, 3109.996337890625, 3113.575927734375, 3091.0625, 3062.77490234375, 3044.244140625, 3041.325439453125, 3048.643798828125, 3054.27783203125, 3058.034912109375, 3059.201416015625, 3058.316650390625, 3057.82080078125, 3059.10009765625, 3061.9287109375, 3067.272705078125, 3073.974853515625, 3079.556396484375, 3083.115966796875, 3084.2900390625, 3083.435791015625, 3081.283447265625, 3078.451416015625, 3075.345947265625, 3072.984619140625, 3071.3828125, 3070.62060546875, 3070.30419921875, 3070.48046875, 3070.62255859375, 3070.898193359375, 3071.091552734375, 3071.5751953125, 3072.329833984375, 3073.47412109375, 3074.876953125, 3075.95703125, 3076.63330078125, 3076.614990234375, 3075.99365234375, 3074.805419921875, 3073.49169921875, 3072.186279296875, 3071.02392578125, 3070.083740234375, 3069.191162109375, 3068.466064453125, 3067.91357421875, 3067.546142578125, 3067.2392578125, 3067.07275390625, 3066.96630859375, 3066.713623046875, 3066.234375, 3065.333984375, 3064.41162109375, 3063.073486328125, 3061.775634765625, 3060.29052734375, 3058.7666015625, 3057.132568359375, 3055.605224609375, 3054.1904296875, 3052.765625, 3051.463623046875, 3049.7998046875, 3048.1748046875, 3046.168701171875, 3043.72265625, 3040.868896484375, 3038.4765625, 3036.300537109375, 3034.682373046875, 3033.21826171875, 3032.60205078125, 3032.443603515625, 3032.108154296875, 3031.667236328125, 3032.03564453125, 3033.232666015625, 3034.399169921875, 3035.067626953125, 3035.31787109375, 3035.564208984375, 3035.800048828125, 3035.982421875, 3036.183349609375, 3036.431884765625, 3036.041015625, 3034.99755859375, 3034.187744140625, 3033.526123046875, 3032.910400390625, 3032.5, 3032.073974609375, 3031.83447265625, 3031.598876953125, 3031.694580078125], "lower": [3245.593505859375, 3220.7744140625, 3047.1806640625, 3109.862060546875, 3113.25146484375, 3090.657958984375, 3062.584228515625, 3044.14501953125, 3041.2421875, 3048.497802734375, 3054.194091796875, 3057.847412109375, 3058.994384765625, 3057.95263671875, 3057.689697265625, 3058.97705078125, 3061.720703125, 3067.051513671875, 3073.729736328125, 3079.323974609375, 3082.887451171875, 3084.055419921875, 3083.01220703125, 3080.59423828125, 3077.678466796875, 3074.56689453125, 3072.1630859375, 3070.70458984375, 3070.02978515625, 3069.9267578125, 3070.06201171875, 3070.286376953125, 3070.57666015625, 3070.779541015625, 3071.217529296875, 3071.97998046875, 3073.226806640625, 3074.66357421875, 3075.675048828125, 3076.263671875, 3076.173095703125, 3075.3828125, 3074.136474609375, 3072.7275390625, 3071.246337890625, 3070.008544921875, 3068.958740234375, 3068.193359375, 3067.5302734375, 3066.89208984375, 3066.572509765625, 3066.36328125, 3066.21728515625, 3066.046142578125, 3065.7412109375, 3065.014892578125, 3064.2255859375, 3063.14599609375, 3061.96240234375, 3060.546142578125, 3059.07470703125, 3057.4365234375, 3055.871337890625, 3054.237548828125, 3052.670654296875, 3051.036376953125, 3049.3076171875, 3047.426025390625, 3045.337890625, 3043.072509765625, 3040.674072265625, 3038.360595703125, 3036.41357421875, 3034.367919921875, 3032.95458984375, 3032.06982421875, 3031.89111328125, 3031.63525390625, 3031.346923828125, 3031.191650390625, 3031.131103515625, 3031.333984375, 3032.58544921875, 3033.977783203125, 3034.46484375, 3034.732177734375, 3035.158203125, 3035.600341796875, 3035.94921875, 3035.49853515625, 3034.51220703125, 3033.682861328125, 3033.06787109375, 3032.56787109375, 3032.07958984375, 3031.91845703125, 3031.75146484375, 3031.470947265625, 3031.4873046875, 3031.47021484375]}