{"mean": [2939.5372619628906, 2908.535430908203, 2714.8523559570312, 2785.6812133789062, 2783.8262634277344, 2740.4398498535156, 2697.9482421875, 2676.9635314941406, 2682.730224609375, 2705.0912475585938, 2722.1272888183594, 2730.0709838867188, 2728.676055908203, 2718.5870971679688, 2705.264373779297, 2694.542999267578, 2688.7569885253906, 2687.8565368652344, 2689.4284057617188, 2690.95361328125, 2692.101104736328, 2692.653778076172, 2692.5089416503906, 2692.446014404297, 2693.137939453125, 2694.458709716797, 2696.8938903808594, 2700.143096923828, 2703.2984619140625, 2705.9559936523438, 2707.6134033203125, 2707.91064453125, 2706.934539794922, 2704.991912841797, 2702.5700073242188, 2700.1961669921875, 2698.194122314453, 2696.9281005859375, 2696.207244873047, 2695.8541259765625, 2695.7598266601562, 2695.8073120117188, 2696.120086669922, 2696.67822265625, 2697.540008544922, 2698.462158203125, 2699.144500732422, 2699.307891845703, 2698.9329833984375, 2697.8760375976562, 2696.5106506347656, 2694.9278259277344, 2693.4486083984375, 2692.2442932128906, 2691.1820678710938, 2690.1937561035156, 2689.33349609375, 2688.5763244628906, 2687.8096618652344, 2687.1290283203125, 2686.4472045898438, 2685.787384033203, 2685.049102783203, 2684.1670532226562, 2683.0218200683594, 2681.6767578125, 2680.192840576172, 2678.5433959960938, 2676.960418701172, 2675.3313903808594, 2673.9266357421875, 2672.9752807617188, 2672.9727478027344, 2673.3917236328125, 2674.0580139160156, 2674.9258422851562, 2676.633056640625, 2679.3544311523438, 2682.7216796875, 2686.614227294922, 2690.869384765625, 2695.467742919922, 2699.7771911621094, 2702.965606689453, 2704.747589111328, 2706.069305419922, 2706.975799560547, 2707.3564453125, 2707.169189453125, 2706.442596435547, 2704.7876892089844, 2702.5916748046875, 2700.2948608398438, 2698.103729248047, 2696.0367126464844, 2694.118408203125, 2692.2562866210938, 2690.313262939453, 2688.547088623047, 2687.2797241210938], "upper": [2939.55908203125, 2908.56640625, 2714.8837890625, 2785.82177734375, 2784.146240234375, 2740.8388671875, 2698.1181640625, 2677.015869140625, 2682.84033203125, 2705.185791015625, 2722.3212890625, 2730.28564453125, 2728.967529296875, 2718.9306640625, 2705.50439453125, 2694.6923828125, 2688.93701171875, 2687.988037109375, 2689.482177734375, 2690.97705078125, 2692.147705078125, 2692.76416015625, 2692.677734375, 2692.59130859375, 2693.3056640625, 2694.576171875, 2697.114501953125, 2700.219970703125, 2703.4404296875, 2706.054931640625, 2707.756591796875, 2708.061279296875, 2707.072021484375, 2705.195068359375, 2702.795654296875, 2700.3837890625, 2698.379638671875, 2697.024169921875, 2696.34033203125, 2695.921630859375, 2695.892333984375, 2695.9921875, 2696.298095703125, 2696.909423828125, 2697.756103515625, 2698.71630859375, 2699.469482421875, 2699.69091796875, 2699.343017578125, 2698.345703125, 2696.871826171875, 2695.307373046875, 2693.7998046875, 2692.564453125, 2691.519775390625, 2690.48974609375, 2689.5634765625, 2688.90869140625, 2688.107666015625, 2687.550537109375, 2686.902099609375, 2686.207275390625, 2685.509765625, 2684.7353515625, 2683.732421875, 2682.23583984375, 2680.80517578125, 2679.135009765625, 2677.482666015625, 2675.90380859375, 2674.444580078125, 2673.140869140625, 2673.0517578125, 2673.53662109375, 2674.671875, 2676.461181640625, 2679.31982421875, 2682.659423828125, 2686.353271484375, 2690.467041015625, 2695.235107421875, 2699.590087890625, 2703.024658203125, 2705.24951171875, 2706.578125, 2707.5185546875, 2707.856689453125, 2707.8505859375, 2707.3955078125, 2707.072021484375, 2705.91259765625, 2703.755126953125, 2701.5205078125, 2699.32080078125, 2697.272705078125, 2695.459716796875, 2693.431640625, 2691.382568359375, 2689.34912109375, 2687.759521484375], "lower": [2939.52783203125, 2908.506591796875, 2714.809814453125, 2785.5517578125, 2783.51416015625, 2740.176025390625, 2697.812255859375, 2676.9130859375, 2682.671142578125, 2704.99853515625, 2722.00634765625, 2729.867919921875, 2728.458740234375, 2718.233154296875, 2705.055419921875, 2694.3896484375, 2688.568603515625, 2687.75, 2689.36328125, 2690.921630859375, 2692.056640625, 2692.5439453125, 2692.44873046875, 2692.329345703125, 2693.054443359375, 2694.319091796875, 2696.753173828125, 2700.015869140625, 2703.197509765625, 2705.78564453125, 2707.431396484375, 2707.67578125, 2706.770263671875, 2704.6982421875, 2702.28759765625, 2699.84033203125, 2697.98291015625, 2696.7802734375, 2696.038330078125, 2695.717041015625, 2695.59765625, 2695.459716796875, 2695.590576171875, 2696.173095703125, 2696.886474609375, 2697.789794921875, 2698.383544921875, 2698.63720703125, 2698.245361328125, 2697.1474609375, 2695.883056640625, 2694.402587890625, 2693.0126953125, 2691.8818359375, 2690.88525390625, 2689.725341796875, 2688.949462890625, 2688.077880859375, 2687.360107421875, 2686.591064453125, 2685.8671875, 2685.09814453125, 2684.298583984375, 2683.310302734375, 2682.1787109375, 2680.789306640625, 2679.221435546875, 2677.589111328125, 2675.899169921875, 2674.376953125, 2673.262451171875, 2672.738525390625, 2672.813720703125, 2673.15576171875, 2673.77099609375, 2674.296630859375, 2675.5390625, 2677.517578125, 2680.7998046875, 2684.542724609375, 2688.537353515625, 2693.145751953125, 2697.87451171875, 2701.69091796875, 2703.76416015625, 2705.139892578125, 2706.22509765625, 2706.960693359375, 2706.7744140625, 2705.322021484375, 2703.02490234375, 2700.591796875, 2698.225830078125, 2696.017578125, 2693.80419921875, 2691.963623046875, 2690.13916015625, 2688.3935546875, 2687.2060546875, 2686.328857421875]}