{"mean": [886.3656234741211, 899.247688293457, 906.2179260253906, 906.67578125, 906.8011322021484, 901.7463684082031, 896.7199020385742, 894.1746368408203, 893.8085250854492, 894.9322128295898, 897.0910491943359, 898.7862167358398, 899.5547637939453, 899.9817581176758, 900.1567611694336, 900.1561584472656, 900.818489074707, 901.7968063354492, 902.8149032592773, 903.7583694458008, 904.4578628540039, 904.6946258544922, 904.4777221679688, 903.9265441894531, 903.2307815551758, 902.5315017700195, 901.9736633300781, 901.5923538208008, 901.4580535888672, 901.4934692382812, 901.742805480957, 902.1174240112305, 902.5259475708008, 902.9366455078125, 903.3363265991211, 903.7679595947266, 904.1777267456055, 904.4633941650391, 904.6486282348633, 904.6672744750977, 904.5223083496094, 904.2367935180664, 903.8432769775391, 903.3995971679688, 902.9639434814453, 902.5980377197266, 902.3196487426758, 902.1440124511719, 902.0662994384766, 902.0640716552734, 902.0999374389648, 902.1473999023438, 902.1975326538086, 902.1778564453125, 902.1249847412109, 902.0226211547852, 901.8555068969727, 901.6102905273438, 901.3226318359375, 901.0044479370117, 900.6786193847656, 900.3237762451172, 899.9153366088867, 899.4816970825195, 899.0428771972656, 898.6283721923828, 898.282470703125, 898.0129776000977, 897.8219146728516, 897.680061340332, 897.5677947998047, 897.4855575561523, 897.4437561035156, 897.3591232299805, 897.1408386230469, 896.6932220458984, 896.1199798583984, 895.5522766113281, 895.1322021484375, 894.9229888916016, 894.927375793457, 895.1560668945312, 895.4826736450195, 895.5290451049805, 895.169792175293, 894.775505065918, 894.7484893798828, 895.1462936401367, 895.6804428100586, 895.9612808227539, 895.8008346557617, 895.4571685791016, 895.2409362792969, 895.3393783569336, 895.6340713500977, 895.9779968261719, 896.2455291748047, 896.35009765625, 896.3255920410156, 896.3297424316406], "upper": [886.369873046875, 899.2482299804688, 906.2305297851562, 906.685791015625, 906.838623046875, 901.7694702148438, 896.731201171875, 894.1859741210938, 893.8229370117188, 894.9511108398438, 897.1224975585938, 898.8187866210938, 899.6181640625, 900.0958251953125, 900.2373046875, 900.2197265625, 900.8788452148438, 901.85498046875, 902.873779296875, 903.813720703125, 904.4957275390625, 904.7213134765625, 904.502197265625, 903.95458984375, 903.2764892578125, 902.5742797851562, 902.019287109375, 901.6421508789062, 901.5170288085938, 901.5982055664062, 901.86962890625, 902.2493286132812, 902.6707153320312, 903.09521484375, 903.4740600585938, 903.8934936523438, 904.296875, 904.5576171875, 904.7188720703125, 904.7353515625, 904.59716796875, 904.3048095703125, 903.9000244140625, 903.44384765625, 902.9996337890625, 902.6295166015625, 902.3613891601562, 902.1888427734375, 902.109375, 902.1219482421875, 902.1757202148438, 902.2565307617188, 902.3299560546875, 902.3438720703125, 902.3242797851562, 902.2364501953125, 902.0626831054688, 901.798095703125, 901.4849853515625, 901.1231079101562, 900.7590942382812, 900.3806762695312, 899.95703125, 899.5325927734375, 899.1187744140625, 898.7261352539062, 898.4071044921875, 898.1347045898438, 897.9546508789062, 897.8349609375, 897.7457275390625, 897.694091796875, 897.6646118164062, 897.5999755859375, 897.429443359375, 896.9877319335938, 896.349365234375, 895.7060546875, 895.2163696289062, 895.0777587890625, 895.1067504882812, 895.4078979492188, 895.6769409179688, 895.7740478515625, 895.3787231445312, 894.7960205078125, 894.9173583984375, 895.3927612304688, 895.8163452148438, 896.1548461914062, 896.0799560546875, 895.72802734375, 895.3665771484375, 895.49267578125, 895.8485107421875, 896.1970825195312, 896.426513671875, 896.4925537109375, 896.47119140625, 896.51513671875], "lower": [886.361572265625, 899.2470703125, 906.2050170898438, 906.6701049804688, 906.7662353515625, 901.723388671875, 896.693359375, 894.1427001953125, 893.7828979492188, 894.9154052734375, 897.0672607421875, 898.747802734375, 899.4799194335938, 899.857177734375, 900.070068359375, 900.0919799804688, 900.76904296875, 901.7517700195312, 902.7530517578125, 903.69091796875, 904.3916625976562, 904.642578125, 904.45556640625, 903.8978271484375, 903.1990966796875, 902.5047607421875, 901.9432373046875, 901.5606079101562, 901.414306640625, 901.447021484375, 901.691162109375, 902.0735473632812, 902.4692993164062, 902.8680419921875, 903.2711791992188, 903.695068359375, 904.0962524414062, 904.3889770507812, 904.561279296875, 904.5864868164062, 904.437255859375, 904.1478881835938, 903.757568359375, 903.3572998046875, 902.9192504882812, 902.5340576171875, 902.2424926757812, 902.0572509765625, 901.9730834960938, 901.9359130859375, 901.9065551757812, 901.8809204101562, 901.8876342773438, 901.8494262695312, 901.8021850585938, 901.7330322265625, 901.6123046875, 901.4146118164062, 901.1632690429688, 900.8779907226562, 900.5807495117188, 900.2493286132812, 899.8577270507812, 899.4261474609375, 898.9925537109375, 898.572021484375, 898.2008056640625, 897.8939819335938, 897.6582641601562, 897.4957275390625, 897.3993530273438, 897.3126831054688, 897.177001953125, 897.015625, 896.6937255859375, 896.2489624023438, 895.74755859375, 895.3338012695312, 895.0858154296875, 894.809326171875, 894.7361450195312, 894.8582763671875, 895.2700805664062, 895.3508911132812, 894.97607421875, 894.7235107421875, 894.612060546875, 894.9893798828125, 895.581787109375, 895.709228515625, 895.3947143554688, 895.139892578125, 895.0276489257812, 895.2159423828125, 895.4908447265625, 895.8377685546875, 896.0513916015625, 896.1387329101562, 896.2228393554688, 896.1640625]}