{"mean": [4621.414733886719, 4544.128601074219, 4765.949401855469, 5070.732482910156, 5136.8768310546875, 5081.670715332031, 4982.4285888671875, 4879.728820800781, 4796.559814453125, 4741.201965332031, 4707.7230224609375, 4695.883239746094, 4703.823425292969, 4728.254211425781, 4766.710388183594, 4812.274230957031, 4860.364501953125, 4905.878356933594, 4942.934509277344, 4968.939636230469, 4984.757873535156, 4989.6514892578125, 4984.659729003906, 4972.0701904296875, 4954.5076904296875, 4934.559143066406, 4913.5032958984375, 4892.764709472656, 4874.165283203125, 4859.3826904296875, 4849.525451660156, 4845.088562011719, 4846.425354003906, 4852.927673339844, 4863.545837402344, 4876.604187011719, 4890.120056152344, 4902.4508056640625, 4911.759216308594, 4917.3896484375, 4919.214660644531, 4917.454284667969, 4912.287841796875, 4904.7071533203125, 4895.47802734375, 4885.582092285156, 4876.29052734375, 4869.2452392578125, 4864.925598144531, 4863.4227294921875, 4864.730224609375, 4868.027587890625, 4872.0333251953125, 4875.596374511719, 4877.401611328125, 4877.21044921875, 4874.723388671875, 4870.5987548828125, 4864.404113769531, 4857.149841308594, 4849.842224121094, 4843.289733886719, 4837.890869140625, 4834.0899658203125, 4832.135070800781, 4831.492980957031, 4831.046325683594, 4829.8720703125, 4827.175354003906, 4822.0089111328125, 4814.284851074219, 4804.828918457031, 4795.510009765625, 4788.270202636719, 4784.074462890625, 4783.7213134765625, 4785.704284667969, 4786.978698730469, 4783.9384765625, 4776.050964355469, 4764.1949462890625, 4751.11376953125, 4740.757995605469, 4737.970153808594, 4744.2342529296875, 4753.275085449219, 4756.273254394531, 4751.05517578125, 4743.141418457031, 4739.748779296875, 4743.284240722656, 4750.341735839844, 4755.599853515625, 4755.55517578125, 4752.457946777344, 4749.779846191406, 4750.055908203125, 4753.713195800781, 4759.242858886719, 4763.613098144531], "upper": [4621.4296875, 4544.15234375, 4766.13427734375, 5071.068359375, 5137.91455078125, 5082.7841796875, 4983.3349609375, 4880.1943359375, 4796.73046875, 4741.4892578125, 4708.02099609375, 4696.13720703125, 4704.27685546875, 4728.71533203125, 4767.04638671875, 4812.50439453125, 4860.8037109375, 4906.48046875, 4943.623046875, 4969.673828125, 4985.73828125, 4991.365234375, 4987.1201171875, 4975.17333984375, 4957.7783203125, 4937.66259765625, 4916.716796875, 4895.5400390625, 4876.69482421875, 4861.08154296875, 4850.55859375, 4845.30908203125, 4846.94775390625, 4853.74365234375, 4864.77001953125, 4877.7685546875, 4891.3173828125, 4903.63720703125, 4912.8662109375, 4918.36865234375, 4920.21630859375, 4918.68408203125, 4913.611328125, 4906.21630859375, 4897.6083984375, 4888.16455078125, 4879.11767578125, 4872.10009765625, 4867.5263671875, 4865.6962890625, 4866.32861328125, 4868.62353515625, 4873.173828125, 4876.8076171875, 4878.17578125, 4878.140625, 4876.341796875, 4872.779296875, 4867.3447265625, 4860.2216796875, 4852.7099609375, 4845.763671875, 4840.30224609375, 4836.158203125, 4833.88037109375, 4833.541015625, 4834.0185546875, 4833.89404296875, 4832.36669921875, 4828.2099609375, 4820.27783203125, 4809.541015625, 4798.22021484375, 4789.26708984375, 4785.50439453125, 4785.390625, 4786.53662109375, 4790.09375, 4789.2021484375, 4782.2998046875, 4769.77197265625, 4755.5048828125, 4742.96337890625, 4740.974609375, 4749.33837890625, 4755.3193359375, 4758.9560546875, 4755.00048828125, 4744.7900390625, 4742.10498046875, 4747.98193359375, 4754.0341796875, 4756.44189453125, 4757.8515625, 4754.244140625, 4752.19873046875, 4754.912109375, 4758.58642578125, 4761.65771484375, 4764.17333984375], "lower": [4621.40234375, 4544.1064453125, 4765.61669921875, 5070.4140625, 5136.1181640625, 5081.07080078125, 4981.896484375, 4879.4736328125, 4796.39892578125, 4740.83984375, 4707.20849609375, 4695.326171875, 4703.26953125, 4727.6865234375, 4766.11279296875, 4811.7392578125, 4859.861328125, 4905.43408203125, 4942.58837890625, 4968.48291015625, 4983.89501953125, 4988.52294921875, 4983.39111328125, 4970.65576171875, 4953.18017578125, 4933.22265625, 4911.86865234375, 4890.93408203125, 4872.2119140625, 4857.818359375, 4848.193359375, 4844.36767578125, 4845.95166015625, 4851.7451171875, 4861.99560546875, 4874.8974609375, 4888.4658203125, 4901.06884765625, 4910.62744140625, 4916.38134765625, 4918.45703125, 4916.11181640625, 4910.3447265625, 4902.00537109375, 4891.71533203125, 4881.0234375, 4871.97314453125, 4865.22265625, 4861.44384765625, 4860.91015625, 4863.6259765625, 4867.32421875, 4871.32763671875, 4875.0751953125, 4876.755859375, 4875.9580078125, 4872.91748046875, 4868.1708984375, 4861.38330078125, 4853.66552734375, 4846.14892578125, 4839.51318359375, 4834.51708984375, 4831.24951171875, 4829.00634765625, 4827.58837890625, 4825.611328125, 4822.81591796875, 4818.8369140625, 4813.86474609375, 4807.35009765625, 4799.69580078125, 4792.8818359375, 4787.212890625, 4782.345703125, 4781.45947265625, 4783.4482421875, 4781.185546875, 4774.97265625, 4765.6728515625, 4754.87060546875, 4744.41259765625, 4738.259765625, 4735.0576171875, 4740.96435546875, 4751.3759765625, 4753.56689453125, 4746.35302734375, 4740.912109375, 4737.95263671875, 4740.2431640625, 4747.93505859375, 4753.974609375, 4752.51611328125, 4750.44189453125, 4747.95361328125, 4746.83837890625, 4750.28125, 4757.4697265625, 4762.91357421875]}