{"mean": [5325.4981689453125, 5232.3497314453125, 5166.5501708984375, 5055.567565917969, 4927.094055175781, 4836.0657958984375, 4804.906555175781, 4793.171142578125, 4789.143981933594, 4788.9620361328125, 4792.6141357421875, 4799.090637207031, 4808.2100830078125, 4820.464660644531, 4832.414794921875, 4841.100158691406, 4846.27392578125, 4848.1376953125, 4846.543395996094, 4841.7757568359375, 4835.9334716796875, 4828.841796875, 4821.591857910156, 4814.604736328125, 4808.171203613281, 4803.1368408203125, 4799.1136474609375, 4795.679870605469, 4793.826416015625, 4793.2220458984375, 4793.5269775390625, 4794.582763671875, 4796.245361328125, 4798.272766113281, 4800.533935546875, 4802.72998046875, 4804.789306640625, 4806.5772705078125, 4808.282409667969, 4809.650146484375, 4810.659973144531, 4811.203063964844, 4811.256774902344, 4810.915344238281, 4810.2911376953125, 4809.523742675781, 4808.6719970703125, 4807.793518066406, 4806.7802734375, 4805.7547607421875, 4804.786193847656, 4803.8487548828125, 4803.164367675781, 4802.664306640625, 4802.345703125, 4802.285583496094, 4802.394348144531, 4802.632507324219, 4803.0240478515625, 4803.505554199219, 4804.072204589844, 4804.659606933594, 4805.2381591796875, 4805.7686767578125, 4806.23681640625, 4806.614685058594, 4806.913757324219, 4807.0894775390625, 4807.1549072265625, 4807.144348144531, 4807.082275390625, 4806.977600097656, 4806.786865234375, 4806.563720703125, 4806.329772949219, 4806.121765136719, 4805.9466552734375, 4805.817810058594, 4805.7476806640625, 4805.712707519531, 4805.716125488281, 4805.740234375, 4805.7745361328125, 4805.830993652344, 4805.8878173828125, 4805.9447021484375, 4805.993835449219, 4806.012939453125, 4806.0185546875, 4805.999938964844, 4805.957336425781, 4805.8892822265625, 4805.802917480469, 4805.697814941406, 4805.561767578125, 4805.4197998046875, 4805.3184814453125, 4805.2542724609375, 4805.229064941406, 4805.2506103515625], "upper": [5325.50830078125, 5232.3583984375, 5166.61279296875, 5055.6123046875, 4927.1650390625, 4836.09130859375, 4804.939453125, 4793.2265625, 4789.19189453125, 4789.0263671875, 4792.6728515625, 4799.14013671875, 4808.30419921875, 4820.58154296875, 4832.5263671875, 4841.2412109375, 4847.13720703125, 4849.525390625, 4848.67626953125, 4843.99755859375, 4837.7265625, 4830.072265625, 4822.20361328125, 4814.9619140625, 4808.3447265625, 4803.40185546875, 4799.47314453125, 4796.0419921875, 4794.16064453125, 4793.59765625, 4793.88525390625, 4794.8916015625, 4796.5419921875, 4798.5458984375, 4800.8076171875, 4802.94873046875, 4805.1318359375, 4807.17919921875, 4809.083984375, 4810.59130859375, 4811.58935546875, 4811.9912109375, 4811.82275390625, 4811.1669921875, 4810.4208984375, 4809.77490234375, 4808.97900390625, 4808.1259765625, 4807.3076171875, 4806.3330078125, 4805.421875, 4804.43310546875, 4803.56640625, 4802.93115234375, 4802.48095703125, 4802.39208984375, 4802.5302734375, 4802.87451171875, 4803.490234375, 4804.06884765625, 4804.7373046875, 4805.361328125, 4805.93701171875, 4806.4443359375, 4806.89453125, 4807.173828125, 4807.33935546875, 4807.34716796875, 4807.5791015625, 4807.69873046875, 4807.7470703125, 4807.77392578125, 4807.9658203125, 4808.029296875, 4807.99755859375, 4807.88720703125, 4807.71044921875, 4807.47412109375, 4807.19677734375, 4806.88232421875, 4806.57080078125, 4806.25927734375, 4805.99951171875, 4806.181640625, 4806.3203125, 4806.41650390625, 4806.4677734375, 4806.40478515625, 4806.3154296875, 4806.18310546875, 4806.091796875, 4806.109375, 4806.1181640625, 4806.0703125, 4805.96630859375, 4805.89404296875, 4805.888671875, 4805.8466796875, 4805.76220703125, 4805.61669921875], "lower": [5325.49072265625, 5232.33935546875, 5166.5029296875, 5055.49658203125, 4927.0302734375, 4836.0146484375, 4804.8623046875, 4793.08984375, 4789.05908203125, 4788.84814453125, 4792.5048828125, 4799.01513671875, 4808.14453125, 4820.37841796875, 4832.23095703125, 4840.8759765625, 4845.91552734375, 4847.685546875, 4845.92431640625, 4841.04833984375, 4835.27392578125, 4828.3154296875, 4821.25390625, 4814.4208984375, 4807.783203125, 4802.4228515625, 4798.00830078125, 4794.48291015625, 4792.63671875, 4792.009765625, 4792.408203125, 4793.63134765625, 4795.52783203125, 4797.8603515625, 4800.24169921875, 4802.572265625, 4804.56494140625, 4806.294921875, 4807.919921875, 4809.24951171875, 4810.2822265625, 4810.8642578125, 4810.9912109375, 4810.71630859375, 4810.17626953125, 4809.2705078125, 4808.23291015625, 4807.24951171875, 4806.1904296875, 4805.2255859375, 4804.2685546875, 4803.38427734375, 4802.85498046875, 4802.4052734375, 4802.16650390625, 4802.14990234375, 4802.2099609375, 4802.240234375, 4802.38818359375, 4802.603515625, 4802.8388671875, 4803.08251953125, 4803.3583984375, 4803.60595703125, 4804.033203125, 4804.60791015625, 4805.2744140625, 4805.9404296875, 4806.53564453125, 4806.7490234375, 4806.55517578125, 4806.3564453125, 4806.05615234375, 4805.732421875, 4805.4697265625, 4805.28564453125, 4805.1630859375, 4805.09033203125, 4805.14697265625, 4805.232421875, 4805.3271484375, 4805.46240234375, 4805.380859375, 4805.31396484375, 4805.3212890625, 4805.23486328125, 4805.18408203125, 4805.2353515625, 4805.390625, 4805.51416015625, 4805.6474609375, 4805.7568359375, 4805.6279296875, 4805.451171875, 4805.26904296875, 4805.05615234375, 4804.98583984375, 4805.005859375, 4804.9736328125, 4805.05224609375]}