{"mean": [5058.3380126953125, 5276.09912109375, 5415.096496582031, 5624.419372558594, 5875.318359375, 6108.785339355469, 6224.20361328125, 6276.901306152344, 6293.050354003906, 6289.027160644531, 6272.4259033203125, 6247.9644775390625, 6218.257507324219, 6188.4022216796875, 6163.91943359375, 6146.703674316406, 6138.88232421875, 6139.8800048828125, 6150.0982666015625, 6168.200866699219, 6190.2728271484375, 6215.620178222656, 6242.1976318359375, 6268.720458984375, 6293.8983154296875, 6316.248840332031, 6334.994140625, 6350.930419921875, 6362.8416748046875, 6370.524597167969, 6374.931335449219, 6376.701904296875, 6376.400207519531, 6374.599853515625, 6371.890075683594, 6369.329284667969, 6366.8209228515625, 6364.2919921875, 6361.9676513671875, 6360.242370605469, 6359.441589355469, 6359.870849609375, 6361.372802734375, 6363.949462890625, 6367.209655761719, 6370.962097167969, 6374.846984863281, 6378.6644287109375, 6382.725402832031, 6386.958312988281, 6391.1566162109375, 6394.883850097656, 6397.999084472656, 6400.303039550781, 6401.726013183594, 6402.337463378906, 6402.398742675781, 6401.986389160156, 6401.108825683594, 6399.860412597656, 6398.309020996094, 6396.664245605469, 6395.1134033203125, 6393.7293701171875, 6392.535339355469, 6391.568115234375, 6390.9305419921875, 6390.700988769531, 6390.85009765625, 6391.265319824219, 6391.9439697265625, 6392.801330566406, 6393.7484130859375, 6394.7109375, 6395.635009765625, 6396.44921875, 6397.1112060546875, 6397.57275390625, 6397.8067626953125, 6397.87451171875, 6397.799499511719, 6397.629821777344, 6397.384094238281, 6397.0430908203125, 6396.651611328125, 6396.2442626953125, 6395.846618652344, 6395.496276855469, 6395.2135009765625, 6394.9912109375, 6394.850341796875, 6394.78515625, 6394.802062988281, 6394.9102783203125, 6395.077453613281, 6395.2664794921875, 6395.367919921875, 6395.3203125, 6395.129821777344, 6394.908630371094], "upper": [5058.34814453125, 5276.12255859375, 5415.1875, 5624.54345703125, 5875.42529296875, 6108.9296875, 6224.392578125, 6277.27783203125, 6293.486328125, 6289.4970703125, 6272.841796875, 6248.26513671875, 6218.49853515625, 6188.6474609375, 6164.361328125, 6147.2392578125, 6139.7900390625, 6140.9814453125, 6151.587890625, 6169.8974609375, 6191.89013671875, 6216.908203125, 6243.119140625, 6269.20068359375, 6294.68505859375, 6317.986328125, 6337.82373046875, 6354.3525390625, 6366.26171875, 6373.97412109375, 6378.22900390625, 6379.48046875, 6378.44873046875, 6375.962890625, 6372.857421875, 6369.89599609375, 6367.57958984375, 6365.2119140625, 6363.06640625, 6361.4189453125, 6360.6103515625, 6360.892578125, 6362.16943359375, 6364.48291015625, 6367.4921875, 6371.91552734375, 6376.38232421875, 6380.54638671875, 6384.85009765625, 6388.98974609375, 6392.99365234375, 6396.333984375, 6399.05224609375, 6401.115234375, 6402.31640625, 6402.79248046875, 6403.3916015625, 6403.896484375, 6404.01513671875, 6403.751953125, 6403.39794921875, 6402.99462890625, 6402.77001953125, 6402.3984375, 6401.3125, 6399.6689453125, 6397.67041015625, 6395.634765625, 6393.9189453125, 6392.44775390625, 6393.62060546875, 6394.939453125, 6396.2578125, 6397.47021484375, 6398.45654296875, 6399.1689453125, 6399.619140625, 6399.79931640625, 6399.6552734375, 6399.3671875, 6399.001953125, 6398.48046875, 6398.880859375, 6398.98828125, 6398.873046875, 6398.53662109375, 6398.44921875, 6398.029296875, 6397.76416015625, 6397.4755859375, 6397.06640625, 6396.6025390625, 6396.1533203125, 6395.708984375, 6395.59912109375, 6395.79443359375, 6395.7666015625, 6395.72265625, 6395.56591796875, 6395.5791015625], "lower": [5058.32373046875, 5276.07763671875, 5414.9677734375, 5624.34619140625, 5875.16796875, 6108.72119140625, 6224.1064453125, 6276.705078125, 6292.81494140625, 6288.77197265625, 6272.1689453125, 6247.74560546875, 6217.9541015625, 6188.083984375, 6163.619140625, 6146.38232421875, 6136.8232421875, 6136.60009765625, 6145.2314453125, 6162.90673828125, 6185.69580078125, 6212.48779296875, 6240.3935546875, 6267.61376953125, 6293.45703125, 6315.6875, 6334.19970703125, 6349.9189453125, 6361.7841796875, 6369.38720703125, 6373.802734375, 6375.70751953125, 6375.4716796875, 6373.689453125, 6371.0234375, 6368.6669921875, 6365.765625, 6362.44384765625, 6359.4599609375, 6357.41162109375, 6356.609375, 6357.47265625, 6359.7314453125, 6363.21142578125, 6366.8603515625, 6370.25830078125, 6373.9111328125, 6377.62353515625, 6381.0283203125, 6384.99365234375, 6389.03076171875, 6393.103515625, 6396.7802734375, 6399.7021484375, 6401.26123046875, 6401.91455078125, 6401.6474609375, 6400.67138671875, 6399.14990234375, 6397.39013671875, 6395.521484375, 6393.8447265625, 6392.2900390625, 6391.0029296875, 6390.08154296875, 6389.46826171875, 6389.32080078125, 6389.66064453125, 6389.2041015625, 6388.98095703125, 6389.2421875, 6389.7255859375, 6389.7890625, 6389.67431640625, 6389.9541015625, 6390.46240234375, 6391.1689453125, 6392.02685546875, 6392.916015625, 6393.91259765625, 6394.8857421875, 6395.85107421875, 6396.5927734375, 6395.79052734375, 6395.06396484375, 6394.4736328125, 6394.0791015625, 6393.71923828125, 6393.50537109375, 6393.51953125, 6393.7294921875, 6393.98876953125, 6394.29345703125, 6394.4013671875, 6394.41357421875, 6394.56298828125, 6394.91357421875, 6394.82861328125, 6394.7646484375, 6394.2451171875]}