{"mean": [2154.2997131347656, 2095.0726623535156, 2072.4242248535156, 1973.1683654785156, 1867.7427062988281, 1886.3226013183594, 1937.195053100586, 1971.24609375, 1990.7827758789062, 2000.544204711914, 2004.19580078125, 2007.147445678711, 2010.5580291748047, 2013.7323760986328, 2018.7516632080078, 2028.305435180664, 2040.652816772461, 2054.359405517578, 2069.783905029297, 2087.459197998047, 2106.2068786621094, 2126.0591735839844, 2146.0559997558594, 2165.487091064453, 2183.6580200195312, 2199.867919921875, 2213.8121337890625, 2225.9037475585938, 2235.3204040527344, 2242.372344970703, 2247.5332641601562, 2251.1107482910156, 2253.331268310547, 2254.499481201172, 2254.8321228027344, 2254.8477783203125, 2254.6478271484375, 2254.4197387695312, 2254.0887145996094, 2254.0655822753906, 2254.3502197265625, 2255.070587158203, 2256.3619689941406, 2258.056640625, 2260.064971923828, 2262.2027893066406, 2264.2696228027344, 2266.310577392578, 2268.5004272460938, 2270.7862548828125, 2272.995574951172, 2274.831298828125, 2276.541290283203, 2277.826934814453, 2278.616455078125, 2279.027618408203, 2279.1560974121094, 2279.0496215820312, 2278.752410888672, 2278.274932861328, 2277.6934509277344, 2277.071533203125, 2276.5519104003906, 2276.1367797851562, 2275.8323669433594, 2275.645294189453, 2275.6118774414062, 2275.7767639160156, 2276.145538330078, 2276.6361389160156, 2277.278533935547, 2278.0379943847656, 2278.7175903320312, 2279.3878173828125, 2280.007781982422, 2280.5367736816406, 2280.9554443359375, 2281.246063232422, 2281.3892822265625, 2281.4195251464844, 2281.352081298828, 2281.2132568359375, 2280.9999389648438, 2280.732666015625, 2280.4156494140625, 2280.0784301757812, 2279.7347106933594, 2279.412841796875, 2279.0985412597656, 2278.8192443847656, 2278.558319091797, 2278.32421875, 2278.165283203125, 2278.0428161621094, 2277.9718627929688, 2277.8956909179688, 2277.8055114746094, 2277.655487060547, 2277.4464416503906, 2277.275177001953], "upper": [2154.310302734375, 2095.1005859375, 2072.4619140625, 1973.223388671875, 1867.8427734375, 1886.4140625, 1937.32373046875, 1971.45654296875, 1991.014404296875, 2000.8319091796875, 2004.427490234375, 2007.2459716796875, 2010.6939697265625, 2013.9832763671875, 2019.06494140625, 2028.68701171875, 2041.2021484375, 2054.985595703125, 2070.58984375, 2088.34521484375, 2107.00341796875, 2126.752685546875, 2146.590576171875, 2165.82177734375, 2183.8681640625, 2200.499755859375, 2215.033935546875, 2227.31787109375, 2236.680908203125, 2243.77734375, 2248.912841796875, 2252.322998046875, 2254.2109375, 2255.18505859375, 2255.32470703125, 2255.1982421875, 2255.09716796875, 2254.961181640625, 2254.693603515625, 2254.71630859375, 2254.973388671875, 2255.607421875, 2256.791259765625, 2258.32666015625, 2260.298583984375, 2262.705810546875, 2265.042724609375, 2267.3662109375, 2269.62255859375, 2271.857177734375, 2273.856201171875, 2275.467041015625, 2276.9970703125, 2278.1640625, 2278.951416015625, 2279.58740234375, 2280.06884765625, 2280.458251953125, 2280.738037109375, 2280.7998046875, 2280.8466796875, 2280.89404296875, 2281.162841796875, 2281.302490234375, 2281.074462890625, 2280.57666015625, 2279.873291015625, 2279.1162109375, 2278.447998046875, 2277.807373046875, 2278.072509765625, 2279.052734375, 2279.94580078125, 2280.72802734375, 2281.401611328125, 2281.90869140625, 2282.283935546875, 2282.45703125, 2282.397705078125, 2282.11767578125, 2281.890380859375, 2281.628173828125, 2281.773193359375, 2281.835693359375, 2281.815185546875, 2281.701416015625, 2281.53857421875, 2281.32568359375, 2281.041015625, 2280.70361328125, 2280.3408203125, 2279.944580078125, 2279.5546875, 2279.1787109375, 2278.869873046875, 2278.511474609375, 2278.2216796875, 2278.15869140625, 2278.07177734375, 2278.041015625], "lower": [2154.29345703125, 2095.03173828125, 2072.384521484375, 1973.110595703125, 1867.685546875, 1886.2845458984375, 1937.097412109375, 1971.1116943359375, 1990.640625, 2000.3734130859375, 2004.0399169921875, 2007.058837890625, 2010.4954833984375, 2013.5794677734375, 2018.547119140625, 2028.0335693359375, 2039.698486328125, 2052.809326171875, 2067.45654296875, 2084.8388671875, 2103.748291015625, 2124.221923828125, 2144.866943359375, 2164.707763671875, 2183.1962890625, 2199.708984375, 2213.46728515625, 2225.437255859375, 2234.853759765625, 2241.828369140625, 2246.9951171875, 2250.610595703125, 2252.88818359375, 2254.017333984375, 2254.390380859375, 2254.510986328125, 2254.037841796875, 2253.342529296875, 2252.75732421875, 2252.5263671875, 2252.804443359375, 2253.755615234375, 2255.3974609375, 2257.642822265625, 2259.841552734375, 2261.852294921875, 2263.84619140625, 2265.790771484375, 2267.693603515625, 2269.79736328125, 2271.993408203125, 2274.0927734375, 2276.142822265625, 2277.5693359375, 2278.33935546875, 2278.67041015625, 2278.482177734375, 2278.006103515625, 2277.3994140625, 2276.652099609375, 2275.94580078125, 2275.28173828125, 2274.73828125, 2274.403564453125, 2274.283935546875, 2274.39013671875, 2274.611328125, 2275.052734375, 2275.156982421875, 2275.30224609375, 2275.683349609375, 2276.184326171875, 2276.725830078125, 2277.070556640625, 2277.3056640625, 2277.65869140625, 2278.069091796875, 2278.48779296875, 2278.92578125, 2279.346923828125, 2279.780029296875, 2280.175048828125, 2280.5205078125, 2280.093505859375, 2279.584228515625, 2279.14306640625, 2278.650146484375, 2278.250732421875, 2277.93212890625, 2277.721923828125, 2277.615234375, 2277.533935546875, 2277.493896484375, 2277.470947265625, 2277.512939453125, 2277.50927734375, 2277.365234375, 2277.153076171875, 2276.802490234375, 2276.468505859375]}