{"mean": [50563.690104166664, 49274.959635416664, 49006.2109375, 49303.876302083336, 49560.442708333336, 49515.330729166664, 49365.350260416664, 49192.28125, 49018.645833333336, 48911.94921875, 48970.354166666664, 49152.325520833336, 49239.276041666664, 49264.942708333336, 49423.82421875, 49379.372395833336, 49262.276041666664, 49153.813802083336, 49345.2265625, 49170.548177083336, 49174.553385416664, 49180.904947916664, 49186.622395833336, 49191.860677083336, 49413.62109375, 49467.755208333336, 49325.302083333336, 49271.279947916664, 49305.587239583336, 49346.076822916664, 49332.91796875, 49317.940104166664, 49320.134114583336, 49349.805989583336, 49379.03515625, 49414.384114583336, 49497.192708333336, 49611.66796875, 49762.83203125, 49885.921875, 49828.384114583336, 49750.53125, 49774.569010416664, 49791.223958333336, 49868.111979166664, 49938.891927083336, 50011.858072916664, 49997.134114583336, 50028.087239583336, 50065.39453125, 50197.51171875, 50195.484375, 50228.3984375, 50234.23046875, 50186.244791666664, 50067.274739583336, 49972.813802083336, 49926.365885416664, 49902.7890625, 49886.412760416664, 49872.282552083336, 49856.536458333336, 49829.692708333336, 49786.21484375, 49707.65234375, 49632.190104166664, 49555.569010416664, 49542.795572916664, 49541.498697916664, 49543.782552083336, 49543.803385416664, 49523.743489583336, 49511.8515625, 49509.576822916664, 49522.091145833336, 49549.057291666664, 49578.430989583336, 49645.552083333336, 49684.256510416664, 49716.252604166664, 49732.377604166664, 49733.29296875, 49724.880208333336, 49698.87109375, 49648.572916666664, 49625.828125, 49638.009114583336, 49643.153645833336, 49651.130208333336, 49692.830729166664, 49733.654947916664, 49776.9609375, 49803.015625, 49779.8046875, 49758.529947916664, 49729.247395833336, 49696.575520833336, 49699.140625, 49707.858072916664, 49741.78125], "upper": [55176.64453125, 52018.1875, 51647.19921875, 52224.13671875, 52803.15625, 52638.28515625, 52172.4140625, 51680.66015625, 51213.4609375, 50950.14453125, 51257.97265625, 51777.1484375, 52062.828125, 52040.64453125, 51743.07421875, 51322.53515625, 50833.71484375, 50489.1640625, 50581.953125, 50699.98828125, 50864.4609375, 50969.796875, 51017.19140625, 50986.73046875, 50887.13671875, 50744.8671875, 50606.09765625, 50419.26171875, 50252.11328125, 50090.73828125, 50234.3515625, 50373.58203125, 50507.5859375, 50629.72265625, 50648.08203125, 50699.27734375, 50753.17578125, 50777.0390625, 50798.1796875, 50943.7421875, 50891.90234375, 50737.85546875, 50678.8984375, 50644.34765625, 50683.7734375, 50647.80859375, 50595.171875, 50467.9609375, 50402.6875, 50413.09375, 50825.0234375, 50991.6328125, 51172.4609375, 51233.515625, 51125.90625, 50891.21875, 50717.03125, 50657.94140625, 50653.0703125, 50662.39453125, 50685.51953125, 50681.39453125, 50636.640625, 50534.67578125, 50326.51953125, 50113.5, 50040.84375, 50020.359375, 50013.48828125, 50006.0859375, 49991.44921875, 49991.0546875, 49985.18359375, 49970.55859375, 49963.48828125, 49957.46875, 49953.71875, 50084.5859375, 50160.20703125, 50208.09765625, 50214.609375, 50183.00390625, 50108.4453125, 50012.16796875, 50027.73046875, 50044.9296875, 50061.01953125, 50067.30859375, 50072.5390625, 50089.06640625, 50065.66796875, 50066.2578125, 50112.6484375, 50096.67578125, 50032.1484375, 50028.26953125, 50011.203125, 50006.234375, 49994.67578125, 50002.30859375], "lower": [47973.5234375, 47629.87890625, 47403.24609375, 47811.171875, 47686.921875, 47619.4375, 47540.9453125, 47480.90625, 47392.015625, 47276.91796875, 47119.9609375, 47103.1015625, 47046.30859375, 47082.8671875, 47785.5546875, 48003.2265625, 48029.64453125, 47905.22265625, 47800.44921875, 47579.78515625, 47425.1875, 47263.88671875, 47045.39453125, 47056.05859375, 47123.9921875, 47359.35546875, 47499.5, 47598.6328125, 47713.75390625, 47868.75390625, 47896.40234375, 47836.1484375, 47749.4375, 47702.37109375, 47797.48046875, 47917.90625, 48119.1328125, 48391.85546875, 48774.01953125, 48939.94921875, 48784.1640625, 48701.6015625, 48824.89453125, 48887.28125, 49047.86328125, 49237.39453125, 49446.04296875, 49474.07421875, 49705.44140625, 49749.91796875, 49676.1328125, 49486.609375, 49404.84765625, 49328.390625, 49306.109375, 49203.265625, 49095.26953125, 49018.60546875, 48951.609375, 48892.64453125, 48840.3984375, 48806.671875, 48777.59375, 48756.5, 48733.53515625, 48716.94140625, 48706.7734375, 48705.4453125, 48713.35546875, 48721.5234375, 48734.16796875, 48741.61328125, 48754.64453125, 48778.36328125, 48818.8671875, 48857.98046875, 48884.109375, 48909.96875, 48948.3203125, 48992.15234375, 49019.640625, 49038.5625, 49066.8359375, 49103.58984375, 49114.81640625, 49130.65234375, 49165.79296875, 49171.04296875, 49177.41015625, 49194.65625, 49192.046875, 49199.7265625, 49213.09375, 49194.59375, 49213.2734375, 49218.09375, 49203.62109375, 49222.18359375, 49217.890625, 49222.375]}