{"mean": [8363.1171875, 8346.4345703125, 8333.9560546875, 8324.8623046875, 8317.390950520834, 8310.741536458334, 8304.1201171875, 8297.832356770834, 8292.0908203125, 8287.124674479166, 8282.7783203125, 8278.947916666666, 8275.430013020834, 8272.2470703125, 8267.9072265625, 8262.448893229166, 8260.207356770834, 8258.780598958334, 8257.315104166666, 8255.707682291666, 8254.103190104166, 8252.298502604166, 8250.607747395834, 8248.853515625, 8247.076822916666, 8245.7109375, 8244.084635416666, 8242.5625, 8241.010091145834, 8239.131510416666, 8237.2412109375, 8235.34765625, 8233.8828125, 8232.02734375, 8230.301432291666, 8228.395833333334, 8226.390950520834, 8224.625, 8222.755208333334, 8220.927408854166, 8218.5185546875, 8216.253743489584, 8213.734700520834, 8211.141438802084, 8208.7158203125, 8206.119140625, 8203.801595052084, 8201.993326822916, 8200.028971354166, 8197.945475260416, 8196.14404296875, 8194.624674479166, 8192.962076822916, 8191.49755859375, 8189.924641927083, 8188.914713541667, 8188.750162760417, 8188.6328125, 8188.58447265625, 8188.537923177083, 8188.433430989583, 8188.411783854167, 8188.3271484375, 8188.3349609375, 8188.359537760417, 8188.297526041667, 8188.1884765625, 8188.187337239583, 8188.143229166667, 8188.124674479167, 8188.13720703125, 8188.131998697917, 8188.116536458333, 8188.134440104167, 8188.16357421875, 8188.1865234375, 8188.1416015625, 8188.20849609375, 8188.261555989583, 8188.25341796875, 8188.189778645833, 8188.163736979167, 8188.1474609375, 8188.169270833333, 8188.132161458333, 8188.183430989583, 8188.1630859375, 8188.155110677083, 8188.1435546875, 8188.17138671875, 8188.189453125, 8188.16845703125, 8188.150390625, 8188.150390625, 8188.1953125, 8188.207194010417, 8188.144694010417, 8188.132649739583, 8188.173990885417, 8188.186360677083], "upper": [8547.8134765625, 8500.7705078125, 8465.4453125, 8438.7568359375, 8416.2138671875, 8396.6982421875, 8377.876953125, 8360.26953125, 8344.490234375, 8330.7021484375, 8319.0625, 8308.8251953125, 8299.9599609375, 8292.2109375, 8281.12109375, 8268.0849609375, 8267.51953125, 8266.8447265625, 8265.880859375, 8264.9296875, 8263.921875, 8262.7421875, 8261.537109375, 8260.314453125, 8258.94140625, 8257.50390625, 8256.0654296875, 8254.5322265625, 8253.04296875, 8251.2998046875, 8249.546875, 8247.7109375, 8245.7578125, 8243.8359375, 8241.8193359375, 8239.416015625, 8236.6533203125, 8235.20703125, 8233.9326171875, 8232.8671875, 8230.658203125, 8230.1513671875, 8229.6669921875, 8229.396484375, 8229.3818359375, 8228.2265625, 8227.7275390625, 8227.224609375, 8226.6884765625, 8226.15234375, 8225.994140625, 8226.0166015625, 8226.0185546875, 8226.0234375, 8225.990234375, 8226.0048828125, 8226.0, 8226.0380859375, 8226.0068359375, 8226.01171875, 8226.0439453125, 8226.048828125, 8226.03125, 8226.142578125, 8226.2041015625, 8226.1572265625, 8226.01953125, 8226.052734375, 8226.0146484375, 8226.0068359375, 8226.0263671875, 8226.04296875, 8226.029296875, 8226.029296875, 8226.037109375, 8226.0517578125, 8226.02734375, 8226.1474609375, 8226.208984375, 8226.1875, 8226.1357421875, 8226.068359375, 8226.0439453125, 8226.046875, 8226.046875, 8226.0546875, 8226.044921875, 8226.04296875, 8226.0537109375, 8226.056640625, 8226.1337890625, 8226.11328125, 8226.046875, 8226.1171875, 8226.150390625, 8226.146484375, 8226.1201171875, 8226.0283203125, 8226.0498046875, 8226.1103515625], "lower": [8265.779296875, 8264.517578125, 8263.8115234375, 8263.396484375, 8263.251953125, 8262.994140625, 8262.408203125, 8261.740234375, 8260.9267578125, 8260.12890625, 8259.1982421875, 8258.193359375, 8256.849609375, 8255.431640625, 8253.935546875, 8252.2578125, 8250.6982421875, 8248.970703125, 8247.423828125, 8245.6171875, 8244.0302734375, 8242.0830078125, 8240.49609375, 8238.6474609375, 8236.8662109375, 8235.2578125, 8233.626953125, 8232.9609375, 8232.4853515625, 8231.8876953125, 8230.8994140625, 8227.7138671875, 8225.908203125, 8222.7978515625, 8220.2412109375, 8217.4052734375, 8214.505859375, 8211.185546875, 8207.474609375, 8203.5458984375, 8197.384765625, 8190.39404296875, 8183.5771484375, 8176.77392578125, 8170.607421875, 8164.1298828125, 8157.65283203125, 8152.82470703125, 8147.4345703125, 8141.74462890625, 8136.47802734375, 8131.8720703125, 8126.89208984375, 8122.46533203125, 8117.80615234375, 8114.7734375, 8114.27392578125, 8113.849609375, 8113.74169921875, 8113.61279296875, 8113.27099609375, 8113.1982421875, 8113.0087890625, 8112.8828125, 8112.92626953125, 8112.7802734375, 8112.623046875, 8112.56884765625, 8112.4423828125, 8112.42578125, 8112.44189453125, 8112.38818359375, 8112.3212890625, 8112.373046875, 8112.42822265625, 8112.4677734375, 8112.3818359375, 8112.33642578125, 8112.39306640625, 8112.39794921875, 8112.4052734375, 8112.3779296875, 8112.3544921875, 8112.4306640625, 8112.318359375, 8112.44970703125, 8112.40234375, 8112.39111328125, 8112.3515625, 8112.40478515625, 8112.390625, 8112.35107421875, 8112.373046875, 8112.3154296875, 8112.392578125, 8112.42626953125, 8112.25732421875, 8112.34619140625, 8112.44287109375, 8112.40283203125]}