{"mean": [4166.0830078125, 3658.4933268229165, 3134.630859375, 2865.845703125, 2870.93701171875, 2899.0064290364585, 2927.1012369791665, 2931.5164388020835, 2882.4564615885415, 2803.6407877604165, 2751.2303059895835, 2769.378662109375, 2802.6563313802085, 2810.2250162760415, 2786.0703938802085, 2740.2792154947915, 2700.8115234375, 2675.926025390625, 2670.8173828125, 2672.5921223958335, 2665.32373046875, 2641.7986653645835, 2611.945068359375, 2585.1192220052085, 2570.1195475260415, 2562.5433756510415, 2547.9676106770835, 2544.677734375, 2533.2132975260415, 2515.9047037760415, 2510.8667805989585, 2489.783203125, 2481.0868326822915, 2471.854736328125, 2469.1270345052085, 2479.7132975260415, 2465.765380859375, 2461.058837890625, 2463.006591796875, 2448.7591145833335, 2449.9305013020835, 2447.4374186197915, 2435.9768880208335, 2439.1830240885415, 2436.3395182291665, 2431.4068196614585, 2430.5838216145835, 2422.56640625, 2417.460205078125, 2420.6103515625, 2412.559814453125, 2408.1387532552085, 2413.70849609375, 2408.1398111979165, 2401.664306640625, 2396.435302734375, 2393.0360514322915, 2392.16162109375, 2390.3917643229165, 2384.33984375, 2379.2925618489585, 2373.2830403645835, 2373.1578776041665, 2372.2888997395835, 2367.5050455729165, 2367.4864095052085, 2365.8236490885415, 2362.9967447916665, 2363.4601236979165, 2364.9264322916665, 2362.5901692708335, 2362.0904947916665, 2361.3857421875, 2359.2139485677085, 2357.6956380208335, 2355.7066243489585, 2353.3043619791665, 2351.9159342447915, 2351.8919270833335, 2348.7564290364585, 2348.5747884114585, 2347.09814453125, 2345.0330403645835, 2343.3575032552085, 2341.542724609375, 2340.186279296875, 2337.9097493489585, 2335.6442057291665, 2333.5017903645835, 2332.0049641927085, 2328.5619303385415, 2326.3033040364585, 2325.1276041666665, 2322.1600748697915, 2320.49658203125, 2318.830810546875, 2316.4576009114585, 2314.8317057291665, 2313.8863932291665, 2311.8248697916665], "upper": [5231.0595703125, 4173.72314453125, 3245.104736328125, 3168.919189453125, 3143.100341796875, 3121.8720703125, 3103.161865234375, 3084.005615234375, 3060.447509765625, 3038.7421875, 3019.037109375, 3000.604736328125, 2980.635498046875, 2959.399658203125, 2939.149169921875, 2916.058837890625, 2895.554443359375, 2893.72509765625, 2883.58251953125, 2873.053466796875, 2854.896728515625, 2841.90625, 2829.079833984375, 2813.9638671875, 2799.442626953125, 2777.7958984375, 2766.287109375, 2764.62353515625, 2762.6796875, 2760.69677734375, 2751.40234375, 2735.511962890625, 2720.292236328125, 2698.5146484375, 2687.22607421875, 2675.290771484375, 2672.757568359375, 2671.907958984375, 2666.290283203125, 2653.510498046875, 2639.566650390625, 2628.955810546875, 2624.62841796875, 2626.788330078125, 2625.62158203125, 2614.650390625, 2599.260498046875, 2591.431884765625, 2590.274658203125, 2588.356689453125, 2580.39453125, 2567.64892578125, 2567.940673828125, 2570.4775390625, 2556.01513671875, 2538.671630859375, 2534.36767578125, 2520.701904296875, 2521.784912109375, 2507.371826171875, 2489.266845703125, 2474.445068359375, 2470.095947265625, 2465.704345703125, 2459.322021484375, 2462.1103515625, 2458.384033203125, 2452.44287109375, 2453.41259765625, 2457.51904296875, 2454.765869140625, 2453.572509765625, 2452.6298828125, 2447.88916015625, 2440.796142578125, 2437.672119140625, 2434.014892578125, 2432.046142578125, 2428.510986328125, 2425.483154296875, 2424.073486328125, 2419.19287109375, 2414.084716796875, 2409.757080078125, 2404.45166015625, 2399.1083984375, 2393.46728515625, 2387.49169921875, 2381.49658203125, 2374.6181640625, 2366.68994140625, 2361.398193359375, 2363.724853515625, 2361.06884765625, 2360.890380859375, 2361.52734375, 2360.48681640625, 2360.03759765625, 2361.4140625, 2359.856201171875], "lower": [3315.94873046875, 3252.568359375, 2940.420166015625, 2335.309814453125, 2456.495361328125, 2614.025634765625, 2732.037109375, 2744.315673828125, 2618.03466796875, 2408.099365234375, 2274.09375, 2352.01318359375, 2479.83154296875, 2536.600341796875, 2500.9072265625, 2402.99267578125, 2314.760986328125, 2269.92578125, 2290.42236328125, 2341.732177734375, 2361.3427734375, 2331.866455078125, 2289.199462890625, 2265.161865234375, 2269.190673828125, 2289.4658203125, 2311.831787109375, 2322.806884765625, 2318.135009765625, 2302.031982421875, 2281.39501953125, 2268.179931640625, 2263.429931640625, 2263.408203125, 2268.40234375, 2273.115478515625, 2271.01806640625, 2265.465087890625, 2263.623291015625, 2265.23583984375, 2268.451904296875, 2271.24609375, 2273.5244140625, 2275.816162109375, 2276.046875, 2273.75927734375, 2271.4189453125, 2269.797607421875, 2267.320556640625, 2264.634521484375, 2264.076904296875, 2263.5556640625, 2263.240966796875, 2263.78955078125, 2263.581298828125, 2263.37060546875, 2263.44091796875, 2262.1376953125, 2263.283203125, 2264.900634765625, 2265.51611328125, 2265.902587890625, 2266.362548828125, 2265.886474609375, 2264.1923828125, 2262.529052734375, 2261.248046875, 2261.03564453125, 2260.323486328125, 2260.083251953125, 2259.782958984375, 2259.40380859375, 2259.011474609375, 2259.0126953125, 2258.50048828125, 2257.89404296875, 2257.345703125, 2256.648193359375, 2256.211669921875, 2255.688720703125, 2256.35546875, 2256.086669921875, 2255.708251953125, 2256.1044921875, 2256.450927734375, 2256.91015625, 2256.56005859375, 2256.80810546875, 2256.619140625, 2257.19482421875, 2257.2900390625, 2256.8818359375, 2256.702392578125, 2256.3720703125, 2256.7392578125, 2256.73486328125, 2256.068115234375, 2256.14599609375, 2255.900146484375, 2256.24853515625]}