{"mean": [5641.795817057292, 5089.55224609375, 4395.667399088542, 3869.0779622395835, 3769.483642578125, 3782.6573079427085, 3746.1061197916665, 3778.9236653645835, 3760.7816569010415, 3654.8304850260415, 3675.824951171875, 3715.61181640625, 3807.113525390625, 3821.8814290364585, 3825.054931640625, 3744.6827799479165, 3665.593994140625, 3628.7223307291665, 3575.8841145833335, 3543.4378255208335, 3579.271240234375, 3564.6934407552085, 3575.0192057291665, 3552.7089029947915, 3576.0792643229165, 3580.4574381510415, 3558.270263671875, 3613.1682942708335, 3607.3700358072915, 3598.1043294270835, 3629.029541015625, 3603.781982421875, 3579.1390787760415, 3587.1747233072915, 3614.561279296875, 3602.6754557291665, 3589.1280110677085, 3542.14111328125, 3521.20556640625, 3574.9510091145835, 3569.3124186197915, 3578.2906087239585, 3577.5621744791665, 3535.7942708333335, 3552.080810546875, 3584.777587890625, 3607.7920735677085, 3595.577392578125, 3575.9609375, 3538.3955078125, 3556.7742513020835, 3606.7272135416665, 3619.433837890625, 3604.6903483072915, 3598.2823079427085, 3565.3314615885415, 3575.5289713541665, 3591.6741536458335, 3591.0519205729165, 3614.3936360677085, 3592.0057779947915, 3597.1407877604165, 3546.435302734375, 3547.5463053385415, 3575.7294108072915, 3566.6668294270835, 3589.8736979166665, 3584.2080891927085, 3574.80029296875, 3570.080810546875, 3611.5826822916665, 3576.16015625, 3590.6708170572915, 3586.1228841145835, 3580.1299641927085, 3575.197509765625, 3586.53271484375, 3600.402099609375, 3590.1634928385415, 3591.97119140625, 3585.229248046875, 3570.1232096354165, 3550.2353515625, 3541.9404296875, 3540.990234375, 3539.7515462239585, 3533.134033203125, 3555.3087565104165, 3524.7225748697915, 3538.9268391927085, 3523.515869140625, 3524.6302083333335, 3552.0736490885415, 3523.324951171875, 3511.510498046875, 3511.8355305989585, 3517.3582356770835, 3520.576904296875, 3519.3540852864585, 3511.9082845052085], "upper": [7164.4140625, 6119.708984375, 4715.73583984375, 4185.76708984375, 4006.657470703125, 3848.3193359375, 3806.460693359375, 3861.481201171875, 3779.687255859375, 3749.6064453125, 3728.914794921875, 3823.69091796875, 4087.011962890625, 4120.43408203125, 4128.7294921875, 3881.71533203125, 3735.041748046875, 3689.668212890625, 3709.646484375, 3697.6220703125, 3668.014404296875, 3662.486328125, 3629.00048828125, 3603.145751953125, 3598.11083984375, 3640.5419921875, 3620.82666015625, 3671.83544921875, 3712.287353515625, 3726.5947265625, 3741.86767578125, 3706.377197265625, 3676.29052734375, 3670.9072265625, 3659.679931640625, 3779.9609375, 3717.9130859375, 3639.619384765625, 3594.390625, 3647.399169921875, 3693.254638671875, 3685.5048828125, 3653.5546875, 3647.042236328125, 3661.103515625, 3663.787841796875, 3731.634765625, 3681.15966796875, 3607.492431640625, 3566.17041015625, 3583.980712890625, 3706.81640625, 3691.126220703125, 3693.687744140625, 3719.0146484375, 3667.017333984375, 3629.3974609375, 3667.36181640625, 3706.84326171875, 3729.048095703125, 3713.94970703125, 3702.885986328125, 3595.030029296875, 3578.7109375, 3682.884765625, 3669.962890625, 3681.825439453125, 3670.619384765625, 3647.819091796875, 3618.726318359375, 3691.516357421875, 3651.304443359375, 3687.67138671875, 3678.264404296875, 3682.672607421875, 3655.350341796875, 3654.1318359375, 3636.494140625, 3656.3974609375, 3636.938720703125, 3630.271728515625, 3605.398681640625, 3586.939208984375, 3584.488525390625, 3590.505615234375, 3569.908203125, 3579.2060546875, 3605.9462890625, 3587.88525390625, 3578.13037109375, 3577.328369140625, 3586.107666015625, 3602.312744140625, 3580.920654296875, 3574.155517578125, 3588.7890625, 3589.395263671875, 3594.365966796875, 3588.76513671875, 3595.51318359375], "lower": [3992.687255859375, 3952.87109375, 3863.386962890625, 3701.1484375, 3612.15576171875, 3685.25, 3697.2099609375, 3684.744140625, 3746.516357421875, 3560.384033203125, 3643.290283203125, 3576.270751953125, 3567.45849609375, 3583.109619140625, 3644.683837890625, 3632.371337890625, 3585.18310546875, 3570.570068359375, 3484.437255859375, 3403.22900390625, 3479.47412109375, 3503.70458984375, 3546.233642578125, 3523.85986328125, 3559.927001953125, 3540.35791015625, 3444.730224609375, 3510.33837890625, 3454.8154296875, 3524.911865234375, 3465.662353515625, 3502.001220703125, 3469.043701171875, 3530.4638671875, 3575.77099609375, 3475.89404296875, 3497.423828125, 3445.35009765625, 3442.1630859375, 3502.4267578125, 3497.53271484375, 3447.06396484375, 3445.19384765625, 3436.648681640625, 3438.409912109375, 3437.07958984375, 3445.564208984375, 3480.932861328125, 3544.771240234375, 3503.642333984375, 3530.951171875, 3528.212646484375, 3543.62158203125, 3545.79345703125, 3536.865966796875, 3481.76708984375, 3538.9638671875, 3541.211669921875, 3529.94873046875, 3555.8798828125, 3508.9609375, 3533.773193359375, 3520.621826171875, 3527.697998046875, 3495.919921875, 3496.597412109375, 3533.098388671875, 3528.515380859375, 3504.984375, 3509.924072265625, 3557.365966796875, 3513.745849609375, 3538.606201171875, 3534.228271484375, 3516.22021484375, 3502.187255859375, 3540.2880859375, 3577.1416015625, 3525.8994140625, 3558.739501953125, 3545.080810546875, 3514.11669921875, 3516.452880859375, 3505.011962890625, 3491.04345703125, 3521.529052734375, 3489.867919921875, 3515.4951171875, 3492.6982421875, 3492.70947265625, 3475.450439453125, 3470.731689453125, 3521.149658203125, 3481.878662109375, 3476.76513671875, 3466.965087890625, 3479.482177734375, 3473.92724609375, 3481.00048828125, 3465.322998046875]}