{"mean": [15276.040364583334, 14339.2373046875, 13423.118815104166, 12993.680013020834, 12894.904296875, 12862.272135416666, 12868.538411458334, 12890.623372395834, 12855.424153645834, 12794.9921875, 12760.3310546875, 12770.655924479166, 12811.422200520834, 12829.738932291666, 12803.840494791666, 12756.359375, 12729.783854166666, 12737.225260416666, 12749.396809895834, 12751.334309895834, 12746.116861979166, 12723.6591796875, 12694.929036458334, 12668.19921875, 12657.122721354166, 12643.950520833334, 12620.963541666666, 12620.426106770834, 12624.879557291666, 12639.5, 12671.4453125, 12673.10546875, 12678.2470703125, 12692.581380208334, 12727.974283854166, 12760.9326171875, 12757.638346354166, 12743.4970703125, 12745.1845703125, 12736.80078125, 12748.360026041666, 12744.060872395834, 12727.8291015625, 12724.524088541666, 12728.3720703125, 12735.2734375, 12740.083984375, 12736.552083333334, 12725.163736979166, 12731.5859375, 12732.3583984375, 12744.449869791666, 12764.905924479166, 12761.347005208334, 12748.281901041666, 12736.439453125, 12737.991861979166, 12751.6572265625, 12750.494791666666, 12735.010416666666, 12721.21875, 12715.993815104166, 12725.875325520834, 12732.820638020834, 12736.352864583334, 12742.923828125, 12748.947591145834, 12752.634440104166, 12759.014322916666, 12764.836263020834, 12765.920572916666, 12773.6552734375, 12776.271809895834, 12775.30078125, 12774.821940104166, 12769.742513020834, 12765.034830729166, 12767.117513020834, 12769.351236979166, 12765.099283854166, 12767.550455729166, 12770.004231770834, 12768.567057291666, 12766.748372395834, 12771.0107421875, 12775.357747395834, 12777.266927083334, 12780.78125, 12785.230143229166, 12790.519856770834, 12792.013020833334, 12797.561197916666, 12807.544596354166, 12811.455729166666, 12818.514322916666, 12826.768880208334, 12833.984375, 12841.927083333334, 12850.735677083334, 12855.70703125], "upper": [18346.58203125, 16347.4716796875, 14258.9111328125, 13431.4736328125, 13444.31640625, 13551.5498046875, 13667.072265625, 13692.505859375, 13572.5966796875, 13380.19921875, 13271.8515625, 13297.1728515625, 13427.501953125, 13492.6572265625, 13436.830078125, 13309.8740234375, 13218.798828125, 13224.7578125, 13266.1982421875, 13316.2587890625, 13341.146484375, 13304.462890625, 13249.16796875, 13198.935546875, 13169.34765625, 13146.2216796875, 13143.111328125, 13144.6513671875, 13135.3515625, 13124.83984375, 13124.546875, 13138.458984375, 13155.5322265625, 13165.703125, 13176.51171875, 13179.02734375, 13173.693359375, 13160.8681640625, 13147.3359375, 13135.6220703125, 13121.1171875, 13109.01171875, 13100.4599609375, 13095.251953125, 13093.2197265625, 13094.70703125, 13098.681640625, 13105.595703125, 13110.099609375, 13116.271484375, 13120.48046875, 13122.634765625, 13123.9970703125, 13124.8349609375, 13122.953125, 13118.7412109375, 13115.439453125, 13109.265625, 13102.55859375, 13096.2548828125, 13090.908203125, 13087.9443359375, 13085.7626953125, 13085.5283203125, 13087.560546875, 13090.568359375, 13094.80859375, 13096.7099609375, 13097.763671875, 13098.3408203125, 13097.41015625, 13095.298828125, 13092.7421875, 13090.8642578125, 13090.203125, 13089.9033203125, 13088.9033203125, 13087.6728515625, 13087.4267578125, 13085.029296875, 13083.5625, 13083.10546875, 13084.0390625, 13083.8994140625, 13081.79296875, 13080.7001953125, 13080.4296875, 13079.79296875, 13078.0966796875, 13076.0966796875, 13074.4423828125, 13073.43359375, 13072.6572265625, 13070.724609375, 13068.2373046875, 13066.1279296875, 13065.4755859375, 13064.66796875, 13061.8486328125, 13059.265625], "lower": [12888.4453125, 12744.6123046875, 12652.775390625, 12566.7421875, 12509.71484375, 12479.376953125, 12461.623046875, 12447.765625, 12425.09375, 12416.478515625, 12398.5234375, 12384.830078125, 12363.2041015625, 12353.951171875, 12343.41796875, 12333.2568359375, 12328.2548828125, 12319.70703125, 12309.841796875, 12273.123046875, 12266.5478515625, 12273.9970703125, 12282.6279296875, 12291.8984375, 12320.423828125, 12345.5595703125, 12294.595703125, 12284.12890625, 12292.5302734375, 12329.1748046875, 12420.7421875, 12415.2734375, 12416.21875, 12452.09375, 12462.7333984375, 12469.0888671875, 12484.5859375, 12502.177734375, 12510.1435546875, 12506.81640625, 12503.1337890625, 12505.74609375, 12523.6865234375, 12525.017578125, 12522.8828125, 12552.931640625, 12546.412109375, 12549.794921875, 12502.666015625, 12504.765625, 12497.7744140625, 12527.302734375, 12559.6865234375, 12524.1513671875, 12494.12109375, 12496.1787109375, 12510.3046875, 12546.1435546875, 12532.078125, 12503.6943359375, 12502.705078125, 12507.330078125, 12534.2939453125, 12543.943359375, 12528.06640625, 12513.275390625, 12514.8486328125, 12523.171875, 12538.47265625, 12545.341796875, 12533.779296875, 12535.0322265625, 12539.5888671875, 12547.5576171875, 12567.7724609375, 12569.529296875, 12562.76171875, 12570.392578125, 12589.125, 12582.5400390625, 12583.974609375, 12598.6943359375, 12602.6455078125, 12600.3603515625, 12604.5185546875, 12611.09765625, 12611.341796875, 12609.087890625, 12610.72265625, 12615.421875, 12606.8564453125, 12605.5703125, 12612.5576171875, 12605.591796875, 12604.20703125, 12604.7666015625, 12601.5849609375, 12599.103515625, 12602.2421875, 12597.970703125]}