{"mean": [9324.411783854166, 8409.900227864584, 7667.337890625, 7158.139973958333, 7211.015950520833, 7184.80908203125, 7290.29833984375, 7329.734537760417, 7204.53173828125, 7085.73876953125, 6997.182454427083, 6981.619303385417, 6973.3935546875, 6891.251790364583, 6858.033528645833, 6840.915690104167, 6663.66845703125, 6649.163411458333, 6664.422200520833, 6631.627115885417, 6596.6025390625, 6532.1279296875, 6464.349446614583, 6377.01953125, 6270.598307291667, 6173.446126302083, 6118.208333333333, 6088.637532552083, 6029.774739583333, 5938.056477864583, 5880.388346354167, 5855.997233072917, 5852.922200520833, 5834.48291015625, 5829.703938802083, 5776.558756510417, 5782.881184895833, 5754.9326171875, 5718.346516927083, 5686.163411458333, 5624.559733072917, 5580.576497395833, 5570.717936197917, 5561.839192708333, 5547.295735677083, 5520.349934895833, 5497.18017578125, 5505.467610677083, 5532.88330078125, 5548.365071614583, 5534.1591796875, 5491.618977864583, 5467.588541666667, 5475.284016927083, 5479.589192708333, 5468.500651041667, 5443.568684895833, 5396.76904296875, 5381.048828125, 5377.185709635417, 5362.421549479167, 5346.498209635417, 5333.865071614583, 5326.687825520833, 5326.46923828125, 5338.01220703125, 5349.313639322917, 5354.76611328125, 5355.524576822917, 5358.225748697917, 5369.862467447917, 5369.551595052083, 5360.17822265625, 5348.206217447917, 5337.506510416667, 5341.768391927083, 5352.197102864583, 5353.379069010417, 5348.633463541667, 5348.32080078125, 5341.052734375, 5338.441080729167, 5351.6416015625, 5362.85302734375, 5348.977376302083, 5339.624674479167, 5345.662272135417, 5350.62060546875, 5341.828938802083, 5329.715169270833, 5334.717936197917, 5336.982584635417, 5332.781087239583, 5340.3623046875, 5337.806477864583, 5337.004557291667, 5346.734212239583, 5354.74072265625, 5345.965494791667, 5348.913411458333], "upper": [10419.162109375, 8875.0107421875, 8759.7783203125, 8628.0556640625, 8535.3818359375, 8468.845703125, 8401.173828125, 8325.5654296875, 8245.0849609375, 8158.1337890625, 8081.32763671875, 7995.314453125, 7901.693359375, 7798.89794921875, 7699.63134765625, 7602.77880859375, 7506.931640625, 7409.4423828125, 7318.41748046875, 7210.63037109375, 7164.4609375, 7134.51220703125, 7108.77197265625, 7061.85498046875, 7016.89697265625, 6956.615234375, 6917.15771484375, 6899.7880859375, 6877.43310546875, 6845.35986328125, 6792.98486328125, 6736.048828125, 6679.77734375, 6612.37744140625, 6560.3291015625, 6503.4208984375, 6462.49365234375, 6432.384765625, 6389.14013671875, 6328.5068359375, 6261.43896484375, 6188.1044921875, 6133.4248046875, 6104.17333984375, 6076.08056640625, 6027.44482421875, 5982.93359375, 5972.2392578125, 5977.88916015625, 5962.87890625, 5914.69873046875, 5831.51416015625, 5781.802734375, 5757.61083984375, 5716.474609375, 5691.30322265625, 5677.30615234375, 5613.5224609375, 5581.62060546875, 5541.71826171875, 5502.2861328125, 5481.59619140625, 5494.517578125, 5481.46240234375, 5441.42236328125, 5420.71826171875, 5416.89990234375, 5423.9306640625, 5429.34375, 5425.5615234375, 5432.29443359375, 5434.541015625, 5420.2431640625, 5405.66845703125, 5396.3603515625, 5391.49267578125, 5386.5283203125, 5377.375, 5380.16259765625, 5377.4970703125, 5361.65478515625, 5366.72216796875, 5378.57568359375, 5388.16748046875, 5370.80908203125, 5364.154296875, 5366.00732421875, 5379.10791015625, 5367.20361328125, 5349.65966796875, 5346.54052734375, 5356.3955078125, 5376.9912109375, 5368.66015625, 5355.26025390625, 5365.3642578125, 5374.6494140625, 5380.8046875, 5388.556640625, 5398.99658203125], "lower": [8562.96484375, 8142.35205078125, 6477.45947265625, 5257.36865234375, 5474.630859375, 5562.8955078125, 5860.0009765625, 5974.404296875, 5697.4521484375, 5481.12744140625, 5356.6533203125, 5455.56982421875, 5570.31787109375, 5474.71875, 5521.15673828125, 5613.11962890625, 5226.2265625, 5304.2099609375, 5466.13427734375, 5491.42822265625, 5518.5380859375, 5486.83984375, 5460.66943359375, 5370.66064453125, 5200.77392578125, 5151.9296875, 5229.3818359375, 5279.20556640625, 5256.16796875, 5179.11865234375, 5149.38427734375, 5202.74951171875, 5281.2431640625, 5345.59228515625, 5382.86376953125, 5392.69140625, 5386.6826171875, 5361.05712890625, 5320.0439453125, 5271.8974609375, 5225.7841796875, 5197.126953125, 5177.60546875, 5166.35791015625, 5165.71533203125, 5175.5625, 5193.81494140625, 5216.75439453125, 5239.29833984375, 5274.75146484375, 5306.92138671875, 5314.70166015625, 5271.46630859375, 5304.9501953125, 5359.77392578125, 5345.12841796875, 5321.17041015625, 5269.76416015625, 5270.97314453125, 5245.46826171875, 5228.26220703125, 5217.1103515625, 5208.037109375, 5210.96728515625, 5227.23291015625, 5251.376953125, 5283.86083984375, 5308.67431640625, 5308.52001953125, 5303.57568359375, 5330.35302734375, 5335.7958984375, 5320.02734375, 5308.955078125, 5302.90625, 5307.634765625, 5331.1025390625, 5325.23388671875, 5300.08642578125, 5322.1953125, 5329.76171875, 5308.51953125, 5309.32177734375, 5327.365234375, 5324.33251953125, 5307.4755859375, 5309.4990234375, 5320.748046875, 5314.404296875, 5297.83642578125, 5322.3876953125, 5321.40478515625, 5293.00341796875, 5309.79443359375, 5308.16259765625, 5299.40576171875, 5305.734375, 5308.23828125, 5292.51416015625, 5302.71435546875]}