{"mean": [16527.037109375, 14862.7021484375, 13491.849283854166, 12477.363932291666, 12463.636393229166, 12314.602213541666, 12448.867838541666, 12519.985677083334, 12344.806966145834, 12223.054361979166, 12143.6474609375, 12143.397135416666, 12133.395182291666, 11986.985026041666, 11949.95703125, 11955.583984375, 11647.6484375, 11630.161458333334, 11661.075846354166, 11599.929361979166, 11546.1083984375, 11459.8232421875, 11387.276041666666, 11297.1708984375, 11153.941731770834, 11011.6669921875, 10919.387369791666, 10870.9111328125, 10783.513346354166, 10657.830078125, 10559.357421875, 10530.734049479166, 10500.447265625, 10477.682942708334, 10504.098958333334, 10390.528971354166, 10408.328125, 10337.129557291666, 10238.953450520834, 10245.819010416666, 10135.7548828125, 10072.074869791666, 10078.405924479166, 10061.409505208334, 10052.063151041666, 10008.738606770834, 9966.656901041666, 9976.4169921875, 10011.619791666666, 10020.8427734375, 10019.684244791666, 9983.234375, 9974.2265625, 9989.9765625, 9986.595377604166, 9939.0849609375, 9906.1142578125, 9853.6025390625, 9827.433919270834, 9807.895833333334, 9772.84765625, 9749.765299479166, 9736.90625, 9730.677734375, 9736.918294270834, 9748.169921875, 9770.225911458334, 9794.075520833334, 9801.183268229166, 9799.138671875, 9826.393880208334, 9826.861979166666, 9807.479817708334, 9791.673177083334, 9781.845377604166, 9788.697916666666, 9803.264973958334, 9808.6796875, 9807.447916666666, 9804.423177083334, 9789.57421875, 9792.755859375, 9816.823893229166, 9831.347330729166, 9812.73828125, 9802.070963541666, 9813.728515625, 9823.339192708334, 9812.725911458334, 9797.460611979166, 9803.171223958334, 9810.859375, 9813.932942708334, 9828.0048828125, 9828.902994791666, 9833.62890625, 9854.258138020834, 9873.654296875, 9866.935546875, 9872.977864583334], "upper": [18946.74609375, 14943.810546875, 14659.6015625, 14423.044921875, 14244.3154296875, 14136.1484375, 14042.904296875, 13932.076171875, 13809.734375, 13686.40625, 13570.07421875, 13453.7431640625, 13330.9560546875, 13188.544921875, 13046.0634765625, 12911.01953125, 12781.8212890625, 12646.501953125, 12511.5703125, 12353.3779296875, 12247.359375, 12187.671875, 12142.97265625, 12099.4462890625, 12054.5986328125, 11962.6376953125, 11935.5, 11940.986328125, 11930.931640625, 11904.4560546875, 11828.970703125, 11738.3916015625, 11643.9443359375, 11515.318359375, 11426.017578125, 11315.197265625, 11222.78515625, 11157.65625, 11089.2470703125, 11011.244140625, 10932.74609375, 10854.876953125, 10810.4912109375, 10807.412109375, 10781.228515625, 10694.6298828125, 10605.3896484375, 10573.06640625, 10554.75, 10512.8525390625, 10456.1015625, 10385.48828125, 10367.986328125, 10348.880859375, 10278.8955078125, 10168.3525390625, 10128.08203125, 10079.8154296875, 10042.12890625, 9969.935546875, 9893.822265625, 9848.58203125, 9867.4208984375, 9853.4755859375, 9811.0869140625, 9809.154296875, 9872.095703125, 9920.41796875, 9959.23046875, 9991.26171875, 9995.4765625, 9977.212890625, 9950.212890625, 9931.9140625, 9941.46875, 9966.4619140625, 9990.884765625, 10022.97265625, 10037.8525390625, 10003.978515625, 9980.9091796875, 9997.228515625, 10045.646484375, 10056.6875, 10020.4765625, 10012.45703125, 10038.53125, 10068.91015625, 10048.8076171875, 10016.9482421875, 10011.236328125, 10028.7421875, 10064.6953125, 10050.185546875, 10016.326171875, 10008.990234375, 10033.0625, 10058.99609375, 10026.521484375, 10004.9677734375], "lower": [15183.041015625, 14764.6591796875, 11956.2822265625, 9753.462890625, 9930.078125, 9897.48046875, 10369.8720703125, 10599.322265625, 10216.841796875, 10055.6611328125, 10036.8984375, 10250.248046875, 10420.2265625, 10202.337890625, 10310.8037109375, 10537.453125, 9819.845703125, 9939.4228515625, 10186.4208984375, 10158.033203125, 10181.3232421875, 10157.705078125, 10177.513671875, 10048.87890625, 9719.6357421875, 9640.302734375, 9801.375, 9899.63671875, 9851.1337890625, 9690.259765625, 9609.017578125, 9693.33203125, 9845.1708984375, 9950.7890625, 10030.220703125, 9811.0771484375, 9969.09375, 9866.21484375, 9717.6953125, 9815.55859375, 9723.5712890625, 9668.0859375, 9632.6435546875, 9615.2080078125, 9615.0859375, 9631.046875, 9629.3154296875, 9646.4638671875, 9725.302734375, 9723.509765625, 9712.5361328125, 9631.4921875, 9581.78515625, 9620.81640625, 9680.900390625, 9680.640625, 9644.7900390625, 9581.400390625, 9608.625, 9668.822265625, 9670.42578125, 9666.2333984375, 9624.083984375, 9611.3505859375, 9639.072265625, 9664.373046875, 9665.443359375, 9660.890625, 9639.0263671875, 9633.94140625, 9661.8134765625, 9664.546875, 9666.30859375, 9665.2578125, 9639.380859375, 9646.921875, 9672.1953125, 9670.8671875, 9644.2841796875, 9672.5283203125, 9679.677734375, 9660.83203125, 9663.96484375, 9684.7705078125, 9683.859375, 9666.5576171875, 9670.328125, 9683.271484375, 9677.7626953125, 9660.140625, 9686.119140625, 9685.4423828125, 9656.41796875, 9675.1044921875, 9673.8994140625, 9665.0029296875, 9672.4287109375, 9675.037109375, 9658.9375, 9671.2373046875]}