{"mean": [8532.915364583334, 8518.551432291666, 8510.792643229166, 8504.919596354166, 8500.7548828125, 8498.896484375, 8498.251953125, 8497.088541666666, 8495.156575520834, 8492.252278645834, 8488.740234375, 8485.671223958334, 8482.722330729166, 8479.8134765625, 8477.266927083334, 8475.230794270834, 8473.687825520834, 8472.455403645834, 8471.410807291666, 8470.715494791666, 8469.778971354166, 8468.8076171875, 8468.004557291666, 8467.482747395834, 8467.1123046875, 8467.154296875, 8467.783203125, 8468.9111328125, 8470.449869791666, 8471.993489583334, 8473.3203125, 8474.37890625, 8475.270833333334, 8475.992838541666, 8476.48046875, 8476.865234375, 8477.2138671875, 8477.6171875, 8478.203450520834, 8479.076171875, 8480.191080729166, 8481.339518229166, 8482.554361979166, 8483.645833333334, 8484.494140625, 8484.9892578125, 8485.257161458334, 8485.502278645834, 8485.821940104166, 8486.226888020834, 8486.881510416666, 8487.716471354166, 8488.679361979166, 8489.712890625, 8490.532552083334, 8491.0888671875, 8491.524739583334, 8491.987630208334, 8492.205729166666, 8492.184895833334, 8491.828125, 8490.9638671875, 8489.49609375, 8487.839192708334, 8486.166666666666, 8484.477864583334, 8482.932291666666, 8481.5537109375, 8480.453125, 8479.7080078125, 8479.411458333334, 8479.5673828125, 8479.991536458334, 8480.680338541666, 8481.215494791666, 8481.481770833334, 8481.420247395834, 8481.033528645834, 8480.423828125, 8479.824544270834, 8479.343098958334, 8478.968098958334, 8478.71875, 8478.528645833334, 8478.413736979166, 8478.427408854166, 8478.5419921875, 8478.794596354166, 8479.1494140625, 8479.506510416666, 8479.785481770834, 8480.0048828125, 8480.111002604166, 8480.1328125, 8480.059244791666, 8479.97265625, 8479.836588541666, 8479.758138020834, 8479.63671875, 8479.432291666666], "upper": [8700.974609375, 8653.2353515625, 8622.98046875, 8595.884765625, 8572.431640625, 8554.19140625, 8540.345703125, 8527.3525390625, 8514.05078125, 8501.236328125, 8489.55859375, 8492.748046875, 8495.2236328125, 8496.125, 8496.0478515625, 8494.86328125, 8492.9169921875, 8490.22265625, 8487.55078125, 8485.3203125, 8482.3203125, 8479.103515625, 8475.9111328125, 8475.9677734375, 8477.5166015625, 8479.3837890625, 8481.380859375, 8483.4072265625, 8485.12890625, 8486.1328125, 8486.2060546875, 8485.4755859375, 8484.71875, 8486.79296875, 8487.6640625, 8487.5869140625, 8486.982421875, 8485.95703125, 8485.056640625, 8484.208984375, 8484.142578125, 8485.3291015625, 8486.2685546875, 8486.69921875, 8486.4482421875, 8485.71484375, 8486.8955078125, 8488.9677734375, 8490.8828125, 8492.5947265625, 8494.18359375, 8495.5078125, 8496.525390625, 8497.259765625, 8497.521484375, 8497.3955078125, 8497.060546875, 8496.2705078125, 8497.494140625, 8499.4619140625, 8500.1591796875, 8499.091796875, 8496.044921875, 8492.0732421875, 8487.9912109375, 8485.0322265625, 8484.533203125, 8484.365234375, 8483.87109375, 8483.3125, 8482.904296875, 8482.9111328125, 8483.2783203125, 8483.7939453125, 8484.248046875, 8484.4951171875, 8484.537109375, 8484.38671875, 8484.1943359375, 8484.04296875, 8484.046875, 8484.1552734375, 8484.2802734375, 8484.2412109375, 8483.984375, 8483.6630859375, 8483.3349609375, 8483.12890625, 8483.2734375, 8483.5087890625, 8483.7646484375, 8483.9658203125, 8484.029296875, 8483.916015625, 8483.7236328125, 8483.615234375, 8483.544921875, 8483.6611328125, 8483.8525390625, 8483.919921875], "lower": [8441.12109375, 8440.69921875, 8442.708984375, 8446.1572265625, 8450.052734375, 8454.458984375, 8459.9677734375, 8466.6904296875, 8475.23828125, 8482.8037109375, 8488.275390625, 8480.357421875, 8472.6572265625, 8465.7529296875, 8460.3291015625, 8456.912109375, 8455.232421875, 8454.7314453125, 8454.4306640625, 8454.2783203125, 8453.982421875, 8453.6298828125, 8453.4306640625, 8453.072265625, 8452.9140625, 8452.6435546875, 8452.66015625, 8452.7216796875, 8453.169921875, 8453.6142578125, 8454.5087890625, 8455.6806640625, 8456.822265625, 8458.15234375, 8459.7841796875, 8461.646484375, 8463.5166015625, 8465.5078125, 8467.61328125, 8470.087890625, 8472.6240234375, 8475.0224609375, 8477.4794921875, 8479.7734375, 8482.30859375, 8484.53515625, 8484.2939453125, 8483.40625, 8482.4814453125, 8482.0, 8482.1201171875, 8482.77734375, 8483.69921875, 8484.5625, 8485.11328125, 8485.244140625, 8485.046875, 8484.591796875, 8483.861328125, 8483.1865234375, 8482.8134765625, 8482.7734375, 8482.982421875, 8483.4970703125, 8484.07421875, 8483.951171875, 8480.4453125, 8477.5673828125, 8475.6845703125, 8474.8447265625, 8475.095703125, 8476.0810546875, 8477.4765625, 8478.833984375, 8478.576171875, 8478.4013671875, 8478.318359375, 8478.337890625, 8478.38671875, 8476.9599609375, 8475.328125, 8473.951171875, 8472.9755859375, 8472.3408203125, 8472.140625, 8472.3876953125, 8473.0380859375, 8473.974609375, 8474.9072265625, 8475.7783203125, 8476.40625, 8476.935546875, 8477.3154296875, 8477.6015625, 8477.7490234375, 8477.7060546875, 8477.5419921875, 8477.2216796875, 8476.7490234375, 8476.1005859375]}