{"mean": [1809.0380859375, 1803.6589762369792, 1800.0710856119792, 1792.3003743489583, 1785.1839599609375, 1777.1668294270833, 1769.0335693359375, 1760.6954752604167, 1757.100341796875, 1753.9940592447917, 1752.2161865234375, 1749.9309895833333, 1747.4637451171875, 1739.6676839192708, 1736.8196207682292, 1727.4270426432292, 1727.0057373046875, 1728.9630533854167, 1731.5434163411458, 1728.0569661458333, 1722.217529296875, 1721.34619140625, 1719.0015055338542, 1720.2679036458333, 1720.1925455729167, 1723.0098063151042, 1719.5209554036458, 1717.5734049479167, 1717.6092936197917, 1717.416259765625, 1715.9371744791667, 1715.6466064453125, 1714.8885904947917, 1713.9159749348958, 1711.1962483723958, 1709.1325276692708, 1706.9534912109375, 1707.8067220052083, 1706.9171549479167, 1709.35302734375, 1710.3522135416667, 1711.3390299479167, 1711.9162190755208, 1712.2263997395833, 1711.0069986979167, 1711.3304850260417, 1709.3106689453125, 1707.5664876302083, 1706.1287434895833, 1706.48974609375, 1702.1725260416667, 1700.6078694661458, 1700.8298746744792, 1697.7572021484375, 1695.5921223958333, 1694.4731852213542, 1692.5885823567708, 1691.1292724609375, 1693.10302734375, 1693.5024007161458, 1695.1044108072917, 1693.8927001953125, 1691.0831705729167, 1688.4977213541667, 1687.1921793619792, 1683.0403645833333, 1678.1192220052083, 1674.876953125, 1674.5081787109375, 1675.9984944661458, 1676.4265543619792, 1662.2502848307292, 1678.5026041666667, 1683.9367268880208, 1685.7183837890625, 1686.3629964192708, 1685.5334065755208, 1684.8644205729167, 1682.9345703125, 1681.2694498697917, 1681.6605631510417, 1681.8031412760417, 1684.9312337239583, 1687.0269368489583, 1687.0946451822917, 1685.3284098307292, 1686.5032145182292, 1686.7777099609375, 1686.3150227864583, 1686.4131673177083, 1683.4447021484375, 1683.455078125, 1680.5459391276042, 1680.1818033854167, 1680.8463134765625, 1682.8518880208333, 1680.6437174479167, 1678.55908203125, 1678.987548828125, 1676.9503987630208], "upper": [1860.59765625, 1852.2705078125, 1850.579345703125, 1837.98291015625, 1826.0975341796875, 1816.627685546875, 1800.705810546875, 1790.7977294921875, 1789.5634765625, 1789.6298828125, 1789.659423828125, 1788.83984375, 1787.6290283203125, 1784.14111328125, 1778.88232421875, 1765.37109375, 1766.081787109375, 1760.962890625, 1761.6226806640625, 1754.3790283203125, 1749.75341796875, 1748.237548828125, 1745.7099609375, 1751.6904296875, 1751.9154052734375, 1749.094970703125, 1744.419677734375, 1743.929931640625, 1745.423583984375, 1747.0758056640625, 1744.81103515625, 1743.1107177734375, 1742.77685546875, 1742.810546875, 1743.70947265625, 1738.69970703125, 1736.41357421875, 1734.3043212890625, 1732.8203125, 1734.346923828125, 1735.346923828125, 1733.7662353515625, 1732.8482666015625, 1731.8753662109375, 1728.0020751953125, 1727.7742919921875, 1723.813720703125, 1722.0101318359375, 1722.1536865234375, 1720.80078125, 1716.8819580078125, 1714.970947265625, 1713.6444091796875, 1712.3531494140625, 1711.90673828125, 1710.1959228515625, 1706.869140625, 1705.385986328125, 1705.4779052734375, 1704.0577392578125, 1705.8277587890625, 1706.576416015625, 1706.6348876953125, 1705.755615234375, 1702.5341796875, 1699.9149169921875, 1699.3741455078125, 1694.3673095703125, 1692.1783447265625, 1693.09130859375, 1694.98974609375, 1666.5623779296875, 1700.833984375, 1703.58203125, 1704.768798828125, 1704.8822021484375, 1703.61279296875, 1702.4381103515625, 1699.202392578125, 1695.6502685546875, 1694.706787109375, 1690.9393310546875, 1691.466796875, 1693.791259765625, 1693.5513916015625, 1696.070068359375, 1698.37841796875, 1699.4705810546875, 1696.9859619140625, 1694.856201171875, 1690.3564453125, 1687.7132568359375, 1685.467041015625, 1690.708251953125, 1693.2791748046875, 1699.4862060546875, 1694.791748046875, 1692.5059814453125, 1690.05224609375, 1684.47607421875], "lower": [1717.6298828125, 1715.5657958984375, 1711.7569580078125, 1712.2041015625, 1711.2576904296875, 1709.9639892578125, 1707.417236328125, 1704.773193359375, 1706.1719970703125, 1701.6981201171875, 1694.9219970703125, 1689.7314453125, 1682.8426513671875, 1659.98193359375, 1661.8240966796875, 1662.2181396484375, 1665.9873046875, 1674.4732666015625, 1682.5565185546875, 1683.6298828125, 1683.085205078125, 1684.514404296875, 1686.154296875, 1684.58642578125, 1684.7392578125, 1685.3758544921875, 1685.159912109375, 1684.5294189453125, 1683.992431640625, 1682.843505859375, 1681.8470458984375, 1684.5277099609375, 1683.396484375, 1681.2576904296875, 1676.7730712890625, 1676.300537109375, 1675.8690185546875, 1676.9351806640625, 1679.733154296875, 1679.75927734375, 1678.3082275390625, 1681.229248046875, 1680.884521484375, 1681.5556640625, 1682.6702880859375, 1684.895751953125, 1684.8917236328125, 1684.831787109375, 1683.636474609375, 1683.6156005859375, 1682.26123046875, 1681.293701171875, 1681.1077880859375, 1679.4267578125, 1679.480224609375, 1678.212158203125, 1676.5338134765625, 1675.190185546875, 1675.26318359375, 1675.4085693359375, 1677.29052734375, 1676.204345703125, 1675.956298828125, 1675.355224609375, 1674.309326171875, 1669.454833984375, 1666.663330078125, 1664.1090087890625, 1665.439453125, 1666.5057373046875, 1665.74267578125, 1654.4288330078125, 1666.3448486328125, 1667.9354248046875, 1669.6776123046875, 1669.94189453125, 1668.4654541015625, 1665.9443359375, 1664.6644287109375, 1664.8795166015625, 1666.8294677734375, 1671.040283203125, 1679.78759765625, 1683.27099609375, 1682.4200439453125, 1674.67626953125, 1675.1290283203125, 1676.1982421875, 1677.2685546875, 1678.8521728515625, 1679.7342529296875, 1680.6234130859375, 1674.99267578125, 1668.4852294921875, 1667.9393310546875, 1666.7852783203125, 1666.1416015625, 1664.1474609375, 1667.32470703125, 1667.0286865234375]}