{"mean": [2762.2511393229165, 2759.306396484375, 2757.1016438802085, 2755.4386393229165, 2753.4632161458335, 2752.4830729166665, 2752.600341796875, 2752.6826171875, 2752.4296061197915, 2756.0419108072915, 2762.9918619791665, 2773.6466471354165, 2788.751708984375, 2804.763427734375, 2817.871826171875, 2830.6864420572915, 2846.710693359375, 2862.1337076822915, 2876.995849609375, 2887.55517578125, 2913.83349609375, 2924.81005859375, 2943.3229166666665, 2937.3704427083335, 2930.8949381510415, 2920.2826334635415, 2911.7465006510415, 2908.2408040364585, 2907.6021321614585, 2909.3108723958335, 2913.183349609375, 2918.1095377604165, 2922.70458984375, 2926.0476888020835, 2930.0858561197915, 2934.4618326822915, 2935.1244303385415, 2920.5316569010415, 2913.6743977864585, 2910.55322265625, 2909.828125, 2910.557373046875, 2911.005126953125, 2911.0255533854165, 2909.5738118489585, 2908.0170084635415, 2907.6886393229165, 2909.12060546875, 2911.9571126302085, 2916.6396484375, 2924.6385904947915, 2928.66748046875, 2934.1025390625, 2941.9613444010415, 2948.8838704427085, 2949.1624348958335, 2949.677734375, 2950.0189615885415, 2945.0663248697915, 2940.5491536458335, 2937.5326334635415, 2936.2046712239585, 2936.3004557291665, 2938.0276692708335, 2940.8225911458335, 2944.2184244791665, 2948.524658203125, 2953.7262369791665, 2955.0096842447915, 2954.2819010416665, 2952.3382161458335, 2958.5633138020835, 2943.20556640625, 2939.909423828125, 2937.8534342447915, 2937.570068359375, 2938.5753580729165, 2940.5228678385415, 2943.2060546875, 2946.05859375, 2948.4771321614585, 2949.6363118489585, 2947.7938639322915, 2946.4104817708335, 2945.7039388020835, 2944.01611328125, 2941.8030598958335, 2941.0135904947915, 2941.64794921875, 2943.442626953125, 2946.2440592447915, 2949.370849609375, 2951.685546875, 2947.976806640625, 2945.106689453125, 2943.7655436197915, 2945.3922526041665, 2946.7888997395835, 2947.9458821614585, 2949.708740234375], "upper": [2902.6201171875, 2902.651123046875, 2903.12744140625, 2905.04345703125, 2906.958740234375, 2909.619873046875, 2912.269287109375, 2915.0888671875, 2917.67578125, 2920.982666015625, 2923.55224609375, 2927.544921875, 2936.212890625, 2942.629638671875, 2942.8486328125, 2943.834228515625, 2946.5986328125, 2941.688720703125, 2937.162109375, 2936.374755859375, 2937.546142578125, 2938.279296875, 2953.36181640625, 2954.025390625, 2954.45654296875, 2939.596923828125, 2940.45654296875, 2941.752685546875, 2942.772705078125, 2943.846923828125, 2944.687255859375, 2945.525146484375, 2946.2607421875, 2946.97607421875, 2947.71826171875, 2951.309814453125, 2957.3388671875, 2948.843505859375, 2949.298828125, 2949.492919921875, 2949.5244140625, 2949.472412109375, 2949.513916015625, 2949.879150390625, 2950.117919921875, 2950.224365234375, 2950.39990234375, 2950.4873046875, 2950.611083984375, 2950.73779296875, 2950.76416015625, 2950.8173828125, 2950.755126953125, 2950.910888671875, 2958.77490234375, 2958.922607421875, 2959.234375, 2959.615966796875, 2951.543701171875, 2950.83740234375, 2949.543212890625, 2948.35791015625, 2947.433349609375, 2948.214599609375, 2948.94482421875, 2949.4072265625, 2949.77978515625, 2956.125, 2959.114501953125, 2957.78466796875, 2956.13818359375, 2972.57958984375, 2949.007568359375, 2947.83056640625, 2947.248046875, 2947.46630859375, 2948.427978515625, 2949.304931640625, 2950.29833984375, 2950.469970703125, 2952.851806640625, 2957.67041015625, 2958.098388671875, 2954.560791015625, 2948.240478515625, 2950.27734375, 2950.186279296875, 2950.187255859375, 2950.140625, 2949.948974609375, 2949.90576171875, 2953.0673828125, 2959.35009765625, 2949.767822265625, 2949.703857421875, 2949.64599609375, 2952.9453125, 2952.33740234375, 2949.516357421875, 2951.83837890625], "lower": [2685.95947265625, 2679.67138671875, 2674.068603515625, 2670.797607421875, 2667.37255859375, 2666.18701171875, 2668.87353515625, 2670.914794921875, 2666.0185546875, 2664.34521484375, 2668.228515625, 2679.7900390625, 2696.61279296875, 2716.36328125, 2737.92431640625, 2757.591796875, 2778.284423828125, 2799.5068359375, 2824.71630859375, 2848.02392578125, 2866.993408203125, 2898.90234375, 2937.908447265625, 2919.514404296875, 2899.094970703125, 2890.007568359375, 2885.785400390625, 2886.66162109375, 2889.533447265625, 2886.98095703125, 2887.9541015625, 2892.385986328125, 2900.337646484375, 2912.656494140625, 2910.884765625, 2903.2607421875, 2898.521728515625, 2897.04296875, 2893.036376953125, 2878.70166015625, 2869.459228515625, 2864.240234375, 2860.7666015625, 2859.10205078125, 2858.78857421875, 2859.868408203125, 2862.615478515625, 2867.28173828125, 2872.406982421875, 2879.2607421875, 2888.850341796875, 2900.459228515625, 2916.2255859375, 2935.92041015625, 2936.552001953125, 2937.225341796875, 2937.9755859375, 2938.682373046875, 2939.247802734375, 2930.8623046875, 2922.181396484375, 2918.49267578125, 2918.40478515625, 2921.619873046875, 2928.0263671875, 2937.337158203125, 2947.279296875, 2949.665771484375, 2949.158447265625, 2948.4697265625, 2948.570556640625, 2949.622802734375, 2933.978271484375, 2926.554443359375, 2921.96337890625, 2921.042236328125, 2923.5048828125, 2928.897705078125, 2936.16259765625, 2942.89404296875, 2942.830810546875, 2942.807861328125, 2942.3896484375, 2941.560302734375, 2943.29052734375, 2938.31884765625, 2931.458740234375, 2928.684814453125, 2930.410888671875, 2935.8544921875, 2944.21240234375, 2945.213623046875, 2945.939453125, 2946.58203125, 2938.0146484375, 2932.0302734375, 2933.643310546875, 2938.474365234375, 2944.826904296875, 2947.7705078125]}