{"mean": [8532.2314453125, 8532.138671875, 8532.347005208334, 8533.678059895834, 8536.201171875, 8540.098958333334, 8544.948567708334, 8550.3623046875, 8555.399739583334, 8561.595052083334, 8569.0654296875, 8578.671549479166, 8590.900390625, 8607.341471354166, 8621.958984375, 8635.417317708334, 8648.4638671875, 8662.060221354166, 8677.598958333334, 8695.721354166666, 8725.040690104166, 8737.365885416666, 8754.319661458334, 8747.942708333334, 8740.629557291666, 8728.058919270834, 8718.1337890625, 8712.834635416666, 8710.4140625, 8710.1826171875, 8711.509114583334, 8713.595377604166, 8715.0458984375, 8715.353841145834, 8715.911783854166, 8716.928385416666, 8714.7509765625, 8699.197265625, 8691.407877604166, 8687.288736979166, 8685.673502604166, 8685.3486328125, 8684.568684895834, 8683.070963541666, 8680.179036458334, 8676.8896484375, 8674.312825520834, 8673.1552734375, 8673.5908203125, 8675.688802083334, 8680.262044270834, 8681.582682291666, 8684.349609375, 8689.450846354166, 8694.3408203125, 8692.103841145834, 8689.918619791666, 8687.670572916666, 8679.986979166666, 8673.093424479166, 8667.794921875, 8664.0859375, 8661.690104166666, 8660.905924479166, 8661.578776041666, 8663.740234375, 8666.9755859375, 8672.0390625, 8674.4072265625, 8673.4638671875, 8670.225260416666, 8689.884114583334, 8660.847330729166, 8657.939453125, 8656.306315104166, 8656.296549479166, 8657.831380208334, 8660.444661458334, 8663.3759765625, 8666.500325520834, 8669.069661458334, 8670.300130208334, 8668.095377604166, 8666.4140625, 8665.671549479166, 8663.578776041666, 8660.818684895834, 8659.509765625, 8659.727864583334, 8661.212890625, 8663.842122395834, 8666.810221354166, 8668.916341145834, 8664.0029296875, 8660.14453125, 8657.869791666666, 8658.7802734375, 8660.179036458334, 8662.233072916666, 8664.844401041666], "upper": [8699.9921875, 8691.517578125, 8683.2958984375, 8676.703125, 8669.9560546875, 8663.33984375, 8656.763671875, 8650.453125, 8644.0673828125, 8637.9921875, 8633.1279296875, 8631.8935546875, 8634.26171875, 8646.6435546875, 8651.5048828125, 8657.884765625, 8681.8857421875, 8707.6552734375, 8733.3154296875, 8765.888671875, 8829.4833984375, 8828.984375, 8827.744140625, 8807.857421875, 8786.1298828125, 8773.3974609375, 8765.7724609375, 8764.52734375, 8766.4912109375, 8771.486328125, 8778.361328125, 8784.8671875, 8786.654296875, 8780.7705078125, 8770.220703125, 8759.6875, 8751.6201171875, 8746.6787109375, 8745.0009765625, 8746.115234375, 8749.4541015625, 8752.94140625, 8753.435546875, 8750.8818359375, 8743.28125, 8733.7998046875, 8725.7763671875, 8721.1640625, 8720.16015625, 8722.48828125, 8730.3681640625, 8725.9248046875, 8721.275390625, 8716.4755859375, 8711.54296875, 8706.7490234375, 8702.134765625, 8701.4921875, 8691.5546875, 8686.0673828125, 8680.87890625, 8675.546875, 8669.9345703125, 8664.404296875, 8668.2685546875, 8677.400390625, 8687.689453125, 8696.4609375, 8700.5166015625, 8698.681640625, 8692.1982421875, 8755.71484375, 8671.955078125, 8664.220703125, 8658.775390625, 8657.369140625, 8659.2919921875, 8664.58203125, 8671.0595703125, 8679.6083984375, 8687.7998046875, 8692.755859375, 8692.7021484375, 8687.8515625, 8680.3330078125, 8668.607421875, 8662.21484375, 8662.6181640625, 8662.912109375, 8663.2861328125, 8671.7001953125, 8681.3671875, 8688.0888671875, 8673.5615234375, 8663.486328125, 8663.388671875, 8663.208984375, 8663.0078125, 8667.796875, 8675.630859375], "lower": [8439.986328125, 8443.11328125, 8446.771484375, 8450.9677734375, 8456.251953125, 8463.4921875, 8472.3974609375, 8482.6240234375, 8492.28125, 8502.5625, 8514.951171875, 8529.189453125, 8545.443359375, 8562.654296875, 8579.9384765625, 8597.873046875, 8617.294921875, 8638.1572265625, 8640.1357421875, 8641.412109375, 8643.70703125, 8645.7001953125, 8647.8876953125, 8650.0703125, 8652.142578125, 8653.6630859375, 8654.86328125, 8655.4521484375, 8656.0361328125, 8656.3759765625, 8656.5556640625, 8656.6484375, 8656.72265625, 8656.880859375, 8657.1171875, 8657.015625, 8657.080078125, 8659.2734375, 8661.3349609375, 8652.0947265625, 8642.0029296875, 8635.4765625, 8631.029296875, 8628.037109375, 8626.0732421875, 8625.0693359375, 8624.990234375, 8625.9892578125, 8628.408203125, 8632.6181640625, 8638.919921875, 8647.9560546875, 8661.4921875, 8669.09375, 8667.8583984375, 8666.7255859375, 8665.716796875, 8664.673828125, 8663.708984375, 8662.1796875, 8660.0595703125, 8657.912109375, 8656.40234375, 8656.482421875, 8656.7451171875, 8656.6396484375, 8655.6845703125, 8657.1015625, 8656.2998046875, 8655.43359375, 8655.3515625, 8656.6640625, 8654.7109375, 8654.552734375, 8653.7880859375, 8654.1884765625, 8655.5732421875, 8656.7626953125, 8658.0703125, 8658.43359375, 8657.6787109375, 8656.32421875, 8649.876953125, 8649.919921875, 8655.591796875, 8660.3310546875, 8659.65625, 8657.0859375, 8658.099609375, 8657.1875, 8656.4013671875, 8655.5166015625, 8655.083984375, 8654.8798828125, 8655.095703125, 8654.9736328125, 8656.1103515625, 8656.828125, 8656.1416015625, 8656.38671875]}