{"mean": [4166.011555989583, 3658.4830729166665, 3138.19189453125, 2876.6625162760415, 2872.3603515625, 2880.1022135416665, 2863.399169921875, 2807.4928385416665, 2762.9102376302085, 2807.3134765625, 2868.4278157552085, 2879.4527180989585, 2835.5208333333335, 2764.863037109375, 2714.7006022135415, 2712.8692220052085, 2713.4046223958335, 2692.58154296875, 2679.543212890625, 2687.226318359375, 2715.402587890625, 2728.8627115885415, 2706.44580078125, 2654.5301920572915, 2618.0009765625, 2586.0362955729165, 2571.9839680989585, 2566.2574869791665, 2563.242431640625, 2558.742919921875, 2559.2543131510415, 2562.1083984375, 2568.6075032552085, 2576.0974934895835, 2576.53173828125, 2575.1875, 2557.8309733072915, 2533.0240885416665, 2505.252685546875, 2490.9347330729165, 2484.805419921875, 2478.5061848958335, 2485.0933430989585, 2501.538330078125, 2509.1700032552085, 2500.8282877604165, 2476.9678548177085, 2462.7577311197915, 2451.8929036458335, 2446.614013671875, 2446.2122395833335, 2454.628662109375, 2466.9867350260415, 2474.58447265625, 2471.2203776041665, 2461.3040364583335, 2451.3839518229165, 2443.0464680989585, 2443.2264811197915, 2447.1634114583335, 2451.8705240885415, 2457.593017578125, 2460.54736328125, 2457.401123046875, 2449.295166015625, 2442.348876953125, 2438.2361653645835, 2437.3534342447915, 2439.917236328125, 2444.5110677083335, 2446.6051432291665, 2442.035888671875, 2434.14501953125, 2429.97021484375, 2429.2173665364585, 2431.4212239583335, 2436.58837890625, 2438.544189453125, 2449.045654296875, 2445.6608072916665, 2440.1712239583335, 2427.0009765625, 2431.9637858072915, 2422.4430338541665, 2421.4650065104165, 2425.1864420572915, 2416.3890787760415, 2409.37109375, 2410.8955078125, 2417.1080729166665, 2424.333740234375, 2395.3680013020835, 2392.5645345052085, 2408.265380859375, 2402.6610514322915, 2406.85009765625, 2407.2128092447915, 2420.0047200520835, 2419.2125651041665, 2426.7431640625], "upper": [5230.87841796875, 4173.78515625, 3246.728759765625, 3198.190673828125, 3175.388916015625, 3153.11962890625, 3128.392333984375, 3106.426513671875, 3084.98681640625, 3084.679443359375, 3081.57275390625, 3074.748779296875, 3071.09130859375, 3060.0595703125, 3043.05908203125, 3020.304931640625, 2996.65283203125, 2959.55712890625, 2919.228515625, 2886.399169921875, 2875.46484375, 2847.42724609375, 2821.75146484375, 2796.972900390625, 2779.875, 2767.002197265625, 2751.6884765625, 2745.300537109375, 2737.588134765625, 2729.4931640625, 2727.0087890625, 2721.015869140625, 2713.960693359375, 2702.513671875, 2693.732421875, 2684.242919921875, 2672.302734375, 2655.117431640625, 2636.006103515625, 2619.9677734375, 2608.181884765625, 2596.719970703125, 2592.5576171875, 2591.53173828125, 2597.98291015625, 2589.246337890625, 2549.3134765625, 2546.246826171875, 2530.900146484375, 2519.11669921875, 2517.716552734375, 2524.9814453125, 2537.560791015625, 2556.62890625, 2555.50439453125, 2537.22705078125, 2515.66357421875, 2513.657470703125, 2517.408203125, 2522.144775390625, 2523.126708984375, 2521.234375, 2535.522705078125, 2536.047119140625, 2518.311279296875, 2504.0380859375, 2503.2822265625, 2501.19921875, 2500.10302734375, 2502.4326171875, 2512.8740234375, 2501.62744140625, 2495.671875, 2495.13818359375, 2494.2578125, 2493.212890625, 2490.969482421875, 2496.095703125, 2528.731201171875, 2527.211181640625, 2517.342041015625, 2479.79443359375, 2506.697265625, 2474.1015625, 2493.41552734375, 2527.6015625, 2512.101318359375, 2476.914306640625, 2467.8212890625, 2517.94775390625, 2574.834228515625, 2510.515380859375, 2485.890625, 2488.288818359375, 2509.095703125, 2525.56787109375, 2507.428955078125, 2499.8740234375, 2533.97021484375, 2561.985107421875], "lower": [3315.95703125, 3252.497314453125, 2942.42236328125, 2335.30419921875, 2427.3115234375, 2522.770263671875, 2529.705810546875, 2394.1201171875, 2293.69873046875, 2452.579833984375, 2669.768798828125, 2735.05078125, 2614.468017578125, 2423.34814453125, 2301.199951171875, 2336.6962890625, 2377.95458984375, 2353.890869140625, 2323.69677734375, 2325.00634765625, 2404.537109375, 2503.031005859375, 2528.347900390625, 2461.8466796875, 2408.048828125, 2356.906005859375, 2340.122802734375, 2337.663818359375, 2336.17822265625, 2336.12255859375, 2336.876708984375, 2337.5166015625, 2344.28466796875, 2357.995849609375, 2369.68994140625, 2369.999267578125, 2359.709716796875, 2347.553955078125, 2339.64111328125, 2336.33056640625, 2334.847900390625, 2332.86669921875, 2333.86572265625, 2340.51953125, 2345.37744140625, 2345.0947265625, 2339.197265625, 2330.576904296875, 2325.269775390625, 2323.46728515625, 2323.5654296875, 2326.85986328125, 2332.814697265625, 2336.18896484375, 2333.605712890625, 2327.8701171875, 2324.433349609375, 2319.0478515625, 2320.8603515625, 2326.22802734375, 2331.735107421875, 2333.307861328125, 2330.145751953125, 2326.004150390625, 2324.026611328125, 2324.20166015625, 2325.84375, 2328.89404296875, 2332.040283203125, 2332.48779296875, 2329.959716796875, 2327.379638671875, 2326.059326171875, 2325.9794921875, 2327.098876953125, 2329.572021484375, 2331.070556640625, 2331.369873046875, 2331.6123046875, 2331.1494140625, 2330.655029296875, 2330.084716796875, 2329.63623046875, 2329.373779296875, 2329.244140625, 2329.2509765625, 2329.12109375, 2329.001220703125, 2328.900390625, 2329.029052734375, 2329.200439453125, 2329.611572265625, 2330.06982421875, 2330.398681640625, 2330.55712890625, 2330.69287109375, 2330.854736328125, 2331.330078125, 2331.640625, 2331.99072265625]}