{"mean": [18315.748372395832, 14716.690755208334, 11618.503580729166, 11668.2734375, 11557.276041666666, 11474.635416666666, 11374.451822916666, 11310.512369791666, 11258.977213541666, 11213.138997395834, 11172.631184895834, 11130.044596354166, 11076.752604166666, 10994.415364583334, 10891.219401041666, 10799.48046875, 10712.166341145834, 10640.647135416666, 10573.8876953125, 10505.838216145834, 10439.810221354166, 10366.755859375, 10292.810872395834, 10214.071614583334, 10120.6015625, 10030.630859375, 9952.4072265625, 9819.512044270834, 9673.169921875, 9577.18359375, 9596.26171875, 9693.275390625, 9603.2568359375, 9467.625, 9446.279296875, 9460.8203125, 9340.353841145834, 9363.117838541666, 9374.396809895834, 9260.8564453125, 9303.964192708334, 8997.114583333334, 8834.600260416666, 8988.777994791666, 8594.522786458334, 9259.841796875, 8820.142578125, 8511.443684895834, 9136.297200520834, 8824.2353515625, 8629.0126953125, 8534.2666015625, 8455.012858072916, 8377.912923177084, 8315.6591796875, 8255.380045572916, 8219.119791666666, 8197.305826822916, 8179.348470052083, 8195.397623697916, 8387.63671875, 8557.228190104166, 8482.037109375, 8606.716471354166, 8444.255208333334, 8861.729166666666, 8392.371744791666, 8768.622395833334, 9233.578125, 9204.282552083334, 9199.114908854166, 9250.3857421875, 9268.1552734375, 9271.580078125, 9320.2255859375, 9328.557942708334, 9329.562825520834, 9299.193684895834, 9225.303385416666, 9153.052083333334, 9185.967447916666, 9350.65234375, 9501.438151041666, 9488.767903645834, 9221.691731770834, 9089.395833333334, 9214.5634765625, 9231.295572916666, 9089.397786458334, 9260.5615234375, 9217.019856770834, 9116.005533854166, 8889.365234375, 8984.271809895834, 9202.2470703125, 9182.389322916666, 9198.386393229166, 9012.319986979166, 9056.618815104166, 9192.637044270834], "upper": [28676.20703125, 18030.48046875, 13409.63671875, 13322.080078125, 13252.458984375, 13155.310546875, 13064.0234375, 12987.587890625, 12919.02734375, 12873.0595703125, 12840.072265625, 12788.4482421875, 12671.703125, 12528.544921875, 12389.52734375, 12280.1484375, 12169.8671875, 12090.9296875, 12011.2412109375, 11927.0126953125, 11839.13671875, 11728.748046875, 11620.3154296875, 11517.7861328125, 11415.27734375, 11330.89453125, 11256.537109375, 11161.2353515625, 11050.23046875, 10881.552734375, 10780.1796875, 10634.1962890625, 10441.9736328125, 10283.966796875, 10062.1044921875, 9889.587890625, 9807.2119140625, 9793.6201171875, 9641.990234375, 9611.40234375, 9740.2705078125, 9405.0068359375, 9426.556640625, 9568.828125, 9004.2607421875, 9536.8671875, 9677.345703125, 9065.810546875, 9720.7568359375, 9132.38671875, 9153.1796875, 9167.25390625, 9152.4482421875, 9104.4833984375, 9062.7509765625, 9045.71875, 9042.5693359375, 9033.97265625, 9016.3408203125, 8996.5859375, 8982.34375, 9231.70703125, 8974.388671875, 9118.212890625, 8951.263671875, 9531.802734375, 8934.8662109375, 8948.203125, 9584.462890625, 9458.763671875, 9687.0546875, 9808.2490234375, 9780.724609375, 9674.494140625, 9720.310546875, 9814.0263671875, 9892.826171875, 9962.759765625, 10044.896484375, 10134.787109375, 10263.064453125, 10423.439453125, 10509.353515625, 10513.265625, 10435.58984375, 10303.6376953125, 10153.751953125, 10065.9765625, 9993.99609375, 9919.89453125, 9872.005859375, 9824.6015625, 9783.56640625, 9754.431640625, 9731.623046875, 9714.986328125, 9705.2353515625, 9702.6484375, 9702.9560546875, 9710.2021484375], "lower": [12741.2373046875, 12583.68359375, 8925.609375, 9241.216796875, 8948.755859375, 8874.15234375, 8838.76953125, 8814.0244140625, 8794.662109375, 8778.25390625, 8764.828125, 8754.3671875, 8745.82421875, 8738.517578125, 8732.3896484375, 8727.361328125, 8723.1806640625, 8722.6123046875, 8724.470703125, 8726.603515625, 8729.3505859375, 8731.84375, 8735.7060546875, 8740.1650390625, 8746.64453125, 8753.2607421875, 8758.8349609375, 8760.052734375, 8764.123046875, 8773.2421875, 8783.3623046875, 8793.912109375, 8804.455078125, 8816.916015625, 8829.8935546875, 8839.7216796875, 8850.99609375, 8867.8095703125, 8887.0537109375, 8906.154296875, 8920.048828125, 8649.9912109375, 8119.9287109375, 8422.328125, 7912.716796875, 9031.048828125, 7741.1640625, 7630.1357421875, 8594.826171875, 8573.380859375, 8135.005859375, 7796.90234375, 7557.69970703125, 7404.82958984375, 7302.427734375, 7242.26806640625, 7217.8955078125, 7218.32177734375, 7242.38232421875, 7284.93115234375, 7360.5263671875, 7464.9013671875, 7589.275390625, 7735.7763671875, 7905.65234375, 8117.23046875, 7829.1015625, 8573.50390625, 8961.640625, 8965.734375, 8946.05078125, 8937.59765625, 8871.7861328125, 8753.35546875, 8628.8544921875, 8526.7451171875, 8455.8330078125, 8415.6826171875, 8387.716796875, 8371.69921875, 8378.640625, 8397.732421875, 8409.640625, 8397.9638671875, 8359.640625, 8332.3359375, 8329.2265625, 8334.69921875, 8334.6767578125, 8333.791015625, 8337.443359375, 8348.474609375, 8361.2890625, 8370.8095703125, 8361.2236328125, 8347.939453125, 8346.2607421875, 8359.7197265625, 8369.453125, 8359.5390625]}