{
    "particle_has_naninf": false,
    "point_distance_sr": 14198.4267578125,
    "point_distance_rs": 1661.2474365234375,
    "chamfer_loss_pcd": 15859.673828125,
    "particle_distance_sr": 5667.36083984375,
    "particle_distance_rs": 6670.0341796875,
    "chamfer_loss_particle": 12337.39453125,
    "final_height_map": null,
    "height_map_loss_pcd": 2839.523193359375,
    "emd_point_distance_loss": 1701.067626953125,
    "emd_particle_distance_loss": 8841.1845703125,
    "total_loss": 0.0
}