{"mean": [3100.472900390625, 3106.7109375, 3115.8907063802085, 3121.7708333333335, 3112.2967936197915, 3107.5345052083335, 3101.875244140625, 3095.50927734375, 3087.8843587239585, 3078.9928385416665, 3070.3828125, 3057.5271809895835, 3045.5482584635415, 3033.0433756510415, 3024.989501953125, 3016.733154296875, 3008.1027018229165, 2999.2211100260415, 2990.5929361979165, 2982.0830078125, 2973.5723470052085, 2965.837158203125, 2958.419189453125, 2951.5660807291665, 2945.6507975260415, 2940.440673828125, 2936.2401529947915, 2932.9186197916665, 2930.6149088541665, 2929.1700032552085, 2928.4800618489585, 2928.5586751302085, 2929.3378092447915, 2930.5362955729165, 2932.509033203125, 2934.702392578125, 2937.4134114583335, 2940.3114420572915, 2943.1818033854165, 2945.0684407552085, 2946.09716796875, 2946.0847981770835, 2945.1455078125, 2942.9447428385415, 2939.739013671875, 2934.4685872395835, 2928.018310546875, 2921.60888671875, 2917.66015625, 2919.2403157552085, 2929.6285807291665, 2956.636962890625, 3014.0609537760415, 3125.9659830729165, 3194.5625813802085, 3104.8731282552085, 3104.687255859375, 3104.6619466145835, 3104.3860677083335, 3102.9703776041665, 3099.8898111979165, 3096.8562825520835, 3091.05322265625, 3081.0984700520835, 3067.9185384114585, 3062.8472493489585, 3057.899658203125, 3052.5662434895835, 3046.235107421875, 3039.4090983072915, 3031.4039713541665, 3021.8780924479165, 3010.8060709635415, 2998.8814290364585, 2987.767333984375, 2979.4620768229165, 2974.2388509114585, 2971.6946614583335, 2970.8282877604165, 2969.2293294270835, 2963.6698404947915, 2955.5144856770835, 2952.4705403645835, 2967.0641276041665, 3031.783935546875, 3199.1869303385415, 3208.3793131510415, 3204.7381998697915, 3200.5420735677085, 3195.1676432291665, 3187.1800944010415, 3175.8129069010415, 3157.2312825520835, 3140.062744140625, 3139.9750162760415, 3139.86328125, 3139.538818359375, 3138.9657389322915, 3138.0968424479165, 3137.143798828125], "upper": [3361.744384765625, 3365.648681640625, 3369.350830078125, 3371.721923828125, 3373.880859375, 3374.45849609375, 3372.735595703125, 3368.964599609375, 3361.77294921875, 3351.392822265625, 3342.881591796875, 3322.5927734375, 3306.24365234375, 3289.615478515625, 3287.921142578125, 3287.119384765625, 3286.302734375, 3285.004150390625, 3284.4990234375, 3283.845947265625, 3282.530029296875, 3282.42236328125, 3281.748779296875, 3281.198974609375, 3281.194091796875, 3280.918701171875, 3281.010009765625, 3281.22998046875, 3281.627685546875, 3281.916015625, 3282.136474609375, 3282.612548828125, 3283.219970703125, 3283.5537109375, 3284.534423828125, 3285.030029296875, 3286.01025390625, 3286.906005859375, 3287.837890625, 3288.54638671875, 3289.354736328125, 3290.376220703125, 3291.55078125, 3292.602294921875, 3295.313232421875, 3296.043212890625, 3296.162109375, 3296.330810546875, 3296.3203125, 3296.042236328125, 3295.776123046875, 3295.34912109375, 3294.80615234375, 3294.1455078125, 3362.411865234375, 3293.0576171875, 3292.4384765625, 3292.368408203125, 3291.99658203125, 3291.531982421875, 3291.33056640625, 3290.791259765625, 3290.433837890625, 3290.198486328125, 3290.032470703125, 3289.951904296875, 3290.009033203125, 3290.2158203125, 3290.188232421875, 3290.389892578125, 3290.756591796875, 3290.98681640625, 3291.059814453125, 3291.2919921875, 3291.28662109375, 3291.322021484375, 3291.255615234375, 3291.3818359375, 3291.29931640625, 3291.310546875, 3291.126708984375, 3291.02880859375, 3290.587158203125, 3290.46240234375, 3290.576171875, 3290.572265625, 3296.781494140625, 3290.411865234375, 3290.602783203125, 3290.758056640625, 3290.806640625, 3290.962890625, 3291.015380859375, 3291.0283203125, 3290.9775390625, 3291.096435546875, 3290.9931640625, 3290.892333984375, 3290.699951171875, 3290.779052734375], "lower": [2871.1220703125, 2903.748779296875, 2946.82373046875, 2970.25, 2946.664794921875, 2939.33544921875, 2931.873291015625, 2924.774169921875, 2917.7607421875, 2910.931396484375, 2904.005859375, 2897.281005859375, 2890.755615234375, 2884.345947265625, 2878.22119140625, 2872.482666015625, 2867.0966796875, 2850.333740234375, 2829.226318359375, 2807.943603515625, 2786.7138671875, 2765.862548828125, 2745.728515625, 2726.50390625, 2708.83984375, 2692.891845703125, 2678.93359375, 2666.90283203125, 2657.180419921875, 2649.65185546875, 2644.00390625, 2639.91552734375, 2637.45556640625, 2636.27734375, 2636.565185546875, 2637.9892578125, 2640.484619140625, 2643.73974609375, 2646.967529296875, 2647.568115234375, 2645.610595703125, 2640.6806640625, 2633.013916015625, 2621.8623046875, 2606.429931640625, 2587.2470703125, 2565.4150390625, 2543.983642578125, 2530.553466796875, 2534.401123046875, 2564.955322265625, 2646.00634765625, 2818.821533203125, 2928.165283203125, 2927.2705078125, 2925.836669921875, 2923.67138671875, 2920.67919921875, 2917.030029296875, 2912.343017578125, 2906.748291015625, 2900.44140625, 2892.77001953125, 2883.685302734375, 2872.630859375, 2860.215087890625, 2845.924560546875, 2829.699951171875, 2810.736328125, 2790.060546875, 2765.688232421875, 2736.886474609375, 2703.582275390625, 2667.584716796875, 2634.248046875, 2609.30224609375, 2593.68603515625, 2585.935546875, 2583.4189453125, 2578.605224609375, 2562.129150390625, 2537.740234375, 2529.05615234375, 2572.954345703125, 2766.995361328125, 3037.7626953125, 3037.76220703125, 3037.766845703125, 3037.75732421875, 3037.7822265625, 3037.7734375, 3037.78515625, 3037.750244140625, 3037.75830078125, 3037.772216796875, 3037.78125, 3037.768798828125, 3037.779052734375, 3037.7548828125, 3037.7724609375]}