{"mean": [2662.50927734375, 2670.1145833333335, 2684.9051106770835, 2697.2353515625, 2691.599853515625, 2693.3108723958335, 2694.5403645833335, 2695.5992838541665, 2696.2211100260415, 2695.9278971354165, 2696.66650390625, 2691.9134114583335, 2687.2802734375, 2680.856201171875, 2677.911865234375, 2674.6007486979165, 2670.9730631510415, 2666.6826985677085, 2661.6654459635415, 2656.2890625, 2650.6390787760415, 2645.4813639322915, 2639.93896484375, 2634.1246744791665, 2628.673828125, 2623.3960774739585, 2618.8873697916665, 2615.021240234375, 2612.0391438802085, 2609.737060546875, 2608.1082356770835, 2607.0714518229165, 2606.7391764322915, 2606.7820638020835, 2607.678466796875, 2608.7752278645835, 2610.44091796875, 2612.2674967447915, 2614.1057942708335, 2614.873291015625, 2614.8021647135415, 2613.5271809895835, 2611.0919596354165, 2607.3855794270835, 2602.0965983072915, 2595.123779296875, 2586.7777506510415, 2578.3246256510415, 2573.3206380208335, 2576.4098307291665, 2591.98828125, 2627.7269694010415, 2694.1991373697915, 2809.0789388020835, 2876.28955078125, 2801.7820638020835, 2802.7972819010415, 2804.1385091145835, 2805.8618977864585, 2807.9530436197915, 2809.4938151041665, 2810.4666341145835, 2810.865478515625, 2809.1790364583335, 2806.5457356770835, 2804.92919921875, 2803.2566731770835, 2800.6700846354165, 2796.802734375, 2792.6640625, 2787.4602864583335, 2780.3135579427085, 2770.4161783854165, 2758.599365234375, 2747.0035807291665, 2737.5465494791665, 2731.4374186197915, 2728.4961751302085, 2727.64208984375, 2726.0445149739585, 2719.9341634114585, 2710.8015950520835, 2709.1754557291665, 2733.0380859375, 2812.40966796875, 2983.9212239583335, 2994.45166015625, 2992.3074544270835, 2989.9623209635415, 2986.7002766927085, 2982.6488444010415, 2976.3326009114585, 2966.857666015625, 2958.499755859375, 2958.5555013020835, 2958.3773600260415, 2957.94189453125, 2957.4574381510415, 2956.793701171875, 2956.1663411458335], "upper": [2983.854736328125, 2990.329345703125, 2995.966796875, 2999.37109375, 3001.53662109375, 3002.756103515625, 3003.404541015625, 3003.688232421875, 3002.41357421875, 2998.261962890625, 2998.160888671875, 2982.310546875, 2968.63818359375, 2951.836181640625, 2949.244140625, 2947.927978515625, 2946.5048828125, 2944.559814453125, 2943.7421875, 2942.908203125, 2941.2646484375, 2941.08544921875, 2940.12158203125, 2939.4248046875, 2939.309326171875, 2938.88427734375, 2938.907470703125, 2939.0966796875, 2939.620361328125, 2939.9453125, 2940.27587890625, 2940.759033203125, 2941.47998046875, 2941.893798828125, 2943.051513671875, 2943.672119140625, 2944.9150390625, 2945.978759765625, 2947.186279296875, 2948.19580078125, 2949.269775390625, 2950.507080078125, 2951.663330078125, 2952.902099609375, 2954.644775390625, 2955.42431640625, 2955.263916015625, 2955.248291015625, 2955.0830078125, 2954.622802734375, 2954.224853515625, 2953.676513671875, 2952.930908203125, 2952.100341796875, 3144.003173828125, 2950.732177734375, 2949.9521484375, 2949.74365234375, 2949.147216796875, 2948.453125, 2948.10498046875, 2950.217529296875, 2953.108642578125, 2950.544677734375, 2946.406494140625, 2946.37255859375, 2946.355712890625, 2946.612060546875, 2946.634033203125, 2946.916015625, 2947.335205078125, 2947.6171875, 2947.7529296875, 2948.0751953125, 2948.056640625, 2948.13232421875, 2948.052978515625, 2948.149169921875, 2948.071044921875, 2948.063720703125, 2947.826171875, 2947.72314453125, 2947.162109375, 2946.962890625, 2947.1337890625, 3060.89404296875, 3092.496826171875, 3086.24951171875, 3078.950439453125, 3069.0126953125, 3056.798583984375, 3037.634033203125, 3009.15771484375, 2984.08544921875, 2984.2783203125, 2983.611328125, 2982.459716796875, 2981.079345703125, 2979.343017578125, 2977.34619140625], "lower": [2410.809814453125, 2448.03564453125, 2505.067626953125, 2539.749755859375, 2519.74755859375, 2523.212890625, 2525.436279296875, 2527.08984375, 2528.8310546875, 2530.5576171875, 2531.93603515625, 2533.03173828125, 2533.3818359375, 2533.2109375, 2532.30078125, 2531.162109375, 2529.826171875, 2526.85986328125, 2513.814697265625, 2499.734375, 2485.486328125, 2471.10546875, 2456.127197265625, 2439.96728515625, 2423.972412109375, 2408.6240234375, 2394.898681640625, 2382.860107421875, 2372.925537109375, 2365.16455078125, 2359.302734375, 2354.951171875, 2352.40771484375, 2351.29248046875, 2351.7412109375, 2353.4697265625, 2356.38427734375, 2360.20263671875, 2364.173095703125, 2365.113525390625, 2363.520263671875, 2358.477783203125, 2350.20849609375, 2337.988037109375, 2320.43017578125, 2298.759033203125, 2273.81884765625, 2248.319091796875, 2233.45751953125, 2243.048095703125, 2289.98828125, 2397.521484375, 2532.240234375, 2532.604736328125, 2532.967529296875, 2533.294921875, 2533.6240234375, 2533.96142578125, 2534.296875, 2534.459228515625, 2534.196533203125, 2533.747314453125, 2532.54150390625, 2530.3466796875, 2527.509765625, 2524.31982421875, 2519.68212890625, 2511.64697265625, 2500.022705078125, 2487.326171875, 2471.308349609375, 2449.59619140625, 2419.75, 2383.98388671875, 2349.21484375, 2320.781982421875, 2302.51611328125, 2293.606689453125, 2291.118408203125, 2286.3349609375, 2268.255126953125, 2240.93310546875, 2236.62353515625, 2308.40576171875, 2546.34716796875, 2943.733154296875, 2943.724365234375, 2943.735107421875, 2943.725830078125, 2943.75634765625, 2943.73486328125, 2943.75634765625, 2943.713134765625, 2943.722412109375, 2943.7412109375, 2943.755859375, 2943.739013671875, 2943.749755859375, 2943.7236328125, 2943.7392578125]}