{"mean": [1741.5986735026042, 1721.7904866536458, 1687.5650227864583, 1650.1236572265625, 1626.6658935546875, 1614.3898111979167, 1615.3206787109375, 1623.2627766927083, 1625.6650390625, 1625.5181884765625, 1625.1365152994792, 1623.9672444661458, 1622.9700520833333, 1622.6781819661458, 1623.472900390625, 1624.7220052083333, 1625.272216796875, 1624.5432535807292, 1623.6957600911458, 1622.5018717447917, 1621.0479736328125, 1619.0884195963542, 1616.6868896484375, 1614.7550455729167, 1613.4624430338542, 1613.7196451822917, 1614.8631184895833, 1615.8566080729167, 1617.6572672526042, 1618.9454752604167, 1620.5953369140625, 1621.520263671875, 1622.0369059244792, 1622.3654378255208, 1621.6785888671875, 1619.9549967447917, 1617.8890787760417, 1616.4499918619792, 1615.6964925130208, 1615.7838541666667, 1616.3590901692708, 1616.9517415364583, 1617.2972819010417, 1617.5185139973958, 1617.5565999348958, 1617.9460856119792, 1618.87060546875, 1620.0113118489583, 1620.7381998697917, 1620.851806640625, 1620.2762858072917, 1619.5155436197917, 1619.2598876953125, 1618.0919189453125, 1619.8857014973958, 1618.1714680989583, 1618.3541666666667, 1618.5171712239583, 1618.70654296875, 1618.886962890625, 1618.9880777994792, 1618.9611002604167, 1618.8111165364583, 1618.6649576822917, 1618.3656412760417, 1617.9878336588542, 1618.4704182942708, 1618.2614339192708, 1617.4991861979167, 1616.9679361979167, 1616.6652425130208, 1616.3540852864583, 1616.4167073567708, 1616.4022623697917, 1616.3180338541667, 1616.2836507161458, 1616.6387125651042, 1618.6663004557292, 1619.1302083333333, 1619.1584879557292, 1618.8179117838542, 1617.3970133463542, 1614.9320068359375, 1612.8503011067708, 1611.5220540364583, 1611.2916666666667, 1611.335693359375, 1611.6509602864583, 1612.5418701171875, 1614.1434326171875, 1614.880126953125, 1616.5743815104167, 1617.9210205078125, 1617.4272867838542, 1616.74365234375, 1615.8752848307292, 1615.2744140625, 1614.9871419270833, 1614.8573811848958, 1614.903564453125], "upper": [2021.14599609375, 1923.85009765625, 1816.0621337890625, 1729.934814453125, 1667.6708984375, 1661.32373046875, 1664.1566162109375, 1672.326171875, 1676.487548828125, 1678.05859375, 1676.0706787109375, 1672.451416015625, 1667.528564453125, 1663.6796875, 1663.8387451171875, 1667.4371337890625, 1671.5035400390625, 1673.954345703125, 1675.1236572265625, 1674.580078125, 1672.7352294921875, 1670.10888671875, 1667.760498046875, 1667.198974609375, 1668.698486328125, 1671.41552734375, 1673.817138671875, 1674.891845703125, 1674.7791748046875, 1673.7464599609375, 1671.5924072265625, 1670.431884765625, 1671.0294189453125, 1673.100830078125, 1675.0023193359375, 1675.6304931640625, 1675.36181640625, 1673.96337890625, 1672.871826171875, 1673.2216796875, 1674.8203125, 1676.409423828125, 1676.9354248046875, 1676.5714111328125, 1675.5386962890625, 1675.21142578125, 1675.8912353515625, 1677.238525390625, 1678.1318359375, 1678.1973876953125, 1677.671875, 1677.0899658203125, 1677.2197265625, 1677.9583740234375, 1678.79248046875, 1679.036376953125, 1678.69970703125, 1678.1429443359375, 1678.068603515625, 1678.4942626953125, 1679.0294189453125, 1679.11669921875, 1678.6390380859375, 1678.177490234375, 1678.12451171875, 1678.4334716796875, 1678.7613525390625, 1678.5235595703125, 1677.9951171875, 1677.6717529296875, 1677.7412109375, 1677.9759521484375, 1677.9449462890625, 1677.546142578125, 1677.1611328125, 1677.0556640625, 1677.215087890625, 1677.3980712890625, 1677.2535400390625, 1676.939697265625, 1676.842529296875, 1677.0291748046875, 1677.274169921875, 1677.232421875, 1677.07763671875, 1677.0654296875, 1677.2747802734375, 1677.4720458984375, 1677.4818115234375, 1677.39013671875, 1677.455078125, 1677.6859130859375, 1677.86083984375, 1677.88818359375, 1677.8885498046875, 1678.0185546875, 1678.2791748046875, 1678.4822998046875, 1678.513671875, 1678.55419921875], "lower": [1537.8450927734375, 1557.0611572265625, 1568.1524658203125, 1555.047119140625, 1550.705078125, 1555.63818359375, 1563.319091796875, 1569.8033447265625, 1571.961669921875, 1571.3831787109375, 1570.4552001953125, 1570.6903076171875, 1572.9990234375, 1576.644287109375, 1580.0599365234375, 1581.8057861328125, 1582.4794921875, 1582.3070068359375, 1582.69677734375, 1583.7801513671875, 1584.5460205078125, 1585.72900390625, 1586.8270263671875, 1587.4766845703125, 1583.9039306640625, 1581.4393310546875, 1581.66064453125, 1582.988525390625, 1588.088623046875, 1590.52294921875, 1590.9647216796875, 1591.6539306640625, 1592.348876953125, 1593.158447265625, 1593.57421875, 1590.443603515625, 1584.2154541015625, 1580.86376953125, 1578.75439453125, 1577.59228515625, 1576.8621826171875, 1576.486083984375, 1576.5657958984375, 1576.99853515625, 1577.4814453125, 1578.1883544921875, 1579.4580078125, 1580.938232421875, 1581.686767578125, 1581.5919189453125, 1580.5234375, 1579.396728515625, 1578.673828125, 1578.396728515625, 1578.421875, 1578.59326171875, 1578.767822265625, 1578.8590087890625, 1579.0028076171875, 1579.0411376953125, 1578.76416015625, 1578.30908203125, 1577.5528564453125, 1576.5123291015625, 1574.7388916015625, 1572.6885986328125, 1573.65283203125, 1573.371826171875, 1571.6402587890625, 1570.107177734375, 1568.5411376953125, 1566.5948486328125, 1566.775390625, 1567.2066650390625, 1567.6407470703125, 1567.9788818359375, 1568.8572998046875, 1574.534423828125, 1575.9737548828125, 1576.4859619140625, 1575.814697265625, 1571.76416015625, 1564.3641357421875, 1558.2027587890625, 1554.333251953125, 1553.520751953125, 1553.4254150390625, 1554.303955078125, 1557.1553955078125, 1562.13427734375, 1564.314453125, 1569.1201171875, 1572.8621826171875, 1571.294921875, 1569.2158203125, 1566.4832763671875, 1564.3916015625, 1563.2335205078125, 1562.6885986328125, 1562.647216796875]}