{"mean": [12943.401041666666, 12978.246419270834, 12901.853841145834, 12817.881184895834, 12737.226236979166, 12708.653645833334, 12729.214192708334, 12771.656575520834, 12780.0830078125, 12762.80078125, 12737.71875, 12712.630859375, 12690.920247395834, 12679.964518229166, 12682.297526041666, 12691.271484375, 12697.736979166666, 12695.601888020834, 12687.907877604166, 12672.907552083334, 12656.102213541666, 12639.005533854166, 12620.898111979166, 12600.736328125, 12580.998046875, 12567.965494791666, 12559.951497395834, 12550.000651041666, 12537.377604166666, 12523.317708333334, 12508.9677734375, 12494.969075520834, 12486.8955078125, 12485.176106770834, 12484.794270833334, 12482.373372395834, 12476.591471354166, 12470.402018229166, 12466.151041666666, 12466.800130208334, 12471.432291666666, 12474.499674479166, 12473.400716145834, 12467.264973958334, 12457.902669270834, 12449.7431640625, 12446.166666666666, 12446.3447265625, 12446.523763020834, 12443.715494791666, 12438.0859375, 12432.778645833334, 12430.2578125, 12427.563802083334, 12428.970703125, 12422.441731770834, 12417.024739583334, 12411.323893229166, 12407.880533854166, 12407.521809895834, 12408.1396484375, 12407.061197916666, 12404.016927083334, 12402.388997395834, 12404.1103515625, 12410.928059895834, 12412.322265625, 12409.418294270834, 12407.997721354166, 12409.741861979166, 12417.011393229166, 12423.727213541666, 12421.004557291666, 12415.086588541666, 12407.615559895834, 12400.675455729166, 12394.757161458334, 12386.817057291666, 12383.4521484375, 12381.123372395834, 12381.398763020834, 12385.927734375, 12407.260091145834, 12422.056315104166, 12431.4521484375, 12434.837565104166, 12434.487955729166, 12429.40625, 12418.845377604166, 12406.256184895834, 12397.449869791666, 12384.046223958334, 12379.487955729166, 12380.37890625, 12382.505533854166, 12388.265950520834, 12394.541015625, 12397.531575520834, 12397.681966145834, 12395.917643229166], "upper": [13249.6298828125, 13246.2666015625, 13239.091796875, 13120.1494140625, 13050.8017578125, 13026.3046875, 13025.3505859375, 13036.6455078125, 13017.9013671875, 12971.5703125, 12930.3876953125, 12905.6982421875, 12892.74609375, 12890.123046875, 12897.49609375, 12900.0361328125, 12882.4169921875, 12854.8798828125, 12836.60546875, 12826.2763671875, 12823.8125, 12826.810546875, 12832.47265625, 12825.255859375, 12807.662109375, 12793.2490234375, 12785.1474609375, 12784.23046875, 12781.7578125, 12783.2734375, 12779.2138671875, 12768.8369140625, 12758.3564453125, 12756.9033203125, 12776.427734375, 12784.12109375, 12777.845703125, 12761.87890625, 12749.80859375, 12751.734375, 12765.5654296875, 12779.4609375, 12783.7451171875, 12776.6640625, 12764.873046875, 12759.064453125, 12763.7392578125, 12775.2548828125, 12783.8408203125, 12783.4609375, 12775.9580078125, 12768.9892578125, 12769.533203125, 12777.7470703125, 12787.35546875, 12790.580078125, 12786.48828125, 12780.287109375, 12779.6376953125, 12786.326171875, 12794.4384765625, 12796.990234375, 12792.7705078125, 12788.1455078125, 12789.447265625, 12796.103515625, 12801.859375, 12801.5029296875, 12797.408203125, 12795.5, 12799.275390625, 12804.9814453125, 12807.1953125, 12805.1513671875, 12802.5556640625, 12803.1484375, 12807.248046875, 12811.1689453125, 12810.7080078125, 12807.7607421875, 12807.359375, 12810.4326171875, 12813.4755859375, 12813.15234375, 12811.01953125, 12810.8056640625, 12813.26171875, 12815.556640625, 12815.25390625, 12813.83984375, 12814.02734375, 12816.4248046875, 12817.904296875, 12817.3828125, 12816.2548828125, 12816.8896484375, 12819.125, 12820.4091796875, 12819.6064453125, 12818.7265625], "lower": [12649.3388671875, 12807.583984375, 12682.8466796875, 12658.779296875, 12546.2265625, 12478.517578125, 12500.8486328125, 12546.3525390625, 12531.576171875, 12504.751953125, 12492.2626953125, 12485.9111328125, 12482.021484375, 12478.7890625, 12475.794921875, 12472.09765625, 12468.7802734375, 12457.138671875, 12436.8310546875, 12408.8623046875, 12383.9423828125, 12358.6982421875, 12320.912109375, 12272.5478515625, 12217.1494140625, 12165.9501953125, 12123.794921875, 12084.6611328125, 12049.021484375, 12019.8935546875, 12002.73828125, 11983.2724609375, 11964.37109375, 11947.1259765625, 11930.0107421875, 11915.4951171875, 11904.0224609375, 11903.013671875, 11908.529296875, 11915.4609375, 11920.0185546875, 11917.51171875, 11910.10546875, 11898.107421875, 11883.1953125, 11867.841796875, 11853.9296875, 11843.494140625, 11835.78125, 11829.716796875, 11825.9345703125, 11824.859375, 11824.40625, 11822.2119140625, 11817.7177734375, 11811.89453125, 11805.595703125, 11799.2421875, 11793.1181640625, 11788.0322265625, 11784.177734375, 11781.173828125, 11779.458984375, 11782.75390625, 11790.17578125, 11806.509765625, 11806.173828125, 11798.404296875, 11798.8369140625, 11807.005859375, 11826.2060546875, 11841.4853515625, 11831.70703125, 11815.4443359375, 11794.498046875, 11771.9111328125, 11749.26953125, 11721.0361328125, 11710.6806640625, 11705.5126953125, 11705.166015625, 11713.99609375, 11773.4921875, 11816.9501953125, 11846.33203125, 11855.982421875, 11851.6240234375, 11833.0673828125, 11800.6533203125, 11763.490234375, 11736.2216796875, 11693.17578125, 11677.7021484375, 11680.6240234375, 11687.818359375, 11704.171875, 11720.564453125, 11728.134765625, 11729.478515625, 11725.2412109375]}