{"mean": [9027.388346354166, 9074.496744791666, 8998.086588541666, 8991.9951171875, 8993.080078125, 9026.189127604166, 9017.229166666666, 8997.5703125, 8983.829752604166, 8990.072916666666, 8988.114583333334, 8988.6982421875, 8989.973307291666, 8987.766276041666, 8980.914713541666, 8965.312825520834, 8941.778645833334, 8921.265950520834, 8908.030598958334, 8893.75, 8880.872721354166, 8877.439778645834, 8879.3427734375, 8867.555338541666, 8840.9072265625, 8818.966471354166, 8810.923828125, 8800.734700520834, 8776.755859375, 8747.3828125, 8724.872395833334, 8712.065104166666, 8702.784830729166, 8696.538411458334, 8695.763997395834, 8697.77734375, 8699.056315104166, 8700.465169270834, 8703.333333333334, 8704.846354166666, 8704.95703125, 8702.86328125, 8697.9541015625, 8689.269205729166, 8677.520833333334, 8664.9453125, 8652.916341145834, 8643.782877604166, 8637.60546875, 8632.0185546875, 8627.404296875, 8624.8203125, 8622.305013020834, 8628.810546875, 8615.443684895834, 8620.007161458334, 8613.470703125, 8607.429524739584, 8602.974609375, 8600.704264322916, 8600.065104166666, 8599.09765625, 8596.925618489584, 8596.527669270834, 8598.5703125, 8603.7685546875, 8603.920247395834, 8600.58203125, 8599.243815104166, 8600.115559895834, 8604.22265625, 8603.7119140625, 8600.949544270834, 8596.980631510416, 8591.661295572916, 8585.506998697916, 8578.156087239584, 8566.884928385416, 8561.104654947916, 8558.5830078125, 8559.856282552084, 8566.555501302084, 8587.78369140625, 8588.679524739584, 8595.1162109375, 8601.34326171875, 8599.216959635416, 8590.11376953125, 8584.8095703125, 8583.909830729166, 8576.551920572916, 8560.30517578125, 8553.739420572916, 8554.561360677084, 8557.62744140625, 8564.228841145834, 8570.6865234375, 8573.480794270834, 8573.385904947916, 8571.396647135416], "upper": [9740.6552734375, 9538.10546875, 9554.1669921875, 9455.2548828125, 9461.2548828125, 9409.6826171875, 9366.42578125, 9364.08203125, 9346.1142578125, 9304.869140625, 9274.439453125, 9266.8642578125, 9248.0966796875, 9224.0771484375, 9221.068359375, 9222.62109375, 9203.9462890625, 9178.8642578125, 9170.9892578125, 9164.7001953125, 9154.55078125, 9149.09765625, 9151.7392578125, 9144.8603515625, 9130.5966796875, 9122.171875, 9116.32421875, 9110.17578125, 9106.265625, 9105.1845703125, 9100.568359375, 9090.962890625, 9081.30859375, 9073.8369140625, 9068.0576171875, 9064.29296875, 9061.662109375, 9057.26953125, 9047.4609375, 9035.841796875, 9025.806640625, 9017.5283203125, 9011.083984375, 9005.6533203125, 8996.201171875, 8983.3681640625, 8971.4609375, 8960.51953125, 8951.4599609375, 8941.9443359375, 8931.1953125, 8920.9892578125, 8909.3134765625, 8927.8154296875, 8889.77734375, 8909.9921875, 8900.396484375, 8892.0361328125, 8886.6611328125, 8884.3662109375, 8882.90625, 8879.7802734375, 8873.169921875, 8864.275390625, 8856.2978515625, 8851.1796875, 8849.494140625, 8849.8564453125, 8850.1962890625, 8848.138671875, 8844.1337890625, 8839.5498046875, 8838.5986328125, 8839.49609375, 8842.4287109375, 8845.458984375, 8846.16796875, 8845.220703125, 8845.037109375, 8846.5361328125, 8849.2958984375, 8852.9951171875, 8855.7158203125, 8857.16015625, 8857.5771484375, 8857.37890625, 8858.06640625, 8859.8583984375, 8861.912109375, 8863.21875, 8864.1806640625, 8864.3740234375, 8864.2451171875, 8864.203125, 8864.3779296875, 8864.75390625, 8865.138671875, 8864.9990234375, 8864.322265625, 8863.6494140625], "lower": [8566.7421875, 8700.0048828125, 8660.1689453125, 8743.427734375, 8701.5517578125, 8813.654296875, 8783.169921875, 8759.083984375, 8795.6923828125, 8823.15234375, 8796.3798828125, 8765.6279296875, 8768.607421875, 8785.6875, 8784.7666015625, 8769.3359375, 8764.92578125, 8779.193359375, 8761.8232421875, 8732.7529296875, 8720.0693359375, 8720.30859375, 8717.8798828125, 8687.0498046875, 8627.2451171875, 8574.9482421875, 8551.0234375, 8519.4365234375, 8454.740234375, 8377.0185546875, 8318.0830078125, 8288.099609375, 8271.7724609375, 8262.26171875, 8261.021484375, 8267.5859375, 8278.69921875, 8293.0322265625, 8312.779296875, 8329.7294921875, 8339.734375, 8338.1689453125, 8329.048828125, 8312.3349609375, 8290.2548828125, 8266.3388671875, 8242.01171875, 8223.1513671875, 8211.107421875, 8204.3349609375, 8203.7890625, 8207.5712890625, 8211.51171875, 8210.95703125, 8205.9248046875, 8198.1474609375, 8189.5146484375, 8181.18017578125, 8173.0966796875, 8166.76513671875, 8163.560546875, 8162.716796875, 8164.05615234375, 8172.720703125, 8186.169921875, 8204.8583984375, 8204.8017578125, 8194.39453125, 8191.0, 8195.9189453125, 8210.9482421875, 8212.1162109375, 8203.8212890625, 8191.48974609375, 8173.18408203125, 8151.42431640625, 8127.52001953125, 8093.40380859375, 8076.47021484375, 8068.4990234375, 8069.88232421875, 8085.72021484375, 8146.08642578125, 8147.85302734375, 8167.751953125, 8187.07666015625, 8179.81591796875, 8150.40966796875, 8133.0478515625, 8129.955078125, 8107.31787109375, 8058.16357421875, 8038.60986328125, 8041.84228515625, 8051.80029296875, 8071.6806640625, 8090.6015625, 8099.2978515625, 8100.58935546875, 8096.24169921875]}