{"mean": [1945.1265462239583, 1899.0171305338542, 1856.1133219401042, 1823.2864583333333, 1794.7876790364583, 1782.2037353515625, 1785.0402425130208, 1791.5519612630208, 1797.2597249348958, 1800.9310302734375, 1804.1023356119792, 1806.94384765625, 1808.8907877604167, 1809.1999918619792, 1808.9648030598958, 1808.2999267578125, 1806.7446695963542, 1804.4466959635417, 1802.3235677083333, 1800.0688883463542, 1797.4261067708333, 1795.0924072265625, 1792.9385172526042, 1791.0884602864583, 1789.3099772135417, 1787.9410400390625, 1787.5165201822917, 1786.9329427083333, 1788.6873372395833, 1791.5552164713542, 1794.2480875651042, 1796.5169677734375, 1797.548828125, 1797.4508870442708, 1796.0699462890625, 1794.0180257161458, 1792.2128499348958, 1791.6308186848958, 1791.4494222005208, 1791.4392496744792, 1791.5281982421875, 1791.6104329427083, 1791.8185628255208, 1792.4141438802083, 1793.3427327473958, 1794.6044108072917, 1795.8432210286458, 1796.7222493489583, 1797.1968994140625, 1797.513427734375, 1797.5157877604167, 1797.1950276692708, 1797.0509847005208, 1795.2123616536458, 1797.560302734375, 1795.4372151692708, 1796.1945393880208, 1796.8865966796875, 1797.2042643229167, 1797.0869954427083, 1796.8319498697917, 1796.720458984375, 1796.8997802734375, 1797.1267496744792, 1797.0546875, 1796.4951171875, 1796.5830891927083, 1796.4744873046875, 1796.0625406901042, 1795.8332112630208, 1795.63427734375, 1796.18115234375, 1796.0815022786458, 1795.8621419270833, 1795.5667317708333, 1795.4519856770833, 1795.6543375651042, 1797.3706868489583, 1797.899658203125, 1797.9957682291667, 1797.6854248046875, 1796.1800944010417, 1793.8460286458333, 1793.4642333984375, 1794.1877848307292, 1794.6494140625, 1794.5096435546875, 1793.8367919921875, 1793.0723876953125, 1793.3368326822917, 1793.9629720052083, 1795.5484619140625, 1796.72802734375, 1796.4560139973958, 1795.8776448567708, 1795.0849202473958, 1794.4610188802083, 1794.1921793619792, 1794.1946207682292, 1794.3511962890625], "upper": [2269.2763671875, 2140.600341796875, 2003.4671630859375, 1900.44677734375, 1847.858154296875, 1847.1290283203125, 1845.89501953125, 1844.5396728515625, 1841.87060546875, 1841.4638671875, 1841.3895263671875, 1842.947509765625, 1844.605712890625, 1844.303955078125, 1844.218994140625, 1844.29248046875, 1842.9423828125, 1841.562744140625, 1841.09521484375, 1841.447998046875, 1842.5428466796875, 1843.75146484375, 1844.7139892578125, 1844.8916015625, 1844.8963623046875, 1844.2843017578125, 1843.5255126953125, 1843.1812744140625, 1843.57275390625, 1844.7244873046875, 1845.6126708984375, 1846.3795166015625, 1846.530517578125, 1846.3040771484375, 1845.9298095703125, 1845.8238525390625, 1846.5628662109375, 1847.4559326171875, 1848.235595703125, 1848.53515625, 1848.3880615234375, 1848.307861328125, 1848.4305419921875, 1849.1324462890625, 1849.97314453125, 1850.615478515625, 1850.819580078125, 1850.66357421875, 1850.5626220703125, 1850.9193115234375, 1851.6898193359375, 1852.3182373046875, 1852.55029296875, 1852.439697265625, 1852.2115478515625, 1852.210693359375, 1852.67333984375, 1853.081298828125, 1853.2242431640625, 1853.071533203125, 1852.752685546875, 1852.67041015625, 1852.94921875, 1853.144287109375, 1853.0899658203125, 1852.7977294921875, 1852.5123291015625, 1852.5003662109375, 1852.59033203125, 1852.598876953125, 1852.3284912109375, 1851.97412109375, 1851.7513427734375, 1851.737060546875, 1851.7745361328125, 1851.6693115234375, 1851.409912109375, 1851.1923828125, 1851.2135009765625, 1851.3529052734375, 1851.4022216796875, 1851.3050537109375, 1851.2530517578125, 1851.3416748046875, 1851.566162109375, 1851.687744140625, 1851.7093505859375, 1851.7249755859375, 1851.876953125, 1852.0999755859375, 1852.2606201171875, 1852.320068359375, 1852.42041015625, 1852.6553955078125, 1852.9144287109375, 1853.10693359375, 1853.232421875, 1853.4130859375, 1853.6737060546875, 1853.9342041015625], "lower": [1717.31494140625, 1711.056884765625, 1719.6536865234375, 1721.9683837890625, 1726.883544921875, 1732.132080078125, 1737.0228271484375, 1743.37109375, 1747.1285400390625, 1749.949462890625, 1753.82373046875, 1758.4508056640625, 1761.6519775390625, 1763.408935546875, 1764.9869384765625, 1766.5234375, 1768.919189453125, 1771.7205810546875, 1775.2371826171875, 1777.7286376953125, 1772.0802001953125, 1763.9962158203125, 1756.0333251953125, 1749.00927734375, 1741.9097900390625, 1735.8759765625, 1733.2364501953125, 1731.3948974609375, 1736.5487060546875, 1744.00927734375, 1750.4287109375, 1754.740234375, 1755.5888671875, 1753.911865234375, 1749.5853271484375, 1743.80419921875, 1737.70361328125, 1734.6676025390625, 1731.7529296875, 1729.6826171875, 1728.71826171875, 1728.3760986328125, 1728.574951171875, 1729.22021484375, 1730.1656494140625, 1731.6148681640625, 1733.65966796875, 1735.387451171875, 1736.2047119140625, 1736.154541015625, 1735.0953369140625, 1733.7239990234375, 1732.48291015625, 1731.9244384765625, 1731.8643798828125, 1732.0220947265625, 1732.233642578125, 1732.3306884765625, 1732.491943359375, 1732.4498291015625, 1732.0504150390625, 1731.3773193359375, 1730.5638427734375, 1729.406005859375, 1727.6336669921875, 1725.2763671875, 1725.7100830078125, 1725.7286376953125, 1724.5294189453125, 1723.4483642578125, 1722.2347412109375, 1723.006591796875, 1722.8001708984375, 1722.3455810546875, 1722.0263671875, 1722.3818359375, 1723.2620849609375, 1728.245849609375, 1729.64306640625, 1729.978271484375, 1729.4715576171875, 1725.7481689453125, 1719.2340087890625, 1718.132568359375, 1720.018310546875, 1721.0718994140625, 1720.618896484375, 1718.8585205078125, 1716.789794921875, 1717.5391845703125, 1719.373291015625, 1724.0350341796875, 1727.3265380859375, 1726.1875, 1724.195556640625, 1721.6796875, 1719.6912841796875, 1718.6112060546875, 1718.178955078125, 1718.1910400390625]}