{"mean": [11757.369466145834, 11791.141276041666, 11640.276041666666, 11572.865885416666, 11567.199544270834, 11650.134440104166, 11606.484375, 11580.119140625, 11564.974609375, 11579.140625, 11585.356770833334, 11593.2646484375, 11600.029622395834, 11601.175130208334, 11593.834635416666, 11570.646809895834, 11529.4794921875, 11493.841145833334, 11473.784505208334, 11452.935872395834, 11432.2734375, 11425.490885416666, 11428.253580729166, 11407.534505208334, 11357.3125, 11317.868489583334, 11307.5087890625, 11299.257161458334, 11268.4404296875, 11226.9130859375, 11196.508463541666, 11179.1298828125, 11166.523763020834, 11157.574869791666, 11155.396809895834, 11156.621419270834, 11157.266927083334, 11159.870768229166, 11163.956705729166, 11165.837890625, 11166.006184895834, 11163.589192708334, 11158.118815104166, 11147.789713541666, 11132.875325520834, 11116.314127604166, 11100.318359375, 11088.250325520834, 11080.671875, 11074.031901041666, 11068.519856770834, 11065.861002604166, 11062.819010416666, 11070.335611979166, 11053.277018229166, 11056.763671875, 11047.958658854166, 11040.443359375, 11035.108072916666, 11032.665364583334, 11032.613932291666, 11031.55859375, 11027.93359375, 11026.187825520834, 11026.654296875, 11031.343098958334, 11033.518229166666, 11028.3359375, 11023.519856770834, 11020.426432291666, 11021.614583333334, 11019.5576171875, 11014.945963541666, 11008.953125, 11001.662434895834, 10994.077473958334, 10985.923502604166, 10978.6767578125, 10972.394205729166, 10969.329752604166, 10969.980794270834, 10971.919270833334, 10987.524088541666, 10983.8818359375, 10997.200846354166, 11010.28515625, 11004.925455729166, 10985.169921875, 10974.323567708334, 10976.143880208334, 10969.035481770834, 10953.886393229166, 10951.901692708334, 10949.448567708334, 10950.098958333334, 10954.558919270834, 10960.160807291666, 10962.248372395834, 10961.418294270834, 10958.640299479166], "upper": [12284.095703125, 11961.880859375, 12033.7607421875, 11863.7060546875, 11900.9892578125, 11828.630859375, 11769.3837890625, 11796.931640625, 11782.240234375, 11710.791015625, 11669.0615234375, 11728.7529296875, 11766.4150390625, 11769.359375, 11742.310546875, 11685.412109375, 11607.515625, 11565.17578125, 11554.7734375, 11549.509765625, 11536.8095703125, 11534.3525390625, 11548.6796875, 11540.9619140625, 11515.18359375, 11502.3125, 11496.533203125, 11489.8544921875, 11488.142578125, 11494.1201171875, 11490.7021484375, 11474.84765625, 11460.60546875, 11452.0068359375, 11446.1904296875, 11444.244140625, 11445.552734375, 11443.5927734375, 11429.7392578125, 11413.8037109375, 11402.1513671875, 11394.0625, 11389.50390625, 11386.8837890625, 11376.9375, 11360.7041015625, 11354.1650390625, 11356.2548828125, 11359.421875, 11358.9951171875, 11356.3935546875, 11355.673828125, 11356.0283203125, 11357.205078125, 11360.3212890625, 11361.609375, 11360.0166015625, 11358.697265625, 11358.712890625, 11359.8837890625, 11362.244140625, 11362.95703125, 11361.19140625, 11359.9443359375, 11360.04296875, 11361.193359375, 11362.8203125, 11362.0673828125, 11360.4189453125, 11359.5224609375, 11359.8720703125, 11360.892578125, 11361.029296875, 11359.7109375, 11358.408203125, 11357.849609375, 11358.1025390625, 11358.5595703125, 11357.5478515625, 11355.7177734375, 11354.6865234375, 11354.4111328125, 11354.287109375, 11353.0576171875, 11351.380859375, 11350.2626953125, 11349.7275390625, 11349.361328125, 11348.06640625, 11346.53125, 11345.5439453125, 11345.130859375, 11344.5400390625, 11343.2802734375, 11341.8271484375, 11340.8095703125, 11340.359375, 11339.748046875, 11338.330078125, 11336.93359375], "lower": [11417.9619140625, 11653.681640625, 11419.3330078125, 11416.0947265625, 11303.412109375, 11488.025390625, 11421.7470703125, 11376.97265625, 11436.966796875, 11481.4892578125, 11436.7255859375, 11385.30859375, 11390.302734375, 11420.876953125, 11418.7109375, 11390.294921875, 11382.2919921875, 11405.2373046875, 11424.619140625, 11396.9697265625, 11373.3779296875, 11363.453125, 11347.8203125, 11289.0595703125, 11174.189453125, 11077.3427734375, 11043.6142578125, 11014.7236328125, 10929.37890625, 10812.9013671875, 10730.072265625, 10690.8017578125, 10670.14453125, 10656.05078125, 10649.8427734375, 10651.2236328125, 10658.5498046875, 10675.484375, 10701.7568359375, 10724.65234375, 10738.0927734375, 10735.00390625, 10721.9365234375, 10698.509765625, 10667.37109375, 10633.912109375, 10600.146484375, 10574.318359375, 10557.7578125, 10548.009765625, 10546.4111328125, 10551.2958984375, 10556.5078125, 10555.56640625, 10548.537109375, 10537.75, 10525.7822265625, 10514.314453125, 10503.0693359375, 10494.25, 10489.244140625, 10486.2890625, 10485.19921875, 10493.431640625, 10505.134765625, 10523.6474609375, 10528.955078125, 10511.0673828125, 10495.529296875, 10488.98828125, 10497.9296875, 10497.62890625, 10484.978515625, 10466.767578125, 10441.458984375, 10414.4951171875, 10389.26171875, 10369.64453125, 10353.189453125, 10344.380859375, 10343.8662109375, 10344.8427734375, 10388.3173828125, 10377.2841796875, 10419.2587890625, 10460.8642578125, 10444.9443359375, 10383.70703125, 10349.517578125, 10354.7080078125, 10333.095703125, 10287.9775390625, 10282.9775390625, 10277.025390625, 10280.123046875, 10293.7607421875, 10310.166015625, 10317.00390625, 10316.765625, 10310.677734375]}