{"mean": [5641.785319010417, 5090.48681640625, 4390.2138671875, 3928.3108723958335, 3779.471923828125, 3767.85888671875, 3715.790771484375, 3648.0511067708335, 3695.8452962239585, 3779.1993001302085, 3908.807373046875, 3984.3357747395835, 3964.7469889322915, 3857.897216796875, 3811.0450846354165, 3677.367919921875, 3714.6608072916665, 3684.413330078125, 3782.213623046875, 3891.0367838541665, 3880.6991373697915, 3898.7191569010415, 3825.8732096354165, 3711.52392578125, 3663.1759440104165, 3618.8125, 3557.2224934895835, 3534.0139973958335, 3544.3743489583335, 3552.9111328125, 3524.0746256510415, 3587.3587239583335, 3603.9609375, 3637.718505859375, 3649.550537109375, 3674.5347493489585, 3699.3902180989585, 3616.6844075520835, 3573.864990234375, 3546.86328125, 3528.716064453125, 3539.259521484375, 3574.484619140625, 3626.3016764322915, 3672.877685546875, 3650.1319986979165, 3584.505859375, 3601.845703125, 3542.626220703125, 3555.9180501302085, 3591.0159505208335, 3665.9112141927085, 3699.0724283854165, 3716.9881998697915, 3707.4827473958335, 3672.9686686197915, 3630.4794921875, 3573.3521321614585, 3556.986572265625, 3557.95068359375, 3608.6687825520835, 3603.1131184895835, 3609.9691569010415, 3609.205322265625, 3597.625732421875, 3597.1560872395835, 3605.1588541666665, 3633.6227213541665, 3628.35107421875, 3630.18359375, 3631.9940592447915, 3606.6025390625, 3569.5086263020835, 3563.1807454427085, 3584.94677734375, 3570.2481282552085, 3595.6041666666665, 3584.8579915364585, 3581.8286946614585, 3623.8335774739585, 3645.1016438802085, 3688.369384765625, 3730.1167805989585, 3704.7974446614585, 3657.3438313802085, 3636.10205078125, 3632.1143391927085, 3679.2413736979165, 3702.7398274739585, 3697.18994140625, 3697.4318033854165, 3656.0614420572915, 3696.17236328125, 3723.5952962239585, 3707.7672526041665, 3667.5978190104165, 3704.9605305989585, 3724.4130859375, 3677.4464518229165, 3726.1333821614585], "upper": [7164.41259765625, 6122.576171875, 4715.72802734375, 4217.4716796875, 3966.616455078125, 3834.414794921875, 3768.271240234375, 3736.23291015625, 3717.64892578125, 3946.2607421875, 4336.97900390625, 4457.33935546875, 4240.33251953125, 3909.224609375, 3898.77685546875, 3795.6845703125, 3900.75927734375, 3912.870849609375, 4069.66943359375, 4269.4033203125, 4342.27490234375, 4267.94970703125, 4096.69189453125, 3962.127685546875, 3923.167724609375, 3880.2314453125, 3793.07568359375, 3759.865478515625, 3730.510986328125, 3755.210693359375, 3747.900146484375, 3812.688232421875, 3841.0693359375, 3904.885009765625, 3958.288818359375, 4009.046630859375, 4028.5576171875, 3843.012451171875, 3818.86328125, 3796.39208984375, 3766.48291015625, 3798.887451171875, 3808.540771484375, 3880.6337890625, 3979.722412109375, 3951.98388671875, 3847.98486328125, 3831.21435546875, 3812.9853515625, 3780.376953125, 3811.11669921875, 3823.391357421875, 3823.90185546875, 3878.253662109375, 3900.834716796875, 3820.97900390625, 3875.397216796875, 3796.51708984375, 3816.811279296875, 3800.333251953125, 3836.472412109375, 3828.193115234375, 3874.1982421875, 3871.344482421875, 3832.87158203125, 3831.609130859375, 3806.71826171875, 3820.529052734375, 3805.5419921875, 3811.5087890625, 3851.388916015625, 3830.866455078125, 3783.611328125, 3780.119140625, 3807.385986328125, 3810.4638671875, 3832.619873046875, 3866.7255859375, 3846.50048828125, 3871.662109375, 3827.25146484375, 3807.9345703125, 3806.491455078125, 3815.67138671875, 3848.742431640625, 3873.577880859375, 3846.63720703125, 3828.560302734375, 3845.2998046875, 3861.951904296875, 3900.397216796875, 3850.7451171875, 3787.619140625, 3779.7890625, 3797.006103515625, 3782.020263671875, 3746.1796875, 3772.8896484375, 3728.11962890625, 3862.1923828125], "lower": [3992.66259765625, 3952.8076171875, 3831.787109375, 3717.64892578125, 3507.26416015625, 3642.243408203125, 3640.032470703125, 3544.701416015625, 3659.609619140625, 3636.447998046875, 3626.226806640625, 3722.657958984375, 3794.678466796875, 3801.93896484375, 3750.294677734375, 3458.74755859375, 3525.3623046875, 3466.98046875, 3616.8017578125, 3543.854248046875, 3448.8984375, 3379.601806640625, 3299.965576171875, 3306.04833984375, 3324.7392578125, 3330.3115234375, 3278.2861328125, 3230.89990234375, 3203.417236328125, 3183.150390625, 3129.225341796875, 3156.27783203125, 3131.489013671875, 3125.919189453125, 3092.75390625, 3104.171142578125, 3187.37646484375, 3181.489501953125, 3194.06787109375, 3209.60498046875, 3199.581298828125, 3184.772216796875, 3186.947021484375, 3160.04052734375, 3171.007568359375, 3132.8916015625, 3120.11669921875, 3236.838134765625, 3132.774169921875, 3191.750732421875, 3266.454833984375, 3364.09423828125, 3456.05078125, 3449.4033203125, 3399.984375, 3377.886962890625, 3208.74365234375, 3187.539794921875, 3099.8525390625, 3137.6552734375, 3161.9765625, 3160.23828125, 3140.1669921875, 3141.760009765625, 3167.369384765625, 3169.61767578125, 3205.239990234375, 3286.4794921875, 3298.5498046875, 3294.541259765625, 3246.492919921875, 3190.148193359375, 3158.06298828125, 3134.59228515625, 3165.534423828125, 3126.30615234375, 3168.293701171875, 3172.879150390625, 3177.81591796875, 3271.3818359375, 3406.662353515625, 3558.08349609375, 3686.51123046875, 3605.851806640625, 3429.726318359375, 3335.09521484375, 3352.16552734375, 3510.890625, 3566.6591796875, 3518.082275390625, 3462.659423828125, 3387.560546875, 3575.856201171875, 3665.02490234375, 3598.8603515625, 3489.790771484375, 3636.876220703125, 3667.552490234375, 3651.14697265625, 3591.499755859375]}