{"mean": [11813.725260416666, 11249.929036458334, 10724.05859375, 10476.330078125, 10376.432291666666, 10328.671875, 10287.003580729166, 10268.132486979166, 10277.018880208334, 10310.790690104166, 10373.508463541666, 10410.614583333334, 10415.8857421875, 10402.444986979166, 10391.881510416666, 10391.098958333334, 10390.759765625, 10406.140299479166, 10445.614908854166, 10488.0869140625, 10530.632161458334, 10555.672526041666, 10547.475911458334, 10508.5625, 10481.889973958334, 10461.621744791666, 10447.608723958334, 10444.568033854166, 10447.001302083334, 10461.60546875, 10487.221028645834, 10523.8232421875, 10563.172200520834, 10603.358072916666, 10634.662760416666, 10666.084309895834, 10676.2939453125, 10676.277994791666, 10678.478190104166, 10679.0986328125, 10686.3388671875, 10699.60546875, 10723.0859375, 10739.524088541666, 10761.8134765625, 10784.902994791666, 10816.649088541666, 10862.318684895834, 10849.8076171875, 10844.4677734375, 10848.054036458334, 10860.44921875, 10875.912434895834, 10885.19921875, 10884.421875, 10879.2490234375, 10872.930338541666, 10863.916341145834, 10865.294270833334, 10874.700520833334, 10885.656575520834, 10896.580729166666, 10898.826497395834, 10895.064453125, 10887.6171875, 10880.341471354166, 10875.708984375, 10876.38671875, 10882.41015625, 10887.423502604166, 10887.903971354166, 10884.5966796875, 10877.8984375, 10873.8857421875, 10875.825846354166, 10881.19140625, 10889.195638020834, 10890.857421875, 10903.527018229166, 10904.805013020834, 10903.151692708334, 10902.352213541666, 10914.127278645834, 10910.219401041666, 10913.013671875, 10917.477213541666, 10925.206705729166, 10936.776041666666, 10954.0146484375, 10959.805338541666, 10965.664388020834, 10953.593098958334, 10964.347981770834, 10988.865559895834, 10993.5576171875, 11003.8544921875, 11018.25390625, 11040.901692708334, 11052.541341145834, 11077.126302083334], "upper": [14031.60546875, 12855.5302734375, 11730.1484375, 11308.1416015625, 11236.4140625, 11230.4794921875, 11229.53125, 11224.466796875, 11253.103515625, 11328.8759765625, 11451.0029296875, 11497.255859375, 11424.333984375, 11318.7021484375, 11267.333984375, 11257.375, 11248.744140625, 11262.984375, 11289.896484375, 11324.1845703125, 11394.15625, 11456.107421875, 11481.7509765625, 11459.2548828125, 11431.283203125, 11389.1572265625, 11356.0634765625, 11337.2578125, 11324.7001953125, 11324.154296875, 11333.744140625, 11350.9677734375, 11372.5830078125, 11396.998046875, 11408.931640625, 11410.134765625, 11401.3291015625, 11383.8271484375, 11365.3251953125, 11354.623046875, 11351.0849609375, 11353.6298828125, 11361.869140625, 11373.53515625, 11381.8369140625, 11381.7138671875, 11373.1083984375, 11361.5224609375, 11352.4384765625, 11349.1142578125, 11351.3203125, 11358.783203125, 11367.2568359375, 11372.7333984375, 11369.6796875, 11362.7197265625, 11357.0205078125, 11348.7841796875, 11354.4169921875, 11364.4169921875, 11373.904296875, 11377.546875, 11373.4521484375, 11367.6123046875, 11362.78125, 11363.3212890625, 11368.7822265625, 11376.666015625, 11382.826171875, 11384.5400390625, 11381.3271484375, 11376.3232421875, 11372.8369140625, 11373.4697265625, 11377.9248046875, 11383.7919921875, 11387.630859375, 11382.97265625, 11384.96484375, 11385.130859375, 11384.853515625, 11384.375, 11384.236328125, 11384.7529296875, 11385.9794921875, 11387.4150390625, 11388.1181640625, 11388.509765625, 11388.6767578125, 11389.515625, 11391.7392578125, 11394.533203125, 11397.00390625, 11398.333984375, 11398.5224609375, 11398.7392578125, 11399.9111328125, 11402.1494140625, 11403.8173828125, 11405.416015625], "lower": [9995.0869140625, 9868.095703125, 9797.751953125, 9764.369140625, 9750.0283203125, 9735.509765625, 9720.8037109375, 9710.0439453125, 9702.83984375, 9716.8671875, 9753.109375, 9774.5634765625, 9810.865234375, 9826.1533203125, 9824.8837890625, 9813.5166015625, 9800.7333984375, 9767.294921875, 9727.6484375, 9701.34765625, 9717.3876953125, 9758.3173828125, 9788.54296875, 9814.3359375, 9830.017578125, 9838.619140625, 9839.611328125, 9843.2919921875, 9832.9541015625, 9844.263671875, 9869.419921875, 9909.55078125, 9955.333984375, 10004.8603515625, 10059.3994140625, 10128.01171875, 10203.8994140625, 10280.236328125, 10318.2294921875, 10281.1533203125, 10279.3544921875, 10319.3408203125, 10384.9287109375, 10400.9130859375, 10418.697265625, 10474.3173828125, 10491.2099609375, 10480.2041015625, 10465.0439453125, 10469.857421875, 10489.8388671875, 10527.8115234375, 10563.978515625, 10585.4560546875, 10590.8095703125, 10579.7919921875, 10560.494140625, 10538.32421875, 10532.0966796875, 10544.6787109375, 10566.7861328125, 10598.7138671875, 10617.07421875, 10622.2529296875, 10613.6181640625, 10595.3916015625, 10580.4833984375, 10580.0947265625, 10596.4833984375, 10611.11328125, 10615.091796875, 10608.6201171875, 10594.921875, 10583.8427734375, 10585.267578125, 10596.7119140625, 10620.5107421875, 10634.0517578125, 10656.4794921875, 10660.26953125, 10656.5625, 10614.58984375, 10598.802734375, 10610.7255859375, 10648.7314453125, 10678.466796875, 10677.814453125, 10657.6826171875, 10659.8916015625, 10711.3564453125, 10752.3486328125, 10714.1396484375, 10698.64453125, 10708.2119140625, 10737.234375, 10767.853515625, 10769.75, 10781.7646484375, 10846.2685546875, 10896.74609375]}