{"mean": [9324.251953125, 8409.88134765625, 7674.181640625, 7177.65380859375, 7193.1005859375, 7215.20458984375, 7166.435221354167, 7050.753580729167, 6985.434244791667, 7099.38525390625, 7044.574381510417, 7056.074544270833, 6911.17578125, 6901.79150390625, 6724.50390625, 6676.548665364583, 6640.317545572917, 6495.348470052083, 6457.196451822917, 6441.3564453125, 6557.760091145833, 6531.71826171875, 6413.22412109375, 6368.53369140625, 6347.359537760417, 6212.882649739583, 6172.916829427083, 6164.0810546875, 6156.406901041667, 6133.292317708333, 6113.091796875, 6080.053548177083, 6035.486002604167, 6003.272298177083, 5975.525553385417, 5932.408040364583, 5864.95947265625, 5799.14208984375, 5764.251790364583, 5731.06396484375, 5709.233072916667, 5675.568196614583, 5655.982096354167, 5643.29150390625, 5647.776529947917, 5622.365559895833, 5589.543294270833, 5589.7080078125, 5577.014485677083, 5557.667154947917, 5534.802408854167, 5511.152994791667, 5475.080729166667, 5459.6484375, 5458.15673828125, 5480.370442708333, 5525.588053385417, 5547.887044270833, 5553.839680989583, 5566.712076822917, 5575.79931640625, 5551.172200520833, 5510.043294270833, 5491.881022135417, 5501.408854166667, 5514.344889322917, 5506.188151041667, 5495.004231770833, 5479.559407552083, 5453.023274739583, 5436.513997395833, 5434.8037109375, 5443.489095052083, 5449.255045572917, 5447.03662109375, 5439.631673177083, 5425.871907552083, 5416.296875, 5408.24658203125, 5388.907389322917, 5356.801920572917, 5349.84912109375, 5375.02197265625, 5353.863118489583, 5316.672037760417, 5308.8955078125, 5290.146321614583, 5311.04541015625, 5338.829427083333, 5269.74658203125, 5283.556966145833, 5239.09765625, 5265.641927083333, 5295.036295572917, 5239.677083333333, 5242.43310546875, 5258.396809895833, 5308.124348958333, 5351.377604166667, 5343.263020833333], "upper": [10418.8291015625, 8874.8935546875, 8779.7548828125, 8690.7138671875, 8611.3876953125, 8525.8310546875, 8433.3681640625, 8345.154296875, 8258.546875, 8242.9072265625, 8235.138671875, 8210.45703125, 8167.7880859375, 8098.35791015625, 8034.3330078125, 7981.267578125, 7923.09228515625, 7806.12939453125, 7647.951171875, 7530.4345703125, 7468.34033203125, 7413.26220703125, 7327.93359375, 7249.68505859375, 7195.08837890625, 7147.83447265625, 7100.5517578125, 7068.37255859375, 7046.193359375, 7016.61474609375, 6998.32470703125, 6970.39501953125, 6930.6533203125, 6872.8017578125, 6803.31884765625, 6721.96044921875, 6626.353515625, 6516.95068359375, 6425.04833984375, 6352.744140625, 6303.25439453125, 6269.97265625, 6250.0205078125, 6254.81103515625, 6236.18896484375, 6190.904296875, 6143.83984375, 6099.32958984375, 6063.54931640625, 6011.826171875, 5949.88720703125, 5895.8583984375, 5869.57958984375, 5867.322265625, 5881.2001953125, 5914.890625, 5957.28662109375, 6000.16357421875, 6026.794921875, 6042.3955078125, 6045.27880859375, 6041.35986328125, 6028.73583984375, 6010.0185546875, 5986.2041015625, 5953.076171875, 5918.982421875, 5894.9375, 5883.13330078125, 5879.59375, 5885.318359375, 5899.6923828125, 5919.638671875, 5930.79736328125, 5932.31103515625, 5925.9921875, 5912.28759765625, 5886.2939453125, 5850.42431640625, 5798.4697265625, 5707.736328125, 5643.59033203125, 5665.29296875, 5614.64501953125, 5582.85009765625, 5575.26123046875, 5530.53369140625, 5533.416015625, 5563.0849609375, 5493.140625, 5426.15869140625, 5388.25146484375, 5393.333984375, 5487.681640625, 5388.591796875, 5413.44921875, 5410.2958984375, 5521.75048828125, 5515.95166015625, 5509.86962890625], "lower": [8562.8525390625, 8142.45556640625, 6479.7080078125, 5258.3056640625, 5366.28857421875, 5587.046875, 5587.13232421875, 5296.81005859375, 5214.5263671875, 5667.68017578125, 5656.095703125, 5857.67822265625, 5554.3828125, 5654.5849609375, 5185.998046875, 5118.41455078125, 5184.9755859375, 5103.84033203125, 5229.86474609375, 5091.53857421875, 5473.39306640625, 5552.626953125, 5519.1806640625, 5564.53662109375, 5462.74365234375, 5139.95556640625, 5136.08349609375, 5198.7001953125, 5230.013671875, 5232.2060546875, 5208.306640625, 5155.09130859375, 5113.72509765625, 5152.99755859375, 5205.16064453125, 5206.1494140625, 5160.39453125, 5117.68994140625, 5119.03759765625, 5142.560546875, 5148.6787109375, 5122.47900390625, 5093.53271484375, 5106.5771484375, 5143.12890625, 5148.87939453125, 5112.630859375, 5077.2041015625, 5071.6181640625, 5072.677734375, 5065.7236328125, 5065.32421875, 5088.4287109375, 5110.18115234375, 5092.77490234375, 5065.0537109375, 5058.869140625, 5051.10693359375, 5050.00146484375, 5065.9248046875, 5101.3291015625, 5111.2490234375, 5086.6708984375, 5061.833984375, 5056.0478515625, 5056.86083984375, 5060.08203125, 5073.69091796875, 5093.3115234375, 5096.26611328125, 5079.58740234375, 5063.88623046875, 5058.17333984375, 5057.27880859375, 5060.60302734375, 5072.076171875, 5080.3212890625, 5088.10205078125, 5090.4599609375, 5088.38232421875, 5086.00927734375, 5083.6435546875, 5081.14453125, 5079.28515625, 5078.716796875, 5078.7802734375, 5077.740234375, 5076.2109375, 5074.56640625, 5074.8134765625, 5077.46240234375, 5081.34814453125, 5084.46435546875, 5085.3779296875, 5084.5673828125, 5084.23193359375, 5085.37353515625, 5087.8828125, 5089.41455078125, 5091.06494140625]}