{"mean": [15275.881510416666, 14339.225911458334, 13429.369791666666, 13013.845703125, 12916.636393229166, 12878.046223958334, 12827.849283854166, 12769.154947916666, 12742.484700520834, 12798.692057291666, 12900.844401041666, 12936.812174479166, 12905.3994140625, 12837.304361979166, 12790.568359375, 12785.126302083334, 12778.944661458334, 12777.980143229166, 12804.621419270834, 12847.564778645834, 12907.658854166666, 12940.919921875, 12916.0986328125, 12843.5693359375, 12796.135416666666, 12757.902669270834, 12739.765299479166, 12734.105143229166, 12734.579427083334, 12741.884440104166, 12764.073567708334, 12799.862630208334, 12839.645182291666, 12882.288411458334, 12911.7529296875, 12943.103190104166, 12941.410481770834, 12926.107096354166, 12913.552408854166, 12908.486002604166, 12911.6328125, 12916.887369791666, 12940.3212890625, 12963.290690104166, 12988.965169270834, 13007.353841145834, 13023.1572265625, 13063.845052083334, 13043.72265625, 13033.0859375, 13033.690104166666, 13048.19921875, 13068.566080729166, 13082.435546875, 13081.570963541666, 13072.765950520834, 13063.223958333334, 13051.169596354166, 13054.303059895834, 13066.995768229166, 13079.9794921875, 13093.748372395834, 13096.375325520834, 13090.254557291666, 13077.7763671875, 13065.767578125, 13057.649739583334, 13056.008138020834, 13061.457356770834, 13068.683268229166, 13070.309244791666, 13064.767578125, 13054.0029296875, 13047.1591796875, 13047.816731770834, 13053.751302083334, 13064.123697916666, 13066.347005208334, 13086.509440104166, 13084.051432291666, 13076.668619791666, 13062.4482421875, 13079.022786458334, 13068.101236979166, 13072.530598958334, 13079.274739583334, 13081.286783854166, 13086.594401041666, 13106.567057291666, 13116.938802083334, 13127.7138671875, 13096.758138020834, 13103.0009765625, 13133.895833333334, 13138.170572916666, 13153.2607421875, 13162.670572916666, 13191.5546875, 13215.330078125, 13244.455078125], "upper": [18346.212890625, 16347.6142578125, 14261.771484375, 13430.94921875, 13420.54296875, 13487.8271484375, 13491.349609375, 13382.73046875, 13336.13671875, 13508.873046875, 13788.46484375, 13880.27734375, 13721.4853515625, 13478.45703125, 13356.287109375, 13379.1083984375, 13397.4462890625, 13397.458984375, 13403.0400390625, 13429.931640625, 13543.4677734375, 13672.982421875, 13719.43359375, 13652.12890625, 13588.21484375, 13515.140625, 13479.291015625, 13461.591796875, 13449.171875, 13448.64453125, 13458.2451171875, 13473.87890625, 13494.33203125, 13523.6416015625, 13542.34375, 13543.8251953125, 13529.0400390625, 13506.0166015625, 13486.63671875, 13476.1181640625, 13471.8974609375, 13472.1650390625, 13478.2158203125, 13489.724609375, 13500.279296875, 13499.8623046875, 13487.79296875, 13473.5322265625, 13463.28125, 13459.5, 13460.79296875, 13468.30078125, 13478.318359375, 13485.4072265625, 13480.9814453125, 13472.283203125, 13465.8173828125, 13452.474609375, 13457.7109375, 13468.474609375, 13479.8583984375, 13484.501953125, 13478.5078125, 13472.58203125, 13467.990234375, 13468.94921875, 13474.3505859375, 13482.126953125, 13488.6845703125, 13490.5400390625, 13486.65625, 13481.640625, 13478.271484375, 13478.7373046875, 13483.0029296875, 13489.12890625, 13493.359375, 13488.2998046875, 13489.833984375, 13488.6591796875, 13488.2958984375, 13487.7099609375, 13487.4853515625, 13487.90234375, 13489.0537109375, 13490.5654296875, 13491.474609375, 13492.2548828125, 13492.8759765625, 13494.3359375, 13497.1328125, 13500.673828125, 13503.986328125, 13506.119140625, 13506.84765625, 13507.427734375, 13508.806640625, 13511.3505859375, 13513.40234375, 13515.291015625], "lower": [12888.451171875, 12744.4892578125, 12663.599609375, 12609.11328125, 12575.435546875, 12540.251953125, 12488.7431640625, 12450.775390625, 12443.7138671875, 12432.4228515625, 12433.078125, 12445.8310546875, 12488.095703125, 12507.9794921875, 12489.966796875, 12458.986328125, 12428.9228515625, 12370.5146484375, 12304.509765625, 12261.4619140625, 12269.748046875, 12297.00390625, 12301.3251953125, 12301.92578125, 12305.775390625, 12307.2060546875, 12296.248046875, 12300.7958984375, 12284.892578125, 12278.9970703125, 12297.9853515625, 12332.3291015625, 12372.650390625, 12417.390625, 12464.650390625, 12525.916015625, 12591.802734375, 12617.447265625, 12542.2373046875, 12500.6328125, 12498.2607421875, 12528.4296875, 12603.0615234375, 12688.6416015625, 12719.90234375, 12757.9609375, 12719.072265625, 12693.1669921875, 12673.75390625, 12678.52734375, 12698.6015625, 12744.763671875, 12797.1162109375, 12830.97265625, 12836.8017578125, 12815.853515625, 12783.958984375, 12754.7607421875, 12747.869140625, 12762.6962890625, 12787.166015625, 12828.73046875, 12856.537109375, 12862.2578125, 12844.5947265625, 12814.8359375, 12793.544921875, 12789.6328125, 12805.83984375, 12827.703125, 12835.84765625, 12821.609375, 12794.3447265625, 12773.93359375, 12772.453125, 12786.439453125, 12819.548828125, 12838.5185546875, 12870.46875, 12865.435546875, 12863.1025390625, 12804.111328125, 12788.6396484375, 12799.4150390625, 12855.552734375, 12838.107421875, 12853.4150390625, 12853.4951171875, 12858.1845703125, 12917.8359375, 12868.9638671875, 12854.58203125, 12898.90234375, 12908.82421875, 12952.8583984375, 12954.1123046875, 12981.275390625, 12982.5673828125, 13029.44140625, 13022.2294921875]}