{"mean": [14428.586588541666, 14226.496744791666, 14186.327799479166, 14318.201497395834, 14662.988932291666, 14861.9580078125, 15005.777669270834, 15143.006510416666, 15273.894856770834, 15400.653971354166, 15535.494791666666, 15809.397135416666, 15986.096028645834, 16020.291015625, 16046.240885416666, 16066.3994140625, 16090.610677083334, 16118.322591145834, 16020.8349609375, 15944.763020833334, 15661.505859375, 15535.8271484375, 15461.319661458334, 15429.468098958334, 15390.076497395834, 15366.811197916666, 15440.3427734375, 15345.8779296875, 15270.857421875, 15226.090494791666, 15192.026041666666, 15155.201171875, 15129.240234375, 15065.338541666666, 15030.6943359375, 15096.237955729166, 15137.722330729166, 15273.503255208334, 15419.752278645834, 15610.657552083334, 15777.109375, 15925.4375, 16292.95703125, 16468.996744791668, 16569.319986979168, 16671.901041666668, 16865.7021484375, 16785.905598958332, 16542.321614583332, 16107.044270833334, 16008.971354166666, 15963.3642578125, 15939.432942708334, 15907.18359375, 15848.345377604166, 15757.10546875, 15807.492513020834, 15859.471354166666, 15876.783528645834, 15877.6865234375, 15870.823567708334, 15859.673177083334, 15873.357747395834, 15915.933919270834, 15972.271158854166, 16036.662434895834, 16082.243815104166, 16104.763020833334, 16111.721354166666, 16110.584309895834, 16111.9072265625, 16150.102864583334, 16214.022786458334, 16277.165364583334, 16317.207682291666, 16330.143229166666, 16321.141927083334, 16325.439127604166, 16346.334309895834, 16417.844401041668, 16733.260416666668, 16787.081705729168, 16803.615234375, 16814.318684895832, 16827.71875, 16919.759440104168, 16791.8740234375, 16761.611979166668, 16543.261067708332, 16405.566731770832, 16369.5263671875, 16340.5048828125, 16301.265950520834, 16273.669270833334, 16254.0908203125, 16242.0615234375, 16240.15625, 16246.777669270834, 16254.152669270834, 16258.207682291666], "upper": [16279.50390625, 15423.4716796875, 15137.8544921875, 15165.51171875, 15190.3701171875, 15343.6005859375, 15652.1123046875, 15957.8720703125, 16190.3564453125, 16436.53125, 16826.486328125, 17612.08984375, 18142.611328125, 18264.080078125, 18369.16015625, 18442.216796875, 18522.361328125, 18641.716796875, 18316.748046875, 18106.451171875, 17280.046875, 17000.150390625, 16754.248046875, 16609.365234375, 16528.314453125, 16457.24609375, 16398.37109375, 16342.9345703125, 16279.5341796875, 16207.0712890625, 16115.2978515625, 15990.3046875, 15872.4228515625, 15754.408203125, 15659.68359375, 15613.8740234375, 15647.8466796875, 15724.6376953125, 15846.904296875, 15952.82421875, 16038.197265625, 16100.4111328125, 16927.408203125, 17342.720703125, 17580.064453125, 17869.234375, 18473.8671875, 18274.005859375, 17595.66796875, 16350.373046875, 16100.091796875, 16069.046875, 16016.4716796875, 16016.9736328125, 16082.771484375, 16135.4638671875, 16157.96875, 16152.2470703125, 16123.193359375, 16082.9140625, 16047.125, 16012.8427734375, 16024.5908203125, 16076.7060546875, 16121.359375, 16158.0224609375, 16167.75, 16151.720703125, 16152.5224609375, 16213.5751953125, 16289.462890625, 16378.103515625, 16467.013671875, 16570.330078125, 16661.349609375, 16738.69921875, 16808.72265625, 16875.390625, 16927.044921875, 17072.49609375, 17948.33203125, 18093.529296875, 18170.314453125, 18228.89453125, 18293.171875, 18596.96875, 18207.23828125, 18060.51953125, 17381.228515625, 16965.361328125, 16853.619140625, 16773.732421875, 16688.34765625, 16608.08203125, 16542.087890625, 16492.470703125, 16473.060546875, 16483.9296875, 16520.97265625, 16568.482421875], "lower": [13475.443359375, 13608.005859375, 13658.27734375, 13886.890625, 13996.046875, 14075.169921875, 14254.330078125, 14421.91015625, 14633.3369140625, 14787.501953125, 14784.951171875, 14780.8330078125, 14774.55078125, 14766.8671875, 14750.265625, 14748.1103515625, 14751.599609375, 14726.6162109375, 14769.796875, 14761.525390625, 14749.1708984375, 14662.9072265625, 14692.27734375, 14747.576171875, 14715.8388671875, 14725.1884765625, 14906.0205078125, 14803.583984375, 14655.8212890625, 14610.943359375, 14613.9892578125, 14633.4697265625, 14669.669921875, 14602.4697265625, 14635.1328125, 14686.0078125, 14555.4794921875, 14700.6728515625, 14869.9091796875, 15201.3583984375, 15467.71875, 15657.8193359375, 15818.4921875, 15923.03515625, 15999.8017578125, 16054.1005859375, 16036.3671875, 15979.423828125, 15919.20703125, 15856.322265625, 15833.662109375, 15861.3671875, 15862.51953125, 15777.767578125, 15698.9931640625, 15526.2265625, 15521.1376953125, 15485.26953125, 15480.44921875, 15499.2431640625, 15540.2607421875, 15606.8955078125, 15713.068359375, 15814.998046875, 15896.6044921875, 15969.39453125, 16034.390625, 16067.806640625, 16061.0234375, 16028.185546875, 15989.1220703125, 16000.2353515625, 16046.3984375, 16086.5146484375, 16096.388671875, 16068.7548828125, 16008.2939453125, 15990.9072265625, 16029.35546875, 16076.099609375, 16087.8330078125, 16058.4111328125, 16017.8837890625, 16008.2080078125, 16032.09765625, 16063.7451171875, 16079.318359375, 16058.072265625, 16029.5771484375, 16017.3720703125, 16037.9365234375, 16068.4306640625, 16079.482421875, 16059.69140625, 16027.5205078125, 16015.4013671875, 16021.5615234375, 16043.7685546875, 16062.294921875, 16072.369140625]}