{"mean": [50566.87109375, 49811.87890625, 49705.678385416664, 50327.595052083336, 51181.91796875, 51541.703125, 51817.372395833336, 52176.8515625, 52521.619791666664, 52785.319010416664, 52909.350260416664, 53098.072916666664, 53247.640625, 53281.71484375, 53303.00390625, 53381.591145833336, 53486.016927083336, 53619.986979166664, 53517.466145833336, 53250.295572916664, 52803.759114583336, 52445.162760416664, 52524.005208333336, 52887.877604166664, 53603.610677083336, 54084.733072916664, 54058.99609375, 54072.64453125, 54064.395833333336, 54003.860677083336, 53918.997395833336, 53833.5625, 53736.696614583336, 53626.69140625, 53543.334635416664, 53502.447916666664, 53505.662760416664, 53532.26171875, 53558.544270833336, 53561.674479166664, 53557.815104166664, 53565.623697916664, 53546.748697916664, 53658.127604166664, 53861.1640625, 54013.29296875, 54130.727864583336, 54230.739583333336, 54291.375, 54310.455729166664, 54269.0859375, 54164.36328125, 53953.395833333336, 53661.00390625, 53738.876302083336, 53685.106770833336, 53453.444010416664, 53577.05859375, 53451.39453125, 53453.979166666664, 53298.38671875, 53308.731770833336, 53453.0703125, 53647.69140625, 53617.095052083336, 53511.51953125, 53445.716145833336, 53424.75390625, 53478.48828125, 53685.62890625, 53663.19921875, 53515.360677083336, 53412.209635416664, 53651.877604166664, 53818.919270833336, 53895.158854166664, 53862.927083333336, 53734.834635416664, 53452.81640625, 53409.123697916664, 53468.298177083336, 53506.009114583336, 53547.7578125, 53611.4296875, 53844.708333333336, 54137.6796875, 54426.076822916664, 54655.134114583336, 54782.76171875, 54704.580729166664, 54447.733072916664, 54063.16015625, 53912.44921875, 54150.89453125, 54231.661458333336, 54319.065104166664, 54396.947916666664, 54489.001302083336, 54599.446614583336, 54739.787760416664], "upper": [55182.23828125, 52254.24609375, 51282.6875, 51336.65234375, 52188.984375, 53215.5703125, 53801.53515625, 54617.40625, 55323.0546875, 55824.9609375, 56319.41015625, 57026.65625, 57649.0078125, 58120.96875, 58564.87109375, 59303.8046875, 60217.859375, 60213.6328125, 59477.3359375, 58770.12109375, 58372.99609375, 58165.25, 57965.65234375, 57768.72265625, 57507.51953125, 57083.6640625, 56674.515625, 56366.54296875, 56133.76171875, 55908.67578125, 55685.6015625, 55465.53515625, 55243.07421875, 55045.6171875, 54952.01953125, 54920.078125, 54913.65234375, 54910.1640625, 54902.0390625, 54862.578125, 54765.81640625, 54629.34765625, 54797.890625, 54973.45703125, 55146.328125, 55359.28515625, 55571.19140625, 55748.8359375, 55872.3203125, 55957.83203125, 56006.078125, 56020.328125, 55994.78125, 55943.359375, 55861.92578125, 55740.8671875, 55560.62890625, 55447.83203125, 55439.16796875, 55433.0859375, 55445.80859375, 55497.95703125, 55540.7109375, 55559.4453125, 55553.55859375, 55589.1171875, 55604.359375, 55627.6953125, 55657.09375, 55659.59765625, 55676.68359375, 55709.4140625, 55740.203125, 55776.3671875, 55771.07421875, 55751.890625, 55697.9609375, 55582.546875, 55555.03125, 55543.2109375, 55511.15625, 55469.95703125, 55421.875, 55391.96875, 55378.33203125, 55866.28515625, 56763.1875, 57504.3046875, 57950.0546875, 57866.62109375, 57428.98828125, 56901.9921875, 56348.76953125, 55949.24609375, 55639.7578125, 55537.71484375, 55523.015625, 55516.1640625, 55601.5625, 55776.1875], "lower": [47973.32421875, 48249.89453125, 48464.84375, 49753.1875, 49943.1015625, 50013.8125, 50356.703125, 50722.6640625, 51078.0, 50972.1015625, 50877.3125, 50769.8515625, 50632.68359375, 50285.16015625, 49954.8046875, 49518.421875, 48967.41015625, 49403.0703125, 50129.890625, 50139.140625, 49593.24609375, 49226.3359375, 49300.48828125, 49716.734375, 50515.0859375, 51088.9609375, 51460.85546875, 51722.9296875, 51873.4609375, 51899.1796875, 51803.5, 51679.4375, 51534.6484375, 51370.3125, 51189.71875, 51082.15234375, 51089.85546875, 51188.1640625, 51309.72265625, 51396.296875, 51457.7578125, 51475.12890625, 51455.4140625, 51435.671875, 51393.86328125, 51365.390625, 51346.0703125, 51316.484375, 51276.546875, 51212.15625, 51070.44921875, 50819.9296875, 50316.76953125, 49521.09375, 49858.8359375, 49835.18359375, 49335.46484375, 49908.125, 50127.1875, 49769.46484375, 49094.3125, 49083.05078125, 49646.23046875, 50415.53125, 50428.703125, 49823.07421875, 49437.1953125, 49244.18359375, 49381.6796875, 50083.546875, 50091.15625, 49679.76171875, 49368.16015625, 50012.26171875, 50432.4296875, 50570.046875, 50437.921875, 50101.8828125, 49981.01953125, 50659.12890625, 50942.0078125, 51069.41796875, 51146.03125, 51183.8828125, 51190.4296875, 51169.015625, 51125.55859375, 51047.140625, 50940.1484375, 50742.171875, 50366.51171875, 49703.75, 49793.359375, 50917.9375, 51496.546875, 51914.28515625, 52213.76171875, 52462.73046875, 52681.77734375, 52923.28125]}