{"mean": [43069.4609375, 42642.131510416664, 42551.893229166664, 42952.05859375, 43553.0390625, 43830.786458333336, 44053.720052083336, 44313.786458333336, 44560.803385416664, 44739.350260416664, 44810.658854166664, 44935.365885416664, 45040.263020833336, 45059.42578125, 45067.141927083336, 45141.8671875, 45222.337239583336, 45286.26171875, 45196.736979166664, 44985.018229166664, 44649.00390625, 44422.69921875, 44424.55859375, 44624.68359375, 45080.473958333336, 45367.89453125, 45333.411458333336, 45335.166666666664, 45320.916666666664, 45267.837239583336, 45200.94921875, 45133.889322916664, 45063.305989583336, 44985.860677083336, 44925.3125, 44893.31640625, 44892.225260416664, 44906.915364583336, 44922.473958333336, 44921.786458333336, 44914.927083333336, 44916.733072916664, 44895.8203125, 44974.54296875, 45119.006510416664, 45227.498697916664, 45310.078125, 45377.927083333336, 45419.559895833336, 45433.94140625, 45408.803385416664, 45345.119791666664, 45204.934895833336, 45002.274739583336, 45063.661458333336, 45027.481770833336, 44861.10546875, 44957.71484375, 44867.076822916664, 44868.513020833336, 44757.979166666664, 44765.890625, 44868.348958333336, 45007.001302083336, 44984.005208333336, 44908.419270833336, 44857.7578125, 44839.772135416664, 44873.29296875, 45019.40234375, 44998.99609375, 44886.772135416664, 44804.725260416664, 44975.759114583336, 45081.84765625, 45131.180989583336, 45109.166666666664, 45025.6875, 44823.489583333336, 44777.110677083336, 44812.4140625, 44834.743489583336, 44861.696614583336, 44902.266927083336, 45061.897135416664, 45273.154947916664, 45474.049479166664, 45641.85546875, 45740.569010416664, 45688.279947916664, 45506.786458333336, 45234.63671875, 45127.838541666664, 45285.184895833336, 45331.79296875, 45382.884114583336, 45428.984375, 45486.040364583336, 45556.765625, 45649.272135416664], "upper": [46943.1796875, 45085.66796875, 44455.28125, 44461.41015625, 44486.359375, 44687.87890625, 45097.984375, 45644.921875, 46099.578125, 46426.546875, 46738.71875, 47226.15625, 47673.73828125, 48016.12890625, 48355.09375, 48937.49609375, 49657.1875, 49652.0234375, 49069.25, 48509.77734375, 48198.2109375, 48041.828125, 47893.8125, 47748.703125, 47559.03125, 47251.26171875, 46966.91015625, 46754.43359375, 46597.44140625, 46446.078125, 46292.546875, 46140.54296875, 45988.51171875, 45852.609375, 45784.1484375, 45758.44140625, 45750.49609375, 45743.89453125, 45733.53125, 45701.05078125, 45628.40625, 45572.546875, 45706.21875, 45823.3828125, 45938.578125, 46052.6640625, 46177.02734375, 46295.796875, 46378.49609375, 46435.171875, 46466.1015625, 46473.515625, 46453.15625, 46415.3828125, 46358.26171875, 46274.3359375, 46150.1328125, 46118.9140625, 46111.03515625, 46104.71484375, 46111.2421875, 46144.6015625, 46171.71484375, 46182.5234375, 46176.83203125, 46198.74609375, 46206.89453125, 46220.82421875, 46239.20703125, 46239.45703125, 46249.4140625, 46270.1171875, 46289.828125, 46313.375, 46307.2109375, 46292.76171875, 46254.98828125, 46183.41796875, 46113.9765625, 46104.203125, 46080.15625, 46049.91796875, 46014.6328125, 45992.3203125, 45981.66015625, 46360.53515625, 46984.515625, 47521.2109375, 47850.921875, 47783.19921875, 47461.4765625, 47076.05078125, 46684.06640625, 46407.08203125, 46184.73046875, 46086.10546875, 46074.04296875, 46070.9453125, 46152.58203125, 46277.1796875], "lower": [41118.58984375, 41408.6796875, 41454.09765625, 42055.41015625, 42230.5390625, 42352.23046875, 42702.734375, 43025.1875, 43409.58984375, 43710.84375, 43697.1328125, 43678.7109375, 43661.30078125, 43506.84375, 43206.125, 42870.3515625, 42416.8359375, 42620.11328125, 43082.7421875, 43021.07421875, 42596.69921875, 42291.98828125, 42305.87890625, 42579.703125, 43116.8203125, 43480.3828125, 43704.5078125, 43867.52734375, 43959.33203125, 43965.23046875, 43888.328125, 43792.73828125, 43689.2265625, 43577.00390625, 43454.38671875, 43379.8359375, 43384.8125, 43451.01953125, 43531.69140625, 43590.45703125, 43632.0390625, 43647.4296875, 43639.9296875, 43631.484375, 43611.23046875, 43599.390625, 43592.4765625, 43578.859375, 43559.58984375, 43524.94921875, 43439.87890625, 43294.29296875, 42964.375, 42416.390625, 42674.890625, 42663.3984375, 42300.828125, 42730.39453125, 42895.0625, 42638.06640625, 42156.91015625, 42157.4609375, 42568.76953125, 43123.01953125, 43133.2109375, 42702.89453125, 42422.546875, 42277.66796875, 42366.37890625, 42866.36328125, 42861.171875, 42549.91796875, 42305.37890625, 42769.046875, 43034.71875, 43120.26171875, 43029.3671875, 42803.609375, 42719.83984375, 43167.375, 43345.0546875, 43419.02734375, 43466.51171875, 43490.484375, 43493.8828125, 43478.7578125, 43450.17578125, 43400.4375, 43336.35546875, 43214.94140625, 42962.62109375, 42506.53515625, 42570.73046875, 43327.47265625, 43709.74609375, 43977.4296875, 44165.87890625, 44318.640625, 44450.625, 44600.6015625]}