{"mean": [1076.4305826822917, 1079.4820149739583, 1078.7718098958333, 1076.4045003255208, 1072.8141682942708, 1069.0884806315105, 1066.788350423177, 1064.893310546875, 1063.5845540364583, 1063.2034912109375, 1062.8517049153645, 1062.043233235677, 1060.7672729492188, 1059.2804361979167, 1057.6163330078125, 1056.0201619466145, 1054.6712239583333, 1053.8243611653645, 1052.5721435546875, 1050.6717936197917, 1047.8607177734375, 1043.3006795247395, 1039.3156331380208, 1039.3384195963542, 1040.4145914713542, 1042.2870076497395, 1044.0060221354167, 1044.8365478515625, 1044.589823404948, 1043.7192993164062, 1042.7866617838542, 1041.9010823567708, 1040.916748046875, 1040.3042805989583, 1039.759501139323, 1039.2903442382812, 1038.9929606119792, 1038.8309122721355, 1038.8409423828125, 1038.9332478841145, 1039.054951985677, 1039.150858561198, 1038.9727376302083, 1038.2913208007812, 1037.1999104817708, 1036.0305989583333, 1035.091288248698, 1034.4161987304688, 1033.994140625, 1033.1551106770833, 1031.5103149414062, 1028.522928873698, 1023.2079467773438, 1019.4002888997396, 1019.0689290364584, 1018.3955688476562, 1017.7108968098959, 1017.2063191731771, 1017.1329752604166, 1017.9561157226562, 1019.0741780598959, 1019.0059407552084, 1018.6160481770834, 1017.8131306966146, 1017.23388671875, 1017.3663533528646, 1017.676513671875, 1018.0994669596354, 1018.6550699869791, 1018.7671712239584, 1017.9170328776041, 1017.7976277669271, 1018.3636474609375, 1018.7680257161459, 1018.3212076822916, 1018.3598225911459, 1018.9045613606771, 1018.9593912760416, 1018.4723103841146, 1018.044189453125, 1017.9606526692709, 1018.2315063476562, 1018.3795166015625, 1018.2257893880209, 1018.0114339192709, 1017.79833984375, 1017.9554036458334, 1018.2648315429688, 1017.9483439127604, 1018.0333658854166, 1018.5875040690104, 1018.3661092122396, 1017.8549194335938, 1017.9624633789062, 1017.7913004557291, 1017.8189493815104, 1018.5748291015625, 1018.6199747721354, 1017.7184041341146, 1017.6284790039062], "upper": [1103.1148681640625, 1102.323486328125, 1101.42138671875, 1100.4630126953125, 1099.638916015625, 1098.99365234375, 1098.5601806640625, 1098.0565185546875, 1097.20751953125, 1096.3389892578125, 1095.348388671875, 1094.2618408203125, 1092.9930419921875, 1091.76953125, 1090.470458984375, 1089.4537353515625, 1088.647216796875, 1088.1668701171875, 1087.835693359375, 1087.6033935546875, 1087.43798828125, 1087.358642578125, 1087.3753662109375, 1087.37158203125, 1087.4429931640625, 1087.4981689453125, 1087.4832763671875, 1087.3121337890625, 1087.048828125, 1086.690185546875, 1086.260498046875, 1085.787109375, 1085.254638671875, 1084.68603515625, 1084.103515625, 1083.56005859375, 1083.016845703125, 1082.5855712890625, 1082.0689697265625, 1081.423095703125, 1080.6075439453125, 1079.362548828125, 1077.709228515625, 1076.1702880859375, 1074.7615966796875, 1072.862548828125, 1070.7171630859375, 1068.193603515625, 1065.6707763671875, 1062.353515625, 1057.5048828125, 1049.2022705078125, 1033.4244384765625, 1020.637939453125, 1019.8741455078125, 1019.5484008789062, 1018.4022216796875, 1017.704833984375, 1017.8919067382812, 1018.765625, 1020.0171508789062, 1019.2489013671875, 1019.2346801757812, 1018.3994140625, 1017.7451782226562, 1018.2376708984375, 1018.1106567382812, 1018.5023193359375, 1018.8403930664062, 1019.6224975585938, 1018.5081176757812, 1018.5587158203125, 1019.5443725585938, 1020.4856567382812, 1019.6838989257812, 1018.903564453125, 1019.751708984375, 1020.0943603515625, 1019.5625, 1019.0440673828125, 1019.0379638671875, 1019.2674560546875, 1019.2484741210938, 1018.7012939453125, 1018.5916748046875, 1018.0960083007812, 1019.1005859375, 1019.4710693359375, 1018.403076171875, 1018.2215576171875, 1019.4223022460938, 1018.9182739257812, 1018.0353393554688, 1018.9104614257812, 1018.4798583984375, 1017.9947509765625, 1019.66845703125, 1019.7078247070312, 1017.9462890625, 1017.7232666015625], "lower": [1028.71044921875, 1040.3662109375, 1041.3546142578125, 1037.5059814453125, 1029.7669677734375, 1021.7439575195312, 1018.4740600585938, 1017.3787841796875, 1018.2960205078125, 1019.89013671875, 1021.1115112304688, 1021.0809936523438, 1020.2301635742188, 1019.6593017578125, 1019.232666015625, 1019.0288696289062, 1018.95947265625, 1019.4100952148438, 1019.271240234375, 1018.3990478515625, 1017.1522216796875, 1016.2066040039062, 1014.5582885742188, 1013.799072265625, 1015.64013671875, 1019.5694580078125, 1020.6635131835938, 1020.8468017578125, 1019.8135375976562, 1018.4909057617188, 1017.6700439453125, 1017.329833984375, 1017.4348754882812, 1017.875732421875, 1016.59619140625, 1015.3917846679688, 1015.3291015625, 1016.09033203125, 1017.0769653320312, 1016.6483764648438, 1016.8930053710938, 1017.7713623046875, 1018.7569580078125, 1018.6372680664062, 1017.547607421875, 1016.7131958007812, 1016.5396728515625, 1017.2086791992188, 1018.1300659179688, 1018.5188598632812, 1018.0715942382812, 1017.1953735351562, 1017.0777587890625, 1018.540283203125, 1017.5106201171875, 1016.5364379882812, 1016.3831176757812, 1016.9498901367188, 1016.5194091796875, 1016.8173828125, 1018.0454711914062, 1018.6346435546875, 1017.7582397460938, 1016.9085693359375, 1016.729736328125, 1016.8045654296875, 1017.107421875, 1017.8524169921875, 1018.5223999023438, 1017.9898071289062, 1017.3358154296875, 1016.8165283203125, 1016.90380859375, 1017.41552734375, 1017.5867309570312, 1018.0443115234375, 1018.2879638671875, 1018.0819091796875, 1017.6644897460938, 1017.4422607421875, 1016.9523315429688, 1017.4248657226562, 1017.8360595703125, 1017.6624755859375, 1017.5250244140625, 1017.6329345703125, 1016.9517822265625, 1017.2890625, 1017.66552734375, 1017.6869506835938, 1017.7650756835938, 1017.9388427734375, 1017.6455078125, 1017.2853393554688, 1017.3252563476562, 1017.6883544921875, 1017.956298828125, 1017.8800048828125, 1017.4710693359375, 1017.450439453125]}