{"mean": [1808.7923177083333, 1808.6885172526042, 1805.7144368489583, 1795.6833089192708, 1785.3931477864583, 1774.5809733072917, 1770.1195475260417, 1757.309814453125, 1747.981201171875, 1739.1695149739583, 1736.9068196614583, 1735.5645345052083, 1732.9113362630208, 1733.2779947916667, 1731.0322672526042, 1725.7540283203125, 1723.8055826822917, 1727.1880696614583, 1730.6549479166667, 1736.6678059895833, 1735.1954752604167, 1728.7498372395833, 1725.8402099609375, 1723.8372395833333, 1726.5262451171875, 1724.97314453125, 1724.4745686848958, 1724.7423095703125, 1725.0218912760417, 1723.4853108723958, 1723.5075276692708, 1721.7933349609375, 1720.9818115234375, 1720.3291015625, 1721.2590738932292, 1719.2922770182292, 1718.0207112630208, 1716.8251546223958, 1714.6691080729167, 1714.5420735677083, 1714.9646402994792, 1714.1741129557292, 1715.9281412760417, 1714.641845703125, 1714.3192138671875, 1711.5015869140625, 1706.8284098307292, 1705.605712890625, 1706.91162109375, 1708.2452392578125, 1709.1396484375, 1711.2989908854167, 1707.9684244791667, 1703.4852701822917, 1703.7422688802083, 1703.5986735026042, 1703.8311767578125, 1702.217529296875, 1702.2511393229167, 1701.3829752604167, 1702.0148518880208, 1701.2647298177083, 1701.7585042317708, 1702.2766520182292, 1702.0923665364583, 1701.2041015625, 1703.2808430989583, 1703.9710693359375, 1704.376220703125, 1703.4964192708333, 1703.4763590494792, 1702.7525227864583, 1703.5272623697917, 1704.3486735026042, 1703.3466389973958, 1703.4732259114583, 1703.5441487630208, 1704.3074951171875, 1703.1049397786458, 1702.9401448567708, 1701.9616292317708, 1702.9974365234375, 1703.3427734375, 1702.8011881510417, 1703.1567789713542, 1702.9087320963542, 1701.9803059895833, 1702.4274495442708, 1703.5086669921875, 1703.3177490234375, 1703.3614501953125, 1704.052734375, 1703.2831624348958, 1703.6289469401042, 1703.4595540364583, 1704.1167399088542, 1704.1241048177083, 1704.1164957682292, 1703.3888753255208, 1703.3488362630208], "upper": [1860.6273193359375, 1852.3863525390625, 1851.2467041015625, 1838.620361328125, 1826.0947265625, 1814.050048828125, 1808.5638427734375, 1805.3408203125, 1798.76318359375, 1790.92822265625, 1788.241943359375, 1786.990478515625, 1787.5283203125, 1786.0179443359375, 1785.1046142578125, 1781.748046875, 1777.5184326171875, 1776.89892578125, 1776.451171875, 1777.2564697265625, 1776.40673828125, 1775.6197509765625, 1775.176025390625, 1773.9876708984375, 1772.904052734375, 1770.493896484375, 1768.249755859375, 1769.165283203125, 1767.613037109375, 1766.7156982421875, 1763.8043212890625, 1762.0634765625, 1762.5517578125, 1761.339599609375, 1758.7962646484375, 1754.4473876953125, 1750.0367431640625, 1745.9056396484375, 1742.335693359375, 1741.806884765625, 1739.06689453125, 1735.92578125, 1740.8387451171875, 1738.8486328125, 1739.7484130859375, 1731.6708984375, 1716.504638671875, 1711.7911376953125, 1716.543701171875, 1721.7802734375, 1721.4625244140625, 1730.51025390625, 1721.736083984375, 1705.4671630859375, 1706.4385986328125, 1706.6856689453125, 1705.447509765625, 1703.68994140625, 1703.213623046875, 1703.68994140625, 1704.0693359375, 1703.134033203125, 1703.016357421875, 1703.588134765625, 1702.7423095703125, 1702.4945068359375, 1703.78955078125, 1704.88671875, 1705.307373046875, 1704.804931640625, 1704.5716552734375, 1704.05908203125, 1704.87939453125, 1706.1119384765625, 1704.445556640625, 1703.7078857421875, 1704.0113525390625, 1705.8211669921875, 1704.13916015625, 1703.3016357421875, 1702.6435546875, 1703.14990234375, 1703.56298828125, 1703.1990966796875, 1703.519775390625, 1703.197998046875, 1702.609375, 1703.292236328125, 1704.141357421875, 1704.10986328125, 1704.2596435546875, 1704.3133544921875, 1703.8876953125, 1704.5416259765625, 1704.08642578125, 1704.3077392578125, 1704.5196533203125, 1704.515869140625, 1704.2220458984375, 1704.2183837890625], "lower": [1717.11474609375, 1736.265869140625, 1737.942626953125, 1727.7635498046875, 1714.2586669921875, 1703.3974609375, 1704.4295654296875, 1702.280517578125, 1704.1495361328125, 1700.925537109375, 1699.73681640625, 1699.8349609375, 1698.0909423828125, 1702.1322021484375, 1702.6278076171875, 1696.8319091796875, 1695.7274169921875, 1698.4781494140625, 1700.7313232421875, 1702.7489013671875, 1701.404296875, 1701.404541015625, 1700.561767578125, 1696.901123046875, 1702.0111083984375, 1702.1693115234375, 1701.7843017578125, 1702.2528076171875, 1702.7862548828125, 1701.38134765625, 1702.696533203125, 1701.525634765625, 1697.9957275390625, 1698.2120361328125, 1702.256103515625, 1701.51025390625, 1701.8616943359375, 1701.67529296875, 1700.291748046875, 1700.788330078125, 1702.6226806640625, 1702.6710205078125, 1703.0462646484375, 1701.1363525390625, 1700.8665771484375, 1700.8277587890625, 1701.0252685546875, 1701.7423095703125, 1702.08203125, 1701.4066162109375, 1702.625, 1700.952880859375, 1700.5994873046875, 1701.2354736328125, 1701.2537841796875, 1701.7425537109375, 1702.314208984375, 1701.0797119140625, 1701.1026611328125, 1699.89599609375, 1699.9852294921875, 1700.1298828125, 1699.516357421875, 1701.0479736328125, 1701.49951171875, 1700.3082275390625, 1702.986083984375, 1703.371826171875, 1703.2803955078125, 1701.8798828125, 1701.770751953125, 1702.078857421875, 1702.483154296875, 1703.14208984375, 1702.68017578125, 1703.1143798828125, 1702.634033203125, 1703.125732421875, 1702.1343994140625, 1702.492431640625, 1701.0784912109375, 1702.8018798828125, 1703.1834716796875, 1702.1905517578125, 1702.923095703125, 1702.5233154296875, 1701.1416015625, 1701.2735595703125, 1702.840087890625, 1702.55810546875, 1702.31103515625, 1703.8743896484375, 1702.883056640625, 1702.654541015625, 1702.5426025390625, 1703.9853515625, 1703.696044921875, 1703.7623291015625, 1701.9049072265625, 1701.9888916015625]}