{"mean": [5764.900716145833, 5725.966634114583, 5697.925130208333, 5677.749186197917, 5660.642903645833, 5645.345540364583, 5630.71142578125, 5613.09619140625, 5595.2001953125, 5579.286295572917, 5572.461751302083, 5572.5234375, 5574.682779947917, 5577.327473958333, 5579.234049479167, 5581.144368489583, 5582.44677734375, 5583.643717447917, 5585.592447916667, 5587.748697916667, 5589.28125, 5589.780924479167, 5590.201171875, 5590.237955729167, 5589.698567708333, 5589.508626302083, 5588.836263020833, 5587.776529947917, 5586.7275390625, 5585.8173828125, 5585.104329427083, 5584.22265625, 5583.435872395833, 5582.861653645833, 5582.403645833333, 5582.06005859375, 5581.749186197917, 5580.97900390625, 5580.217610677083, 5579.609375, 5579.174641927083, 5578.656087239583, 5578.1669921875, 5577.638346354167, 5576.952962239583, 5576.105305989583, 5575.199055989583, 5574.57177734375, 5574.1806640625, 5573.725748697917, 5573.397623697917, 5573.0888671875, 5572.860677083333, 5572.8203125, 5572.580240885417, 5571.92041015625, 5570.967122395833, 5569.772298177083, 5568.807942708333, 5567.887369791667, 5567.382161458333, 5566.90283203125, 5566.060872395833, 5565.203938802083, 5564.774576822917, 5564.58056640625, 5564.599934895833, 5564.7890625, 5564.8623046875, 5564.79638671875, 5564.547688802083, 5564.011881510417, 5563.356282552083, 5563.101236979167, 5563.088541666667, 5563.038736979167, 5562.953938802083, 5562.76171875, 5562.629231770833, 5562.541178385417, 5562.595703125, 5562.62255859375, 5562.741861979167, 5562.832356770833, 5562.900390625, 5562.97314453125, 5562.92529296875, 5562.927408854167, 5562.82080078125, 5562.778645833333, 5562.753580729167, 5562.747233072917, 5562.723470052083, 5562.738118489583, 5562.754069010417, 5562.790364583333, 5562.839029947917, 5562.874186197917, 5562.89404296875, 5562.896321614583], "upper": [6042.02392578125, 5949.9638671875, 5884.19140625, 5836.98876953125, 5798.783203125, 5763.77685546875, 5725.3125, 5678.990234375, 5632.41162109375, 5586.623046875, 5578.6455078125, 5578.7900390625, 5580.458984375, 5582.27197265625, 5583.4658203125, 5584.9892578125, 5588.63916015625, 5592.3291015625, 5597.89794921875, 5604.5302734375, 5609.46240234375, 5611.271484375, 5612.21923828125, 5611.79443359375, 5609.837890625, 5608.296875, 5606.5517578125, 5605.06689453125, 5604.03857421875, 5602.822265625, 5601.345703125, 5599.74951171875, 5598.02392578125, 5596.0771484375, 5594.27197265625, 5592.86474609375, 5591.64697265625, 5589.0068359375, 5586.5888671875, 5584.8642578125, 5583.4423828125, 5581.59716796875, 5579.73828125, 5578.15771484375, 5578.17529296875, 5578.21728515625, 5578.42041015625, 5578.75146484375, 5579.15625, 5579.46484375, 5579.4248046875, 5579.09814453125, 5578.8271484375, 5578.634765625, 5578.48828125, 5578.35205078125, 5578.3720703125, 5578.52490234375, 5578.6845703125, 5578.865234375, 5579.04150390625, 5579.04150390625, 5578.9345703125, 5578.72705078125, 5578.62060546875, 5578.52197265625, 5578.52490234375, 5578.6240234375, 5578.7763671875, 5578.91455078125, 5579.04296875, 5578.9736328125, 5578.80029296875, 5578.62744140625, 5578.52294921875, 5578.4052734375, 5578.3740234375, 5578.390625, 5578.46728515625, 5578.52294921875, 5578.54443359375, 5578.466796875, 5578.4794921875, 5578.546875, 5578.6064453125, 5578.72021484375, 5578.828125, 5578.9453125, 5578.87255859375, 5578.77099609375, 5578.66259765625, 5578.6103515625, 5578.60302734375, 5578.626953125, 5578.708984375, 5578.7578125, 5578.7841796875, 5578.8271484375, 5578.77197265625, 5578.72265625], "lower": [5618.56591796875, 5604.41650390625, 5591.990234375, 5585.11669921875, 5580.76171875, 5578.32080078125, 5580.619140625, 5577.5732421875, 5571.1162109375, 5571.27099609375, 5566.4892578125, 5565.94970703125, 5569.427734375, 5574.83056640625, 5574.92138671875, 5574.13818359375, 5573.57666015625, 5573.13818359375, 5573.2822265625, 5573.3154296875, 5573.24072265625, 5573.4541015625, 5574.3623046875, 5575.5390625, 5576.93798828125, 5578.552734375, 5579.23779296875, 5578.13818359375, 5576.16552734375, 5574.609375, 5574.19189453125, 5573.54638671875, 5572.9296875, 5573.173828125, 5573.38916015625, 5573.45166015625, 5573.6005859375, 5574.1064453125, 5574.59765625, 5575.0107421875, 5575.65380859375, 5576.20703125, 5576.669921875, 5577.06005859375, 5575.1923828125, 5572.23828125, 5569.14013671875, 5566.8310546875, 5564.86767578125, 5563.16943359375, 5562.3134765625, 5561.7724609375, 5561.7998046875, 5562.01123046875, 5561.9677734375, 5561.9462890625, 5561.67626953125, 5561.1328125, 5560.6630859375, 5559.75439453125, 5559.2001953125, 5558.6494140625, 5558.177734375, 5557.90771484375, 5557.576171875, 5557.40478515625, 5557.24951171875, 5557.23876953125, 5557.119140625, 5557.005859375, 5556.95703125, 5556.2001953125, 5554.7177734375, 5554.34130859375, 5554.57080078125, 5554.84912109375, 5554.9248046875, 5554.6826171875, 5554.5556640625, 5554.50390625, 5554.4208984375, 5554.384765625, 5554.42041015625, 5554.3603515625, 5554.40380859375, 5554.51904296875, 5554.541015625, 5554.56201171875, 5554.56689453125, 5554.55029296875, 5554.57861328125, 5554.59912109375, 5554.55859375, 5554.58740234375, 5554.5283203125, 5554.5400390625, 5554.57080078125, 5554.65625, 5554.70263671875, 5554.7490234375]}