{"mean": [5927.701171875, 5905.936360677083, 5889.431803385417, 5876.384114583333, 5864.386881510417, 5849.62548828125, 5835.1884765625, 5822.9501953125, 5811.948893229167, 5801.6220703125, 5792.272786458333, 5784.235514322917, 5776.904134114583, 5768.995279947917, 5761.89697265625, 5755.819986979167, 5751.510416666667, 5749.439290364583, 5748.076171875, 5745.99658203125, 5744.681477864583, 5744.117024739583, 5744.15380859375, 5744.741861979167, 5745.297200520833, 5745.611002604167, 5745.85205078125, 5745.56640625, 5744.826985677083, 5744.111979166667, 5743.269368489583, 5742.521647135417, 5741.587727864583, 5740.46728515625, 5739.47705078125, 5738.71435546875, 5737.90087890625, 5737.065266927083, 5736.458821614583, 5735.85791015625, 5735.286458333333, 5734.572428385417, 5733.983235677083, 5733.31298828125, 5732.6455078125, 5731.957356770833, 5731.34375, 5730.68701171875, 5730.16357421875, 5729.5556640625, 5729.068359375, 5728.563639322917, 5728.143229166667, 5727.697102864583, 5727.218912760417, 5726.964029947917, 5726.677571614583, 5726.41796875, 5726.269205729167, 5726.113932291667, 5726.021321614583, 5726.108235677083, 5726.1572265625, 5726.201497395833, 5726.274088541667, 5726.399576822917, 5726.491861979167, 5726.581217447917, 5726.675130208333, 5726.74462890625, 5726.754231770833, 5726.7783203125, 5726.742513020833, 5726.724772135417, 5726.670735677083, 5726.635091145833, 5726.538899739583, 5726.4501953125, 5726.3515625, 5726.233723958333, 5726.169596354167, 5726.12744140625, 5726.062825520833, 5725.994140625, 5725.919921875, 5725.85888671875, 5725.80029296875, 5725.7666015625, 5725.751953125, 5725.7294921875, 5725.712890625, 5725.675618489583, 5725.682779947917, 5725.670572916667, 5725.642903645833, 5725.595377604167, 5725.545735677083, 5725.527506510417, 5725.48974609375, 5725.452473958333], "upper": [6244.1806640625, 6186.53466796875, 6139.08349609375, 6101.37451171875, 6065.90380859375, 6022.61181640625, 5980.23388671875, 5945.0966796875, 5914.27978515625, 5886.142578125, 5861.0029296875, 5839.517578125, 5820.130859375, 5798.96533203125, 5780.54931640625, 5765.29443359375, 5755.36083984375, 5752.23828125, 5750.7353515625, 5747.248046875, 5745.4697265625, 5746.12109375, 5748.61083984375, 5752.33740234375, 5755.65625, 5758.630859375, 5761.0009765625, 5762.48193359375, 5762.826171875, 5762.279296875, 5761.1416015625, 5760.0654296875, 5758.97314453125, 5757.3876953125, 5755.8828125, 5754.568359375, 5753.30517578125, 5751.9609375, 5751.07421875, 5750.1513671875, 5749.2861328125, 5748.30322265625, 5747.69677734375, 5746.96044921875, 5746.31494140625, 5745.8759765625, 5745.6015625, 5745.2646484375, 5744.92724609375, 5744.640625, 5744.5419921875, 5744.32275390625, 5744.20556640625, 5744.0029296875, 5743.81591796875, 5743.70263671875, 5743.6103515625, 5743.5693359375, 5743.4208984375, 5743.25244140625, 5743.06005859375, 5743.01318359375, 5742.919921875, 5742.7763671875, 5742.65234375, 5742.5263671875, 5742.3876953125, 5742.267578125, 5742.181640625, 5742.10986328125, 5741.91357421875, 5741.81884765625, 5741.7275390625, 5741.6513671875, 5741.54443359375, 5741.541015625, 5741.4375, 5741.271484375, 5741.2314453125, 5741.05078125, 5741.0673828125, 5741.02490234375, 5740.962890625, 5740.9736328125, 5740.865234375, 5740.80029296875, 5740.75244140625, 5740.673828125, 5740.64404296875, 5740.5, 5740.3994140625, 5740.29833984375, 5740.21044921875, 5740.08935546875, 5739.966796875, 5739.810546875, 5739.67138671875, 5739.55322265625, 5739.38671875, 5739.2998046875], "lower": [5758.306640625, 5754.810546875, 5754.78955078125, 5755.44873046875, 5757.11572265625, 5757.8759765625, 5758.244140625, 5758.43603515625, 5758.2666015625, 5757.376953125, 5756.25390625, 5755.23388671875, 5754.10546875, 5752.890625, 5751.61279296875, 5750.38525390625, 5749.19580078125, 5747.86474609375, 5746.74365234375, 5745.18408203125, 5743.9326171875, 5742.5263671875, 5741.21337890625, 5739.91162109375, 5739.09375, 5737.576171875, 5736.45703125, 5734.82373046875, 5733.0634765625, 5732.26171875, 5731.52880859375, 5730.99755859375, 5730.3984375, 5729.65185546875, 5729.23388671875, 5729.13916015625, 5728.74658203125, 5728.19580078125, 5727.5302734375, 5727.0, 5726.4267578125, 5725.7333984375, 5725.001953125, 5724.32568359375, 5723.4833984375, 5722.568359375, 5721.638671875, 5720.736328125, 5720.0244140625, 5719.2705078125, 5718.8525390625, 5718.42333984375, 5718.16552734375, 5717.90283203125, 5717.58740234375, 5717.47119140625, 5717.39453125, 5717.34130859375, 5717.40087890625, 5717.45458984375, 5717.4609375, 5717.3896484375, 5717.359375, 5717.3544921875, 5717.47607421875, 5717.68798828125, 5717.9287109375, 5718.09326171875, 5718.318359375, 5718.44775390625, 5718.6298828125, 5718.80078125, 5718.849609375, 5719.0048828125, 5719.09326171875, 5719.12548828125, 5719.01904296875, 5718.9072265625, 5718.7080078125, 5718.5576171875, 5718.4052734375, 5718.36181640625, 5718.31884765625, 5718.2421875, 5718.24951171875, 5718.2939453125, 5718.29052734375, 5718.3046875, 5718.22509765625, 5718.1552734375, 5718.1630859375, 5718.1455078125, 5718.18359375, 5718.2548828125, 5718.29296875, 5718.318359375, 5718.3740234375, 5718.4853515625, 5718.52587890625, 5718.46435546875]}