{"mean": [4254.7021484375, 4241.996744791667, 4235.42138671875, 4219.701822916667, 4211.671712239583, 4203.514973958333, 4199.314778645833, 4196.66455078125, 4186.88818359375, 4183.765299479167, 4182.7861328125, 4181.396809895833, 4185.7744140625, 4192.558756510417, 4199.153645833333, 4195.82177734375, 4196.3173828125, 4198.264973958333, 4194.2841796875, 4192.057454427083, 4190.968098958333, 4189.78076171875, 4190.357096354167, 4189.393880208333, 4190.359537760417, 4188.572265625, 4188.091959635417, 4190.131998697917, 4191.525553385417, 4188.409830729167, 4187.337565104167, 4186.234375, 4186.47900390625, 4183.75048828125, 4187.000813802083, 4185.850260416667, 4190.277994791667, 4189.2783203125, 4186.10009765625, 4183.615885416667, 4184.014485677083, 4185.069173177083, 4189.087076822917, 4188.27783203125, 4189.302897135417, 4185.5556640625, 4185.57763671875, 4186.825032552083, 4189.048990885417, 4187.734375, 4184.984700520833, 4183.10546875, 4182.068684895833, 4183.371419270833, 4182.888834635417, 4184.349446614583, 4181.8154296875, 4182.98876953125, 4181.75927734375, 4184.118489583333, 4187.807291666667, 4186.33349609375, 4189.046061197917, 4189.2568359375, 4189.377766927083, 4189.936360677083, 4189.177571614583, 4187.009928385417, 4184.2431640625, 4183.1904296875, 4182.933268229167, 4183.856608072917, 4184.264485677083, 4188.135904947917, 4189.99951171875, 4190.06787109375, 4189.79833984375, 4189.339192708333, 4186.861002604167, 4188.503092447917, 4189.634765625, 4190.731282552083, 4191.263020833333, 4193.2587890625, 4191.945963541667, 4192.341471354167, 4192.91845703125, 4193.71337890625, 4191.931640625, 4189.829264322917, 4188.237467447917, 4187.93701171875, 4188.251790364583, 4189.2001953125, 4190.524576822917, 4192.744791666667, 4192.378580729167, 4192.242838541667, 4191.805826822917, 4191.80517578125], "upper": [4278.4453125, 4268.1533203125, 4270.04296875, 4254.90673828125, 4241.70068359375, 4231.9931640625, 4227.4560546875, 4232.89892578125, 4229.328125, 4227.7470703125, 4227.34521484375, 4227.52392578125, 4224.685546875, 4226.25146484375, 4226.1650390625, 4229.38232421875, 4229.50244140625, 4227.6982421875, 4229.09228515625, 4228.32373046875, 4226.3828125, 4225.6611328125, 4222.74853515625, 4222.2841796875, 4221.2119140625, 4216.28564453125, 4217.701171875, 4217.4208984375, 4218.04833984375, 4212.0888671875, 4211.96923828125, 4211.73828125, 4209.2138671875, 4213.0322265625, 4213.251953125, 4210.271484375, 4210.4990234375, 4209.5185546875, 4209.84228515625, 4206.708984375, 4206.3759765625, 4206.2958984375, 4209.86279296875, 4209.85595703125, 4209.20166015625, 4210.19140625, 4214.0244140625, 4213.70703125, 4213.9599609375, 4211.52392578125, 4207.94580078125, 4208.9716796875, 4207.005859375, 4206.2265625, 4202.37841796875, 4202.10009765625, 4202.69970703125, 4202.67919921875, 4201.76904296875, 4205.388671875, 4207.275390625, 4207.1669921875, 4208.50341796875, 4208.6572265625, 4208.373046875, 4208.6865234375, 4206.724609375, 4207.3662109375, 4203.53759765625, 4201.56884765625, 4201.35400390625, 4201.86376953125, 4203.505859375, 4204.822265625, 4206.6328125, 4206.50439453125, 4206.6240234375, 4206.90283203125, 4207.17822265625, 4205.70947265625, 4205.94970703125, 4207.81787109375, 4207.41552734375, 4207.19482421875, 4207.41455078125, 4207.62744140625, 4208.01953125, 4208.4931640625, 4208.42333984375, 4208.19140625, 4207.85302734375, 4207.96630859375, 4208.185546875, 4208.56982421875, 4208.53759765625, 4208.5810546875, 4208.2314453125, 4208.12548828125, 4208.21533203125, 4208.58154296875], "lower": [4227.14208984375, 4221.3896484375, 4206.6904296875, 4190.44970703125, 4173.21728515625, 4164.80615234375, 4155.76806640625, 4152.41064453125, 4143.2587890625, 4136.09033203125, 4128.8076171875, 4123.92138671875, 4133.56005859375, 4150.62548828125, 4169.619140625, 4156.0771484375, 4159.4609375, 4170.6318359375, 4163.19482421875, 4156.1328125, 4158.10595703125, 4155.873046875, 4159.70751953125, 4155.33935546875, 4155.1376953125, 4154.9765625, 4156.8291015625, 4161.77197265625, 4164.658203125, 4164.02490234375, 4156.98046875, 4156.4716796875, 4157.53564453125, 4150.44775390625, 4157.99169921875, 4155.41796875, 4170.732421875, 4169.654296875, 4159.3515625, 4154.46337890625, 4153.271484375, 4157.9150390625, 4165.74560546875, 4166.705078125, 4172.19140625, 4162.2734375, 4161.21826171875, 4165.82763671875, 4169.3837890625, 4166.080078125, 4160.3330078125, 4153.5634765625, 4153.11328125, 4156.21923828125, 4160.2724609375, 4164.5888671875, 4155.4013671875, 4158.19384765625, 4154.8603515625, 4157.701171875, 4162.720703125, 4157.80126953125, 4164.56787109375, 4164.7392578125, 4163.39599609375, 4162.572265625, 4162.00927734375, 4154.1015625, 4149.58349609375, 4147.30029296875, 4146.22705078125, 4148.86474609375, 4149.4033203125, 4158.75244140625, 4163.22216796875, 4163.00341796875, 4162.23876953125, 4160.75244140625, 4153.26220703125, 4157.0322265625, 4158.1826171875, 4160.5009765625, 4159.8359375, 4166.25390625, 4161.9619140625, 4162.7509765625, 4163.44287109375, 4165.224609375, 4159.958984375, 4154.06396484375, 4150.39599609375, 4148.2919921875, 4148.8837890625, 4150.78466796875, 4154.61865234375, 4161.72021484375, 4161.00830078125, 4161.3662109375, 4159.3857421875, 4158.8779296875]}