{"mean": [20978.249348958332, 20871.490885416668, 20799.065104166668, 20743.287760416668, 20689.634765625, 20649.01171875, 20609.762369791668, 20573.684895833332, 20537.440104166668, 20511.165364583332, 20502.065104166668, 20515.383463541668, 20536.184895833332, 20549.645833333332, 20548.971354166668, 20547.388020833332, 20544.651041666668, 20532.61328125, 20526.920572916668, 20518.214192708332, 20508.551432291668, 20502.694661458332, 20500.084635416668, 20497.817057291668, 20491.020182291668, 20492.774739583332, 20490.3984375, 20492.171223958332, 20502.692057291668, 20522.663411458332, 20541.529947916668, 20557.520833333332, 20570.18359375, 20575.638020833332, 20581.567057291668, 20587.884765625, 20595.910807291668, 20608.2421875, 20612.701822916668, 20617.000651041668, 20618.260416666668, 20620.029296875, 20621.697916666668, 20620.917317708332, 20627.50390625, 20639.4140625, 20650.83203125, 20658.339192708332, 20664.84375, 20666.788411458332, 20661.817708333332, 20660.804036458332, 20665.182942708332, 20672.03515625, 20680.169921875, 20690.342447916668, 20701.145182291668, 20712.741536458332, 20725.962890625, 20738.632161458332, 20749.893229166668, 20762.727213541668, 20777.469401041668, 20787.727864583332, 20796.735677083332, 20804.614583333332, 20809.346354166668, 20812.352213541668, 20813.094401041668, 20811.645182291668, 20809.166666666668, 20806.385416666668, 20802.570963541668, 20799.742838541668, 20796.663411458332, 20794.893229166668, 20794.886067708332, 20796.142578125, 20799.270833333332, 20803.869791666668, 20808.900390625, 20813.695963541668, 20817.490234375, 20819.913411458332, 20820.838541666668, 20821.000651041668, 20820.172526041668, 20819.0546875, 20818.168619791668, 20817.615234375, 20817.379557291668, 20817.667317708332, 20818.084635416668, 20818.734375, 20820.334635416668, 20821.949869791668, 20824.034505208332, 20826.208333333332, 20828.582682291668, 20830.555338541668], "upper": [21989.794921875, 21653.5390625, 21418.134765625, 21254.005859375, 21125.5078125, 21023.23046875, 20926.572265625, 20829.798828125, 20741.43359375, 20652.603515625, 20598.716796875, 20614.03515625, 20669.28125, 20701.787109375, 20687.630859375, 20671.09375, 20658.880859375, 20649.48828125, 20635.7421875, 20595.654296875, 20548.939453125, 20535.88671875, 20551.984375, 20576.041015625, 20597.912109375, 20623.14453125, 20649.505859375, 20675.412109375, 20702.71484375, 20727.72265625, 20752.755859375, 20777.681640625, 20799.9453125, 20816.341796875, 20834.5, 20853.67578125, 20871.5, 20908.77734375, 20923.291015625, 20937.357421875, 20950.49609375, 20962.8671875, 20974.416015625, 20985.978515625, 20996.126953125, 21005.7265625, 21015.58984375, 21023.6953125, 21030.87109375, 21037.203125, 21042.90234375, 21047.529296875, 21050.78515625, 21051.912109375, 21052.091796875, 21053.34375, 21054.080078125, 21054.3828125, 21054.4609375, 21053.5234375, 21050.9375, 21049.21875, 21047.001953125, 21044.94921875, 21043.296875, 21037.736328125, 21067.6796875, 21090.84765625, 21106.28515625, 21114.22265625, 21116.41015625, 21113.876953125, 21105.2578125, 21097.349609375, 21086.154296875, 21074.896484375, 21066.48046875, 21059.478515625, 21055.435546875, 21054.197265625, 21054.84765625, 21055.81640625, 21057.478515625, 21059.9765625, 21064.076171875, 21066.46484375, 21067.65234375, 21070.544921875, 21075.125, 21080.5078125, 21085.96484375, 21091.646484375, 21096.900390625, 21102.77734375, 21110.01171875, 21116.578125, 21123.6328125, 21130.50390625, 21136.947265625, 21142.013671875], "lower": [20440.806640625, 20461.65234375, 20484.890625, 20486.595703125, 20471.666015625, 20458.7265625, 20440.96875, 20430.03125, 20412.80078125, 20425.95703125, 20451.341796875, 20456.365234375, 20456.380859375, 20456.361328125, 20456.890625, 20457.771484375, 20459.259765625, 20461.224609375, 20464.41796875, 20468.013671875, 20471.302734375, 20476.521484375, 20464.716796875, 20427.47265625, 20378.1953125, 20348.119140625, 20307.478515625, 20280.9609375, 20279.61328125, 20311.314453125, 20341.28125, 20367.125, 20388.64453125, 20392.37109375, 20391.896484375, 20390.32421875, 20392.84765625, 20390.70703125, 20388.138671875, 20385.4375, 20375.712890625, 20369.84765625, 20364.94140625, 20361.375, 20359.810546875, 20359.947265625, 20362.1328125, 20364.462890625, 20368.1875, 20360.345703125, 20331.896484375, 20313.13671875, 20309.017578125, 20306.216796875, 20304.53125, 20303.681640625, 20303.7578125, 20305.064453125, 20307.8828125, 20311.490234375, 20319.6015625, 20327.96484375, 20335.83984375, 20341.228515625, 20343.35546875, 20342.224609375, 20337.76953125, 20332.248046875, 20325.658203125, 20318.466796875, 20312.3125, 20308.67578125, 20306.748046875, 20305.98046875, 20306.556640625, 20308.990234375, 20312.802734375, 20318.029296875, 20324.169921875, 20330.107421875, 20335.240234375, 20338.896484375, 20340.81640625, 20339.921875, 20336.67578125, 20332.087890625, 20326.06640625, 20319.029296875, 20313.396484375, 20308.42578125, 20305.314453125, 20304.046875, 20304.17578125, 20305.349609375, 20307.859375, 20311.265625, 20314.986328125, 20318.232421875, 20321.13671875, 20323.2265625]}