{"mean": [26800.174479166668, 26759.072265625, 26733.725911458332, 26709.436848958332, 26687.054036458332, 26667.762369791668, 26650.487630208332, 26633.346354166668, 26613.88671875, 26591.836588541668, 26567.703125, 26547.822265625, 26536.162109375, 26528.9453125, 26523.348307291668, 26518.884765625, 26515.998046875, 26515.544270833332, 26515.90234375, 26516.782552083332, 26516.085286458332, 26514.589192708332, 26514.928385416668, 26515.791015625, 26516.630208333332, 26518.515625, 26519.84765625, 26521.215494791668, 26522.138020833332, 26522.643229166668, 26523.099609375, 26523.491536458332, 26522.837239583332, 26521.912760416668, 26520.951822916668, 26520.263020833332, 26519.291666666668, 26518.953125, 26519.034505208332, 26519.184244791668, 26519.740234375, 26519.867838541668, 26519.563151041668, 26519.020182291668, 26518.100911458332, 26516.729817708332, 26514.241536458332, 26512.359375, 26510.3671875, 26508.293619791668, 26506.389322916668, 26504.82421875, 26503.34375, 26501.838541666668, 26500.526692708332, 26499.708984375, 26498.740885416668, 26497.774739583332, 26497.094401041668, 26496.795572916668, 26496.767578125, 26497.125651041668, 26497.649088541668, 26498.176432291668, 26498.406901041668, 26498.383463541668, 26497.875, 26497.479166666668, 26496.852213541668, 26496.539713541668, 26496.114583333332, 26495.6640625, 26495.42578125, 26495.05859375, 26494.988932291668, 26494.916015625, 26494.791666666668, 26494.735677083332, 26494.721354166668, 26494.688151041668, 26494.511067708332, 26494.619791666668, 26494.756510416668, 26494.753255208332, 26494.556640625, 26494.310546875, 26494.102213541668, 26493.770182291668, 26493.372395833332, 26492.974609375, 26492.692708333332, 26492.560546875, 26492.385416666668, 26492.145182291668, 26492.16796875, 26492.195963541668, 26492.197916666668, 26492.188151041668, 26492.227213541668, 26492.238932291668], "upper": [27167.3203125, 27066.388671875, 27006.505859375, 26950.20703125, 26901.310546875, 26859.828125, 26824.326171875, 26788.57421875, 26745.62109375, 26694.05859375, 26634.830078125, 26587.3203125, 26588.767578125, 26589.654296875, 26590.37890625, 26590.87890625, 26590.96484375, 26590.556640625, 26589.974609375, 26589.078125, 26587.837890625, 26586.1171875, 26584.2734375, 26582.337890625, 26579.5078125, 26576.9296875, 26573.390625, 26570.37890625, 26567.0625, 26563.6328125, 26560.361328125, 26563.912109375, 26567.36328125, 26568.880859375, 26570.181640625, 26572.232421875, 26573.876953125, 26576.6640625, 26579.46484375, 26582.54296875, 26586.53515625, 26589.7890625, 26592.029296875, 26593.439453125, 26593.177734375, 26591.9140625, 26589.181640625, 26585.40625, 26581.263671875, 26576.841796875, 26573.0078125, 26570.298828125, 26568.619140625, 26566.9765625, 26566.294921875, 26565.9453125, 26565.955078125, 26566.1953125, 26566.869140625, 26567.79296875, 26568.8125, 26569.796875, 26570.59375, 26571.12109375, 26570.98046875, 26570.296875, 26569.33203125, 26568.201171875, 26566.701171875, 26565.404296875, 26564.26953125, 26563.142578125, 26562.287109375, 26561.603515625, 26561.126953125, 26561.01171875, 26561.146484375, 26561.541015625, 26561.994140625, 26562.5078125, 26563.025390625, 26563.623046875, 26564.17578125, 26564.294921875, 26564.09765625, 26563.77734375, 26563.333984375, 26562.611328125, 26561.986328125, 26561.08984375, 26560.2890625, 26559.76953125, 26559.48046875, 26559.162109375, 26559.205078125, 26559.326171875, 26559.5234375, 26559.564453125, 26559.748046875, 26559.779296875], "lower": [26597.46484375, 26589.611328125, 26582.9453125, 26574.921875, 26564.48046875, 26552.353515625, 26539.0859375, 26524.779296875, 26510.03125, 26495.412109375, 26482.01953125, 26473.4765625, 26471.751953125, 26471.28515625, 26470.37109375, 26469.533203125, 26469.751953125, 26471.994140625, 26473.79296875, 26474.8359375, 26473.86328125, 26471.69921875, 26469.87890625, 26468.125, 26466.1796875, 26463.615234375, 26461.30078125, 26458.458984375, 26456.2265625, 26453.720703125, 26451.3984375, 26449.40234375, 26447.658203125, 26447.11328125, 26446.5859375, 26445.912109375, 26445.29296875, 26443.8359375, 26444.13671875, 26444.271484375, 26444.724609375, 26444.966796875, 26445.69921875, 26446.193359375, 26446.77734375, 26447.64453125, 26448.22265625, 26449.205078125, 26450.35546875, 26451.4375, 26452.38671875, 26453.64453125, 26455.025390625, 26456.099609375, 26457.046875, 26458.29296875, 26459.044921875, 26459.578125, 26460.033203125, 26460.69140625, 26460.423828125, 26460.04296875, 26460.52734375, 26461.29296875, 26461.896484375, 26462.216796875, 26461.693359375, 26461.3984375, 26461.005859375, 26461.005859375, 26460.814453125, 26460.634765625, 26460.451171875, 26460.431640625, 26460.421875, 26460.40625, 26460.724609375, 26460.580078125, 26460.65625, 26460.61328125, 26459.513671875, 26458.96484375, 26458.42578125, 26458.0390625, 26457.447265625, 26456.90625, 26456.685546875, 26456.53515625, 26456.103515625, 26455.984375, 26456.04296875, 26456.275390625, 26456.421875, 26456.37890625, 26456.73046875, 26456.8828125, 26456.75390625, 26456.884765625, 26457.01171875, 26457.04296875]}