{"mean": [922.7247924804688, 926.0651652018229, 929.282470703125, 930.0955403645834, 930.7077840169271, 931.1257120768229, 931.6543579101562, 932.3705444335938, 933.1283569335938, 933.5817057291666, 933.8807779947916, 934.2105102539062, 934.5585734049479, 934.9951171875, 935.3817342122396, 935.6556193033854, 935.9532267252604, 936.1395263671875, 936.1858723958334, 936.1299641927084, 936.4370524088541, 936.7546997070312, 937.0357259114584, 937.2704264322916, 937.3838500976562, 937.5919799804688, 937.7526448567709, 937.8728230794271, 938.0713500976562, 938.1087036132812, 938.0557047526041, 938.0458577473959, 938.0211791992188, 938.1014607747396, 938.0910034179688, 938.0284016927084, 937.9348551432291, 937.8122762044271, 937.6279907226562, 937.3989054361979, 937.3655192057291, 937.41455078125, 937.4588419596354, 937.4963989257812, 937.5383504231771, 937.5762939453125, 937.6136474609375, 937.634033203125, 937.6498006184896, 937.6683756510416, 937.6730346679688, 937.6785888671875, 937.676025390625, 937.6832478841146, 937.6882731119791, 937.6918538411459, 937.693359375, 937.6955769856771, 937.6949055989584, 937.695556640625, 937.6905924479166, 937.6879679361979, 937.68017578125, 937.6832885742188, 937.6773274739584, 937.6759847005209, 937.6708984375, 937.672119140625, 937.6703898111979, 937.6664632161459, 937.6604817708334, 937.6527709960938, 937.6516316731771, 937.6516316731771, 937.6471557617188, 937.6431884765625, 937.6414184570312, 937.6433308919271, 937.6455688476562, 937.6486206054688, 937.6514485677084, 937.6577351888021, 937.6656697591146, 937.6762898763021, 937.6836344401041, 937.6947835286459, 937.7049357096354, 937.7143758138021, 937.7261759440104, 937.7383626302084, 937.74853515625, 937.7576293945312, 937.765625, 937.7764282226562, 937.7855834960938, 937.8003133138021, 937.8075154622396, 937.8152465820312, 937.8248087565104, 937.8338623046875], "upper": [939.70068359375, 940.2135620117188, 940.83154296875, 941.368408203125, 941.5, 941.63232421875, 941.69873046875, 941.760009765625, 941.8233032226562, 941.8594970703125, 941.9188842773438, 941.9712524414062, 942.019775390625, 942.0543212890625, 942.1277465820312, 942.1576538085938, 942.176513671875, 942.2106323242188, 942.23291015625, 942.2662353515625, 942.2969360351562, 942.3405151367188, 942.3916625976562, 942.447509765625, 942.5223388671875, 942.5980834960938, 942.6437377929688, 942.6968994140625, 942.7382202148438, 942.7914428710938, 942.8677978515625, 942.8911743164062, 942.9566650390625, 943.0194091796875, 943.0791015625, 943.146728515625, 943.2061767578125, 943.272705078125, 943.2792358398438, 943.3038330078125, 943.393310546875, 943.4561157226562, 943.5147094726562, 943.5428466796875, 943.5858154296875, 943.6179809570312, 943.6487426757812, 943.629638671875, 943.6078491210938, 943.5866088867188, 943.537353515625, 943.4946899414062, 943.4277954101562, 943.389892578125, 943.3491821289062, 943.3082275390625, 943.2747802734375, 943.233642578125, 943.1948852539062, 943.1586303710938, 943.1055908203125, 943.0740356445312, 943.027099609375, 943.0087280273438, 942.9698486328125, 942.939697265625, 942.90576171875, 942.8909912109375, 942.8690185546875, 942.846923828125, 942.817138671875, 942.7859497070312, 942.771240234375, 942.7625122070312, 942.7396240234375, 942.7197875976562, 942.7041015625, 942.6968994140625, 942.6889038085938, 942.681396484375, 942.6724853515625, 942.6730346679688, 942.66943359375, 942.6801147460938, 942.6744995117188, 942.6781005859375, 942.680908203125, 942.685546875, 942.6947631835938, 942.697998046875, 942.6964721679688, 942.6934814453125, 942.6983642578125, 942.7054443359375, 942.7089233398438, 942.7154541015625, 942.7172241210938, 942.7162475585938, 942.716552734375, 942.7183227539062], "lower": [893.3019409179688, 902.59326171875, 911.1336669921875, 912.4638671875, 913.6212768554688, 914.300537109375, 915.4873657226562, 917.3228759765625, 919.331298828125, 920.5091552734375, 921.2952270507812, 922.2539672851562, 923.3138427734375, 924.7147216796875, 926.0237426757812, 927.123291015625, 928.3907470703125, 929.39697265625, 930.1539916992188, 930.70654296875, 931.3612670898438, 932.026123046875, 932.6041870117188, 933.1217651367188, 933.6014404296875, 934.071044921875, 934.4405517578125, 934.7437133789062, 934.95654296875, 935.0281372070312, 934.9999389648438, 934.9089965820312, 934.7447509765625, 934.525634765625, 934.283935546875, 933.984130859375, 933.631591796875, 933.1978149414062, 932.640625, 931.9362182617188, 931.7532958984375, 931.8309326171875, 931.9080200195312, 931.9869995117188, 932.0703125, 932.1473388671875, 932.2218017578125, 932.2871704101562, 932.3482666015625, 932.4073486328125, 932.4547119140625, 932.4978637695312, 932.5327758789062, 932.5714721679688, 932.596435546875, 932.6279296875, 932.6539306640625, 932.6734619140625, 932.689453125, 932.7056884765625, 932.7208251953125, 932.7338256835938, 932.7457275390625, 932.7548217773438, 932.7605590820312, 932.7672119140625, 932.770263671875, 932.77880859375, 932.7840576171875, 932.7864379882812, 932.790771484375, 932.7918090820312, 932.7940673828125, 932.7985229492188, 932.8030395507812, 932.8089599609375, 932.8165893554688, 932.8246459960938, 932.8357543945312, 932.844482421875, 932.85546875, 932.8651123046875, 932.8768310546875, 932.892333984375, 932.9093627929688, 932.927978515625, 932.9434204101562, 932.955322265625, 932.9713134765625, 932.9912719726562, 933.0119018554688, 933.0358276367188, 933.0472412109375, 933.0653076171875, 933.0806884765625, 933.103271484375, 933.1189575195312, 933.1361694335938, 933.1500854492188, 933.1649780273438]}