{"mean": [5379.706380208333, 5423.65576171875, 5462.816243489583, 5496.513997395833, 5525.816731770833, 5552.125813802083, 5578.97900390625, 5606.21630859375, 5632.952473958333, 5658.40966796875, 5682.096842447917, 5704.130045572917, 5723.97509765625, 5741.409016927083, 5755.449869791667, 5767.540852864583, 5777.967122395833, 5786.498860677083, 5793.880533854167, 5799.301595052083, 5804.77099609375, 5807.62353515625, 5809.688639322917, 5810.825846354167, 5810.909993489583, 5811.896484375, 5813.147298177083, 5814.62109375, 5817.115071614583, 5817.956868489583, 5817.568359375, 5818.135579427083, 5819.1796875, 5821.53076171875, 5823.0712890625, 5824.481119791667, 5825.712076822917, 5827.1943359375, 5829.041015625, 5831.94970703125, 5833.443359375, 5833.65087890625, 5833.879720052083, 5834.04931640625, 5834.170084635417, 5834.255208333333, 5834.317708333333, 5834.209147135417, 5833.994303385417, 5833.83544921875, 5833.632975260417, 5833.412109375, 5833.200520833333, 5832.94140625, 5832.763346354167, 5832.465657552083, 5832.238932291667, 5832.06103515625, 5831.724446614583, 5831.523763020833, 5831.16943359375, 5830.938313802083, 5830.69140625, 5830.396484375, 5830.180826822917, 5829.898763020833, 5829.704752604167, 5829.51611328125, 5829.32275390625, 5829.179036458333, 5829.024739583333, 5828.869954427083, 5828.773274739583, 5828.657063802083, 5828.523763020833, 5828.41845703125, 5828.2978515625, 5828.235188802083, 5828.11279296875, 5828.0361328125, 5827.95361328125, 5827.85791015625, 5827.798990885417, 5827.71435546875, 5827.657063802083, 5827.5986328125, 5827.538248697917, 5827.5068359375, 5827.46435546875, 5827.446614583333, 5827.400065104167, 5827.3447265625, 5827.3330078125, 5827.298665364583, 5827.290201822917, 5827.259440104167, 5827.249674479167, 5827.232421875, 5827.245768229167, 5827.272786458333], "upper": [5768.64794921875, 5777.54248046875, 5783.267578125, 5793.5029296875, 5798.53564453125, 5800.68017578125, 5802.49755859375, 5804.162109375, 5806.078125, 5808.25244140625, 5809.72119140625, 5810.9208984375, 5812.38037109375, 5813.490234375, 5814.01025390625, 5814.4169921875, 5815.9677734375, 5817.115234375, 5818.091796875, 5819.82470703125, 5827.6806640625, 5829.64111328125, 5831.45849609375, 5832.10302734375, 5828.9990234375, 5827.904296875, 5828.17333984375, 5829.50634765625, 5834.4638671875, 5834.4736328125, 5831.09912109375, 5831.13916015625, 5832.72265625, 5838.16943359375, 5840.943359375, 5842.59716796875, 5843.08056640625, 5843.51806640625, 5843.87646484375, 5844.17919921875, 5844.474609375, 5844.673828125, 5844.89892578125, 5845.01904296875, 5845.1103515625, 5845.1865234375, 5845.2412109375, 5845.2880859375, 5845.30224609375, 5845.28466796875, 5845.2626953125, 5845.1875, 5845.14794921875, 5845.01611328125, 5844.9140625, 5844.83056640625, 5844.69189453125, 5844.6044921875, 5844.50439453125, 5844.421875, 5844.30419921875, 5844.2138671875, 5844.14892578125, 5844.1376953125, 5844.1044921875, 5844.10107421875, 5844.11962890625, 5844.14697265625, 5844.2158203125, 5844.25244140625, 5844.32568359375, 5844.4541015625, 5844.56005859375, 5844.642578125, 5844.7509765625, 5844.83935546875, 5844.91259765625, 5845.013671875, 5845.07861328125, 5845.150390625, 5845.201171875, 5845.232421875, 5845.2734375, 5845.29248046875, 5845.30859375, 5845.31494140625, 5845.32177734375, 5845.333984375, 5845.32177734375, 5845.3369140625, 5845.3037109375, 5845.32373046875, 5845.34912109375, 5845.36962890625, 5845.3671875, 5845.36181640625, 5845.35498046875, 5845.359375, 5845.3466796875, 5845.3642578125], "lower": [4633.28271484375, 4732.87060546875, 4825.892578125, 4907.38916015625, 4985.51171875, 5058.48046875, 5133.90869140625, 5211.037109375, 5287.166015625, 5359.9873046875, 5428.26953125, 5491.8896484375, 5548.72314453125, 5598.7705078125, 5639.197265625, 5674.1044921875, 5703.751953125, 5727.9462890625, 5747.64404296875, 5759.1025390625, 5766.70947265625, 5772.42919921875, 5775.8564453125, 5777.67822265625, 5779.82275390625, 5782.81298828125, 5785.2568359375, 5787.4033203125, 5789.4013671875, 5791.1796875, 5792.6357421875, 5793.89599609375, 5794.9794921875, 5796.171875, 5797.7265625, 5800.017578125, 5802.9130859375, 5806.85693359375, 5812.41845703125, 5821.21875, 5825.50830078125, 5825.8203125, 5826.1181640625, 5826.4404296875, 5826.74365234375, 5826.99169921875, 5827.1953125, 5827.3525390625, 5827.48095703125, 5827.58837890625, 5827.6396484375, 5827.38232421875, 5826.75439453125, 5826.09033203125, 5825.6005859375, 5824.7685546875, 5824.185546875, 5823.63525390625, 5822.68603515625, 5822.0439453125, 5820.998046875, 5820.27490234375, 5819.4853515625, 5818.46826171875, 5817.71875, 5816.734375, 5816.00634765625, 5815.2861328125, 5814.46484375, 5813.86669921875, 5813.23486328125, 5812.53369140625, 5812.0380859375, 5811.50341796875, 5810.9052734375, 5810.42724609375, 5809.9208984375, 5809.57666015625, 5809.06591796875, 5808.69921875, 5808.3046875, 5807.94287109375, 5807.6669921875, 5807.302734375, 5807.0546875, 5806.79638671875, 5806.58642578125, 5806.41015625, 5806.23681640625, 5806.1123046875, 5805.953125, 5805.72509765625, 5805.59228515625, 5805.45556640625, 5805.34375, 5805.2158203125, 5805.1259765625, 5805.06103515625, 5805.03564453125, 5805.048828125]}