{"mean": [9096.234375, 9079.6513671875, 9068.828125, 9059.950520833334, 9053.4912109375, 9048.638671875, 9044.631184895834, 9040.648111979166, 9036.321940104166, 9031.671549479166, 9027.467122395834, 9023.544921875, 9019.566080729166, 9015.834309895834, 9012.243489583334, 9009.116861979166, 9006.451497395834, 9003.830078125, 9000.9384765625, 8998.329427083334, 8997.508463541666, 8997.683268229166, 8997.996744791666, 8998.352864583334, 8998.718098958334, 8999.515299479166, 9000.173177083334, 9000.6328125, 9001.161783854166, 9001.569010416666, 9001.902018229166, 9002.165364583334, 9002.0830078125, 9002.030924479166, 9001.734700520834, 9001.291341145834, 9000.616536458334, 8999.693033854166, 8998.422526041666, 8996.715494791666, 8996.046549479166, 8995.805989583334, 8995.526041666666, 8995.250325520834, 8994.962239583334, 8994.663411458334, 8994.340169270834, 8994.046549479166, 8993.751627604166, 8993.559244791666, 8993.384765625, 8993.176106770834, 8993.0380859375, 8992.874674479166, 8992.795572916666, 8992.615885416666, 8992.562174479166, 8992.5380859375, 8992.3740234375, 8992.39453125, 8992.228190104166, 8992.21875, 8992.216796875, 8992.1181640625, 8992.112955729166, 8992.027669270834, 8992.026692708334, 8992.014322916666, 8991.970052083334, 8991.960286458334, 8991.967447916666, 8991.902669270834, 8991.912109375, 8991.914388020834, 8991.8427734375, 8991.787434895834, 8991.7705078125, 8991.737630208334, 8991.670572916666, 8991.6259765625, 8991.57421875, 8991.486328125, 8991.442057291666, 8991.361979166666, 8991.299153645834, 8991.246419270834, 8991.172526041666, 8991.139322916666, 8991.0986328125, 8991.048828125, 8990.942708333334, 8990.846354166666, 8990.783854166666, 8990.740559895834, 8990.673502604166, 8990.630208333334, 8990.570638020834, 8990.5380859375, 8990.495768229166, 8990.484700520834], "upper": [9275.4892578125, 9230.5625, 9199.859375, 9173.9853515625, 9154.212890625, 9138.2548828125, 9124.87109375, 9111.69140625, 9097.4638671875, 9082.6474609375, 9069.560546875, 9057.9111328125, 9046.4521484375, 9036.271484375, 9026.7734375, 9019.3681640625, 9013.9677734375, 9009.53125, 9005.412109375, 9004.1298828125, 9003.12890625, 9004.2353515625, 9005.796875, 9007.6474609375, 9009.857421875, 9012.3515625, 9014.96484375, 9017.4697265625, 9019.640625, 9021.4404296875, 9022.6943359375, 9023.64453125, 9024.125, 9024.2294921875, 9023.8251953125, 9022.890625, 9021.1279296875, 9018.5546875, 9014.966796875, 9010.0751953125, 9008.1396484375, 9007.6201171875, 9007.0361328125, 9006.431640625, 9005.8203125, 9005.2060546875, 9004.5341796875, 9003.927734375, 9003.3427734375, 9002.8046875, 9002.28125, 9001.806640625, 9001.4140625, 9001.02734375, 9000.7265625, 9000.4560546875, 9000.2626953125, 9000.08984375, 8999.9404296875, 8999.853515625, 8999.806640625, 8999.755859375, 8999.736328125, 8999.7685546875, 8999.8173828125, 8999.85546875, 8999.916015625, 8999.9765625, 9000.068359375, 9000.1337890625, 9000.2255859375, 9000.29296875, 9000.345703125, 9000.373046875, 9000.4013671875, 9000.380859375, 9000.3720703125, 9000.330078125, 9000.2978515625, 9000.2197265625, 9000.158203125, 9000.0595703125, 8999.9716796875, 8999.904296875, 8999.791015625, 8999.6904296875, 8999.5380859375, 8999.451171875, 8999.361328125, 8999.2177734375, 8999.1025390625, 8998.9873046875, 8998.8212890625, 8998.703125, 8998.5673828125, 8998.4755859375, 8998.33984375, 8998.255859375, 8998.1083984375, 8998.0556640625], "lower": [9002.3115234375, 9000.51171875, 8999.912109375, 8999.8359375, 9000.2412109375, 9000.6328125, 9001.2001953125, 9001.7841796875, 9002.5185546875, 9003.060546875, 9003.3486328125, 9003.2080078125, 9002.93359375, 9002.373046875, 9001.5, 9000.17578125, 8998.267578125, 8995.7890625, 8992.19140625, 8987.658203125, 8986.2841796875, 8986.6083984375, 8986.8974609375, 8987.0986328125, 8986.9169921875, 8987.638671875, 8987.908203125, 8987.6240234375, 8987.7265625, 8987.8193359375, 8988.166015625, 8988.498046875, 8988.265625, 8988.5048828125, 8988.5126953125, 8988.4521484375, 8988.55078125, 8988.638671875, 8988.703125, 8988.7412109375, 8988.8203125, 8988.8583984375, 8988.9169921875, 8988.9521484375, 8988.931640625, 8988.9365234375, 8988.943359375, 8988.9794921875, 8988.9541015625, 8988.91796875, 8988.91796875, 8988.849609375, 8988.814453125, 8988.7900390625, 8988.720703125, 8988.68359375, 8988.6201171875, 8988.6181640625, 8988.5478515625, 8988.591796875, 8988.3681640625, 8988.412109375, 8988.4306640625, 8988.1279296875, 8988.087890625, 8987.771484375, 8987.697265625, 8987.6259765625, 8987.3662109375, 8987.328125, 8987.2490234375, 8986.927734375, 8986.90234375, 8986.86328125, 8986.6103515625, 8986.46875, 8986.4248046875, 8986.35546875, 8986.1865234375, 8986.12109375, 8986.01953125, 8985.86328125, 8985.791015625, 8985.6240234375, 8985.5537109375, 8985.513671875, 8985.44921875, 8985.41015625, 8985.3955078125, 8985.357421875, 8985.21875, 8985.02734375, 8985.0009765625, 8984.9755859375, 8984.9345703125, 8984.900390625, 8984.865234375, 8984.849609375, 8984.84765625, 8984.8505859375]}