{"mean": [891.1532389322916, 894.3061726888021, 897.1244303385416, 897.3272705078125, 897.4942423502604, 897.8072306315104, 898.2781982421875, 898.7383219401041, 899.20458984375, 899.3739624023438, 899.4515380859375, 899.5073649088541, 899.5364379882812, 899.6529744466146, 899.8295084635416, 899.9423217773438, 900.09521484375, 900.1336263020834, 900.0213419596354, 899.7979736328125, 899.8678588867188, 900.0426839192709, 900.2021280924479, 900.3424479166666, 900.3960367838541, 900.5197143554688, 900.5975341796875, 900.6357218424479, 900.7156982421875, 900.7045491536459, 900.6515909830729, 900.6060384114584, 900.5442301432291, 900.5462443033854, 900.4915974934896, 900.4034423828125, 900.3031209309896, 900.1784871419271, 899.9949137369791, 899.7504069010416, 899.690185546875, 899.7275187174479, 899.760498046875, 899.7970581054688, 899.8373616536459, 899.8741455078125, 899.9073282877604, 899.9278971354166, 899.9497273763021, 899.9778849283854, 899.9889322916666, 900.0036417643229, 900.0100301106771, 900.0274251302084, 900.0396118164062, 900.0514526367188, 900.0602823893229, 900.0690714518229, 900.0741984049479, 900.0805053710938, 900.0815022786459, 900.0845947265625, 900.0802205403646, 900.0873616536459, 900.0859985351562, 900.0874226888021, 900.0871378580729, 900.0907796223959, 900.0905558268229, 900.0872395833334, 900.0817464192709, 900.0765177408854, 900.0753580729166, 900.0746053059896, 900.071533203125, 900.0682169596354, 900.0663248697916, 900.0685221354166, 900.0709431966146, 900.07275390625, 900.0754191080729, 900.0814412434896, 900.0889689127604, 900.1001586914062, 900.1068318684896, 900.1178385416666, 900.1284993489584, 900.1376139322916, 900.14990234375, 900.1619466145834, 900.1705525716146, 900.1781616210938, 900.1876831054688, 900.1990559895834, 900.2091267903646, 900.2244669596354, 900.2322794596354, 900.2412312825521, 900.2488199869791, 900.2568562825521], "upper": [904.0948486328125, 904.2813720703125, 904.6094360351562, 904.89306640625, 904.794189453125, 904.7801513671875, 904.728759765625, 904.6893920898438, 904.6634521484375, 904.6253051757812, 904.6148681640625, 904.60595703125, 904.6026611328125, 904.592529296875, 904.626708984375, 904.6212768554688, 904.5991821289062, 904.6053466796875, 904.6025390625, 904.617431640625, 904.6298828125, 904.662841796875, 904.7010498046875, 904.7362060546875, 904.7684326171875, 904.8038940429688, 904.8131103515625, 904.8338012695312, 904.8539428710938, 904.8883666992188, 904.943603515625, 904.9423828125, 904.9915161132812, 905.042236328125, 905.08251953125, 905.1256713867188, 905.1754150390625, 905.2338256835938, 905.2510986328125, 905.2788696289062, 905.3452758789062, 905.3840942382812, 905.4191284179688, 905.4498901367188, 905.4879150390625, 905.5144653320312, 905.5316162109375, 905.51220703125, 905.4992065429688, 905.497802734375, 905.4623413085938, 905.43408203125, 905.3855590820312, 905.3685913085938, 905.3448486328125, 905.3214111328125, 905.3038330078125, 905.27978515625, 905.2577514648438, 905.241455078125, 905.2067260742188, 905.1931762695312, 905.1635131835938, 905.1644287109375, 905.146728515625, 905.1344604492188, 905.1212158203125, 905.1233520507812, 905.1165771484375, 905.1077270507812, 905.0886840820312, 905.0728149414062, 905.068603515625, 905.0692138671875, 905.0578002929688, 905.0471801757812, 905.0364990234375, 905.03662109375, 905.035400390625, 905.0306396484375, 905.02392578125, 905.0264892578125, 905.0281372070312, 905.043212890625, 905.0366821289062, 905.0413818359375, 905.047607421875, 905.0554809570312, 905.0635986328125, 905.0655517578125, 905.0641479492188, 905.060546875, 905.06787109375, 905.076171875, 905.0821533203125, 905.0912475585938, 905.0945434570312, 905.0950927734375, 905.09521484375, 905.0968627929688], "lower": [869.1788330078125, 878.5697021484375, 886.5231323242188, 886.530029296875, 886.784423828125, 887.4642333984375, 888.7510375976562, 890.0490112304688, 891.385986328125, 891.87353515625, 892.1400756835938, 892.382568359375, 892.5831298828125, 893.0737915039062, 893.7789916992188, 894.4214477539062, 895.2871704101562, 895.8473510742188, 896.1185913085938, 896.2147216796875, 896.4560546875, 896.7833251953125, 897.0848388671875, 897.3743286132812, 897.6199340820312, 897.850830078125, 898.0281982421875, 898.166259765625, 898.2293701171875, 898.1746826171875, 898.0573120117188, 897.8970336914062, 897.6903686523438, 897.4479370117188, 897.19775390625, 896.9017944335938, 896.5558471679688, 896.1412963867188, 895.5918579101562, 894.852783203125, 894.6246337890625, 894.6995849609375, 894.775146484375, 894.854736328125, 894.9413452148438, 895.0244140625, 895.1024780273438, 895.171875, 895.2433471679688, 895.3101806640625, 895.3659057617188, 895.4183959960938, 895.4615478515625, 895.5052490234375, 895.5326538085938, 895.568359375, 895.5955200195312, 895.6151733398438, 895.6309814453125, 895.64111328125, 895.654296875, 895.6630859375, 895.6689453125, 895.6714477539062, 895.6708374023438, 895.6698608398438, 895.6676635742188, 895.6696166992188, 895.66552734375, 895.6593017578125, 895.6583251953125, 895.6546630859375, 895.6511840820312, 895.64990234375, 895.650390625, 895.65283203125, 895.6589965820312, 895.6641845703125, 895.673095703125, 895.6790771484375, 895.6900024414062, 895.6986083984375, 895.7066650390625, 895.71923828125, 895.7355346679688, 895.7547607421875, 895.771240234375, 895.7813110351562, 895.79931640625, 895.819091796875, 895.8375244140625, 895.8589477539062, 895.8737182617188, 895.8939819335938, 895.9089965820312, 895.9307861328125, 895.9468994140625, 895.9666748046875, 895.9779052734375, 895.9911499023438]}