{"mean": [1037.701436360677, 1039.3506266276042, 1040.5445556640625, 1042.4146321614583, 1043.7754720052083, 1043.0898030598958, 1042.4498494466145, 1042.1937866210938, 1042.100077311198, 1042.1231282552083, 1042.1756388346355, 1042.3654174804688, 1042.8603922526042, 1043.4439290364583, 1044.1038208007812, 1045.08154296875, 1046.8837890625, 1048.9307250976562, 1051.186767578125, 1052.7140706380208, 1054.2973225911458, 1055.6737467447917, 1057.0531819661458, 1058.3788248697917, 1059.61279296875, 1060.5836588541667, 1061.4059244791667, 1061.9147542317708, 1062.1285807291667, 1062.1189371744792, 1061.9462890625, 1061.7875569661458, 1061.5378824869792, 1061.2479248046875, 1060.8592122395833, 1060.4799397786458, 1059.9622395833333, 1059.4334309895833, 1059.004638671875, 1058.6079508463542, 1058.2344563802083, 1057.8265380859375, 1057.41552734375, 1056.9290364583333, 1056.4776204427083, 1055.9803466796875, 1055.5061848958333, 1054.9951985677083, 1054.4680582682292, 1053.8916829427083, 1053.3420003255208, 1052.8480224609375, 1052.4340413411458, 1052.0430908203125, 1051.6229248046875, 1051.3586832682292, 1051.139892578125, 1050.9687906901042, 1050.7987060546875, 1050.6792805989583, 1050.6086832682292, 1050.633056640625, 1050.715087890625, 1050.8483479817708, 1050.994873046875, 1051.1890869140625, 1051.4053141276042, 1051.6147054036458, 1051.8121337890625, 1051.9857584635417, 1052.1383870442708, 1052.2624104817708, 1052.380859375, 1052.4696451822917, 1052.5724690755208, 1052.6324055989583, 1052.6595865885417, 1052.666259765625, 1052.6569417317708, 1052.659912109375, 1052.6784261067708, 1052.6978352864583, 1052.7187093098958, 1052.7215169270833, 1052.731201171875, 1052.763671875, 1052.7938639322917, 1052.8389078776042, 1052.9025472005208, 1052.965087890625, 1053.0379231770833, 1053.1041666666667, 1053.1901448567708, 1053.2536214192708, 1053.3146565755208, 1053.3638102213542, 1053.4027506510417, 1053.4416097005208, 1053.4759521484375, 1053.4991455078125], "upper": [1062.4326171875, 1058.889892578125, 1057.3736572265625, 1057.5267333984375, 1058.2196044921875, 1059.16943359375, 1060.1175537109375, 1060.7603759765625, 1061.260986328125, 1061.7703857421875, 1062.07861328125, 1062.310302734375, 1062.5823974609375, 1062.733154296875, 1062.7999267578125, 1062.806396484375, 1062.773193359375, 1062.7958984375, 1062.8660888671875, 1062.8917236328125, 1063.04638671875, 1062.9356689453125, 1063.0594482421875, 1063.2457275390625, 1064.0328369140625, 1064.4052734375, 1064.8717041015625, 1064.8895263671875, 1064.62451171875, 1064.058837890625, 1063.2366943359375, 1062.870849609375, 1062.8804931640625, 1062.8431396484375, 1062.294189453125, 1061.6170654296875, 1060.9046630859375, 1060.5078125, 1060.072509765625, 1059.74072265625, 1059.5853271484375, 1059.3251953125, 1058.9971923828125, 1058.5740966796875, 1058.172607421875, 1057.6561279296875, 1057.1451416015625, 1056.664794921875, 1056.16259765625, 1055.540283203125, 1054.8255615234375, 1054.1209716796875, 1053.4189453125, 1053.23193359375, 1053.2269287109375, 1053.317626953125, 1053.38818359375, 1053.5028076171875, 1053.6038818359375, 1053.7137451171875, 1053.830078125, 1053.992431640625, 1054.13818359375, 1054.314208984375, 1054.4658203125, 1054.659912109375, 1054.807373046875, 1055.0015869140625, 1055.1788330078125, 1055.370361328125, 1055.534423828125, 1055.7183837890625, 1055.91357421875, 1056.0897216796875, 1056.2867431640625, 1056.472412109375, 1056.655517578125, 1056.812744140625, 1056.9786376953125, 1057.1446533203125, 1057.3255615234375, 1057.484130859375, 1057.666748046875, 1057.853271484375, 1057.9873046875, 1058.148681640625, 1058.2860107421875, 1058.40966796875, 1058.5826416015625, 1058.6864013671875, 1058.800048828125, 1058.920166015625, 1059.050048828125, 1059.145263671875, 1059.2357177734375, 1059.33203125, 1059.4517822265625, 1059.55615234375, 1059.652099609375, 1059.7530517578125], "lower": [1010.6696166992188, 1014.984130859375, 1016.077392578125, 1018.3526611328125, 1019.1317138671875, 1014.3587646484375, 1010.2362670898438, 1007.7528686523438, 1006.1775512695312, 1005.273681640625, 1004.7479858398438, 1004.8128051757812, 1005.8289794921875, 1007.318115234375, 1009.2305297851562, 1012.1610107421875, 1017.6505126953125, 1023.8430786132812, 1030.5670166015625, 1035.220947265625, 1039.8572998046875, 1044.1978759765625, 1048.254150390625, 1051.9371337890625, 1054.6728515625, 1056.7882080078125, 1058.32470703125, 1059.37060546875, 1059.908447265625, 1060.1380615234375, 1060.0902099609375, 1059.9151611328125, 1059.7237548828125, 1059.3641357421875, 1059.016845703125, 1058.6668701171875, 1058.1138916015625, 1057.4267578125, 1056.904541015625, 1056.4337158203125, 1055.890869140625, 1055.4420166015625, 1055.0533447265625, 1054.574951171875, 1054.181884765625, 1053.8270263671875, 1053.6170654296875, 1053.466796875, 1053.3616943359375, 1052.852294921875, 1051.9466552734375, 1051.2061767578125, 1050.658447265625, 1050.222900390625, 1049.733642578125, 1049.3612060546875, 1049.094482421875, 1048.9248046875, 1048.8546142578125, 1048.8936767578125, 1048.9876708984375, 1048.692626953125, 1048.510498046875, 1048.4608154296875, 1048.511474609375, 1048.6357421875, 1048.8173828125, 1048.98388671875, 1049.25439453125, 1049.44189453125, 1049.6959228515625, 1049.8956298828125, 1050.091796875, 1050.295166015625, 1050.484130859375, 1050.584716796875, 1050.6402587890625, 1050.41796875, 1050.196533203125, 1050.0269775390625, 1049.9141845703125, 1049.8251953125, 1049.778076171875, 1049.770751953125, 1049.822021484375, 1049.924560546875, 1050.0234375, 1049.9468994140625, 1049.8487548828125, 1049.797607421875, 1049.796875, 1049.81982421875, 1049.8861083984375, 1049.976806640625, 1050.08642578125, 1050.1827392578125, 1050.2613525390625, 1050.341796875, 1050.3433837890625, 1050.2593994140625]}