{"mean": [1076.6972249348958, 1075.5750732421875, 1074.380615234375, 1073.1251220703125, 1071.8548787434895, 1070.668924967448, 1069.502950032552, 1068.0805053710938, 1066.447530110677, 1064.8902180989583, 1063.5199381510417, 1062.3329671223958, 1061.456298828125, 1061.2039998372395, 1059.9141235351562, 1057.9158732096355, 1054.9318440755208, 1051.1873779296875, 1046.5455729166667, 1040.45654296875, 1034.4408162434895, 1031.1768595377605, 1029.6129964192708, 1029.7371419270833, 1030.1116536458333, 1030.4684448242188, 1030.969991048177, 1030.9812825520833, 1030.664530436198, 1030.0846557617188, 1029.194356282552, 1028.1802978515625, 1027.2266031901042, 1026.3895467122395, 1025.5113321940105, 1024.8972778320312, 1024.4874064127605, 1024.9686075846355, 1025.3545735677083, 1025.913330078125, 1026.4334513346355, 1026.8187255859375, 1026.9868570963542, 1026.9515584309895, 1026.783203125, 1026.442403157552, 1025.8807373046875, 1024.9761759440105, 1023.8234049479166, 1022.4843139648438, 1020.8996378580729, 1019.7013142903646, 1018.6454264322916, 1017.7243448893229, 1017.0979410807291, 1016.6586303710938, 1016.2525227864584, 1015.8529663085938, 1015.5880737304688, 1015.4501953125, 1015.2506306966146, 1014.9773763020834, 1014.6178385416666, 1014.1909993489584, 1013.849853515625, 1013.5608723958334, 1013.4495646158854, 1014.0733032226562, 1014.5150146484375, 1014.5098876953125, 1014.1817016601562, 1010.2397257486979, 1013.5380249023438, 1013.666015625, 1013.7616170247396, 1013.8083089192709, 1013.7962646484375, 1013.7271118164062, 1013.6009114583334, 1013.4961547851562, 1013.4579467773438, 1013.4290568033854, 1013.3920288085938, 1013.3740844726562, 1013.3056844075521, 1013.3296101888021, 1013.3754475911459, 1013.3883056640625, 1013.2896321614584, 1013.1110026041666, 1012.9660847981771, 1012.9183553059896, 1012.8916625976562, 1012.8388061523438, 1012.9079386393229, 1012.9992879231771, 1013.0724690755209, 1012.901123046875, 1012.7311604817709, 1012.6987711588541], "upper": [1103.133544921875, 1102.2210693359375, 1101.233642578125, 1100.228271484375, 1099.3287353515625, 1098.4801025390625, 1097.7503662109375, 1096.6248779296875, 1095.2008056640625, 1093.96875, 1092.5196533203125, 1090.78759765625, 1089.0899658203125, 1086.83203125, 1084.3370361328125, 1081.7193603515625, 1077.783203125, 1071.93505859375, 1065.00390625, 1057.93994140625, 1046.6561279296875, 1044.4072265625, 1044.087890625, 1044.8126220703125, 1046.34423828125, 1046.9788818359375, 1047.109375, 1046.512451171875, 1045.5264892578125, 1044.2440185546875, 1042.635986328125, 1041.162353515625, 1040.217529296875, 1039.81884765625, 1039.8214111328125, 1040.010009765625, 1039.8818359375, 1039.3681640625, 1038.47900390625, 1037.279052734375, 1035.77099609375, 1034.41845703125, 1034.806884765625, 1035.381103515625, 1035.2296142578125, 1034.4605712890625, 1033.101318359375, 1031.16015625, 1029.5645751953125, 1028.1795654296875, 1026.269775390625, 1025.3865966796875, 1024.4710693359375, 1023.5040283203125, 1022.4967651367188, 1021.5266723632812, 1020.5587158203125, 1019.5885620117188, 1018.596923828125, 1017.4814453125, 1017.4686889648438, 1017.7490234375, 1017.7535400390625, 1017.4970092773438, 1017.1520385742188, 1016.5689697265625, 1016.1712646484375, 1015.9818115234375, 1015.94091796875, 1015.8980712890625, 1015.872314453125, 1013.0289306640625, 1016.3968505859375, 1016.8077392578125, 1016.9779052734375, 1016.9818725585938, 1016.7376098632812, 1016.35498046875, 1015.8018798828125, 1015.3901977539062, 1015.2232055664062, 1015.1536865234375, 1015.0625610351562, 1014.9700927734375, 1014.8615112304688, 1014.987060546875, 1015.2324829101562, 1015.3350219726562, 1015.10302734375, 1014.672119140625, 1014.3218383789062, 1014.23291015625, 1014.1564331054688, 1013.9880981445312, 1014.10400390625, 1014.378662109375, 1014.1846313476562, 1013.8632202148438, 1013.6580200195312, 1013.6000366210938], "lower": [1029.5174560546875, 1027.8067626953125, 1026.1641845703125, 1024.4873046875, 1022.7008666992188, 1020.9276733398438, 1019.1296997070312, 1017.4409790039062, 1015.8060913085938, 1014.2413330078125, 1012.9661865234375, 1012.6124267578125, 1012.874755859375, 1016.0691528320312, 1017.0499877929688, 1016.3828735351562, 1014.531982421875, 1012.42578125, 1012.0928955078125, 1011.9356689453125, 1012.0114135742188, 1012.0025024414062, 1012.0748291015625, 1012.1763916015625, 1012.3175048828125, 1012.3673706054688, 1012.3776245117188, 1012.2666015625, 1012.1672973632812, 1012.0451049804688, 1011.9367065429688, 1011.830078125, 1011.7001953125, 1011.7008666992188, 1011.6404418945312, 1011.610107421875, 1011.5429077148438, 1011.6690063476562, 1011.8104248046875, 1012.0928955078125, 1012.3348999023438, 1012.5867919921875, 1012.8031005859375, 1012.9371948242188, 1013.0419921875, 1013.1066284179688, 1013.1424560546875, 1013.1370239257812, 1013.109130859375, 1013.0587768554688, 1012.9889526367188, 1012.8845825195312, 1012.7927856445312, 1012.6002807617188, 1012.42529296875, 1012.2379150390625, 1012.1064453125, 1011.980712890625, 1011.9114379882812, 1011.8970947265625, 1011.816162109375, 1011.779052734375, 1011.7847290039062, 1011.7384033203125, 1011.763427734375, 1011.8329467773438, 1011.845458984375, 1011.8436279296875, 1011.855712890625, 1011.8720703125, 1011.8883056640625, 1005.7854614257812, 1011.9021606445312, 1011.905029296875, 1011.9114379882812, 1011.9075317382812, 1011.9198608398438, 1011.9087524414062, 1011.9017333984375, 1011.9007568359375, 1011.9061279296875, 1011.8800048828125, 1011.8807373046875, 1011.97607421875, 1011.9619750976562, 1012.0428466796875, 1012.0371704101562, 1012.0967407226562, 1012.1364135742188, 1012.1925048828125, 1012.2159423828125, 1012.2405395507812, 1012.2431030273438, 1012.2544555664062, 1012.2556762695312, 1012.2515869140625, 1012.2384643554688, 1012.22509765625, 1012.20849609375, 1012.1826171875]}