{"mean": [1014.1221313476562, 1013.4614664713541, 1012.7620239257812, 1012.0551147460938, 1011.4362182617188, 1010.9459025065104, 1010.4661458333334, 1009.7149251302084, 1008.6723225911459, 1007.7376505533854, 1006.9351806640625, 1006.2521362304688, 1005.8521118164062, 1006.1983439127604, 1005.5728149414062, 1004.136474609375, 1001.9673258463541, 999.1668904622396, 995.6115315755209, 990.7784423828125, 986.8895467122396, 984.4463094075521, 984.0297648111979, 983.8957112630209, 983.8052164713541, 983.6474812825521, 983.4982706705729, 983.2849324544271, 982.9978230794271, 982.6382039388021, 982.1016235351562, 981.4940592447916, 980.8756510416666, 980.2957560221354, 979.7776692708334, 979.3195597330729, 978.8574829101562, 978.6194661458334, 978.5986328125, 978.9589233398438, 979.4687703450521, 979.923095703125, 980.1430053710938, 980.1141357421875, 979.8731892903646, 979.4491984049479, 978.8961995442709, 978.1454467773438, 977.2897542317709, 976.3752848307291, 975.4795939127604, 974.6639404296875, 974.1184895833334, 973.722900390625, 973.3298543294271, 972.9647827148438, 972.6359049479166, 972.2931111653646, 972.0011800130209, 971.6657307942709, 971.4225260416666, 971.1697184244791, 970.8869832356771, 970.5575358072916, 970.3355102539062, 970.2413126627604, 970.2588094075521, 970.9981079101562, 971.4367472330729, 971.4342447916666, 971.0887654622396, 967.6841837565104, 970.1570027669271, 970.1543782552084, 970.1964721679688, 970.2299601236979, 970.262451171875, 970.2697550455729, 970.2821451822916, 970.3222859700521, 970.3267415364584, 970.3154703776041, 970.2898763020834, 970.2650349934896, 970.1976521809896, 970.1094767252604, 970.0504353841146, 970.0203857421875, 969.9691365559896, 969.9109497070312, 969.8816935221354, 969.8794148763021, 969.8753662109375, 969.7891235351562, 969.7638549804688, 969.75634765625, 969.8725789388021, 969.7895100911459, 969.6759847005209, 969.6559855143229], "upper": [1033.7298583984375, 1033.3948974609375, 1033.028076171875, 1032.7216796875, 1032.708984375, 1032.7620849609375, 1032.7803955078125, 1032.256103515625, 1031.3580322265625, 1030.7530517578125, 1029.9302978515625, 1028.714599609375, 1027.7178955078125, 1026.357177734375, 1024.66748046875, 1023.1273803710938, 1020.5902099609375, 1016.2135620117188, 1009.4563598632812, 1004.03759765625, 996.8283081054688, 996.63623046875, 996.3765869140625, 996.2556762695312, 996.31298828125, 996.1792602539062, 996.0381469726562, 995.5404052734375, 994.8619995117188, 994.21240234375, 993.477783203125, 992.8810424804688, 992.3416748046875, 991.8036499023438, 991.2606811523438, 990.817626953125, 990.3636474609375, 989.7938232421875, 989.121826171875, 988.37890625, 987.5637817382812, 986.9127807617188, 986.2722778320312, 985.6221313476562, 984.9268188476562, 984.2118530273438, 983.61279296875, 982.9169921875, 982.1529541015625, 981.4296875, 980.7675170898438, 980.0194702148438, 979.2628173828125, 978.4769287109375, 977.6614379882812, 976.8637084960938, 976.0775146484375, 975.2631225585938, 974.4462890625, 973.564453125, 972.7896118164062, 972.7801513671875, 972.7817993164062, 972.70751953125, 972.6377563476562, 972.6497192382812, 972.6466674804688, 972.6279296875, 972.8862915039062, 972.9063110351562, 972.4946899414062, 970.0590209960938, 972.32958984375, 972.3328247070312, 972.3290405273438, 972.2974243164062, 972.208984375, 972.0702514648438, 971.9681396484375, 971.9956665039062, 971.9588623046875, 971.9512329101562, 971.8816528320312, 971.7703247070312, 971.6257934570312, 971.4401245117188, 971.3131103515625, 971.28564453125, 971.17626953125, 971.0930786132812, 971.0852661132812, 971.131591796875, 971.1293334960938, 970.8629150390625, 970.7097778320312, 970.6781005859375, 970.5875854492188, 970.533447265625, 970.5271606445312, 970.5330200195312], "lower": [981.1543579101562, 979.7635498046875, 978.4387817382812, 977.1552124023438, 975.8003540039062, 974.5234985351562, 973.2958984375, 972.126708984375, 971.010986328125, 969.9345092773438, 969.143310546875, 969.173583984375, 969.4563598632812, 972.6119995117188, 973.861572265625, 973.112548828125, 971.21630859375, 969.1270751953125, 968.904052734375, 968.8048706054688, 968.8673095703125, 968.8466186523438, 968.8917236328125, 968.9953002929688, 969.138671875, 969.1905517578125, 969.2137451171875, 969.1517944335938, 969.0927734375, 969.0108642578125, 968.926513671875, 968.8282470703125, 968.7119750976562, 968.6712646484375, 968.633544921875, 968.5792236328125, 968.5114135742188, 968.640380859375, 968.793701171875, 969.06591796875, 969.292236328125, 969.5323486328125, 969.7388305664062, 969.8671264648438, 969.9657592773438, 970.0314331054688, 970.0676879882812, 970.0669555664062, 970.0414428710938, 969.9971313476562, 969.9295043945312, 969.8290405273438, 969.739501953125, 969.5596923828125, 969.3826904296875, 969.2155151367188, 969.1114501953125, 968.9754638671875, 968.8770141601562, 968.8369750976562, 968.7755126953125, 968.7564697265625, 968.7817993164062, 968.7415771484375, 968.7444458007812, 968.7986450195312, 968.81689453125, 968.8112182617188, 968.821044921875, 968.8289794921875, 968.842529296875, 964.1238403320312, 968.8612060546875, 968.8533325195312, 968.860107421875, 968.8574829101562, 968.8697509765625, 968.87353515625, 968.8702392578125, 968.8750610351562, 968.8811645507812, 968.8464965820312, 968.860107421875, 968.9439086914062, 968.960693359375, 968.9882202148438, 969.0117797851562, 969.0672607421875, 969.1123046875, 969.1636962890625, 969.1950073242188, 969.2216796875, 969.22802734375, 969.2432861328125, 969.2431030273438, 969.2366333007812, 969.22119140625, 969.2088623046875, 969.183349609375, 969.1558227539062]}