{"mean": [5553.415364583333, 5538.197102864583, 5522.039388020833, 5503.171549479167, 5481.768391927083, 5458.494303385417, 5434.447102864583, 5409.217122395833, 5383.58984375, 5356.878092447917, 5330.376302083333, 5304.092447916667, 5277.1298828125, 5249.378255208333, 5219.72998046875, 5186.6982421875, 5148.705240885417, 5111.122233072917, 5073.11083984375, 5028.44140625, 4984.996419270833, 4956.935709635417, 4945.025716145833, 4944.42333984375, 4947.877766927083, 4952.181803385417, 4958.817220052083, 4962.115397135417, 4961.515462239583, 4957.449055989583, 4951.13916015625, 4943.877115885417, 4936.40380859375, 4928.892740885417, 4921.3974609375, 4917.424641927083, 4915.850423177083, 4924.777994791667, 4933.96044921875, 4939.703938802083, 4942.891276041667, 4944.526204427083, 4945.176106770833, 4944.939615885417, 4944.396321614583, 4943.337565104167, 4941.025716145833, 4936.36865234375, 4929.484537760417, 4920.446451822917, 4909.36328125, 4899.761881510417, 4888.685709635417, 4877.151041666667, 4870.426920572917, 4867.846516927083, 4865.53076171875, 4863.143391927083, 4863.942545572917, 4865.9560546875, 4867.737955729167, 4867.491861979167, 4865.538736979167, 4861.851399739583, 4857.466959635417, 4853.161783854167, 4849.205891927083, 4849.16796875, 4849.792154947917, 4850.05126953125, 4850.11767578125, 4804.422688802083, 4852.819986979167, 4856.688313802083, 4859.437174479167, 4860.303548177083, 4859.272298177083, 4856.780924479167, 4854.245768229167, 4851.741861979167, 4850.293782552083, 4849.554850260417, 4850.75244140625, 4851.52294921875, 4851.13623046875, 4852.317220052083, 4854.56640625, 4855.58544921875, 4854.546223958333, 4851.625651041667, 4848.540690104167, 4846.042154947917, 4844.706868489583, 4846.23828125, 4848.8447265625, 4850.976236979167, 4850.502604166667, 4848.242024739583, 4845.685872395833, 4843.852864583333], "upper": [5854.92578125, 5839.65185546875, 5820.96630859375, 5798.65283203125, 5774.72314453125, 5749.6904296875, 5722.9755859375, 5691.248046875, 5656.6015625, 5620.6484375, 5585.02880859375, 5547.82275390625, 5506.99609375, 5461.7734375, 5414.3212890625, 5364.95068359375, 5309.6259765625, 5255.5009765625, 5203.9560546875, 5147.95068359375, 5079.74560546875, 5021.0078125, 5019.310546875, 5019.70751953125, 5032.841796875, 5044.5009765625, 5050.88818359375, 5047.18798828125, 5038.25146484375, 5025.8095703125, 5013.26904296875, 5003.5126953125, 4998.18701171875, 4996.95361328125, 4999.3271484375, 5003.33740234375, 5006.404296875, 5005.84423828125, 5000.49072265625, 4991.6787109375, 5002.12841796875, 5015.107421875, 5022.74951171875, 5025.9091796875, 5024.91650390625, 5020.36865234375, 5012.599609375, 5001.67529296875, 4988.60498046875, 4972.62060546875, 4954.4638671875, 4931.31640625, 4915.92578125, 4910.51904296875, 4904.8974609375, 4899.41845703125, 4894.06005859375, 4888.3642578125, 4882.5390625, 4880.7138671875, 4891.71435546875, 4897.46728515625, 4897.5224609375, 4892.5869140625, 4884.0283203125, 4874.33544921875, 4866.35595703125, 4861.31689453125, 4859.45166015625, 4859.68408203125, 4862.009765625, 4842.67041015625, 4875.7060546875, 4883.6826171875, 4890.04833984375, 4891.18017578125, 4887.16552734375, 4879.220703125, 4870.88330078125, 4862.7568359375, 4857.49951171875, 4854.5078125, 4853.61767578125, 4854.7333984375, 4857.26806640625, 4864.89794921875, 4871.98828125, 4875.35693359375, 4872.7373046875, 4865.5078125, 4857.11962890625, 4850.1787109375, 4846.8603515625, 4852.95751953125, 4861.76953125, 4868.60888671875, 4866.38232421875, 4860.57666015625, 4853.671875, 4847.6669921875], "lower": [4968.61474609375, 4960.99609375, 4953.12841796875, 4943.861328125, 4933.70947265625, 4923.224609375, 4912.7001953125, 4902.3544921875, 4891.4609375, 4880.40087890625, 4870.21240234375, 4864.06201171875, 4860.71484375, 4864.50732421875, 4866.912109375, 4863.28271484375, 4858.142578125, 4853.38525390625, 4852.859375, 4852.65576171875, 4853.00927734375, 4853.46044921875, 4853.59619140625, 4853.72802734375, 4853.9609375, 4853.6279296875, 4852.85546875, 4851.47412109375, 4850.21142578125, 4848.83935546875, 4847.3779296875, 4846.25439453125, 4844.89990234375, 4844.4853515625, 4842.8271484375, 4842.08642578125, 4841.47314453125, 4842.0712890625, 4842.9990234375, 4844.240234375, 4845.60107421875, 4846.8515625, 4847.9013671875, 4848.48046875, 4848.97021484375, 4849.14501953125, 4849.212890625, 4849.04833984375, 4848.8037109375, 4848.38916015625, 4847.7236328125, 4847.01220703125, 4846.29833984375, 4845.0712890625, 4843.9306640625, 4842.962890625, 4842.22509765625, 4841.4921875, 4840.8798828125, 4841.20849609375, 4841.32177734375, 4841.9248046875, 4842.3759765625, 4841.56396484375, 4841.33740234375, 4841.4140625, 4840.19921875, 4841.03076171875, 4841.3935546875, 4841.8251953125, 4841.806640625, 4729.607421875, 4841.34619140625, 4842.19482421875, 4842.8349609375, 4842.6005859375, 4841.8779296875, 4841.28857421875, 4840.66845703125, 4840.59521484375, 4841.1630859375, 4841.90869140625, 4846.57568359375, 4848.06787109375, 4845.0615234375, 4842.0380859375, 4842.25390625, 4842.7158203125, 4843.03369140625, 4843.232421875, 4843.4609375, 4843.66943359375, 4843.51318359375, 4841.91748046875, 4840.9482421875, 4840.5341796875, 4841.4013671875, 4840.49755859375, 4839.845703125, 4840.4697265625]}