{
  "E": 54387.890625,
  "nu": 0.3450167179107666,
  "yield_stress": 655.822021484375,
  "motion": "2",
  "agent": "cylinder",
  "data": 8
}