{
  "E": 19521.349609375,
  "nu": 0.2911336123943329,
  "yield_stress": 456.19586181640625,
  "motion": "2",
  "agent": "cylinder",
  "data": 5
}