{
  "E": 17505.658203125,
  "nu": 0.31324154138565063,
  "yield_stress": 1924.8525390625,
  "motion": "2",
  "agent": "cylinder",
  "data": 0
}