{
  "E": 82351.890625,
  "nu": 0.03156604245305061,
  "yield_stress": 2602.172607421875,
  "motion": "2",
  "agent": "cylinder",
  "data": 0
}