{
  "E": 70550.171875,
  "nu": 0.09374655783176422,
  "yield_stress": 420.97955322265625,
  "motion": "2",
  "agent": "cylinder",
  "data": 4
}