{
  "E": 59029.34765625,
  "nu": 0.33350205421447754,
  "yield_stress": 2073.801513671875,
  "motion": "2",
  "agent": "rectangle",
  "data": 0
}