{
  "E": 31950.474609375,
  "nu": 0.3804636001586914,
  "yield_stress": 2789.969970703125,
  "motion": "2",
  "agent": "round",
  "data": 8
}