{
  "E": 68901.6484375,
  "nu": 0.4665195941925049,
  "yield_stress": 293.0903015136719,
  "motion": "2",
  "agent": "cylinder",
  "data": 8
}