{
  "E": 50476.85546875,
  "nu": 0.3412964344024658,
  "yield_stress": 1761.252685546875,
  "motion": "2",
  "agent": "rectangle",
  "data": 7
}