{
  "E": 28607.751953125,
  "nu": 0.09694836288690567,
  "yield_stress": 1470.80126953125,
  "motion": "2",
  "agent": "cylinder",
  "data": 8
}