{
  "E": 84843.46875,
  "nu": 0.3081875741481781,
  "yield_stress": 992.28271484375,
  "motion": "2",
  "agent": "cylinder",
  "data": 4
}