{
  "E": 73861.921875,
  "nu": 0.1789819300174713,
  "yield_stress": 2315.13720703125,
  "motion": "2",
  "agent": "rectangle",
  "data": 0
}