{
  "E": 91871.734375,
  "nu": 0.06888657808303833,
  "yield_stress": 2596.987548828125,
  "motion": "2",
  "agent": "cylinder",
  "data": 8
}