{
  "E": 88838.5,
  "nu": 0.354851633310318,
  "yield_stress": 544.9259643554688,
  "motion": "2",
  "agent": "cylinder",
  "data": 4
}