{
  "E": 66640.421875,
  "nu": 0.18052488565444946,
  "yield_stress": 1366.4180908203125,
  "motion": "2",
  "agent": "cylinder",
  "data": 8
}