{
  "E": 11894.5927734375,
  "nu": 0.07541555166244507,
  "yield_stress": 2523.6396484375,
  "motion": "2",
  "agent": "rectangle",
  "data": 8
}