{
  "E": 64818.203125,
  "nu": 0.07698052376508713,
  "yield_stress": 280.04681396484375,
  "motion": "2",
  "agent": "cylinder",
  "data": 8
}