{
  "E": 95133.8828125,
  "nu": 0.3618329167366028,
  "yield_stress": 2933.927490234375,
  "motion": "2",
  "agent": "rectangle",
  "data": 3
}