{
  "E": 84740.1484375,
  "nu": 0.09421903640031815,
  "yield_stress": 2994.65087890625,
  "motion": "2",
  "agent": "rectangle",
  "data": 8
}