{
  "E": 24180.55859375,
  "nu": 0.061159566044807434,
  "yield_stress": 1504.9149169921875,
  "motion": "2",
  "agent": "rectangle",
  "data": 3
}