{
  "E": 21746.412109375,
  "nu": 0.08119768649339676,
  "yield_stress": 2729.558837890625,
  "motion": "2",
  "agent": "cylinder",
  "data": 8
}