{
  "E": 35440.3828125,
  "nu": 0.2818547189235687,
  "yield_stress": 2183.6796875,
  "motion": "2",
  "agent": "cylinder",
  "data": 4
}