{
  "E": 40438.19140625,
  "nu": 0.031189171597361565,
  "yield_stress": 1854.0445556640625,
  "motion": "2",
  "agent": "cylinder",
  "data": 8
}