{
  "E": 83925.609375,
  "nu": 0.2636415660381317,
  "yield_stress": 292.1138610839844,
  "motion": "2",
  "agent": "cylinder",
  "data": 8
}