{
  "E": 85160.3125,
  "nu": 0.4337821900844574,
  "yield_stress": 366.8070068359375,
  "motion": "2",
  "agent": "rectangle",
  "data": 0
}