{
  "E": 82078.7265625,
  "nu": 0.11771875619888306,
  "yield_stress": 2913.30322265625,
  "motion": "2",
  "agent": "cylinder",
  "data": 8
}