{
  "E": 41043.796875,
  "nu": 0.06778404116630554,
  "yield_stress": 686.5281372070312,
  "motion": "2",
  "agent": "cylinder",
  "data": 0
}