{
  "E": 40923.19140625,
  "nu": 0.1781410425901413,
  "yield_stress": 842.1890869140625,
  "motion": "2",
  "agent": "cylinder",
  "data": 0
}