{
  "E": 45314.234375,
  "nu": 0.2515784800052643,
  "yield_stress": 156.14834594726562,
  "motion": "2",
  "agent": "rectangle",
  "data": 0
}