{
  "E": 21464.720703125,
  "nu": 0.0632319375872612,
  "yield_stress": 1572.751953125,
  "motion": "2",
  "agent": "cylinder",
  "data": 5
}