{
  "E": 23368.01171875,
  "nu": 0.20563815534114838,
  "yield_stress": 1070.755859375,
  "motion": "2",
  "agent": "round",
  "data": 8
}