{"mean": [50551.26171875, 49801.897135416664, 49648.795572916664, 50517.053385416664, 51131.680989583336, 51218.68359375, 51415.481770833336, 51851.940104166664, 52126.71875, 52269.658854166664, 52111.963541666664, 52159.127604166664, 52379.05078125, 52447.127604166664, 52402.203125, 52519.276041666664, 52735.861979166664, 52821.859375, 52646.3046875, 52420.071614583336, 52415.7578125, 52687.486979166664, 52956.157552083336, 52856.920572916664, 52726.96875, 52685.442708333336, 52786.34765625, 53063.787760416664, 52914.763020833336, 52745.891927083336, 52975.430989583336, 53057.630208333336, 52915.571614583336, 52903.5625, 53055.313802083336, 52934.1484375, 52976.74609375, 53041.9453125, 52892.305989583336, 53048.145833333336, 53030.8515625, 52990.18359375, 53079.286458333336, 53010.162760416664, 53461.83984375, 53368.3046875, 52892.252604166664, 52879.8515625, 53187.393229166664, 53239.459635416664, 52939.444010416664, 52919.217447916664, 53062.880208333336, 52897.493489583336, 52943.807291666664, 52980.234375, 52961.299479166664, 52899.35546875, 53270.022135416664, 53164.807291666664, 52751.330729166664, 52703.58984375, 52801.541666666664, 53225.192708333336, 53333.817708333336, 53111.04296875, 52753.186197916664, 52674.510416666664, 52805.901041666664, 53037.76953125, 53065.774739583336, 52832.092447916664, 52623.337239583336, 52713.322916666664, 52807.10546875, 52805.2265625, 52747.852864583336, 52677.946614583336, 52746.622395833336, 52882.680989583336, 53048.959635416664, 52936.010416666664, 52844.704427083336, 52794.96875, 52887.544270833336, 52793.459635416664, 52678.876302083336, 52888.75390625, 52732.282552083336, 52592.8125, 53069.734375, 53010.34765625, 52569.740885416664, 52600.123697916664, 53022.055989583336, 53013.942708333336, 52683.731770833336, 52507.055989583336, 52457.204427083336, 52542.8515625], "upper": [54686.734375, 52016.42578125, 51039.640625, 50922.26171875, 51968.34375, 51917.3203125, 52052.65625, 52931.70703125, 53475.28125, 53850.44140625, 54283.15625, 54737.25390625, 55220.81640625, 55703.83203125, 56160.84375, 56530.34375, 56821.1953125, 57042.140625, 57240.33984375, 57455.80078125, 57640.9921875, 57795.203125, 57915.8046875, 58016.29296875, 58089.0234375, 58152.6796875, 58206.5625, 58241.53125, 58265.94921875, 58282.7734375, 58300.25390625, 58329.921875, 58352.296875, 58366.6640625, 58374.9375, 58363.4375, 58348.39453125, 58328.3671875, 58313.2734375, 58299.60546875, 58287.38671875, 58266.4765625, 58242.9765625, 58190.203125, 58140.59375, 58092.6953125, 58034.1484375, 57978.6328125, 57920.68359375, 57864.0859375, 57810.83203125, 57750.03125, 57703.3203125, 57672.45703125, 57656.20703125, 57654.8984375, 57664.98828125, 57669.8984375, 57670.3984375, 57670.5703125, 57665.40625, 57666.59765625, 57676.3203125, 57697.2421875, 57709.12890625, 57715.671875, 57713.5546875, 57720.609375, 57715.44921875, 57712.859375, 57704.81640625, 57693.98828125, 57679.51953125, 57661.8515625, 57638.24609375, 57611.87890625, 57582.83203125, 57553.7890625, 57523.3359375, 57505.5078125, 57481.8984375, 57455.22265625, 57426.7578125, 57395.7890625, 57364.65234375, 57332.40234375, 57301.3515625, 57272.14453125, 57244.625, 57220.20703125, 57196.6484375, 57176.45703125, 57157.96875, 57140.2734375, 57122.9453125, 57106.4609375, 57091.3203125, 57076.921875, 57062.4296875, 57047.88671875], "lower": [48257.44921875, 48201.0859375, 48349.4921875, 49800.8671875, 49901.421875, 49998.9375, 50429.578125, 51053.8828125, 51218.734375, 50716.078125, 49834.1953125, 49568.484375, 49802.734375, 49598.69140625, 49157.62890625, 49133.2578125, 49426.92578125, 49503.453125, 48824.05078125, 48031.86328125, 47905.45703125, 48594.77734375, 49299.90234375, 48920.4375, 48473.1796875, 48296.92578125, 48555.78515625, 49359.60546875, 48890.30859375, 48362.57421875, 49025.703125, 49231.54296875, 48773.37109375, 48716.96484375, 49152.8984375, 48786.38671875, 48913.1875, 49117.23046875, 48665.51171875, 49118.109375, 49033.83203125, 48872.6796875, 49078.48046875, 48846.02734375, 50176.0546875, 49838.78125, 48380.140625, 48350.546875, 49342.6953125, 49611.234375, 48827.17578125, 48886.56640625, 49407.82421875, 48962.0625, 49125.578125, 49228.4140625, 49140.98828125, 48925.9140625, 49999.74609375, 49623.53125, 48349.6796875, 48169.89453125, 48422.7734375, 49658.453125, 49976.25390625, 49318.11328125, 48272.14453125, 48054.6953125, 48517.328125, 49311.390625, 49472.83984375, 48819.12109375, 48198.0234375, 48441.1015625, 48682.1796875, 48632.359375, 48442.2890625, 48235.921875, 48465.609375, 48901.25390625, 49452.17578125, 49161.75, 48935.35546875, 48844.7890625, 49193.37109375, 48992.6015625, 48725.19921875, 49413.5078125, 48967.37109375, 48543.5625, 49956.7890625, 49766.1640625, 48445.453125, 48542.42578125, 49829.83984375, 49836.2421875, 48877.8203125, 48389.5859375, 48287.13671875, 48584.4453125]}