{"mean": [28913.087890625, 28128.020833333332, 27805.85546875, 27980.061848958332, 28466.7734375, 28357.96484375, 28005.830078125, 27721.823567708332, 27921.012369791668, 28034.572916666668, 28245.085286458332, 28745.839192708332, 28887.2109375, 28782.464192708332, 28684.93359375, 28870.677083333332, 29145.10546875, 29250.171223958332, 29207.305989583332, 28906.725260416668, 28983.107421875, 28905.453776041668, 29065.1328125, 29052.658854166668, 28978.639973958332, 28997.685546875, 29038.727864583332, 29183.720052083332, 29175.048177083332, 29076.180338541668, 29242.780598958332, 29301.154296875, 29283.961588541668, 29337.2890625, 29496.6953125, 29510.422526041668, 29601.936197916668, 29702.705729166668, 29658.33984375, 29819.672526041668, 29856.741536458332, 29896.775390625, 30035.5703125, 30088.180338541668, 30415.936197916668, 30468.82421875, 30182.197916666668, 30182.368489583332, 30374.27734375, 30398.64453125, 30102.369791666668, 30112.212239583332, 30240.296875, 30079.063151041668, 30098.38671875, 30132.297526041668, 30124.791015625, 30106.197916666668, 30327.607421875, 30302.745442708332, 29952.215494791668, 29935.548828125, 29940.856119791668, 30277.162109375, 30323.397135416668, 30071.884114583332, 29779.739583333332, 29807.930989583332, 29738.717447916668, 29931.587239583332, 29904.197916666668, 29637.659505208332, 29607.806640625, 29608.619791666668, 29655.6015625, 29664.452473958332, 29659.844401041668, 29693.102864583332, 29689.262369791668, 29877.91015625, 29994.700520833332, 29953.165364583332, 29922.179036458332, 29906.675130208332, 29951.07421875, 29903.41015625, 29808.3828125, 29862.190755208332, 29818.785807291668, 29769.633463541668, 30034.162109375, 30033.9921875, 29812.404296875, 29832.845703125, 30052.367838541668, 30019.538411458332, 29825.255208333332, 29598.706380208332, 29534.212239583332, 29568.401041666668], "upper": [31223.931640625, 31477.724609375, 31690.16796875, 31555.943359375, 31418.669921875, 31184.46875, 30394.4296875, 30352.4765625, 30728.99609375, 31109.751953125, 31047.58984375, 32080.15625, 32749.439453125, 32601.8125, 32923.59765625, 33748.62890625, 34545.32421875, 35049.9453125, 35321.7421875, 35339.73046875, 35417.5546875, 35585.3671875, 35766.95703125, 35952.5625, 36097.65234375, 36223.22265625, 36330.453125, 36396.47265625, 36441.8046875, 36475.3125, 36513.83984375, 36577.83984375, 36628.84375, 36664.140625, 36685.3203125, 36664.56640625, 36634.83984375, 36596.59375, 36569.44140625, 36542.24609375, 36519.0234375, 36476.390625, 36433.015625, 36346.6640625, 36285.6640625, 36233.75, 36173.20703125, 36122.796875, 36080.14453125, 36054.8984375, 36047.90234375, 36069.4609375, 36066.09765625, 36032.8671875, 36011.97265625, 35971.82421875, 35909.25, 35853.3359375, 35811.95703125, 35781.32421875, 35756.0546875, 35735.0703125, 35721.95703125, 35712.9609375, 35687.8203125, 35656.91796875, 35624.8203125, 35635.4453125, 35622.265625, 35626.18359375, 35624.34375, 35612.828125, 35596.49609375, 35573.5703125, 35539.76953125, 35502.5546875, 35442.00390625, 35407.02734375, 35377.73046875, 35361.890625, 35344.58984375, 35324.5625, 35304.88671875, 35271.91796875, 35254.921875, 35239.7421875, 35225.0, 35211.30078125, 35198.515625, 35185.421875, 35172.96484375, 35163.6015625, 35155.05859375, 35146.140625, 35136.53515625, 35127.33203125, 35118.46875, 35109.5234375, 35101.0703125, 35093.078125], "lower": [27669.19140625, 24825.48828125, 23942.2421875, 23762.783203125, 24444.857421875, 24705.42578125, 24803.8046875, 24458.458984375, 24470.619140625, 23609.537109375, 23101.15625, 23226.927734375, 23150.021484375, 23124.59765625, 22845.9140625, 23043.75390625, 23286.23828125, 23212.71875, 23096.771484375, 22575.73046875, 23000.583984375, 22845.390625, 23392.181640625, 23394.333984375, 23230.953125, 23291.701171875, 23366.103515625, 23761.421875, 23707.982421875, 23391.7578125, 23859.3671875, 23954.615234375, 23793.01171875, 23809.4453125, 24112.439453125, 24004.693359375, 24132.244140625, 24281.80078125, 23984.486328125, 24350.69140625, 24356.13671875, 24295.705078125, 24457.380859375, 24358.44921875, 24954.52734375, 25075.83203125, 24050.345703125, 23994.203125, 24642.484375, 24890.15234375, 24168.62890625, 24200.23046875, 24648.8046875, 24294.9921875, 24433.11328125, 24563.4765625, 24524.330078125, 24435.86328125, 25076.494140625, 25033.3046875, 23976.50390625, 23894.099609375, 23868.6953125, 24864.939453125, 25038.619140625, 24348.998046875, 23545.6015625, 23652.22265625, 23491.33984375, 24147.572265625, 24261.50390625, 23632.9609375, 23515.060546875, 23358.28125, 23407.640625, 23398.869140625, 23379.380859375, 23477.29296875, 23476.638671875, 24065.314453125, 24464.84375, 24387.58203125, 24341.796875, 24373.001953125, 24602.681640625, 24610.17578125, 24495.8359375, 24778.576171875, 24645.263671875, 24405.7421875, 25080.603515625, 25001.798828125, 24298.67578125, 24341.203125, 25015.576171875, 24959.07421875, 24420.541015625, 23813.666015625, 23717.91015625, 23921.0703125]}