{"mean": [5676.483235677083, 5659.646321614583, 5650.263346354167, 5646.9052734375, 5648.142252604167, 5648.756998697917, 5646.412923177083, 5638.544921875, 5630.327311197917, 5627.46826171875, 5633.263671875, 5652.511067708333, 5663.06396484375, 5661.54248046875, 5668.98388671875, 5689.040690104167, 5705.11962890625, 5718.160807291667, 5726.973307291667, 5737.912109375, 5742.91552734375, 5744.759440104167, 5736.785481770833, 5729.436848958333, 5726.143717447917, 5722.0009765625, 5719.911783854167, 5717.825520833333, 5714.290690104167, 5713.00634765625, 5712.526529947917, 5712.982421875, 5715.811197916667, 5721.865559895833, 5733.30908203125, 5745.998372395833, 5758.173990885417, 5765.888346354167, 5779.351725260417, 5784.799479166667, 5795.177734375, 5799.487955729167, 5808.771158854167, 5804.368815104167, 5794.291015625, 5786.705403645833, 5780.929850260417, 5774.682779947917, 5767.85302734375, 5762.166341145833, 5758.365885416667, 5748.435709635417, 5739.957356770833, 5732.899088541667, 5726.525065104167, 5722.22509765625, 5719.767578125, 5718.587565104167, 5719.242513020833, 5720.19140625, 5722.573567708333, 5726.01416015625, 5729.792317708333, 5733.550944010417, 5737.4208984375, 5741.818359375, 5745.783203125, 5749.5888671875, 5752.295247395833, 5754.8154296875, 5757.350423177083, 5759.493815104167, 5762.077473958333, 5764.308268229167, 5765.795572916667, 5766.970865885417, 5768.56982421875, 5757.44775390625, 5748.36865234375, 5746.155110677083, 5747.557779947917, 5747.696940104167, 5750.433919270833, 5753.894856770833, 5756.077473958333, 5755.57373046875, 5753.041178385417, 5748.625325520833, 5742.601236979167, 5736.662109375, 5730.436360677083, 5725.674967447917, 5723.58984375, 5722.880696614583, 5724.07421875, 5727.234049479167, 5731.511067708333, 5735.27294921875, 5738.125813802083, 5739.370442708333], "upper": [5958.56689453125, 5933.98681640625, 5925.216796875, 5931.40185546875, 5947.599609375, 5963.2763671875, 5977.45361328125, 5981.158203125, 5977.35302734375, 5963.265625, 5953.44775390625, 5952.08984375, 5944.26416015625, 5950.15234375, 5955.40283203125, 5961.84228515625, 5975.634765625, 5980.986328125, 5980.80859375, 5980.3974609375, 5980.033203125, 5979.7255859375, 5979.6181640625, 5979.5068359375, 5979.7119140625, 5979.814453125, 5979.8623046875, 5980.068359375, 5980.2626953125, 5980.69775390625, 5980.97216796875, 5981.3837890625, 5981.666015625, 5982.109375, 5982.34375, 5982.75341796875, 5982.9990234375, 5983.22900390625, 5983.4658203125, 5983.681640625, 5984.08642578125, 5985.06103515625, 5985.970703125, 5986.236328125, 5986.2177734375, 5986.466796875, 5986.42529296875, 5986.0625, 5984.96875, 5984.44970703125, 5984.998046875, 5986.880859375, 5987.70068359375, 5988.03564453125, 5987.91015625, 5988.17138671875, 5988.55908203125, 5988.5126953125, 5988.65673828125, 5988.74462890625, 5989.10595703125, 5989.732421875, 5991.1435546875, 5991.78662109375, 5992.091796875, 5992.16259765625, 5992.09619140625, 5991.8115234375, 5991.31640625, 5990.4150390625, 5989.33056640625, 5989.14892578125, 5989.76611328125, 5990.779296875, 5992.572265625, 5993.7119140625, 5996.177734375, 5961.98779296875, 5935.08837890625, 5930.28857421875, 5936.43701171875, 5938.85791015625, 5950.3359375, 5972.2578125, 5989.44140625, 5997.50048828125, 5997.48828125, 5990.60009765625, 5980.69482421875, 5970.48046875, 5958.296875, 5950.44091796875, 5948.24267578125, 5949.8115234375, 5955.39501953125, 5965.703125, 5978.46875, 5988.3955078125, 5995.11572265625, 5996.31982421875], "lower": [5519.1845703125, 5497.75927734375, 5480.8779296875, 5468.32763671875, 5461.4404296875, 5453.30029296875, 5444.13623046875, 5438.84765625, 5435.4189453125, 5433.0, 5431.8916015625, 5431.615234375, 5433.92041015625, 5435.10302734375, 5435.8935546875, 5437.05029296875, 5438.83984375, 5440.63330078125, 5442.8916015625, 5445.40087890625, 5446.99560546875, 5447.3447265625, 5447.0009765625, 5445.5380859375, 5444.26220703125, 5444.8857421875, 5447.228515625, 5450.0185546875, 5453.1025390625, 5457.0341796875, 5462.09375, 5469.6435546875, 5480.173828125, 5502.96337890625, 5539.4775390625, 5578.93798828125, 5617.02685546875, 5641.501953125, 5672.78271484375, 5674.3330078125, 5677.16064453125, 5678.2236328125, 5679.4853515625, 5680.6826171875, 5680.9990234375, 5679.59375, 5676.63427734375, 5658.3017578125, 5639.85888671875, 5625.134765625, 5616.2236328125, 5588.89990234375, 5565.14892578125, 5546.04931640625, 5528.91162109375, 5518.76123046875, 5514.3955078125, 5513.5107421875, 5515.537109375, 5520.76953125, 5530.4638671875, 5542.14404296875, 5553.8662109375, 5565.296875, 5577.060546875, 5589.03515625, 5600.12158203125, 5609.7783203125, 5616.89697265625, 5623.5, 5631.2978515625, 5637.92529296875, 5645.1376953125, 5650.080078125, 5649.265625, 5647.9384765625, 5646.9228515625, 5646.42578125, 5646.330078125, 5646.32421875, 5646.77197265625, 5647.19384765625, 5647.72998046875, 5641.1220703125, 5629.80078125, 5619.595703125, 5611.4794921875, 5604.580078125, 5596.8310546875, 5590.07470703125, 5583.8427734375, 5578.35546875, 5574.1748046875, 5570.79248046875, 5568.33740234375, 5567.06591796875, 5566.6064453125, 5567.36376953125, 5569.09521484375, 5571.8583984375]}