{"mean": [2935.4960123697915, 2926.0729166666665, 2920.2461751302085, 2917.7364095052085, 2917.681884765625, 2916.397705078125, 2913.5834147135415, 2908.50537109375, 2903.4215494791665, 2900.9015299479165, 2902.6089680989585, 2910.9521484375, 2915.3761393229165, 2914.3092447916665, 2917.8642578125, 2928.2295735677085, 2936.8811848958335, 2944.6503092447915, 2950.26806640625, 2956.646728515625, 2959.889404296875, 2960.889892578125, 2956.4912109375, 2952.2518717447915, 2949.8853352864585, 2947.15087890625, 2945.4540201822915, 2943.7884928385415, 2941.5025227864585, 2940.3387044270835, 2939.6484375, 2939.5917154947915, 2940.7205403645835, 2943.6866048177085, 2949.5087890625, 2956.3921712239585, 2963.0797526041665, 2968.0275065104165, 2975.9366861979165, 2979.8470865885415, 2985.6632486979165, 2988.3743489583335, 2993.622802734375, 2991.3427734375, 2985.9195149739585, 2981.586181640625, 2978.024658203125, 2974.01416015625, 2969.6187337239585, 2965.9527180989585, 2963.2689615885415, 2957.2469075520835, 2952.3423665364585, 2948.3685709635415, 2944.836669921875, 2942.4427083333335, 2940.98291015625, 2940.287109375, 2940.4818522135415, 2940.9302571614585, 2942.1238606770835, 2943.92724609375, 2945.9954427083335, 2948.0624186197915, 2950.2921549479165, 2952.848876953125, 2955.2836100260415, 2957.61376953125, 2959.4091796875, 2961.2093912760415, 2963.013916015625, 2964.5506998697915, 2966.34912109375, 2967.9063313802085, 2969.0638834635415, 2969.9716796875, 2970.9811197916665, 2966.417236328125, 2962.7618815104165, 2961.90576171875, 2962.7872721354165, 2962.8907063802085, 2964.0865071614585, 2964.8482259114585, 2965.1151529947915, 2964.0087890625, 2962.3651529947915, 2960.104736328125, 2956.99755859375, 2953.8017578125, 2950.6133626302085, 2948.09521484375, 2946.891357421875, 2946.34375, 2946.7112630208335, 2947.9967447916665, 2949.9842936197915, 2951.7095540364585, 2952.9581705729165, 2953.4708658854165], "upper": [3089.493896484375, 3074.98046875, 3068.937255859375, 3072.3701171875, 3081.984375, 3088.1044921875, 3093.249755859375, 3093.898193359375, 3090.93115234375, 3082.60107421875, 3076.275390625, 3073.96435546875, 3068.649658203125, 3069.6728515625, 3070.868408203125, 3073.866455078125, 3080.009765625, 3082.44287109375, 3082.32568359375, 3082.100830078125, 3081.90380859375, 3081.742431640625, 3081.68310546875, 3081.609619140625, 3081.691650390625, 3081.722900390625, 3081.72998046875, 3081.81591796875, 3081.90625, 3082.085205078125, 3082.20263671875, 3082.3984375, 3082.51318359375, 3082.709716796875, 3082.80029296875, 3082.98193359375, 3083.09228515625, 3083.1962890625, 3083.287841796875, 3083.388671875, 3083.59228515625, 3084.11376953125, 3084.586181640625, 3084.720947265625, 3084.69384765625, 3084.80908203125, 3084.77880859375, 3084.5712890625, 3083.953857421875, 3083.654541015625, 3083.96435546875, 3084.999267578125, 3085.458251953125, 3085.640380859375, 3085.573974609375, 3085.71044921875, 3085.921142578125, 3085.91650390625, 3085.99951171875, 3086.059814453125, 3086.2861328125, 3086.738525390625, 3087.67626953125, 3088.1494140625, 3088.354248046875, 3088.402587890625, 3088.372314453125, 3088.1796875, 3087.851806640625, 3087.267578125, 3086.54541015625, 3086.427734375, 3086.8583984375, 3087.549560546875, 3088.76025390625, 3089.724853515625, 3091.341796875, 3077.1640625, 3066.43896484375, 3064.99853515625, 3068.85986328125, 3070.610107421875, 3076.5537109375, 3087.18115234375, 3095.56201171875, 3099.21044921875, 3099.33447265625, 3096.4931640625, 3092.072021484375, 3087.05908203125, 3081.3583984375, 3077.48583984375, 3076.228271484375, 3076.676513671875, 3078.939453125, 3083.2060546875, 3089.043212890625, 3093.3759765625, 3096.05908203125, 3096.228515625], "lower": [2851.311767578125, 2840.9482421875, 2832.324951171875, 2825.222412109375, 2820.48681640625, 2815.713623046875, 2810.221923828125, 2806.96533203125, 2804.93115234375, 2803.52734375, 2802.744873046875, 2802.2890625, 2802.956787109375, 2803.1220703125, 2803.06787109375, 2803.1591796875, 2803.58251953125, 2804.092529296875, 2804.75830078125, 2805.59912109375, 2806.02685546875, 2805.836669921875, 2805.363037109375, 2804.375732421875, 2803.423828125, 2803.32080078125, 2804.029296875, 2804.985595703125, 2806.021728515625, 2807.357666015625, 2809.1171875, 2812.292236328125, 2816.9443359375, 2828.113037109375, 2846.53515625, 2867.54443359375, 2887.8857421875, 2902.649658203125, 2918.810302734375, 2920.2392578125, 2922.14013671875, 2923.07470703125, 2924.0224609375, 2924.98486328125, 2925.37255859375, 2924.864501953125, 2924.1318359375, 2912.1630859375, 2899.98193359375, 2890.181884765625, 2883.441650390625, 2866.724609375, 2853.09521484375, 2842.506591796875, 2833.16455078125, 2827.5751953125, 2825.05859375, 2824.587158203125, 2825.7158203125, 2828.7060546875, 2833.99609375, 2840.33154296875, 2846.8623046875, 2853.18359375, 2859.9140625, 2866.811279296875, 2873.4150390625, 2879.2685546875, 2883.917236328125, 2888.691162109375, 2894.198486328125, 2898.909912109375, 2904.010498046875, 2907.389892578125, 2906.764892578125, 2905.925048828125, 2905.252197265625, 2904.895751953125, 2904.79150390625, 2904.800048828125, 2905.111083984375, 2905.40673828125, 2905.773681640625, 2901.22607421875, 2893.17138671875, 2885.775634765625, 2880.31201171875, 2876.058349609375, 2871.4189453125, 2867.38818359375, 2863.788330078125, 2860.654296875, 2858.264404296875, 2856.32373046875, 2854.929443359375, 2854.20068359375, 2853.95068359375, 2854.382568359375, 2855.361572265625, 2856.91064453125]}