{
    "particle_has_naninf": false,
    "point_distance_sr": 14161.5546875,
    "point_distance_rs": 1633.63525390625,
    "chamfer_loss_pcd": 15795.189453125,
    "particle_distance_sr": 5573.2451171875,
    "particle_distance_rs": 6490.56787109375,
    "chamfer_loss_particle": 12063.8125,
    "final_height_map": null,
    "height_map_loss_pcd": 2798.67236328125,
    "emd_point_distance_loss": 1670.5364990234375,
    "emd_particle_distance_loss": 8830.6962890625,
    "total_loss": 0.0
}