{"mean": [10716.347981770834, 10701.042317708334, 10673.6728515625, 10645.164713541666, 10613.179036458334, 10583.825846354166, 10554.476888020834, 10518.389973958334, 10478.489908854166, 10440.777669270834, 10417.236979166666, 10408.6103515625, 10411.973958333334, 10421.0234375, 10425.6240234375, 10430.340494791666, 10431.7587890625, 10424.024088541666, 10420.394856770834, 10417.334635416666, 10416.4541015625, 10419.015299479166, 10424.867513020834, 10424.26953125, 10421.059895833334, 10415.037760416666, 10408.888671875, 10406.7646484375, 10405.4189453125, 10404.452473958334, 10403.603841145834, 10402.640625, 10401.185546875, 10399.220052083334, 10397.1923828125, 10393.849934895834, 10389.634114583334, 10383.9345703125, 10382.946940104166, 10382.845052083334, 10382.655924479166, 10382.557291666666, 10382.1767578125, 10381.819986979166, 10381.412760416666, 10381.0751953125, 10380.619791666666, 10380.070638020834, 10379.377278645834, 10378.8935546875, 10378.735677083334, 10378.361653645834, 10378.235026041666, 10377.955403645834, 10377.760091145834, 10377.592122395834, 10377.3974609375, 10377.235677083334, 10377.036783854166, 10376.9130859375, 10376.664388020834, 10376.477864583334, 10376.275065104166, 10376.102864583334, 10375.736979166666, 10375.424153645834, 10375.179036458334, 10374.9140625, 10374.636393229166, 10374.393880208334, 10374.194010416666, 10373.9697265625, 10373.771809895834, 10373.565104166666, 10373.414388020834, 10373.2080078125, 10373.001627604166, 10372.8232421875, 10372.664713541666, 10372.447591145834, 10372.138020833334, 10372.069986979166, 10371.886393229166, 10371.707682291666, 10371.44921875, 10371.131184895834, 10371.158854166666, 10371.097330729166, 10370.961263020834, 10370.815755208334, 10370.638346354166, 10370.580078125, 10370.506510416666, 10370.6953125, 10370.73828125, 10370.805989583334, 10370.8828125, 10370.93359375, 10371.0439453125, 10371.193359375], "upper": [11245.1162109375, 11186.32421875, 11085.078125, 10987.9794921875, 10905.390625, 10820.47265625, 10733.541015625, 10624.9140625, 10506.13671875, 10470.3515625, 10471.783203125, 10473.5048828125, 10475.228515625, 10476.88671875, 10478.4296875, 10480.19921875, 10483.8271484375, 10485.203125, 10485.619140625, 10485.646484375, 10485.7822265625, 10485.677734375, 10485.5869140625, 10485.4150390625, 10485.0966796875, 10484.8974609375, 10484.88671875, 10485.1552734375, 10485.2841796875, 10485.1484375, 10485.6572265625, 10485.7890625, 10485.6630859375, 10485.9912109375, 10486.4228515625, 10486.8134765625, 10487.140625, 10487.2646484375, 10487.3115234375, 10486.6630859375, 10485.6953125, 10484.8828125, 10483.2265625, 10481.5439453125, 10479.734375, 10478.078125, 10476.0908203125, 10473.8466796875, 10471.30078125, 10469.373046875, 10468.294921875, 10466.734375, 10465.8759765625, 10464.5078125, 10463.484375, 10462.330078125, 10461.1162109375, 10459.78515625, 10458.44140625, 10457.205078125, 10455.5849609375, 10454.248046875, 10452.8369140625, 10451.4716796875, 10449.7099609375, 10448.11328125, 10446.7041015625, 10445.3056640625, 10444.046875, 10442.7705078125, 10441.8017578125, 10440.734375, 10439.8125, 10438.81640625, 10438.0849609375, 10437.2490234375, 10436.3779296875, 10435.681640625, 10434.9326171875, 10434.0849609375, 10432.9560546875, 10432.4892578125, 10431.7646484375, 10430.978515625, 10430.0458984375, 10429.03515625, 10428.89453125, 10428.3359375, 10427.8076171875, 10427.16015625, 10426.4560546875, 10425.9697265625, 10425.5205078125, 10425.7392578125, 10425.5673828125, 10425.408203125, 10425.26171875, 10425.228515625, 10425.2998046875, 10425.3935546875], "lower": [10423.33203125, 10443.6806640625, 10465.7216796875, 10464.4970703125, 10464.3134765625, 10463.025390625, 10462.3076171875, 10461.9326171875, 10460.13671875, 10395.5947265625, 10328.3056640625, 10305.4033203125, 10318.189453125, 10352.576171875, 10377.4130859375, 10404.603515625, 10389.435546875, 10359.2041015625, 10349.1953125, 10347.990234375, 10347.4189453125, 10357.2451171875, 10380.2880859375, 10385.2373046875, 10381.826171875, 10367.958984375, 10352.5244140625, 10349.0859375, 10348.5732421875, 10347.9697265625, 10347.4912109375, 10347.0615234375, 10346.7275390625, 10346.2958984375, 10346.0, 10345.6630859375, 10336.310546875, 10319.328125, 10316.40625, 10316.83203125, 10317.2353515625, 10317.6943359375, 10318.14453125, 10318.58984375, 10318.951171875, 10319.3388671875, 10319.65234375, 10319.9404296875, 10320.0732421875, 10320.2236328125, 10320.390625, 10320.39453125, 10320.416015625, 10320.490234375, 10320.5068359375, 10320.625, 10320.673828125, 10320.810546875, 10320.85546875, 10321.0810546875, 10321.236328125, 10321.447265625, 10321.6953125, 10321.98828125, 10322.2998046875, 10322.5419921875, 10322.8525390625, 10323.1884765625, 10323.3642578125, 10323.66796875, 10323.8662109375, 10324.07421875, 10324.3125, 10324.5478515625, 10324.7138671875, 10324.84375, 10324.9921875, 10325.087890625, 10325.2529296875, 10325.4052734375, 10325.5078125, 10325.67578125, 10325.771484375, 10325.86328125, 10326.037109375, 10326.072265625, 10326.244140625, 10326.4384765625, 10326.498046875, 10326.59765625, 10326.6982421875, 10326.8828125, 10326.9775390625, 10327.1142578125, 10327.2255859375, 10327.3935546875, 10327.5751953125, 10327.57421875, 10327.5908203125, 10327.685546875]}