{"mean": [3264.29931640625, 3274.665771484375, 3284.549560546875, 3286.443603515625, 3287.9705403645835, 3289.0263671875, 3290.699462890625, 3292.9114583333335, 3295.0231119791665, 3296.1700846354165, 3296.8018391927085, 3297.5421549479165, 3298.216552734375, 3299.1736653645835, 3299.9357096354165, 3300.5379231770835, 3301.1277669270835, 3301.3267415364585, 3302.2952473958335, 3303.0201009114585, 3303.8203125, 3304.4532063802085, 3304.9086100260415, 3305.4988606770835, 3305.9213053385415, 3306.4246419270835, 3307.0459798177085, 3307.3627115885415, 3307.5399576822915, 3307.5992838541665, 3307.53955078125, 3307.3753255208335, 3307.1206868489585, 3306.85693359375, 3306.532958984375, 3306.13134765625, 3305.6261393229165, 3304.9461263020835, 3304.757568359375, 3304.8480631510415, 3304.9335123697915, 3305.1060384114585, 3305.3307291666665, 3305.5045572916665, 3305.6869303385415, 3305.8531901041665, 3306.0169270833335, 3306.1656901041665, 3306.314208984375, 3306.3983561197915, 3306.4688313802085, 3306.5458170572915, 3306.615234375, 3306.6492513020835, 3306.68994140625, 3306.734619140625, 3306.759765625, 3306.7847493489585, 3306.8006184895835, 3306.8094889322915, 3306.82470703125, 3306.84228515625, 3306.8614908854165, 3306.8631998697915, 3306.8467610677085, 3306.8404947916665, 3306.8369140625, 3306.8218587239585, 3306.8040364583335, 3306.7898763020835, 3306.75048828125, 3306.740966796875, 3306.7125651041665, 3306.7018229166665, 3306.6819661458335, 3306.6698404947915, 3306.6590169270835, 3306.6689453125, 3306.671142578125, 3306.6752115885415, 3306.702392578125, 3306.70751953125, 3306.73388671875, 3306.7398274739585, 3306.7560221354165, 3306.7814127604165, 3306.79833984375, 3306.8257649739585, 3306.8587239583335, 3306.8766276041665, 3306.90771484375, 3306.9383951822915, 3306.9690755208335, 3307.00634765625, 3307.0401204427085, 3307.0708821614585, 3307.1077473958335, 3307.1287434895835, 3307.158447265625, 3307.1886393229165], "upper": [3312.62060546875, 3314.06884765625, 3315.833251953125, 3317.441650390625, 3317.760498046875, 3317.926025390625, 3318.008544921875, 3318.110595703125, 3318.2109375, 3318.234375, 3318.3310546875, 3318.466552734375, 3318.54833984375, 3318.665771484375, 3318.869384765625, 3319.013671875, 3319.025634765625, 3319.17578125, 3319.289306640625, 3319.377685546875, 3319.51220703125, 3319.6982421875, 3319.9267578125, 3320.104736328125, 3320.357177734375, 3320.53271484375, 3320.724609375, 3320.98583984375, 3321.181884765625, 3321.385009765625, 3321.602294921875, 3321.833984375, 3321.91650390625, 3322.1865234375, 3322.412841796875, 3322.650390625, 3322.864990234375, 3323.099853515625, 3323.33544921875, 3323.5146484375, 3323.589111328125, 3323.809814453125, 3324.106201171875, 3324.271240234375, 3324.40673828125, 3324.5517578125, 3324.710693359375, 3324.808837890625, 3324.888427734375, 3324.8564453125, 3324.757568359375, 3324.7060546875, 3324.66796875, 3324.523681640625, 3324.4375, 3324.35791015625, 3324.249267578125, 3324.15869140625, 3324.0595703125, 3323.957763671875, 3323.857666015625, 3323.772705078125, 3323.708984375, 3323.602783203125, 3323.50341796875, 3323.4150390625, 3323.32421875, 3323.2294921875, 3323.13427734375, 3323.046142578125, 3322.90869140625, 3322.838134765625, 3322.74853515625, 3322.677001953125, 3322.589111328125, 3322.5146484375, 3322.454345703125, 3322.419189453125, 3322.350830078125, 3322.28564453125, 3322.297607421875, 3322.248046875, 3322.23291015625, 3322.175048828125, 3322.162841796875, 3322.158935546875, 3322.12841796875, 3322.121337890625, 3322.136962890625, 3322.120361328125, 3322.13427734375, 3322.149169921875, 3322.18115234375, 3322.18798828125, 3322.203857421875, 3322.22119140625, 3322.2412109375, 3322.240478515625, 3322.252685546875, 3322.258544921875], "lower": [3179.1298828125, 3208.249755859375, 3235.2861328125, 3238.2548828125, 3241.430419921875, 3243.5595703125, 3247.813232421875, 3253.86962890625, 3259.956787109375, 3263.263427734375, 3265.1240234375, 3267.458984375, 3270.076416015625, 3273.705078125, 3276.849853515625, 3279.995361328125, 3283.6669921875, 3286.022216796875, 3287.584228515625, 3288.73291015625, 3290.20654296875, 3291.722900390625, 3293.072998046875, 3294.262939453125, 3295.30126953125, 3296.32275390625, 3297.08349609375, 3297.705078125, 3298.075927734375, 3298.087646484375, 3297.76513671875, 3297.150634765625, 3296.381103515625, 3295.424560546875, 3294.2958984375, 3292.938232421875, 3291.246826171875, 3289.018310546875, 3288.260498046875, 3288.403564453125, 3288.609619140625, 3288.88720703125, 3289.21875, 3289.51416015625, 3289.85986328125, 3290.167724609375, 3290.466064453125, 3290.742919921875, 3291.015625, 3291.21875, 3291.429931640625, 3291.632080078125, 3291.7646484375, 3291.8994140625, 3292.008056640625, 3292.11279296875, 3292.203369140625, 3292.26806640625, 3292.3291015625, 3292.3837890625, 3292.442138671875, 3292.49462890625, 3292.52685546875, 3292.555419921875, 3292.5673828125, 3292.587646484375, 3292.5830078125, 3292.5888671875, 3292.5986328125, 3292.59912109375, 3292.601806640625, 3292.60595703125, 3292.604248046875, 3292.615966796875, 3292.63671875, 3292.64990234375, 3292.66259765625, 3292.6982421875, 3292.738525390625, 3292.796142578125, 3292.84619140625, 3292.90087890625, 3292.97119140625, 3293.0322265625, 3293.079833984375, 3293.138427734375, 3293.20556640625, 3293.2705078125, 3293.326171875, 3293.373779296875, 3293.428955078125, 3293.487060546875, 3293.532470703125, 3293.58984375, 3293.64013671875, 3293.673095703125, 3293.7177734375, 3293.7470703125, 3293.763671875, 3293.78759765625]}