{"mean": [28255.061848958332, 28220.236979166668, 28198.409505208332, 28178.8984375, 28165.487630208332, 28156.259114583332, 28149.135416666668, 28141.610026041668, 28132.125651041668, 28121.067708333332, 28110.546875, 28100.350260416668, 28089.549479166668, 28079.181640625, 28069.067057291668, 28060.122395833332, 28051.904947916668, 28043.104166666668, 28039.426432291668, 28037.034505208332, 28036.524088541668, 28036.689453125, 28037.514322916668, 28038.901041666668, 28039.91015625, 28040.99609375, 28043.06640625, 28044.526692708332, 28045.8203125, 28047.018880208332, 28047.708984375, 28048.180338541668, 28048.313802083332, 28048.08203125, 28047.208984375, 28045.620442708332, 28043.4921875, 28040.330078125, 28038.951822916668, 28038.794921875, 28038.298828125, 28037.80859375, 28037.323567708332, 28036.6015625, 28035.9375, 28035.21484375, 28034.439453125, 28033.630859375, 28032.911458333332, 28032.307942708332, 28031.759114583332, 28031.423177083332, 28030.970703125, 28030.607421875, 28030.495442708332, 28030.291015625, 28029.975911458332, 28029.762369791668, 28029.638020833332, 28029.561848958332, 28029.697916666668, 28029.680989583332, 28029.70703125, 28029.70703125, 28029.796223958332, 28030.016276041668, 28030.033854166668, 28030.102213541668, 28030.142578125, 28030.216145833332, 28030.378255208332, 28030.391927083332, 28030.401041666668, 28030.499348958332, 28030.500651041668, 28030.484375, 28030.483072916668, 28030.412109375, 28030.391927083332, 28030.270833333332, 28030.296223958332, 28030.173177083332, 28029.992838541668, 28029.876953125, 28029.6796875, 28029.652994791668, 28029.444010416668, 28029.192708333332, 28029.094401041668, 28028.9453125, 28028.899088541668, 28028.684244791668, 28028.682942708332, 28028.520182291668, 28028.439453125, 28028.37109375, 28028.139322916668, 28028.114583333332, 28028.055338541668, 28028.14453125], "upper": [28637.22265625, 28547.251953125, 28487.91015625, 28432.65234375, 28393.509765625, 28363.888671875, 28340.412109375, 28315.76171875, 28286.326171875, 28252.791015625, 28221.84375, 28192.8359375, 28163.111328125, 28136.36328125, 28111.4140625, 28092.6640625, 28078.78515625, 28065.466796875, 28055.05078125, 28050.11328125, 28048.23046875, 28050.109375, 28053.25, 28057.50390625, 28062.681640625, 28068.65234375, 28074.921875, 28080.90234375, 28086.115234375, 28090.22265625, 28093.306640625, 28095.30859375, 28096.076171875, 28095.794921875, 28093.580078125, 28088.998046875, 28082.7578125, 28073.44140625, 28069.56640625, 28068.734375, 28067.44140625, 28065.826171875, 28063.99609375, 28061.970703125, 28059.951171875, 28057.732421875, 28055.650390625, 28053.55859375, 28051.568359375, 28049.681640625, 28047.85546875, 28046.4296875, 28045.015625, 28043.73828125, 28042.732421875, 28041.837890625, 28041.16015625, 28040.60546875, 28040.234375, 28039.8828125, 28039.828125, 28039.76953125, 28039.81640625, 28039.8828125, 28039.98828125, 28040.2578125, 28040.400390625, 28040.66796875, 28040.94140625, 28041.123046875, 28041.37109375, 28041.5859375, 28041.69140625, 28041.75, 28041.845703125, 28041.837890625, 28041.71484375, 28041.634765625, 28041.431640625, 28041.265625, 28041.01953125, 28040.6953125, 28040.41796875, 28040.06640625, 28039.578125, 28039.296875, 28038.92578125, 28038.59375, 28038.1640625, 28037.771484375, 28037.572265625, 28037.21484375, 28037.078125, 28036.841796875, 28036.62890625, 28036.45703125, 28036.16015625, 28035.9765625, 28035.8984375, 28035.8828125], "lower": [28055.517578125, 28050.072265625, 28047.5625, 28046.5234375, 28046.33203125, 28046.5625, 28047.419921875, 28048.455078125, 28048.515625, 28048.48828125, 28047.5703125, 28046.02734375, 28043.9921875, 28040.6484375, 28036.173828125, 28029.55859375, 28020.328125, 28009.306640625, 28010.751953125, 28012.185546875, 28013.32421875, 28013.892578125, 28015.03515625, 28016.90234375, 28016.595703125, 28015.7421875, 28017.251953125, 28017.197265625, 28017.341796875, 28017.576171875, 28017.62109375, 28017.76953125, 28017.97265625, 28018.119140625, 28018.203125, 28018.359375, 28018.458984375, 28018.587890625, 28018.419921875, 28018.44140625, 28018.392578125, 28018.419921875, 28018.5, 28018.484375, 28018.65234375, 28018.51171875, 28018.42578125, 28018.173828125, 28018.23046875, 28018.22265625, 28018.177734375, 28018.1484375, 28017.9765625, 28017.826171875, 28017.958984375, 28017.8359375, 28017.693359375, 28017.5625, 28017.5234375, 28017.494140625, 28017.26171875, 28017.3203125, 28017.34765625, 28017.265625, 28017.23828125, 28017.220703125, 28017.23828125, 28017.1640625, 28017.2890625, 28017.3125, 28017.33984375, 28017.25, 28017.228515625, 28017.302734375, 28017.310546875, 28017.34375, 28017.3203125, 28017.3515625, 28017.404296875, 28017.408203125, 28017.453125, 28017.423828125, 28017.330078125, 28017.26171875, 28017.34765625, 28017.50390625, 28017.515625, 28017.337890625, 28017.408203125, 28017.44921875, 28017.484375, 28017.474609375, 28017.564453125, 28017.53125, 28017.548828125, 28017.625, 28017.51953125, 28017.708984375, 28017.654296875, 28017.69921875]}