{"mean": [7497.425455729167, 7070.256184895833, 6990.000162760417, 7007.933756510417, 7033.343424479167, 7015.555989583333, 6976.735677083333, 6943.0751953125, 6909.044759114583, 6875.55908203125, 6829.8544921875, 6813.509928385417, 6856.348307291667, 6896.430013020833, 6908.191569010417, 6888.633951822917, 6846.95654296875, 6799.273763020833, 6759.147623697917, 6756.763346354167, 6753.798014322917, 6741.168131510417, 6721.623046875, 6700.647786458333, 6699.271647135417, 6685.998209635417, 6668.604654947917, 6663.1103515625, 6661.902994791667, 6664.09375, 6665.576171875, 6661.956217447917, 6649.25537109375, 6630.4375, 6611.813802083333, 6599.46923828125, 6589.193196614583, 6588.549641927083, 6582.338541666667, 6588.723307291667, 6596.663899739583, 6609.485188802083, 6624.020833333333, 6640.764322916667, 6657.537434895833, 6669.056477864583, 6681.771158854167, 6697.347493489583, 6710.328125, 6715.391927083333, 6713.557942708333, 6706.057779947917, 6697.359537760417, 6691.30859375, 6683.777669270833, 6674.3525390625, 6662.313151041667, 6657.421061197917, 6657.454752604167, 6652.666178385417, 6643.447265625, 6637.20556640625, 6632.03515625, 6628.091634114583, 6627.753743489583, 6628.173990885417, 6626.752766927083, 6630.35791015625, 6636.48974609375, 6639.97998046875, 6641.9501953125, 6646.914388020833, 6640.841959635417, 6638.317220052083, 6636.78466796875, 6630.8076171875, 6628.340494791667, 6628.634440104167, 6620.416829427083, 6622.22900390625, 6621.20361328125, 6618.910319010417, 6627.80322265625, 6631.250813802083, 6638.13916015625, 6643.940755208333, 6652.495930989583, 6655.936686197917, 6655.298177083333, 6656.299479166667, 6654.314290364583, 6652.50732421875, 6647.9794921875, 6643.34716796875, 6637.610514322917, 6629.803548177083, 6623.8115234375, 6622.814615885417, 6621.191080729167, 6618.390625], "upper": [8239.087890625, 7319.92529296875, 7259.2919921875, 7218.2451171875, 7174.66064453125, 7135.6298828125, 7104.94921875, 7070.49609375, 7019.98388671875, 6971.40283203125, 6893.2783203125, 6910.62109375, 6931.13525390625, 6943.79833984375, 6952.48388671875, 6950.66357421875, 6941.19677734375, 6923.0419921875, 6909.26220703125, 6895.09228515625, 6879.3623046875, 6868.48828125, 6858.7763671875, 6848.92529296875, 6839.78564453125, 6832.21875, 6824.79638671875, 6821.5087890625, 6837.17578125, 6851.97265625, 6867.7060546875, 6877.61962890625, 6876.71337890625, 6866.9873046875, 6857.08642578125, 6848.765625, 6842.73046875, 6853.00927734375, 6861.5849609375, 6870.19677734375, 6879.2138671875, 6885.74560546875, 6890.00341796875, 6891.646484375, 6891.60498046875, 6893.46728515625, 6896.66015625, 6901.0322265625, 6906.10498046875, 6909.67138671875, 6912.158203125, 6913.6240234375, 6913.296875, 6913.5087890625, 6913.58447265625, 6912.93017578125, 6909.365234375, 6906.03564453125, 6902.279296875, 6897.23828125, 6892.10009765625, 6886.40625, 6881.0791015625, 6877.86181640625, 6877.34130859375, 6878.3876953125, 6879.12841796875, 6880.4208984375, 6881.4736328125, 6883.80908203125, 6884.87109375, 6885.9609375, 6885.01806640625, 6883.2900390625, 6882.24853515625, 6882.54931640625, 6882.9208984375, 6883.21435546875, 6879.80322265625, 6873.880859375, 6871.34619140625, 6867.60302734375, 6865.86669921875, 6866.9990234375, 6868.498046875, 6867.453125, 6863.384765625, 6858.85107421875, 6855.99267578125, 6854.91064453125, 6852.35791015625, 6848.990234375, 6846.89453125, 6845.830078125, 6847.76025390625, 6846.2197265625, 6846.361328125, 6847.35302734375, 6849.4912109375, 6851.0908203125], "lower": [6826.71484375, 6882.6435546875, 6826.22021484375, 6863.15283203125, 6827.97412109375, 6793.1953125, 6781.29443359375, 6801.91650390625, 6830.50048828125, 6793.7333984375, 6708.2841796875, 6675.00439453125, 6777.7880859375, 6848.60205078125, 6839.44970703125, 6829.18212890625, 6783.2041015625, 6652.853515625, 6536.4951171875, 6528.833984375, 6529.341796875, 6508.59521484375, 6476.5107421875, 6447.68212890625, 6488.01416015625, 6496.9013671875, 6495.41455078125, 6529.3291015625, 6552.68408203125, 6558.494140625, 6519.41650390625, 6475.13330078125, 6424.05615234375, 6372.529296875, 6331.97216796875, 6293.1123046875, 6252.30615234375, 6225.5419921875, 6204.0185546875, 6198.09912109375, 6210.33984375, 6229.12841796875, 6254.130859375, 6293.482421875, 6339.19873046875, 6376.64013671875, 6406.38330078125, 6434.0498046875, 6452.68017578125, 6458.74072265625, 6452.6318359375, 6442.15771484375, 6426.99462890625, 6405.98681640625, 6380.49951171875, 6353.79296875, 6332.27734375, 6315.6474609375, 6308.52099609375, 6300.72119140625, 6290.654296875, 6279.3056640625, 6269.599609375, 6262.22705078125, 6255.37109375, 6252.81884765625, 6256.61474609375, 6266.7998046875, 6279.69677734375, 6290.31103515625, 6295.5830078125, 6296.76904296875, 6294.8740234375, 6289.15380859375, 6281.2763671875, 6271.44384765625, 6257.314453125, 6248.60693359375, 6244.296875, 6247.1044921875, 6246.1064453125, 6242.4697265625, 6261.5166015625, 6281.3935546875, 6303.43701171875, 6326.0068359375, 6349.34619140625, 6365.26611328125, 6373.39404296875, 6374.9951171875, 6372.1982421875, 6366.3134765625, 6356.43408203125, 6341.45654296875, 6322.8115234375, 6301.3232421875, 6284.21728515625, 6274.74755859375, 6269.24853515625, 6264.03564453125]}