{"mean": [45686.453125, 44072.803385416664, 43800.946614583336, 44533.841145833336, 44642.884114583336, 44224.559895833336, 43500.220052083336, 43025.282552083336, 43006.106770833336, 42798.65625, 42972.526041666664, 43304.825520833336, 43812.602864583336, 43768.4765625, 43510.11328125, 43544.678385416664, 43817.559895833336, 44172.977864583336, 43979.774739583336, 43806.212239583336, 43889.34375, 43989.60546875, 44115.852864583336, 44098.27734375, 44112.947916666664, 44173.493489583336, 44188.966145833336, 44324.100260416664, 44298.802083333336, 44270.161458333336, 44388.397135416664, 44457.0390625, 44434.907552083336, 44494.0703125, 44641.916666666664, 44673.475260416664, 44770.063802083336, 44881.248697916664, 44871.665364583336, 45008.709635416664, 45080.778645833336, 45207.56640625, 45386.778645833336, 45448.134114583336, 45767.475260416664, 45828.94921875, 45667.283854166664, 45677.447916666664, 45723.89453125, 45673.893229166664, 45441.977864583336, 45394.90234375, 45379.850260416664, 45293.014322916664, 45303.515625, 45356.686197916664, 45424.6015625, 45475.854166666664, 45685.065104166664, 45617.216145833336, 45403.990885416664, 45391.928385416664, 45390.778645833336, 45543.803385416664, 45624.9140625, 45334.36328125, 45152.739583333336, 45180.645833333336, 45040.162760416664, 45082.7109375, 44995.009114583336, 44811.451822916664, 44848.927083333336, 44831.94921875, 44882.1328125, 44912.970052083336, 44945.890625, 45019.989583333336, 44992.428385416664, 45134.451822916664, 45214.020833333336, 45190.932291666664, 45177.859375, 45182.684895833336, 45228.397135416664, 45194.520833333336, 45122.669270833336, 45167.6328125, 45127.041666666664, 45109.408854166664, 45365.122395833336, 45360.920572916664, 45157.985677083336, 45172.944010416664, 45350.671875, 45261.251302083336, 45043.640625, 44841.5390625, 44760.110677083336, 44770.264322916664], "upper": [50297.421875, 50729.6640625, 51010.9765625, 50790.30078125, 50389.9140625, 49755.578125, 48417.33203125, 47647.95703125, 47322.5546875, 47071.64453125, 46940.234375, 47971.171875, 49172.203125, 49607.87890625, 49995.484375, 50762.9609375, 51594.80078125, 52273.265625, 52814.01171875, 53192.4921875, 53345.57421875, 53499.453125, 53662.58984375, 53844.0703125, 53999.0, 54131.609375, 54234.33203125, 54300.5625, 54346.16015625, 54380.66015625, 54417.1484375, 54469.33984375, 54511.21484375, 54541.16796875, 54559.9375, 54543.7734375, 54521.00390625, 54492.01171875, 54471.45703125, 54450.51953125, 54431.7265625, 54400.10546875, 54367.1171875, 54302.74609375, 54262.59375, 54227.46484375, 54181.625, 54135.55078125, 54088.54296875, 54042.4921875, 53987.6171875, 53864.27734375, 53742.72265625, 53670.1171875, 53656.83984375, 53700.3828125, 53760.65234375, 53775.59765625, 53773.4296875, 53760.375, 53742.8515625, 53729.05078125, 53720.109375, 53709.265625, 53690.27734375, 53631.9453125, 53570.2578125, 53571.05078125, 53541.36328125, 53537.58203125, 53530.8359375, 53515.6328125, 53496.3671875, 53472.2578125, 53442.9921875, 53412.02734375, 53361.32421875, 53335.00390625, 53312.74609375, 53302.44140625, 53288.66796875, 53270.33203125, 53251.65234375, 53221.64453125, 53201.6171875, 53181.0546875, 53159.171875, 53137.08984375, 53115.1640625, 53094.48046875, 53073.2421875, 53054.31640625, 53036.4765625, 53019.53515625, 53003.6640625, 52987.5625, 52976.08203125, 52964.23046875, 52953.02734375, 52947.046875], "lower": [42155.953125, 37405.72265625, 36310.1640625, 36802.6484375, 37472.078125, 37535.6484375, 37553.8984375, 37283.6640625, 37560.078125, 36315.42578125, 35735.94140625, 35228.36328125, 35897.05859375, 35753.66796875, 35207.62890625, 35415.78125, 35637.40234375, 36185.58203125, 35521.078125, 35173.0078125, 35589.3125, 36025.58203125, 36564.0234375, 36620.3828125, 36704.625, 36869.53125, 36878.546875, 37260.87890625, 37162.56640625, 37046.8203125, 37356.37109375, 37486.0234375, 37321.1328125, 37368.8125, 37634.5, 37543.3359375, 37640.67578125, 37795.1484375, 37598.62890625, 37893.15234375, 37939.55859375, 37953.31640625, 38105.7421875, 38110.43359375, 38614.81640625, 38730.078125, 37985.31640625, 37910.7890625, 38141.02734375, 38239.5, 37810.4140625, 37821.51171875, 37980.75, 37926.9453125, 38051.98046875, 38152.6640625, 38190.16796875, 38209.50390625, 38746.87109375, 38533.7109375, 37866.5, 37762.9921875, 37685.25390625, 38119.42578125, 38394.81640625, 37632.34765625, 37214.56640625, 37349.5234375, 37037.9140625, 37330.6796875, 37353.34765625, 37003.421875, 37094.375, 36850.921875, 36839.73046875, 36838.49609375, 36878.50390625, 37061.15625, 36972.625, 37430.42578125, 37749.1171875, 37752.51953125, 37784.1875, 37908.9375, 38192.2890625, 38310.21875, 38333.78125, 38618.33203125, 38502.78515625, 38345.0234375, 38952.01171875, 38829.4296875, 38167.21484375, 38186.109375, 38742.76953125, 38537.484375, 37949.12890625, 37447.953125, 37341.4921875, 37505.875]}