{"mean": [9096.237955729166, 9084.858723958334, 9076.670572916666, 9069.174479166666, 9063.866861979166, 9060.521484375, 9057.7373046875, 9054.076497395834, 9049.924479166666, 9045.5458984375, 9041.824869791666, 9038.564453125, 9035.5009765625, 9033.137044270834, 9031.297200520834, 9029.875325520834, 9029.061848958334, 9028.794270833334, 9028.994140625, 9029.543619791666, 9030.416666666666, 9031.658528645834, 9033.171223958334, 9034.872721354166, 9036.723958333334, 9038.812825520834, 9041.142578125, 9043.730794270834, 9046.484375, 9049.271158854166, 9051.977864583334, 9054.59375, 9056.693684895834, 9058.336588541666, 9059.657552083334, 9060.5380859375, 9061.050455729166, 9061.294596354166, 9061.228515625, 9060.930013020834, 9060.470052083334, 9059.752278645834, 9059.020182291666, 9058.245442708334, 9057.401692708334, 9056.584635416666, 9055.833658854166, 9055.093098958334, 9054.289388020834, 9053.6455078125, 9053.1884765625, 9052.984375, 9053.017578125, 9053.249348958334, 9053.529622395834, 9053.681315104166, 9053.701822916666, 9053.566080729166, 9053.4228515625, 9053.275716145834, 9053.830078125, 9054.309244791666, 9054.5732421875, 9054.6884765625, 9054.689778645834, 9054.592122395834, 9054.3486328125, 9053.957682291666, 9053.5283203125, 9053.049479166666, 9052.5439453125, 9052.0771484375, 9051.821614583334, 9052.093098958334, 9052.4619140625, 9052.699869791666, 9052.8740234375, 9052.9921875, 9053.0478515625, 9053.038736979166, 9052.807291666666, 9052.546549479166, 9052.3251953125, 9052.026692708334, 9051.800130208334, 9051.570963541666, 9051.471028645834, 9051.5693359375, 9051.888997395834, 9052.193033854166, 9052.434244791666, 9052.609700520834, 9052.6865234375, 9052.745768229166, 9052.759114583334, 9052.655598958334, 9052.6162109375, 9052.6953125, 9052.80859375, 9052.884114583334], "upper": [9275.49609375, 9238.8232421875, 9209.791015625, 9181.416015625, 9158.10546875, 9139.1328125, 9121.0546875, 9101.529296875, 9081.8388671875, 9065.859375, 9067.12890625, 9066.6767578125, 9065.318359375, 9063.0703125, 9060.845703125, 9058.21484375, 9055.943359375, 9054.275390625, 9053.265625, 9052.59765625, 9052.447265625, 9052.51953125, 9052.634765625, 9052.8662109375, 9053.17578125, 9053.671875, 9054.3466796875, 9055.1943359375, 9056.005859375, 9057.0244140625, 9057.9609375, 9058.89453125, 9059.6689453125, 9060.71484375, 9063.51953125, 9065.69140625, 9067.36328125, 9068.8388671875, 9070.05859375, 9070.9853515625, 9071.63671875, 9071.7646484375, 9071.7802734375, 9071.4580078125, 9070.888671875, 9070.1142578125, 9069.2666015625, 9068.296875, 9067.1845703125, 9066.1357421875, 9064.982421875, 9063.859375, 9062.8349609375, 9061.86328125, 9060.9189453125, 9060.04296875, 9059.2763671875, 9058.435546875, 9057.7646484375, 9057.171875, 9056.64453125, 9056.205078125, 9055.9091796875, 9055.6318359375, 9056.0419921875, 9056.0185546875, 9055.5908203125, 9054.876953125, 9054.7275390625, 9054.6044921875, 9054.474609375, 9054.3115234375, 9054.265625, 9054.2763671875, 9054.404296875, 9054.5234375, 9054.66015625, 9054.8544921875, 9055.02734375, 9055.2548828125, 9055.4013671875, 9055.546875, 9055.728515625, 9055.8701171875, 9056.04296875, 9056.19140625, 9056.2958984375, 9056.341796875, 9056.4638671875, 9056.57421875, 9056.59375, 9056.6201171875, 9056.650390625, 9056.6064453125, 9056.56640625, 9056.4140625, 9056.3984375, 9056.3798828125, 9056.166015625, 9055.9638671875], "lower": [9002.3115234375, 9000.7490234375, 9000.349609375, 9000.353515625, 9000.8623046875, 9001.716796875, 9002.7314453125, 9003.916015625, 9005.20703125, 9006.4296875, 9007.6962890625, 9009.24609375, 9010.54296875, 9011.9541015625, 9013.3671875, 9014.888671875, 9014.744140625, 9013.9599609375, 9014.07421875, 9014.708984375, 9015.955078125, 9017.7392578125, 9020.0234375, 9022.5732421875, 9025.2568359375, 9028.1982421875, 9031.44140625, 9035.1025390625, 9039.3916015625, 9044.0361328125, 9048.865234375, 9051.119140625, 9052.8125, 9054.13671875, 9055.0927734375, 9055.703125, 9056.0068359375, 9055.9921875, 9055.6982421875, 9055.1728515625, 9054.3662109375, 9053.3076171875, 9052.064453125, 9050.693359375, 9049.1318359375, 9047.470703125, 9045.763671875, 9044.048828125, 9042.265625, 9040.92578125, 9040.2587890625, 9040.40625, 9041.2841796875, 9042.748046875, 9044.5068359375, 9045.9443359375, 9047.046875, 9047.7939453125, 9048.26953125, 9048.6962890625, 9051.150390625, 9053.2666015625, 9053.1171875, 9052.841796875, 9052.654296875, 9052.462890625, 9052.3369140625, 9052.1640625, 9052.0478515625, 9052.01171875, 9051.09375, 9049.703125, 9048.8388671875, 9049.6748046875, 9050.5400390625, 9051.296875, 9051.841796875, 9051.958984375, 9051.87890625, 9051.748046875, 9051.2578125, 9050.8251953125, 9050.4951171875, 9050.0498046875, 9049.671875, 9049.1904296875, 9048.923828125, 9048.751953125, 9048.6474609375, 9048.51953125, 9048.330078125, 9048.1904296875, 9047.9306640625, 9047.935546875, 9048.0224609375, 9048.05078125, 9048.140625, 9048.236328125, 9048.2138671875, 9048.15234375]}