{"mean": [2660.4471028645835, 2619.4520670572915, 2589.6761881510415, 2562.0020345052085, 2546.513916015625, 2539.4916178385415, 2544.59130859375, 2560.1122233072915, 2581.2291666666665, 2620.8186848958335, 2681.092041015625, 2747.0103352864585, 2833.015625, 2903.6483561197915, 2938.7926432291665, 2927.3173014322915, 2889.7644856770835, 2877.662109375, 2889.0975748697915, 2888.5829264322915, 2918.0485026041665, 2916.0506998697915, 2938.035400390625, 2931.4899088541665, 2924.2190755208335, 2915.604736328125, 2909.9003092447915, 2904.7183430989585, 2925.5096842447915, 2924.4736328125, 2923.4253743489585, 2922.6387532552085, 2921.579833984375, 2920.5010579427085, 2919.8016764322915, 2920.447021484375, 2921.1547037760415, 2921.8439127604165, 2922.5357259114585, 2923.16357421875, 2923.8661295572915, 2924.4996744791665, 2925.070068359375, 2925.769287109375, 2926.7286783854165, 2927.8213704427085, 2928.7955729166665, 2929.5843912760415, 2930.541259765625, 2931.60107421875, 2932.52392578125, 2933.6642252604165, 2935.2237955729165, 2936.7216796875, 2938.5780436197915, 2940.91357421875, 2944.060791015625, 2948.7530924479165, 2952.2625325520835, 2946.693359375, 2936.4291178385415, 2928.5214029947915, 2950.8134765625, 2981.824951171875, 2976.9795735677085, 2965.020263671875, 2953.9751790364585, 2969.734130859375, 2999.9917805989585, 3000.5404459635415, 3000.848876953125, 3000.870849609375, 3000.849609375, 3000.8483072916665, 3000.8524576822915, 3000.8422037760415, 3000.8560384114585, 3000.8375651041665, 3000.849853515625, 3000.8658854166665, 3000.8494466145835, 3000.8467610677085, 3000.8564453125, 3000.85400390625, 3000.8534342447915, 3000.8541666666665, 3000.8548177083335, 3000.8693033854165, 3000.8535970052085, 3000.8346354166665, 3000.8531087239585, 3000.852294921875, 3000.8631184895835, 3000.8478190104165, 3000.8563639322915, 3000.83935546875, 3000.8563639322915, 3000.8551432291665, 3000.8369954427085, 3000.849609375], "upper": [2982.6103515625, 2977.585693359375, 2973.016357421875, 2969.83203125, 2965.9443359375, 2961.5537109375, 2956.98095703125, 2952.513427734375, 2947.6923828125, 2942.013916015625, 2935.528564453125, 2928.940673828125, 2956.6376953125, 3044.718505859375, 3029.861083984375, 2942.4013671875, 2910.16015625, 2909.20849609375, 2921.68505859375, 2909.04248046875, 2927.35400390625, 2935.760009765625, 2972.36865234375, 2971.298095703125, 2970.375732421875, 2969.36376953125, 2968.0390625, 2966.402099609375, 2964.70068359375, 2963.03076171875, 2960.951171875, 2958.90380859375, 2957.142822265625, 2955.281982421875, 2953.506591796875, 2952.435546875, 2951.445068359375, 2950.455810546875, 2949.389404296875, 2948.212646484375, 2947.2158203125, 2945.9697265625, 2944.5244140625, 2943.20947265625, 2941.802734375, 2940.50732421875, 2939.196533203125, 2937.812744140625, 2936.44970703125, 2935.21875, 2936.390380859375, 2940.924560546875, 2945.653076171875, 2950.110107421875, 2954.407958984375, 2958.731201171875, 2962.89208984375, 2966.8544921875, 2970.61474609375, 2974.30810546875, 2977.7333984375, 2981.08935546875, 2984.162109375, 3000.855224609375, 3000.833251953125, 3000.82861328125, 3000.843994140625, 3000.8408203125, 3000.86376953125, 3000.853759765625, 3000.856689453125, 3000.891357421875, 3000.853759765625, 3000.855224609375, 3000.853271484375, 3000.8486328125, 3000.8681640625, 3000.848388671875, 3000.86083984375, 3000.876953125, 3000.85546875, 3000.85009765625, 3000.88134765625, 3000.8623046875, 3000.8603515625, 3000.8583984375, 3000.865478515625, 3000.87744140625, 3000.87841796875, 3000.839599609375, 3000.86279296875, 3000.87255859375, 3000.880126953125, 3000.850341796875, 3000.86181640625, 3000.852783203125, 3000.87841796875, 3000.861328125, 3000.84033203125, 3000.858642578125], "lower": [2408.6513671875, 2322.418212890625, 2270.292236328125, 2254.954345703125, 2257.550537109375, 2268.585693359375, 2304.386474609375, 2362.000244140625, 2344.095458984375, 2356.562744140625, 2403.97021484375, 2487.29638671875, 2619.057861328125, 2747.81591796875, 2871.73583984375, 2912.043212890625, 2852.462890625, 2848.596923828125, 2837.25341796875, 2854.8271484375, 2911.618408203125, 2900.17578125, 2905.333740234375, 2886.120849609375, 2864.479248046875, 2839.04052734375, 2822.8251953125, 2808.746826171875, 2872.874267578125, 2871.3173828125, 2870.471923828125, 2870.311767578125, 2869.07421875, 2868.11181640625, 2868.223388671875, 2871.544189453125, 2875.326171875, 2879.32275390625, 2883.101806640625, 2886.966796875, 2891.088134765625, 2895.595703125, 2900.00146484375, 2904.52294921875, 2909.256103515625, 2913.94384765625, 2918.55224609375, 2922.86767578125, 2927.375244140625, 2927.671875, 2927.265380859375, 2927.27197265625, 2928.294921875, 2929.598388671875, 2929.238037109375, 2928.0810546875, 2927.26171875, 2927.369140625, 2928.55615234375, 2930.5, 2897.736083984375, 2865.097412109375, 2919.420166015625, 2957.7265625, 2940.43994140625, 2902.0205078125, 2866.649658203125, 2911.796142578125, 2998.269775390625, 2999.932861328125, 3000.835205078125, 3000.853271484375, 3000.842529296875, 3000.843994140625, 3000.85107421875, 3000.835693359375, 3000.83837890625, 3000.821533203125, 3000.8349609375, 3000.852294921875, 3000.84375, 3000.843017578125, 3000.83203125, 3000.837890625, 3000.845703125, 3000.8486328125, 3000.845458984375, 3000.857421875, 3000.83642578125, 3000.829345703125, 3000.8349609375, 3000.841552734375, 3000.851318359375, 3000.845458984375, 3000.848388671875, 3000.831787109375, 3000.83984375, 3000.8447265625, 3000.83447265625, 3000.844970703125]}