{"mean": [1668.0262451171875, 1657.354248046875, 1659.6051025390625, 1639.5948893229167, 1639.6271158854167, 1581.4242757161458, 1572.013427734375, 1545.0631917317708, 1542.01904296875, 1546.5517578125, 1551.0392252604167, 1568.389892578125, 1575.59619140625, 1588.2146809895833, 1591.6465657552083, 1608.8462320963542, 1628.3746744791667, 1648.7899983723958, 1672.2883707682292, 1703.165771484375, 1749.5142008463542, 1773.8874918619792, 1806.4977213541667, 1806.3800455729167, 1805.2961832682292, 1806.65771484375, 1802.4578450520833, 1794.2090250651042, 1782.0957438151042, 1785.3548177083333, 1788.5891927083333, 1791.83447265625, 1795.0740152994792, 1798.959228515625, 1802.0806070963542, 1804.3721110026042, 1806.6438395182292, 1808.91064453125, 1811.1607666015625, 1811.8387858072917, 1813.9015299479167, 1814.4947102864583, 1814.1651204427083, 1817.1831868489583, 1818.6524251302083, 1820.1019694010417, 1821.507568359375, 1823.6463216145833, 1824.9750569661458, 1826.267333984375, 1827.0796712239583, 1827.6224365234375, 1828.0393473307292, 1828.4033610026042, 1829.2906901041667, 1829.2643636067708, 1828.9657389322917, 1828.2805582682292, 1826.9603271484375, 1831.6216227213542, 1824.5169677734375, 1817.3346354166667, 1798.5464274088542, 1789.3037516276042, 1794.48388671875, 1788.1145426432292, 1782.3111165364583, 1765.713134765625, 1751.7662353515625, 1752.5799967447917, 1753.0575358072917, 1753.057861328125, 1753.0576171875, 1753.0580240885417, 1753.05712890625, 1753.0572916666667, 1753.0572509765625, 1753.0571695963542, 1753.057861328125, 1753.0579427083333, 1753.0568440755208, 1753.0567626953125, 1753.0568033854167, 1753.0575764973958, 1753.0578206380208, 1753.0575358072917, 1753.0576171875, 1753.0577392578125, 1753.0575764973958, 1753.0572102864583, 1753.0567626953125, 1753.0574951171875, 1753.0574951171875, 1753.0577392578125, 1753.0568033854167, 1753.0574544270833, 1753.0572916666667, 1753.0575764973958, 1753.0574544270833, 1753.0573323567708], "upper": [1728.7781982421875, 1733.13330078125, 1736.9154052734375, 1740.586181640625, 1744.0579833984375, 1747.35107421875, 1750.455810546875, 1753.39111328125, 1756.2161865234375, 1758.8828125, 1761.35888671875, 1766.058837890625, 1768.2811279296875, 1770.33935546875, 1772.122314453125, 1773.657958984375, 1774.826416015625, 1775.5670166015625, 1775.693115234375, 1775.227294921875, 1808.8126220703125, 1820.32177734375, 1828.9844970703125, 1832.0662841796875, 1835.208251953125, 1838.302978515625, 1841.3231201171875, 1844.3302001953125, 1847.329833984375, 1850.316650390625, 1853.299560546875, 1856.2352294921875, 1859.138671875, 1861.972412109375, 1864.6541748046875, 1866.932861328125, 1869.13916015625, 1871.34814453125, 1873.527099609375, 1871.0645751953125, 1872.76806640625, 1872.919189453125, 1873.0653076171875, 1877.764404296875, 1877.8739013671875, 1877.983642578125, 1878.0543212890625, 1878.1041259765625, 1878.14501953125, 1878.4044189453125, 1878.4415283203125, 1877.96728515625, 1877.8033447265625, 1877.5897216796875, 1879.5264892578125, 1879.0966796875, 1878.485595703125, 1877.649658203125, 1876.46923828125, 1874.9500732421875, 1872.9747314453125, 1870.2532958984375, 1866.492431640625, 1861.356689453125, 1874.494140625, 1852.9853515625, 1833.2271728515625, 1781.013916015625, 1753.057373046875, 1753.05859375, 1753.05810546875, 1753.0579833984375, 1753.058349609375, 1753.05810546875, 1753.057373046875, 1753.0574951171875, 1753.0579833984375, 1753.0576171875, 1753.058349609375, 1753.0584716796875, 1753.0574951171875, 1753.0572509765625, 1753.0576171875, 1753.057861328125, 1753.0584716796875, 1753.05810546875, 1753.057861328125, 1753.058349609375, 1753.057861328125, 1753.0579833984375, 1753.05712890625, 1753.0582275390625, 1753.05810546875, 1753.0579833984375, 1753.057373046875, 1753.0577392578125, 1753.0576171875, 1753.057861328125, 1753.05859375, 1753.057861328125], "lower": [1634.9266357421875, 1592.49560546875, 1589.5823974609375, 1588.91943359375, 1585.0592041015625, 1494.93359375, 1473.7357177734375, 1438.316650390625, 1430.7685546875, 1429.7587890625, 1429.1898193359375, 1440.9659423828125, 1458.13427734375, 1494.499755859375, 1482.759765625, 1505.1041259765625, 1530.866943359375, 1557.837158203125, 1588.214599609375, 1624.068115234375, 1665.759033203125, 1729.632568359375, 1767.9949951171875, 1762.37255859375, 1753.7720947265625, 1752.544189453125, 1734.7396240234375, 1704.80615234375, 1663.31640625, 1667.898193359375, 1672.4619140625, 1677.099365234375, 1681.7845458984375, 1688.4755859375, 1693.0537109375, 1695.60009765625, 1698.1556396484375, 1700.676025390625, 1703.2091064453125, 1705.70703125, 1708.217529296875, 1707.9151611328125, 1704.856201171875, 1707.3515625, 1709.87451171875, 1712.3736572265625, 1714.8463134765625, 1717.3372802734375, 1719.798095703125, 1722.2713623046875, 1724.711669921875, 1727.139404296875, 1729.581298828125, 1732.03662109375, 1734.4232177734375, 1736.86181640625, 1739.267578125, 1741.710693359375, 1744.150146484375, 1746.588623046875, 1749.0137939453125, 1751.4500732421875, 1751.093994140625, 1753.0567626953125, 1753.05712890625, 1753.0576171875, 1753.0577392578125, 1753.057861328125, 1749.1842041015625, 1751.6229248046875, 1753.056640625, 1753.0577392578125, 1753.0570068359375, 1753.0579833984375, 1753.056640625, 1753.05712890625, 1753.0565185546875, 1753.056884765625, 1753.0574951171875, 1753.057373046875, 1753.056396484375, 1753.055908203125, 1753.055908203125, 1753.057373046875, 1753.0565185546875, 1753.056884765625, 1753.057373046875, 1753.05712890625, 1753.0572509765625, 1753.0565185546875, 1753.056396484375, 1753.05712890625, 1753.056640625, 1753.057373046875, 1753.0562744140625, 1753.0570068359375, 1753.05712890625, 1753.057373046875, 1753.056884765625, 1753.056396484375]}