{"mean": [7202.6298828125, 6452.7998046875, 5820.66162109375, 5358.156575520833, 5175.80712890625, 5176.216471354167, 5112.206705729167, 5055.72119140625, 5051.4404296875, 4995.836100260417, 5028.625651041667, 4959.13037109375, 4916.913899739583, 4921.495930989583, 4954.6064453125, 4982.493815104167, 4932.9423828125, 4930.450032552083, 4903.13720703125, 4912.052571614583, 4878.013834635417, 4824.1328125, 4776.329264322917, 4731.405924479167, 4722.405924479167, 4679.017740885417, 4649.146809895833, 4621.402994791667, 4620.069173177083, 4599.039713541667, 4559.33740234375, 4511.00439453125, 4483.272135416667, 4453.909993489583, 4421.212727864583, 4398.597005208333, 4378.570638020833, 4383.823079427083, 4344.294108072917, 4346.4013671875, 4341.31298828125, 4365.74951171875, 4351.2099609375, 4361.71826171875, 4249.2265625, 4228.62158203125, 4294.415690104167, 4389.213053385417, 4289.81689453125, 4197.354654947917, 4281.272135416667, 4287.37109375, 4278.209798177083, 4239.28125, 4339.5263671875, 4255.673502604167, 4368.15380859375, 4405.936848958333, 4359.01806640625, 4416.481119791667, 4372.162109375, 4247.14013671875, 4346.188639322917, 4329.849934895833, 4260.701171875, 4222.054850260417, 4231.943684895833, 4218.168131510417, 4268.983072916667, 4266.223958333333, 4258.859537760417, 4245.343424479167, 4250.39306640625, 4281.150716145833, 4275.936360677083, 4247.638997395833, 4245.9912109375, 4249.701822916667, 4252.8310546875, 4255.329427083333, 4215.83642578125, 4197.179036458333, 4189.28076171875, 4216.58447265625, 4248.937255859375, 4243.345133463542, 4180.651692708333, 4205.73876953125, 4177.9658203125, 4223.696614583333, 4337.585774739583, 4318.96142578125, 4205.971516927083, 4265.999186197917, 4332.13623046875, 4341.331868489583, 4200.173014322917, 4207.1259765625, 4209.628580729167, 4166.500081380208], "upper": [8527.5673828125, 6667.31591796875, 6096.7705078125, 5796.10205078125, 5695.58056640625, 5668.57958984375, 5648.5146484375, 5622.20166015625, 5585.8310546875, 5546.29638671875, 5494.314453125, 5430.5869140625, 5363.30419921875, 5365.0654296875, 5425.8408203125, 5497.24755859375, 5512.2763671875, 5510.7080078125, 5497.42626953125, 5473.18701171875, 5433.794921875, 5362.7158203125, 5244.443359375, 5140.18994140625, 5105.4423828125, 5076.81982421875, 5027.541015625, 4980.4384765625, 4961.5087890625, 4939.55712890625, 4916.1123046875, 4898.52978515625, 4870.373046875, 4835.03564453125, 4805.85400390625, 4774.87939453125, 4748.328125, 4722.34423828125, 4683.4375, 4624.2685546875, 4588.4052734375, 4650.29296875, 4674.22412109375, 4567.158203125, 4384.9873046875, 4372.5791015625, 4369.30517578125, 4727.0712890625, 4390.28173828125, 4211.51318359375, 4384.22900390625, 4422.17431640625, 4374.6123046875, 4351.2861328125, 4454.0498046875, 4343.46142578125, 4660.7802734375, 4748.560546875, 4595.82568359375, 4772.92578125, 4658.244140625, 4302.85888671875, 4524.61376953125, 4533.02099609375, 4335.923828125, 4305.87841796875, 4292.7353515625, 4322.38916015625, 4350.408203125, 4351.20849609375, 4330.59814453125, 4310.73828125, 4321.9580078125, 4379.4814453125, 4351.013671875, 4315.533203125, 4306.84130859375, 4326.22265625, 4347.8212890625, 4332.2978515625, 4329.20361328125, 4295.671875, 4295.65673828125, 4292.86865234375, 4344.568359375, 4320.25244140625, 4297.26806640625, 4292.595703125, 4290.73388671875, 4302.66796875, 4383.8154296875, 4408.4755859375, 4287.9140625, 4329.84326171875, 4516.6865234375, 4465.58349609375, 4302.03955078125, 4294.37939453125, 4292.1865234375, 4292.45654296875], "lower": [6191.9716796875, 6068.7275390625, 5475.38720703125, 4488.556640625, 4233.79736328125, 4381.77099609375, 4357.62158203125, 4281.45654296875, 4300.119140625, 4186.3017578125, 4378.54052734375, 4281.47900390625, 4227.0615234375, 4213.50146484375, 4253.943359375, 4305.572265625, 4185.63720703125, 4214.2294921875, 4180.80908203125, 4263.86328125, 4236.00830078125, 4183.38525390625, 4191.60693359375, 4199.3701171875, 4244.64990234375, 4185.0078125, 4185.22412109375, 4176.88916015625, 4218.353515625, 4199.0361328125, 4175.166015625, 4174.17431640625, 4194.85986328125, 4203.75830078125, 4172.67236328125, 4171.82421875, 4181.478515625, 4196.62890625, 4172.654296875, 4168.66455078125, 4175.0341796875, 4188.40673828125, 4171.43115234375, 4166.3037109375, 4170.71337890625, 4131.728515625, 4168.88232421875, 4163.60595703125, 4168.21923828125, 4175.6826171875, 4164.47119140625, 4160.89404296875, 4168.14453125, 4168.8330078125, 4158.740234375, 4159.263671875, 4167.169921875, 4159.90478515625, 4153.70556640625, 4159.0625, 4161.92822265625, 4151.31884765625, 4150.234375, 4158.09423828125, 4150.4775390625, 4143.6259765625, 4150.2197265625, 4149.1669921875, 4138.7236328125, 4141.27783203125, 4143.1787109375, 4133.18701171875, 4131.1865234375, 4136.486328125, 4126.59130859375, 4122.51513671875, 4126.19287109375, 4116.82275390625, 4114.078125, 4115.90234375, 4104.6640625, 4103.767578125, 4103.48486328125, 4092.9873046875, 4090.053955078125, 4090.168212890625, 4063.771484375, 4125.42626953125, 4059.94873046875, 4131.08154296875, 4313.01171875, 4248.2978515625, 4157.5302734375, 4180.84130859375, 4184.10791015625, 4252.48095703125, 4065.158203125, 4153.18017578125, 4163.47705078125, 4022.425537109375]}